rule_level,hour_of_day,day_of_week,failed_logins,src_ip_is_internal,src_ip_reputation,agent_os,event_count_1h,is_fim_event,has_mitre_tag,label
9,4,1,0,0,53,2,5110,0,0,1
9,21,0,0,0,87,1,5110,0,1,1
11,19,6,0,0,66,0,5110,0,1,1
9,18,4,0,1,19,1,60,0,0,0
13,23,3,0,0,90,1,2600,0,1,1
10,23,0,0,0,54,2,5110,0,0,1
13,21,4,0,0,52,1,2920,0,1,1
5,8,4,0,1,14,2,150,0,1,0
13,20,5,0,0,89,0,5110,0,1,1
9,23,5,0,0,66,0,4630,0,1,1
9,19,4,0,0,58,0,5110,0,1,1
12,22,1,0,0,65,2,5110,0,1,1
11,20,2,0,0,97,0,1450,0,1,1
11,21,0,0,0,85,2,2370,0,1,1
1,18,0,0,1,13,1,10,0,0,0
13,1,4,0,0,74,2,5110,0,1,1
11,18,6,0,1,78,2,2020,0,1,1
11,20,2,0,0,57,1,5110,0,1,1
12,0,6,0,0,71,1,990,0,1,1
11,21,1,0,0,71,0,5110,0,0,1
9,22,6,0,0,93,2,2050,0,1,1
9,3,5,0,0,94,0,5110,0,1,1
9,1,6,0,0,74,1,5080,0,1,1
2,17,2,0,1,1,0,10,0,0,0
13,5,0,0,0,51,0,1210,0,1,1
9,19,3,0,0,60,1,4420,0,1,1
12,3,0,0,1,66,1,2370,0,1,1
9,2,0,0,0,68,0,5110,0,1,1
12,5,1,0,0,80,2,2310,0,1,1
2,12,2,0,1,13,2,110,0,0,0
14,23,4,0,0,76,2,50,0,1,1
9,2,0,0,0,96,1,4780,0,1,1
9,1,3,0,0,76,0,5110,0,0,1
13,23,3,0,0,81,0,4590,0,1,1
11,20,1,0,0,55,0,5110,0,0,1
11,19,3,0,0,51,0,5100,0,1,1
13,0,2,0,0,68,0,5110,0,0,1
3,21,2,0,0,57,0,4500,0,0,1
12,20,0,0,0,83,2,5110,0,1,1
9,18,5,0,0,76,0,5110,0,0,1
11,21,4,0,0,52,2,5110,0,1,1
9,18,0,0,0,80,1,5110,0,1,1
12,4,0,0,0,54,2,5110,0,1,1
9,18,2,0,0,88,0,5110,0,1,1
11,19,1,0,0,87,1,5110,0,1,1
12,5,5,0,0,61,0,5110,0,0,1
9,1,3,0,0,78,2,5100,0,1,1
9,3,6,0,0,80,2,2500,0,1,1
2,13,1,0,0,17,2,20,0,0,0
10,0,1,0,0,67,0,1140,0,1,1
11,20,2,0,0,72,2,2760,0,1,1
10,5,4,0,0,76,1,5110,0,1,1
11,19,4,0,0,76,1,5110,0,1,1
13,5,4,0,0,53,2,5110,0,1,1
11,22,2,0,0,51,2,2960,0,1,1
9,3,3,0,0,77,1,5110,0,0,1
11,11,0,0,0,17,1,160,0,1,0
5,13,3,0,0,7,0,140,0,0,0
11,19,1,0,0,52,0,5110,0,0,1
10,1,3,0,0,67,1,2170,0,1,1
2,18,1,0,0,12,0,50,0,0,0
13,5,0,0,0,87,1,5110,0,0,1
4,14,3,0,1,4,0,10,0,0,0
12,2,6,0,0,73,0,5110,0,1,1
2,8,1,0,1,10,1,10,0,0,0
13,0,6,0,0,64,2,5110,0,0,1
13,5,6,0,0,53,2,1210,0,1,1
12,5,1,0,0,92,2,5110,0,1,1
12,2,6,0,1,71,2,2390,0,1,1
2,7,1,0,0,1,1,80,0,0,0
12,19,3,0,1,75,1,1170,0,1,1
12,3,3,0,0,50,0,4770,0,1,1
9,2,5,0,0,54,1,5110,0,0,1
9,5,0,0,0,64,0,5110,0,0,1
12,23,3,0,0,57,1,2070,0,1,1
12,19,6,0,0,62,0,5110,0,1,1
4,7,4,0,0,10,2,130,0,0,0
12,0,5,0,0,89,0,5110,0,1,1
11,21,2,0,0,54,0,5100,0,1,1
13,21,5,0,0,85,2,1500,0,1,1
12,4,1,0,0,78,2,5110,0,0,1
13,19,4,0,0,86,1,5100,0,0,1
13,0,6,0,1,91,2,1830,0,1,1
13,3,4,0,1,97,1,1110,0,1,1
10,3,3,0,0,89,2,5110,0,1,1
7,22,5,0,0,54,0,5110,0,1,1
10,4,0,0,0,89,2,5110,0,1,1
5,1,6,0,0,75,2,5110,0,1,1
3,16,4,0,1,2,1,10,0,0,0
12,18,0,0,0,91,1,5100,0,1,1
12,18,6,0,1,59,2,2410,0,0,1
11,20,6,0,0,67,1,5100,0,1,1
12,4,5,0,0,60,0,2510,0,1,1
13,1,5,0,0,78,2,5110,0,1,1
11,19,2,0,0,92,2,5110,0,0,1
13,19,3,0,0,60,1,5110,0,1,1
9,2,6,0,0,61,2,5110,0,1,1
5,10,3,0,1,7,1,10,0,0,0
11,1,6,0,0,73,2,5110,0,1,1
6,1,3,0,0,72,1,5110,0,0,1
8,1,6,0,0,57,0,2630,0,1,1
12,19,4,0,0,50,2,5110,0,1,1
11,5,3,0,0,95,1,5110,0,1,1
10,4,6,0,0,68,2,2670,0,1,1
10,19,6,0,0,90,0,1300,0,1,1
11,23,4,0,0,56,1,5110,0,0,1
3,11,1,0,1,7,1,50,0,0,0
9,23,1,0,0,54,1,1340,0,1,1
9,21,1,0,1,94,1,2390,0,1,1
10,22,4,0,0,89,2,5110,0,0,1
12,22,2,0,0,98,2,5110,0,0,1
11,4,3,0,0,80,2,5100,0,1,1
9,4,4,0,0,54,2,2400,0,1,1
12,2,5,0,0,94,2,5110,0,1,1
5,12,4,0,1,5,0,20,0,0,0
12,23,5,0,1,85,1,2680,0,0,1
3,7,0,0,0,5,2,10,0,1,0
9,2,1,0,0,72,2,5110,0,0,1
9,19,2,0,0,62,0,5110,0,1,1
10,22,0,0,0,60,2,5110,0,1,1
11,5,0,0,0,80,1,5110,0,1,1
2,11,0,0,1,13,0,50,0,0,0
10,23,6,0,0,66,2,5110,0,1,1
13,19,5,0,0,88,2,5110,0,1,1
5,20,0,0,0,57,0,2500,0,1,1
10,1,2,0,0,78,0,5090,0,1,1
13,18,6,0,0,82,2,5100,0,0,1
5,18,1,0,1,16,1,50,0,0,0
5,13,1,0,0,13,0,210,0,0,0
9,1,2,0,0,55,2,2270,0,0,1
11,1,4,0,0,56,1,5110,0,1,1
7,4,2,0,1,52,2,1450,0,1,1
7,23,1,0,0,63,1,4820,0,1,1
10,5,1,0,0,78,1,2700,0,1,1
12,4,4,0,0,59,2,5110,0,1,1
11,23,0,0,0,74,1,5110,0,0,1
11,4,0,0,0,50,1,5110,0,1,1
8,14,4,0,1,0,0,10,0,0,0
11,19,3,0,0,82,2,5110,0,1,1
10,19,2,0,0,98,0,1080,0,1,1
10,23,2,0,0,63,2,1130,0,1,1
11,0,1,0,0,76,0,5110,0,1,1
3,9,2,0,1,8,0,150,0,0,0
11,2,3,0,0,74,2,5110,0,0,1
9,1,2,0,0,52,2,5110,0,1,1
5,2,0,0,0,89,1,5110,0,1,1
11,3,5,0,0,87,2,5110,0,0,1
12,5,0,0,0,77,1,5110,0,1,1
9,1,6,0,0,69,0,5110,0,0,1
11,2,1,0,0,85,0,5110,0,0,1
7,23,4,0,0,52,0,5110,0,1,1
5,2,3,0,0,95,1,4360,0,1,1
5,1,5,0,0,99,0,4620,0,1,1
9,22,3,0,0,76,1,5110,0,1,1
10,23,5,0,0,85,0,5100,0,1,1
11,1,3,0,0,61,0,1500,0,0,1
11,21,4,0,1,77,1,2000,0,0,1
10,3,5,0,0,77,1,2390,0,1,1
13,3,6,0,0,62,0,4530,0,1,1
9,20,1,0,0,66,1,5110,0,1,1
9,23,1,0,0,64,2,5110,0,0,1
11,23,1,0,0,52,1,4530,0,1,1
10,23,0,0,0,54,2,1270,0,1,1
10,19,3,0,0,90,1,2080,0,0,1
11,22,4,0,1,71,2,2590,0,0,1
9,23,0,0,0,83,0,5110,0,1,1
3,15,4,0,1,5,0,130,0,0,0
12,4,1,0,1,55,0,2300,0,1,1
6,3,2,0,0,82,1,5090,0,1,1
11,0,3,0,0,61,0,5110,0,1,1
12,1,5,0,0,85,1,5090,0,1,1
12,19,0,0,0,78,2,5110,0,0,1
13,0,5,0,0,50,2,5110,0,1,1
5,12,4,0,1,3,2,90,0,0,0
5,16,0,0,0,8,0,90,0,0,0
12,0,0,0,1,66,1,1480,0,1,1
12,3,3,0,0,96,0,5110,0,1,1
3,15,0,0,1,15,1,20,0,0,0
11,19,2,0,0,86,2,5110,0,1,1
11,19,5,0,0,61,0,5110,0,0,1
12,18,3,0,0,58,2,5110,0,1,1
11,1,3,0,0,87,0,4750,0,0,1
3,10,4,0,1,12,0,10,0,0,0
13,18,1,0,0,87,2,5110,0,1,1
3,10,1,0,0,18,1,20,0,0,0
12,3,4,0,0,59,1,2650,0,1,1
1,12,4,0,1,14,1,10,0,0,0
13,20,3,0,0,88,1,5110,0,1,1
10,1,3,0,0,74,2,5110,0,1,1
5,2,2,0,0,58,0,1260,0,1,1
11,18,4,0,0,61,2,5110,0,0,1
9,5,6,0,0,91,1,5110,0,0,1
12,19,5,0,0,58,0,5110,0,1,1
12,2,2,0,0,74,0,5110,0,0,1
9,19,3,0,0,98,0,1100,0,1,1
9,21,2,0,0,73,1,5110,0,1,1
13,21,3,0,0,86,1,5110,0,0,1
5,16,1,0,1,6,0,130,0,0,0
10,2,6,0,0,67,0,360,0,1,1
11,2,2,0,0,77,2,5100,0,0,1
11,20,4,0,0,96,1,5110,0,0,1
10,21,0,0,0,95,0,5110,0,1,1
12,3,1,0,0,97,1,5110,0,1,1
12,1,5,0,0,82,2,5110,0,1,1
12,1,6,0,0,91,2,5110,0,1,1
10,19,6,0,0,52,0,5100,0,1,1
9,20,6,0,1,65,1,2130,0,1,1
3,7,4,0,1,17,2,70,0,1,0
10,21,3,0,0,79,0,5110,0,1,1
12,3,1,0,1,95,2,1130,0,0,1
12,0,0,0,0,96,2,5110,0,1,1
12,20,5,0,0,80,0,5110,0,1,1
4,2,5,0,0,66,1,5110,0,1,1
13,1,0,0,0,52,1,5110,0,0,1
9,19,3,0,0,50,2,5110,0,1,1
13,18,0,0,1,53,2,2520,0,1,1
12,22,6,0,0,99,1,5090,0,0,1
10,21,4,0,0,98,0,1490,0,1,1
12,2,6,0,1,72,0,1370,0,1,1
5,18,3,0,0,96,2,5110,0,1,1
3,10,4,0,1,13,2,10,0,0,0
4,18,4,0,0,12,2,10,0,0,0
2,9,2,0,1,11,2,30,0,0,0
3,19,6,0,0,95,1,5100,0,0,1
5,16,4,0,1,3,0,50,0,0,0
10,19,2,0,0,87,0,5110,0,1,1
13,21,2,0,0,58,2,5110,0,1,1
11,2,1,0,0,81,2,5090,0,0,1
5,0,5,0,0,96,1,5110,0,0,1
11,19,6,0,0,62,1,5110,0,1,1
10,23,4,0,0,91,0,5110,0,0,1
5,20,4,0,0,87,0,5110,0,1,1
5,9,1,0,1,12,1,40,0,1,0
3,23,0,0,0,95,0,5110,0,1,1
1,16,4,0,1,7,1,90,0,0,0
4,11,1,0,1,13,0,10,0,0,0
9,22,0,0,0,50,0,5080,0,1,1
12,23,5,0,0,99,0,5110,0,0,1
10,21,6,0,0,55,1,5110,0,0,1
11,2,5,0,0,77,0,5110,0,1,1
5,22,3,0,0,61,0,5110,0,1,1
13,0,1,0,0,86,2,5110,0,0,1
11,21,0,0,0,80,1,2680,0,1,1
12,18,0,0,0,73,2,5100,0,1,1
9,1,0,0,0,92,0,5110,0,1,1
10,22,1,0,0,56,1,5110,0,0,1
7,0,4,0,0,85,0,5110,0,0,1
1,10,2,0,1,19,2,40,0,0,0
6,23,2,0,1,72,0,5110,0,1,1
7,23,2,0,0,54,1,1080,0,0,1
2,13,2,0,1,19,1,280,0,0,0
10,0,5,0,0,82,0,2230,0,1,1
10,4,2,0,0,95,1,5110,0,1,1
6,1,6,0,0,88,2,5110,0,1,1
13,0,6,0,0,70,1,5110,0,1,1
10,0,6,0,0,98,1,5110,0,1,1
10,0,4,0,0,86,0,5110,0,1,1
10,0,0,0,0,83,0,1140,0,1,1
10,23,0,0,0,60,0,4770,0,0,1
11,3,5,0,0,64,1,1440,0,0,1
5,13,3,0,0,11,1,110,0,0,0
9,23,2,0,0,69,2,5100,0,1,1
2,15,1,0,1,6,1,130,0,0,0
13,3,5,0,0,76,0,5110,0,1,1
9,5,4,0,0,57,0,5110,0,1,1
11,21,1,0,0,81,0,5110,0,0,1
2,10,2,0,1,3,0,100,0,0,0
4,0,1,0,1,93,0,1070,0,1,1
12,1,6,0,0,97,2,5110,0,1,1
13,0,3,0,1,50,2,10,0,1,1
10,20,1,0,1,67,2,2330,0,1,1
5,15,1,0,1,9,0,10,0,0,0
9,0,1,0,0,58,2,990,0,1,1
10,2,3,0,0,70,2,5110,0,1,1
13,23,1,0,1,68,0,2220,0,1,1
9,1,6,0,1,75,2,1300,0,1,1
3,17,1,0,1,4,1,10,0,0,0
13,2,0,0,0,55,1,5110,0,1,1
10,1,4,0,0,90,1,5110,0,0,1
10,3,2,0,0,58,2,1210,0,1,1
3,11,0,0,1,2,0,10,0,0,0
10,3,6,0,1,50,1,2310,0,1,1
10,22,6,0,0,72,2,2100,0,1,1
5,21,3,0,0,68,1,1410,0,0,1
10,4,3,0,0,68,1,5110,0,1,1
13,23,2,0,0,68,1,5110,0,1,1
13,4,0,0,0,81,2,5110,0,1,1
1,11,2,0,0,0,0,10,0,0,0
10,19,2,0,0,80,0,5110,0,1,1
13,21,2,0,0,51,0,1120,0,1,1
10,22,4,0,0,76,2,5110,0,0,1
13,4,0,0,0,53,1,5110,0,1,1
10,5,4,0,0,98,0,1160,0,0,1
2,9,4,0,1,8,1,160,0,0,0
7,20,6,0,0,79,1,1350,0,1,1
6,23,5,0,0,74,2,590,0,1,1
9,20,3,0,0,66,1,5110,0,1,1
1,13,3,0,0,8,0,30,0,0,0
11,22,3,0,0,83,2,1200,0,1,1
3,16,3,0,0,7,0,10,0,0,0
9,19,6,0,0,99,0,5110,0,1,1
10,0,0,0,0,84,2,5110,0,1,1
9,4,3,0,0,59,0,1310,0,0,1
4,18,1,0,1,13,2,10,0,0,0
2,12,1,0,1,2,2,100,0,0,0
2,8,4,0,1,16,1,40,0,0,0
3,9,2,0,1,2,1,410,0,0,0
10,18,5,0,0,91,1,5110,0,0,1
11,3,1,0,0,87,2,2020,0,1,1
9,22,4,0,0,81,1,5100,0,1,1
9,5,0,0,0,67,0,5110,0,1,1
7,22,1,0,0,54,1,5110,0,0,1
4,4,2,0,0,59,2,5100,0,1,1
13,22,1,0,0,66,0,5110,0,1,1
13,4,1,0,0,97,0,5110,0,1,1
12,0,4,0,0,57,0,2480,0,0,1
11,2,4,0,0,79,0,5110,0,1,1
12,22,5,0,0,95,0,5110,0,0,1
12,3,6,0,0,66,1,5110,0,1,1
10,20,2,0,1,64,1,2820,0,1,1
1,8,4,0,1,13,2,60,0,0,0
10,23,6,0,0,90,0,5110,0,1,1
11,4,0,0,0,59,0,1260,0,1,1
4,14,0,0,0,16,2,40,0,0,0
5,18,3,0,0,95,1,5100,0,1,1
11,4,6,0,1,97,0,2070,0,1,1
5,17,0,0,1,6,0,10,0,1,0
13,5,1,0,0,58,1,5110,0,1,1
13,20,0,0,0,87,2,1220,0,1,1
13,21,2,0,0,65,1,5110,0,1,1
5,1,1,0,0,67,1,5110,0,1,1
1,18,0,0,1,1,1,90,0,0,0
3,16,0,0,0,2,0,20,0,0,0
13,2,1,0,0,97,1,5100,0,1,1
12,2,3,0,0,53,2,1040,0,1,1
3,12,2,0,1,17,0,80,0,0,0
2,10,2,0,1,17,2,10,0,0,0
11,23,0,0,0,67,0,2540,0,0,1
4,5,5,0,0,81,2,5110,0,1,1
7,22,0,0,0,98,0,5110,0,1,1
11,1,1,0,0,54,2,5110,0,1,1
10,22,4,0,0,70,0,4780,0,1,1
13,0,4,0,0,62,2,5110,0,0,1
3,13,0,0,1,4,1,10,0,0,0
13,21,2,0,0,91,2,2250,0,0,1
10,3,4,0,0,84,0,5110,0,1,1
9,1,6,0,0,63,0,5100,0,1,1
9,1,0,0,1,89,2,1340,0,0,1
10,19,3,0,0,87,1,5110,0,0,1
9,3,3,0,0,66,1,5100,0,1,1
10,18,1,0,0,82,1,2520,0,1,1
2,7,3,0,1,19,0,50,0,0,0
9,3,4,0,0,50,2,5090,0,1,1
2,9,0,0,1,5,2,10,0,0,0
10,23,6,0,0,64,1,5110,0,1,1
6,12,3,0,1,5,0,40,0,0,0
13,3,5,0,0,81,2,5110,0,1,1
13,18,0,0,0,91,1,5110,0,1,1
12,2,1,0,0,82,2,5110,0,1,1
9,15,0,0,1,1,0,100,0,0,0
10,1,6,0,0,91,2,5110,0,1,1
12,1,6,0,0,68,0,5110,0,1,1
5,18,0,0,0,8,1,40,0,0,0
10,1,0,0,0,75,2,5110,0,1,1
5,8,3,0,1,7,2,40,0,0,0
11,19,4,0,0,53,2,5110,0,1,1
13,23,0,0,0,83,0,2950,0,1,1
4,13,0,0,0,10,1,10,0,0,0
9,22,6,0,0,65,0,4840,0,1,1
10,8,2,0,1,12,1,10,0,0,0
9,18,6,0,0,62,0,5110,0,1,1
10,18,5,0,0,64,2,5110,0,1,1
6,0,5,0,0,79,0,5100,0,1,1
2,15,1,0,0,5,2,10,0,0,0
10,5,4,0,0,64,1,5110,0,1,1
12,4,0,0,0,88,2,5110,0,0,1
10,23,6,0,0,83,0,5110,0,1,1
9,20,1,0,0,50,1,5110,0,1,1
11,0,3,0,0,58,1,4540,0,1,1
12,19,6,0,0,94,2,5110,0,0,1
13,21,3,0,0,98,1,5110,0,1,1
12,19,4,0,0,86,1,1110,0,1,1
10,23,4,0,0,50,2,5110,0,1,1
11,5,3,0,1,55,2,1090,0,0,1
13,22,2,0,0,51,2,5110,0,1,1
9,20,1,0,0,60,0,2620,0,1,1
11,1,1,0,0,69,2,4360,0,0,1
13,22,2,0,1,63,0,2050,0,0,1
10,2,3,0,0,95,1,5110,0,1,1
12,4,3,0,0,96,2,5110,0,1,1
10,19,6,0,0,82,1,5110,0,1,1
11,22,5,0,0,92,0,5110,0,1,1
12,19,4,0,0,65,1,5110,0,0,1
9,0,4,0,1,72,2,10,0,1,1
12,1,6,0,0,61,2,5110,0,1,1
9,19,5,0,0,91,0,5110,0,1,1
10,19,4,0,0,69,2,5110,0,1,1
12,1,5,0,0,72,2,4450,0,1,1
11,5,2,0,0,90,0,5100,0,1,1
12,0,3,0,0,70,2,5110,0,0,1
9,0,6,0,0,52,0,5110,0,1,1
10,2,5,0,0,74,2,5110,0,0,1
1,9,4,0,0,7,0,200,0,0,0
13,20,3,0,0,81,0,5110,0,1,1
10,19,3,0,0,87,0,5110,0,1,1
11,20,6,0,0,65,0,4560,0,1,1
10,20,4,0,0,78,2,5110,0,1,1
13,22,4,0,0,71,1,1980,0,1,1
13,1,0,0,0,87,0,5090,0,1,1
13,18,4,0,0,79,2,2780,0,0,1
12,3,2,0,0,57,0,5090,0,1,1
11,4,5,0,0,93,2,5110,0,0,1
9,21,4,0,0,71,0,5110,0,1,1
10,0,1,0,1,91,0,600,0,1,1
9,0,5,0,0,98,0,5110,0,1,1
11,3,4,0,0,52,2,1140,0,1,1
4,5,6,0,0,60,1,5110,0,0,1
11,5,3,0,0,83,0,5090,0,1,1
7,3,4,0,0,58,0,5110,0,0,1
12,18,1,0,0,91,0,5110,0,1,1
10,18,1,0,0,93,1,10,0,1,1
9,22,4,0,0,54,1,5100,0,1,1
3,11,1,0,1,11,0,10,0,0,0
10,0,1,0,0,71,0,1010,0,1,1
3,10,3,0,1,19,1,10,0,0,0
12,5,0,0,0,91,0,5110,0,1,1
11,2,1,0,0,56,0,280,0,1,1
4,15,1,0,0,13,2,20,0,0,0
5,8,4,0,1,16,2,170,0,0,0
7,2,0,0,0,85,1,5110,0,0,1
8,12,1,0,1,1,1,30,0,0,0
13,18,2,0,0,62,0,5110,0,0,1
2,14,0,0,1,9,1,10,0,0,0
9,21,2,0,0,90,0,4820,0,1,1
10,3,5,0,0,92,2,5110,0,1,1
12,2,5,0,0,93,1,2980,0,0,1
6,2,3,0,0,55,0,5110,0,1,1
13,0,5,0,0,94,2,5110,0,0,1
13,20,2,0,0,83,2,5110,0,1,1
3,21,1,0,0,64,0,4780,0,1,1
13,0,1,0,0,85,0,5110,0,1,1
5,5,5,0,0,60,1,2340,0,1,1
12,3,4,0,0,77,1,5110,0,1,1
9,5,1,0,0,68,2,5110,0,1,1
7,4,5,0,0,54,1,5110,0,1,1
11,3,6,0,1,86,0,2190,0,1,1
9,19,2,0,0,67,0,5110,0,1,1
4,11,0,0,1,19,1,30,0,0,0
12,23,1,0,1,53,0,1080,0,0,1
10,1,3,0,0,86,2,5110,0,1,1
12,21,0,0,0,85,2,5110,0,0,1
12,1,0,0,0,95,0,5110,0,1,1
13,3,5,0,0,73,1,5110,0,0,1
6,23,4,0,0,62,0,5110,0,1,1
13,21,3,0,0,57,1,5110,0,0,1
2,18,3,0,0,13,2,80,0,0,0
13,5,6,0,0,86,2,5110,0,1,1
9,23,6,0,0,70,0,1440,0,0,1
9,20,4,0,0,97,1,5110,0,0,1
10,1,1,0,0,61,1,2200,0,1,1
11,19,0,0,0,70,0,5090,0,1,1
11,0,5,0,0,84,0,5110,0,0,1
9,3,4,0,0,57,2,4590,0,1,1
12,19,6,0,0,62,1,5110,0,1,1
4,7,2,0,1,6,0,80,0,1,0
9,4,3,0,0,99,1,5110,0,0,1
12,2,2,0,0,74,1,5110,0,1,1
11,5,3,0,0,84,2,5100,0,0,1
11,5,6,0,0,51,2,2400,0,1,1
2,16,1,0,1,13,1,180,0,0,0
1,18,1,0,1,2,2,100,0,0,0
12,3,6,0,0,98,0,5110,0,1,1
12,5,5,0,0,98,0,1350,0,1,1
9,1,4,0,0,50,2,1170,0,0,1
12,0,4,0,0,93,0,4480,0,1,1
12,19,1,0,0,78,2,5110,0,1,1
8,19,4,0,0,90,0,5110,0,1,1
2,8,2,0,1,2,2,30,0,0,0
9,5,1,0,0,54,0,5110,0,0,1
3,18,3,0,1,12,2,10,0,0,0
12,21,6,0,0,52,1,5110,0,1,1
2,10,0,0,1,17,0,40,0,0,0
13,1,3,0,0,64,2,1390,0,1,1
11,22,3,0,0,97,2,5110,0,0,1
12,21,5,0,0,65,0,5110,0,1,1
13,22,1,0,0,74,1,5110,0,1,1
1,15,4,0,1,9,0,40,0,0,0
11,20,1,0,0,70,2,5110,0,1,1
10,3,2,0,0,67,0,5110,0,1,1
12,3,5,0,0,96,2,5100,0,1,1
11,4,0,0,0,61,2,1490,0,1,1
2,10,4,0,1,9,1,10,0,0,0
12,21,3,0,0,80,1,2230,0,1,1
6,2,0,0,1,62,2,1440,0,0,1
12,23,4,0,0,98,0,2650,0,1,1
13,20,0,0,0,75,2,1060,0,0,1
12,4,5,0,0,57,1,5110,0,0,1
9,2,0,0,0,63,1,5090,0,1,1
13,20,1,0,0,83,1,5110,0,1,1
10,1,3,0,0,51,2,5110,0,1,1
11,5,3,0,0,71,0,1460,0,0,1
12,22,3,0,0,75,2,5110,0,1,1
7,23,5,0,0,79,2,5110,0,1,1
13,18,1,0,0,80,1,5110,0,1,1
11,23,3,0,1,82,2,1170,0,0,1
10,1,2,0,1,98,0,980,0,1,1
6,20,6,0,0,95,1,1410,0,1,1
13,4,6,0,0,95,2,5110,0,0,1
10,1,2,0,0,57,2,5110,0,1,1
11,20,6,0,1,88,0,2600,0,1,1
12,3,3,0,0,75,0,5110,0,1,1
11,20,4,0,1,58,1,2660,0,1,1
8,1,0,0,1,97,0,2900,0,1,1
3,3,2,0,0,95,1,4570,0,1,1
13,4,6,0,1,82,1,1090,0,1,1
13,20,3,0,0,65,1,5110,0,1,1
11,19,5,0,0,55,0,5110,0,0,1
10,0,2,0,0,74,1,5010,0,1,1
4,13,1,0,1,8,2,70,0,0,0
5,8,0,0,1,11,1,60,0,0,0
13,0,4,0,0,66,0,5110,0,1,1
13,18,0,0,0,91,2,5110,0,0,1
12,22,5,0,0,89,2,1420,0,1,1
10,19,2,0,0,81,2,2490,0,1,1
12,20,1,0,0,61,2,5110,0,1,1
7,23,4,0,1,90,0,1130,0,1,1
13,1,6,0,0,98,2,5110,0,1,1
11,1,2,0,0,58,2,5110,0,0,1
9,18,6,0,0,93,0,5110,0,1,1
13,3,6,0,0,63,1,5110,0,1,1
5,8,2,0,1,6,0,150,0,0,0
9,20,2,0,0,57,2,5100,0,1,1
12,5,1,0,0,55,2,2560,0,1,1
9,5,3,0,0,75,1,5110,0,1,1
4,16,1,0,1,19,0,20,0,0,0
11,4,5,0,0,94,0,4500,0,1,1
7,21,5,0,1,80,0,1200,0,1,1
12,0,4,0,0,85,1,5110,0,0,1
6,20,5,0,0,83,2,5110,0,1,1
3,16,3,0,1,11,1,90,0,0,0
11,5,6,0,0,98,2,5110,0,1,1
12,1,4,0,0,88,1,5110,0,1,1
11,3,4,0,0,65,1,2820,0,1,1
12,5,2,0,0,60,1,5110,0,1,1
11,23,3,0,0,71,2,5110,0,0,1
11,22,0,0,0,52,2,5110,0,1,1
3,12,3,0,1,13,1,20,0,0,0
7,0,2,0,0,62,0,5110,0,0,1
10,19,6,0,0,53,2,5110,0,1,1
6,20,3,0,1,75,2,1190,0,1,1
4,9,0,0,1,16,1,20,0,0,0
4,18,4,0,1,16,2,20,0,0,0
5,14,2,0,1,1,0,140,0,0,0
13,23,2,0,0,72,1,1490,0,0,1
5,9,3,0,0,9,2,10,0,0,0
9,0,4,0,1,75,2,2480,0,1,1
6,19,2,0,1,52,2,1210,0,0,1
12,20,0,0,0,59,2,1070,0,1,1
3,10,3,0,1,6,0,140,0,0,0
11,18,2,0,0,72,2,5110,0,0,1
9,20,5,0,0,79,0,5110,0,1,1
7,18,4,0,1,8,2,10,0,0,0
10,21,5,0,0,70,0,5110,0,1,1
11,20,1,0,0,52,1,5110,0,1,1
1,16,2,0,0,16,2,80,0,0,0
13,0,0,0,0,58,0,5110,0,1,1
12,22,6,0,0,51,0,5110,0,0,1
11,19,1,0,0,60,2,5010,0,0,1
4,17,4,0,1,2,1,170,0,0,0
3,18,3,0,1,6,0,20,0,0,0
9,23,6,0,0,96,1,5110,0,0,1
5,9,1,0,1,11,2,10,0,0,0
4,15,0,0,1,14,2,30,0,0,0
4,15,2,0,1,14,1,10,0,0,0
12,3,1,0,0,85,1,5100,0,1,1
4,18,1,0,1,19,0,10,0,0,0
6,20,4,0,0,66,1,5110,0,1,1
5,7,1,0,1,3,1,90,0,0,0
4,12,1,0,1,10,2,70,0,1,0
4,4,2,0,0,65,2,5110,0,0,1
9,0,3,0,1,77,1,850,0,1,1
13,18,6,0,1,92,1,1270,0,0,1
4,18,2,0,1,8,1,190,0,0,0
12,5,6,0,0,95,2,5110,0,1,1
2,10,3,0,1,5,1,20,0,0,0
9,2,3,0,1,64,1,1250,0,1,1
11,18,0,0,0,74,0,5110,0,0,1
4,10,4,0,1,5,2,270,0,0,0
9,21,5,0,1,83,0,1150,0,0,1
3,17,3,0,1,13,0,10,0,0,0
2,12,4,0,1,9,2,130,0,0,0
6,2,6,0,0,90,2,4360,0,1,1
13,19,2,0,0,81,2,5090,0,1,1
11,4,2,0,0,50,0,5110,0,0,1
12,22,5,0,0,89,2,5110,0,0,1
9,19,3,0,0,59,2,5110,0,1,1
9,20,6,0,0,62,2,5110,0,1,1
10,1,0,0,0,56,2,4490,0,1,1
9,0,2,0,0,53,0,5110,0,1,1
11,4,3,0,0,72,1,5100,0,1,1
11,18,6,0,0,59,2,5110,0,1,1
13,5,2,0,0,77,0,5110,0,0,1
7,3,6,0,0,52,0,5110,0,1,1
6,23,2,0,0,99,1,5110,0,0,1
13,3,2,0,0,57,1,5110,0,1,1
10,7,0,0,1,15,1,70,0,0,0
3,16,3,0,0,9,2,30,0,0,0
9,2,0,0,0,91,0,5110,0,1,1
5,7,2,0,1,0,2,10,0,0,0
7,1,4,0,0,72,1,5110,0,1,1
13,23,4,0,0,60,1,5110,0,1,1
13,20,2,0,0,65,1,5110,0,1,1
4,12,1,0,1,7,1,90,0,0,0
12,3,1,0,0,98,0,5110,0,1,1
2,14,0,0,1,11,2,60,0,0,0
3,21,5,0,0,56,2,2580,0,1,1
5,17,0,0,1,3,2,170,0,1,0
13,23,5,0,0,86,1,5110,0,0,1
9,18,2,0,0,51,1,2220,0,0,1
3,16,3,0,1,6,1,100,0,0,0
1,16,4,0,1,4,0,220,0,0,0
4,21,0,0,0,80,2,5110,0,1,1
4,18,0,0,1,9,1,10,0,0,0
11,22,0,0,0,93,0,5110,0,1,1
12,0,5,0,0,64,0,5110,0,1,1
12,20,1,0,0,88,0,5110,0,1,1
9,23,5,0,0,66,2,5110,0,1,1
11,21,2,0,0,71,2,690,0,1,1
11,3,5,0,0,53,2,2950,0,1,1
11,4,0,0,0,58,2,5110,0,1,1
12,3,1,0,0,61,1,5100,0,0,1
12,5,5,0,0,72,2,2970,0,0,1
13,18,1,0,0,87,2,5110,0,1,1
13,0,5,0,0,56,0,5110,0,0,1
9,0,1,0,0,93,1,5100,0,1,1
11,20,0,0,0,84,2,1430,0,1,1
9,4,4,0,0,72,0,1020,0,1,1
10,4,4,0,0,58,0,10,0,1,1
10,3,0,0,0,83,1,5110,0,0,1
11,9,0,0,1,11,0,10,0,0,0
6,2,3,0,0,72,2,2110,0,1,1
9,0,5,0,0,60,2,5110,0,1,1
9,10,3,0,1,1,2,250,0,1,0
11,18,5,0,0,65,0,5110,0,1,1
3,12,1,0,1,12,2,10,0,0,0
3,11,1,0,1,1,2,40,0,0,0
12,0,2,0,0,53,2,5110,0,1,1
5,18,6,0,1,65,2,1070,0,0,1
6,22,3,0,0,94,0,5110,0,1,1
10,21,1,0,0,63,0,5100,0,1,1
2,15,2,0,0,4,1,20,0,1,0
9,19,2,0,0,55,0,5110,0,1,1
10,19,3,0,0,93,1,5110,0,0,1
9,22,6,0,0,87,1,4460,0,1,1
11,23,0,0,0,51,2,5100,0,1,1
11,1,5,0,0,81,2,5110,0,1,1
10,2,2,0,0,57,0,5110,0,1,1
4,5,1,0,0,53,0,5110,0,0,1
9,1,6,0,0,67,1,5110,0,1,1
12,19,0,0,0,72,2,5110,0,0,1
3,7,1,0,0,14,0,10,0,1,0
9,5,6,0,0,61,0,5100,0,0,1
13,4,6,0,0,87,0,5100,0,1,1
3,8,3,0,1,7,0,120,0,0,0
5,12,1,0,1,6,1,10,0,0,0
12,0,2,0,0,85,0,5100,0,0,1
9,18,5,0,0,61,1,5110,0,1,1
12,0,4,0,0,74,2,10,0,1,1
10,19,2,0,0,57,1,5110,0,1,1
13,5,2,0,0,81,2,5110,0,1,1
5,19,6,0,0,84,1,5090,0,0,1
11,23,5,0,0,54,1,5110,0,1,1
12,20,6,0,0,87,2,4460,0,1,1
5,1,3,0,0,72,0,5090,0,0,1
11,18,1,0,0,74,1,5110,0,1,1
10,20,1,0,0,63,2,5110,0,0,1
13,21,5,0,0,72,2,1320,0,1,1
11,21,3,0,0,82,0,5110,0,1,1
9,19,2,0,0,79,1,5110,0,0,1
2,13,1,0,1,17,2,190,0,0,0
12,4,0,0,0,98,0,5110,0,0,1
2,12,3,0,1,5,0,110,0,0,0
10,4,6,0,0,75,1,5110,0,1,1
9,23,3,0,0,63,1,5110,0,1,1
12,19,4,0,0,72,0,5110,0,1,1
9,22,3,0,0,98,2,5110,0,1,1
10,21,3,0,0,82,0,5110,0,0,1
12,2,6,0,0,76,1,5110,0,0,1
9,20,5,0,0,72,2,5110,0,1,1
2,10,1,0,1,3,0,20,0,0,0
12,21,4,0,0,98,0,5110,0,1,1
5,8,4,0,0,15,1,40,0,0,0
5,4,5,0,0,79,1,5110,0,1,1
4,17,4,0,1,0,0,20,0,0,0
13,21,3,0,1,62,1,2080,0,1,1
12,1,1,0,0,97,2,5110,0,1,1
9,1,2,0,0,93,0,5110,0,0,1
13,0,5,0,0,96,1,5110,0,1,1
10,1,0,0,0,61,1,4420,0,0,1
9,1,5,0,0,74,0,5100,0,0,1
12,19,6,0,0,90,1,5110,0,0,1
13,5,2,0,0,59,0,5110,0,1,1
12,3,4,0,0,66,1,5110,0,1,1
9,3,6,0,0,68,2,5110,0,1,1
9,4,1,0,0,96,2,5100,0,1,1
10,19,3,0,0,68,1,5110,0,1,1
13,2,4,0,0,93,2,5100,0,0,1
13,1,4,0,1,55,0,2710,0,1,1
13,22,6,0,0,75,1,5110,0,1,1
9,1,5,0,0,69,1,5110,0,1,1
11,20,6,0,1,76,0,2840,0,1,1
9,0,2,0,0,52,1,5110,0,0,1
1,9,2,0,1,5,2,70,0,0,0
13,1,1,0,0,50,2,5110,0,1,1
9,18,5,0,0,56,2,2500,0,1,1
9,0,6,0,1,52,0,2430,0,1,1
9,1,1,0,0,82,0,2640,0,0,1
11,0,6,0,0,98,1,5110,0,0,1
13,3,4,0,0,66,2,5110,0,1,1
7,9,2,0,0,10,2,90,0,0,0
11,3,4,0,0,64,0,1120,0,1,1
2,9,2,0,0,19,1,10,0,0,0
13,4,2,0,0,68,0,5110,0,0,1
9,5,1,0,1,72,0,1140,0,1,1
12,19,3,0,1,84,0,2750,0,1,1
12,18,5,0,0,61,0,5110,0,1,1
10,18,4,0,0,74,1,5110,0,1,1
8,14,3,0,1,16,1,10,0,0,0
11,1,6,0,0,91,2,1430,0,1,1
9,5,1,0,0,55,1,5110,0,1,1
13,1,3,0,0,74,0,5110,0,1,1
9,21,1,0,0,62,1,5110,0,0,1
10,20,1,0,0,91,0,5110,0,1,1
10,0,1,0,0,50,2,5110,0,1,1
1,12,4,0,1,7,1,140,0,0,0
10,5,4,0,0,99,1,2740,0,1,1
11,20,6,0,0,81,0,5110,0,0,1
10,20,2,0,0,80,2,2320,0,1,1
11,18,6,0,0,83,2,2520,0,1,1
14,5,3,0,0,65,1,40,0,1,1
12,2,3,0,0,60,1,5100,0,1,1
4,4,2,0,0,61,2,5110,0,1,1
3,15,3,0,1,8,2,20,0,0,0
11,22,6,0,1,90,2,1220,0,1,1
10,4,6,0,0,83,0,5110,0,1,1
10,23,6,0,0,56,1,5110,0,1,1
4,18,6,0,0,86,1,5110,0,0,1
11,18,2,0,0,99,1,5110,0,1,1
11,19,3,0,0,75,0,5110,0,1,1
13,4,5,0,1,77,1,1140,0,0,1
4,12,4,0,1,11,2,10,0,0,0
3,7,2,0,1,1,1,10,0,1,0
13,18,4,0,0,55,1,5110,0,0,1
12,4,5,0,0,82,0,5110,0,1,1
11,19,3,0,0,83,1,5100,0,1,1
3,14,2,0,1,16,1,20,0,0,0
1,18,4,0,1,8,0,20,0,0,0
2,12,1,0,1,12,0,80,0,0,0
13,23,6,0,0,81,0,5110,0,1,1
4,17,3,0,1,17,0,30,0,0,0
12,4,5,0,0,70,2,5100,0,0,1
7,8,0,0,0,10,1,70,0,1,0
3,13,4,0,1,12,0,90,0,0,0
10,3,6,0,0,91,0,1210,0,1,1
11,19,3,0,0,62,2,5110,0,1,1
5,16,1,0,1,18,0,10,0,0,0
14,23,4,0,0,68,0,10,0,1,1
1,15,0,0,1,0,0,10,0,1,0
9,19,2,0,0,51,2,5110,0,1,1
12,23,3,0,0,52,1,1490,0,1,1
13,3,3,0,0,52,0,5100,0,0,1
2,10,3,0,0,2,0,200,0,0,0
11,5,0,0,0,89,0,5110,0,0,1
13,2,2,0,0,86,1,5110,0,1,1
5,16,4,0,1,12,0,10,0,0,0
6,9,3,0,1,14,2,10,1,0,0
11,19,3,0,0,51,1,5100,0,1,1
9,1,3,0,0,87,2,5100,0,0,1
9,22,3,0,0,99,1,5110,0,1,1
10,22,5,0,0,79,1,1100,0,1,1
3,14,1,0,1,7,0,10,0,0,0
9,21,3,0,0,56,0,5110,0,1,1
3,8,0,0,1,0,2,20,0,0,0
9,0,4,0,0,87,2,4660,0,1,1
12,18,4,0,0,66,2,5110,0,1,1
11,20,4,0,0,94,0,4490,0,1,1
4,1,2,0,0,55,0,5110,0,0,1
7,21,6,0,0,63,2,5100,0,1,1
4,13,1,0,1,7,1,10,0,0,0
10,4,0,0,0,65,2,5110,0,0,1
10,4,3,0,0,62,1,5110,0,0,1
2,7,3,0,1,1,1,70,0,0,0
9,22,5,0,0,92,2,5110,0,0,1
11,19,2,0,0,79,1,5100,0,1,1
4,9,2,0,1,11,2,10,0,0,0
11,0,3,0,0,96,2,5110,0,1,1
12,0,1,0,0,87,1,5110,0,1,1
13,19,5,0,0,87,0,5090,0,1,1
10,21,0,0,0,83,1,5110,0,1,1
11,3,4,0,0,90,0,5110,0,1,1
4,9,3,0,0,4,1,150,0,0,0
4,22,4,0,0,79,2,5110,0,1,1
9,5,5,0,0,69,0,5110,0,0,1
5,16,3,0,1,5,2,290,0,0,0
4,18,1,0,1,15,0,90,0,0,0
1,14,3,0,0,5,1,10,0,0,0
4,22,6,0,0,74,2,5110,0,1,1
9,18,2,0,0,68,0,5110,0,1,1
4,23,6,0,0,63,1,1320,0,1,1
12,3,4,0,0,74,1,5100,0,1,1
11,1,6,0,0,71,1,5100,0,0,1
6,22,1,0,0,65,2,5110,0,0,1
9,21,2,0,0,95,0,5110,0,1,1
10,18,5,0,0,93,2,2900,0,0,1
3,12,2,0,1,11,0,20,0,0,0
4,13,4,0,0,0,1,20,0,0,0
7,1,2,0,1,66,1,2120,0,0,1
10,19,4,0,0,88,2,2150,0,1,1
9,4,2,0,0,80,2,5110,0,1,1
12,4,6,0,0,61,2,2610,0,0,1
11,21,4,0,0,71,1,5090,0,1,1
9,2,3,0,0,60,1,4610,0,1,1
13,3,3,0,0,57,2,5100,0,0,1
13,23,6,0,0,55,2,5110,0,1,1
5,17,1,0,1,12,1,50,0,0,0
13,19,1,0,0,52,1,5110,0,1,1
12,0,4,0,0,97,1,5110,0,1,1
6,2,6,0,0,81,2,1050,0,1,1
9,18,0,0,0,93,1,5110,0,1,1
10,5,1,0,1,68,2,2180,0,1,1
11,21,4,0,0,70,1,2760,0,1,1
11,20,0,0,0,78,0,2230,0,1,1
11,21,6,0,0,50,1,5110,0,1,1
10,23,6,0,0,78,2,5110,0,1,1
12,22,2,0,0,74,2,3730,0,1,1
10,4,0,0,0,75,1,5100,0,1,1
11,22,2,0,0,86,2,5110,0,1,1
13,2,5,0,0,76,1,2310,0,1,1
4,21,5,0,0,64,0,2440,0,1,1
8,21,1,0,0,78,1,1070,0,1,1
10,2,1,0,0,63,2,5110,0,1,1
3,17,3,0,1,14,1,40,0,0,0
11,1,5,0,0,92,2,5110,0,1,1
11,5,4,0,0,89,0,5100,0,0,1
11,0,5,0,0,78,2,5110,0,1,1
2,9,3,0,1,12,1,30,0,0,0
11,23,5,0,0,91,0,5110,0,1,1
12,22,6,0,0,52,1,5110,0,1,1
13,21,3,0,0,91,2,2050,0,1,1
3,15,2,0,0,19,0,10,0,0,0
3,1,5,0,0,78,0,5110,0,1,1
10,1,1,0,0,63,1,2680,0,1,1
5,17,0,0,1,14,0,10,0,0,0
11,5,6,0,0,69,2,5100,0,1,1
8,23,1,0,0,71,2,5110,0,1,1
4,18,0,0,1,1,2,90,0,0,0
9,5,3,0,0,80,1,5110,0,1,1
4,22,5,0,0,50,1,5110,0,1,1
13,4,0,0,0,61,2,5110,0,1,1
9,2,1,0,0,58,1,5110,0,1,1
2,7,1,0,0,10,1,200,0,1,0
3,18,4,0,0,13,0,130,0,0,0
12,0,0,0,0,54,1,5110,0,1,1
10,3,0,0,0,90,2,5110,0,1,1
12,2,4,0,0,85,0,5110,0,1,1
5,3,1,0,0,87,2,1380,0,0,1
10,2,0,0,0,60,2,2560,0,1,1
12,20,6,0,0,61,1,1440,0,1,1
10,18,6,0,0,71,1,2200,0,1,1
11,21,0,0,0,72,0,2980,0,1,1
4,11,2,0,0,5,0,110,0,0,0
2,13,3,0,0,12,1,10,0,0,0
10,23,5,0,0,58,0,5110,0,1,1
11,1,4,0,0,79,1,120,0,1,1
9,2,4,0,1,55,0,2370,0,1,1
9,4,3,0,0,99,0,5110,0,1,1
4,19,1,0,0,86,2,5100,0,0,1
5,19,3,0,0,68,2,5100,0,1,1
10,2,2,0,0,58,2,5110,0,1,1
9,2,4,0,0,66,2,1560,0,1,1
11,19,4,0,0,55,2,5110,0,1,1
12,5,4,0,0,68,1,4790,0,0,1
13,18,6,0,0,59,1,5110,0,1,1
13,0,4,0,0,50,1,5100,0,1,1
13,23,0,0,0,52,1,5110,0,1,1
13,18,3,0,0,56,0,5110,0,0,1
6,5,5,0,0,95,2,5110,0,1,1
1,9,1,0,1,4,1,20,0,0,0
10,2,1,0,0,79,1,1480,0,1,1
6,18,5,0,0,66,0,2400,0,1,1
5,18,1,0,1,18,2,60,0,0,0
11,21,6,0,0,65,0,5110,0,1,1
6,18,0,0,0,65,1,5110,0,1,1
4,14,0,0,1,11,2,20,0,0,0
9,18,3,0,0,71,1,10,0,1,1
11,23,3,0,0,62,1,5110,0,1,1
13,18,6,0,0,93,0,10,0,0,1
9,23,2,0,0,65,0,5110,0,0,1
3,11,4,0,0,13,2,10,0,0,0
9,0,6,0,0,74,0,2310,0,1,1
9,1,1,0,0,69,0,5110,0,1,1
10,19,6,0,0,61,1,4570,0,1,1
4,13,0,0,1,12,0,150,0,0,0
11,4,1,0,0,71,1,5110,0,0,1
9,21,3,0,0,56,1,5100,0,1,1
7,0,4,0,0,56,1,5110,0,1,1
8,20,5,0,0,54,2,5110,0,1,1
14,0,5,0,0,79,1,20,0,1,1
10,21,2,0,0,66,2,2730,0,1,1
12,10,2,0,0,17,2,10,0,0,0
5,14,3,0,1,9,0,20,0,0,0
8,3,5,0,1,60,1,2580,0,1,1
10,23,3,0,0,91,2,5110,0,1,1
13,18,4,0,0,70,2,5110,0,1,1
11,2,3,0,0,50,2,5110,0,0,1
5,20,6,0,0,59,2,4780,0,1,1
7,3,4,0,0,62,2,5110,0,1,1
12,21,1,0,0,84,1,5110,0,1,1
12,19,4,0,0,86,1,5100,0,0,1
8,21,2,0,0,58,1,5110,0,0,1
12,23,5,0,0,82,1,5110,0,0,1
9,5,0,0,0,90,2,5110,0,1,1
9,19,1,0,0,53,2,1400,0,1,1
11,4,3,0,0,72,1,5110,0,1,1
13,21,5,0,0,90,0,5110,0,1,1
10,2,0,0,0,61,2,5100,0,0,1
12,9,0,0,1,7,0,160,0,0,0
7,20,1,0,0,87,2,5110,0,1,1
13,18,5,0,0,70,0,5110,0,1,1
9,20,6,0,0,84,1,5110,0,1,1
12,5,2,0,0,75,1,5110,0,0,1
9,5,0,0,0,94,2,1840,0,1,1
1,18,4,0,1,16,2,20,0,0,0
2,11,4,0,1,15,2,90,0,0,0
11,20,2,0,0,99,0,2070,0,1,1
11,3,2,0,0,64,1,1230,0,0,1
5,8,4,0,1,19,1,10,0,0,0
4,18,0,0,1,7,0,140,0,0,0
12,1,4,0,0,68,0,1870,0,1,1
13,20,3,0,0,63,1,5110,0,1,1
11,0,5,0,0,51,2,4520,0,1,1
11,1,1,0,0,73,2,5110,0,1,1
13,4,5,0,0,87,0,5110,0,1,1
7,1,2,0,0,96,1,1040,0,1,1
10,3,6,0,0,53,1,5110,0,0,1
11,20,3,0,0,78,1,5110,0,1,1
5,15,1,0,1,2,0,10,0,0,0
6,0,6,0,0,50,2,5110,0,1,1
10,18,1,0,0,89,2,1210,0,1,1
11,20,2,0,0,64,1,5110,0,0,1
12,2,4,0,0,85,0,2120,0,1,1
13,21,5,0,0,75,0,5110,0,1,1
13,22,4,0,0,54,0,5110,0,1,1
1,17,4,0,1,3,0,50,0,0,0
5,10,0,0,0,6,0,10,0,0,0
14,0,3,0,1,99,1,10,0,1,1
11,2,0,0,0,86,1,5100,0,1,1
13,23,5,0,0,73,2,5110,0,1,1
7,19,1,0,0,50,1,2020,0,1,1
10,0,6,0,0,58,0,5110,0,1,1
10,5,1,0,0,99,2,5110,0,1,1
4,14,3,0,1,12,0,60,0,0,0
9,0,1,0,0,59,0,5110,0,1,1
11,18,2,0,0,95,1,5110,0,0,1
9,18,0,0,0,83,2,1090,0,1,1
14,5,2,0,1,99,2,20,0,1,1
11,20,1,0,0,50,0,5110,0,1,1
13,23,4,0,0,58,1,5110,0,1,1
12,0,3,0,1,73,0,1050,0,0,1
11,5,2,0,0,58,0,5110,0,1,1
2,15,2,0,1,10,2,10,0,0,0
12,3,0,0,0,54,2,5110,0,1,1
2,15,3,0,1,1,0,10,0,0,0
11,23,5,0,0,89,1,5110,0,1,1
13,1,4,0,0,86,0,2020,0,0,1
5,7,4,0,1,9,1,50,0,1,0
12,23,0,0,0,50,1,5110,0,1,1
5,13,1,0,1,8,0,430,0,0,0
9,22,1,0,0,83,2,5110,0,0,1
10,1,1,0,0,78,0,5110,0,1,1
9,22,1,0,0,98,2,4490,0,1,1
3,18,3,0,1,16,0,170,0,0,0
11,4,6,0,0,93,0,5110,0,1,1
13,1,5,0,0,65,0,5110,0,0,1
1,15,0,0,1,18,0,30,0,0,0
11,1,6,0,1,73,0,2480,0,1,1
13,22,0,0,0,56,0,5110,0,1,1
5,8,3,0,0,8,0,40,0,0,0
13,20,4,0,0,94,0,2260,0,1,1
11,20,6,0,0,99,0,5110,0,1,1
9,21,6,0,0,89,1,5110,0,1,1
9,22,3,0,0,64,0,4780,0,1,1
13,4,4,0,0,69,1,5110,0,1,1
13,19,2,0,0,75,0,5110,0,1,1
9,23,0,0,1,93,0,2500,0,1,1
4,1,2,0,0,53,1,5110,0,0,1
13,1,3,0,0,84,1,5110,0,1,1
13,0,5,0,1,94,2,2820,0,0,1
10,20,0,0,1,96,0,1360,0,0,1
10,19,1,0,0,62,2,1040,0,1,1
11,19,5,0,0,84,2,5110,0,1,1
5,18,0,0,0,90,0,5110,0,0,1
13,22,4,0,0,91,1,5100,0,0,1
13,5,3,0,0,62,2,5110,0,0,1
9,1,6,0,0,85,1,5110,0,0,1
11,4,4,0,0,61,0,2840,0,1,1
6,3,5,0,0,65,0,5110,0,1,1
9,1,0,0,0,82,0,5110,0,0,1
9,2,2,0,0,64,2,5110,0,1,1
11,4,4,0,0,63,2,5110,0,0,1
9,21,3,0,0,93,1,1110,0,1,1
11,22,6,0,0,73,0,5110,0,1,1
12,3,4,0,1,51,0,2300,0,1,1
13,20,0,0,1,84,1,2660,0,1,1
12,18,6,0,0,73,0,5110,0,1,1
11,5,0,0,0,92,2,5110,0,0,1
11,2,4,0,0,78,1,1190,0,1,1
11,21,3,0,0,65,2,5110,0,1,1
4,22,4,0,0,90,0,2580,0,1,1
12,0,5,0,0,95,2,1320,0,1,1
12,2,3,0,0,86,0,5110,0,1,1
8,18,3,0,0,64,2,5100,0,1,1
11,23,5,0,0,64,0,5110,0,1,1
13,0,4,0,0,55,0,1160,0,1,1
12,23,6,0,0,95,1,5110,0,1,1
10,22,6,0,1,54,0,2440,0,1,1
13,22,2,0,0,78,0,2040,0,1,1
13,19,2,0,0,95,0,5110,0,1,1
11,2,1,0,0,73,0,2240,0,1,1
2,9,0,0,1,5,0,10,0,0,0
10,20,6,0,0,74,0,5110,0,1,1
12,1,6,0,1,52,0,2070,0,1,1
2,17,3,0,1,10,0,10,0,0,0
1,18,1,0,0,10,1,1560,0,0,0
2,14,3,0,0,7,1,10,0,0,0
4,15,3,0,1,9,1,220,0,0,0
4,12,1,0,1,3,1,10,0,0,0
12,18,0,0,1,59,2,1030,0,1,1
13,23,3,0,0,51,1,4510,0,1,1
11,18,2,0,0,70,2,1120,0,1,1
8,19,3,0,1,81,2,1470,0,1,1
2,10,0,0,1,15,0,10,0,0,0
13,2,4,0,0,57,2,5110,0,1,1
12,18,1,0,0,77,2,5110,0,0,1
10,21,4,0,0,83,1,5110,0,1,1
9,1,3,0,0,93,1,4750,0,0,1
5,23,1,0,0,63,1,5100,0,0,1
11,4,2,0,0,87,2,5100,0,0,1
11,19,2,0,0,80,1,1420,0,1,1
7,20,5,0,0,96,2,5110,0,1,1
13,23,6,0,0,70,0,5100,0,1,1
5,14,0,0,1,3,0,40,0,0,0
13,23,2,0,0,87,0,5110,0,1,1
9,3,5,0,0,72,0,5100,0,0,1
3,8,3,0,1,6,1,10,0,0,0
12,1,0,0,0,94,0,5110,0,1,1
9,22,0,0,0,75,0,5110,0,1,1
9,4,2,0,0,86,2,5110,0,1,1
14,22,4,0,0,51,0,40,0,1,1
11,20,5,0,0,52,2,4490,0,1,1
10,3,4,0,0,70,1,1450,0,1,1
11,21,2,0,0,97,2,5110,0,0,1
13,0,2,0,0,99,1,5110,0,1,1
11,2,4,0,0,52,0,5110,0,1,1
10,2,5,0,0,52,1,5110,0,1,1
12,3,2,0,0,75,0,2830,0,1,1
12,20,3,0,0,92,0,1470,0,1,1
11,18,5,0,0,72,0,5110,0,0,1
12,21,4,0,0,52,2,5100,0,1,1
13,19,0,0,1,87,0,2020,0,0,1
13,4,4,0,0,96,2,5110,0,1,1
8,2,5,0,0,82,1,5110,0,0,1
12,0,0,0,0,65,2,5110,0,1,1
10,1,6,0,0,76,2,2840,0,1,1
8,4,1,0,0,53,1,5110,0,1,1
7,20,4,0,0,63,1,5110,0,1,1
13,21,6,0,0,66,1,5090,0,0,1
6,21,4,0,0,82,0,2210,0,1,1
12,23,5,0,0,53,1,5110,0,1,1
6,1,3,0,0,96,1,5110,0,0,1
3,10,0,0,0,2,1,30,0,0,0
10,21,0,0,1,96,0,1420,0,1,1
12,0,5,0,0,50,2,5110,0,0,1
5,0,2,0,0,90,2,5110,0,1,1
13,3,5,0,0,94,2,5110,0,0,1
9,1,3,0,0,90,1,5110,0,1,1
13,18,3,0,0,71,0,2240,0,1,1
10,23,1,0,1,87,0,760,0,1,1
3,7,4,0,1,4,1,20,0,0,0
12,22,1,0,0,59,2,5110,0,1,1
9,0,1,0,0,73,0,2860,0,1,1
13,18,1,0,0,99,1,5110,0,1,1
4,8,2,0,1,9,2,10,0,0,0
13,2,1,0,0,50,0,5110,0,1,1
11,3,6,0,1,62,1,1200,0,1,1
13,22,1,0,0,75,1,2070,0,1,1
12,23,3,0,0,53,2,5110,0,1,1
6,12,0,0,1,1,2,20,0,0,0
10,18,3,0,0,57,0,5110,0,1,1
10,4,5,0,0,57,0,5100,0,1,1
10,3,5,0,0,65,0,5110,0,1,1
13,18,6,0,0,82,1,2010,0,0,1
5,20,6,0,0,75,0,5110,0,0,1
10,20,5,0,0,89,1,5110,0,0,1
11,0,0,0,0,67,2,5110,0,0,1
1,12,0,0,1,11,0,10,0,0,0
11,18,1,0,1,55,1,2200,0,0,1
10,0,5,0,0,78,1,5110,0,1,1
9,0,6,0,0,87,1,140,0,1,1
12,18,4,0,0,5,2,10,0,0,0
13,20,0,0,0,68,0,2620,0,1,1
2,11,0,0,1,16,1,140,0,0,0
9,4,5,0,0,74,2,5110,0,1,1
13,0,0,0,0,95,1,5110,0,1,1
9,3,4,0,0,74,0,5110,0,0,1
10,0,2,0,0,90,1,5110,0,0,1
4,3,6,0,0,59,0,5110,0,0,1
10,3,0,0,0,98,2,5110,0,0,1
11,3,6,0,0,93,0,5110,0,1,1
10,21,4,0,0,50,1,5110,0,1,1
11,0,4,0,0,88,2,5110,0,1,1
9,21,2,0,0,70,0,5110,0,0,1
11,19,2,0,0,99,1,5110,0,1,1
1,12,4,0,1,4,1,110,0,0,0
10,19,4,0,0,87,1,2680,0,1,1
7,2,5,0,0,62,1,740,0,0,1
12,4,0,0,0,57,0,5110,0,1,1
10,1,4,0,0,94,2,5110,0,1,1
11,0,3,0,0,68,0,5110,0,1,1
10,2,3,0,0,65,1,5110,0,1,1
11,2,6,0,0,78,0,2560,0,0,1
2,15,2,0,1,10,0,10,0,0,0
5,9,2,0,1,15,2,30,0,0,0
13,1,5,0,0,96,0,5100,0,1,1
12,21,0,0,0,74,0,5110,0,0,1
9,18,0,0,0,64,2,5110,0,0,1
10,18,2,0,0,66,2,5110,0,1,1
13,4,6,0,0,53,1,5110,0,1,1
13,21,3,0,0,91,2,10,0,0,1
9,22,5,0,0,86,0,5100,0,1,1
12,5,6,0,0,74,1,5110,0,1,1
11,19,2,0,0,99,0,1020,0,1,1
11,3,3,0,0,88,0,2760,0,0,1
9,21,4,0,0,53,2,5110,0,1,1
12,23,2,0,0,70,1,5110,0,1,1
13,20,1,0,0,53,1,5110,0,1,1
9,23,6,0,0,97,2,5110,0,1,1
12,20,0,0,0,84,0,2810,0,1,1
10,19,4,0,0,97,0,1420,0,0,1
11,1,6,0,0,78,0,5110,0,1,1
11,23,3,0,0,66,1,690,0,1,1
9,21,0,0,0,95,0,5110,0,1,1
13,23,0,0,0,59,1,5110,0,0,1
9,22,1,0,0,58,1,5110,0,1,1
13,4,0,0,1,87,1,2300,0,1,1
9,18,0,0,0,97,2,5110,0,1,1
12,1,3,0,0,92,1,5110,0,1,1
12,19,4,0,0,85,0,1050,0,1,1
13,19,5,0,0,57,0,5110,0,1,1
6,0,5,0,0,98,2,5100,0,1,1
13,2,3,0,0,80,1,5110,0,1,1
9,1,0,0,0,77,1,5110,0,0,1
2,12,0,0,1,2,0,30,0,0,0
9,22,3,0,0,55,0,5110,0,0,1
10,1,1,0,0,88,1,5110,0,1,1
7,22,1,0,0,99,1,5110,0,1,1
9,18,1,0,0,70,1,5110,0,1,1
13,20,3,0,0,96,1,5110,0,1,1
10,19,3,0,0,99,2,5110,0,1,1
9,2,3,0,0,61,0,5100,0,1,1
10,20,6,0,0,70,1,5110,0,1,1
12,5,4,0,0,86,1,4420,0,1,1
2,16,2,0,1,5,0,20,0,0,0
11,0,6,0,0,97,2,5110,0,1,1
4,12,0,0,1,11,0,10,0,0,0
13,20,4,0,0,87,1,5110,0,0,1
10,2,0,0,0,77,0,5110,0,1,1
3,9,0,0,1,0,0,20,0,1,0
11,0,1,0,0,79,2,5110,0,1,1
13,18,2,0,0,72,1,5110,0,0,1
9,18,2,0,1,0,0,50,0,0,0
13,23,0,0,0,58,0,5110,0,1,1
10,2,5,0,0,51,1,2690,0,0,1
10,1,4,0,0,54,2,5110,0,1,1
11,20,5,0,0,55,2,5110,0,1,1
2,16,4,0,1,7,2,20,0,0,0
4,7,0,0,1,9,2,10,0,0,0
3,14,2,0,1,5,2,10,0,0,0
10,4,0,0,0,72,2,5100,0,1,1
5,15,4,0,1,14,0,10,0,1,0
11,4,6,0,1,73,2,2200,0,1,1
9,23,3,0,0,71,1,5100,0,1,1
9,23,0,0,0,51,0,2100,0,1,1
10,5,6,0,0,76,2,5110,0,1,1
11,22,4,0,0,87,1,5100,0,1,1
10,23,1,0,0,73,1,5110,0,0,1
12,20,5,0,1,86,2,1440,0,1,1
11,21,5,0,0,53,1,5110,0,1,1
5,5,4,0,0,63,1,5110,0,0,1
10,23,0,0,0,73,1,5110,0,0,1
10,20,5,0,0,60,0,4730,0,1,1
2,17,2,0,0,16,1,100,0,0,0
10,21,6,0,0,80,0,5110,0,1,1
13,20,6,0,0,74,0,2300,0,1,1
12,23,5,0,0,64,1,5110,0,1,1
13,22,2,0,0,79,2,5110,0,1,1
9,18,5,0,0,65,0,5110,0,1,1
10,22,2,0,0,74,0,5110,0,1,1
9,21,5,0,0,99,2,2260,0,0,1
9,19,5,0,0,83,2,5100,0,1,1
13,4,6,0,0,58,1,5110,0,1,1
5,18,1,0,1,3,0,10,0,0,0
12,23,0,0,0,51,2,4550,0,1,1
12,5,4,0,0,68,2,5100,0,0,1
11,5,2,0,0,64,1,5110,0,1,1
2,8,2,0,1,9,1,270,0,0,0
12,19,6,0,1,96,1,2970,0,1,1
9,5,4,0,0,81,2,2870,0,1,1
2,13,1,0,1,17,1,130,0,0,0
10,19,3,0,0,53,0,5110,0,1,1
9,1,5,0,0,87,0,5100,0,1,1
10,22,5,0,0,66,0,5110,0,1,1
4,11,3,0,1,16,2,40,0,0,0
11,21,2,0,0,82,1,5110,0,1,1
11,5,3,0,0,79,0,5100,0,1,1
7,20,4,0,0,69,2,5110,0,1,1
1,11,3,0,1,17,0,30,0,0,0
2,13,1,0,1,5,1,10,0,0,0
4,4,4,0,0,86,0,5110,0,1,1
3,20,3,0,0,50,1,5110,0,1,1
9,19,5,0,0,69,1,5090,0,1,1
11,18,6,0,0,90,2,5110,0,1,1
10,1,5,0,0,53,1,5100,0,1,1
12,3,1,0,0,79,1,5110,0,1,1
11,3,2,0,0,72,2,2240,0,1,1
13,5,0,0,0,81,2,5110,0,1,1
10,19,5,0,0,68,2,5110,0,1,1
1,14,2,0,1,14,2,70,0,1,0
13,1,2,0,0,60,2,5110,0,1,1
5,13,1,0,1,5,0,20,0,1,0
13,21,2,0,0,74,1,5110,0,0,1
10,3,2,0,0,53,0,5110,0,1,1
9,20,2,0,0,52,1,5110,0,0,1
12,23,5,0,0,70,2,4590,0,0,1
12,23,1,0,0,79,2,2330,0,1,1
6,2,1,0,0,62,0,4600,0,1,1
13,2,4,0,0,95,0,2330,0,1,1
1,16,4,0,1,6,1,10,0,0,0
13,4,1,0,1,56,2,2940,0,1,1
13,21,2,0,0,84,1,2380,0,1,1
13,5,5,0,0,90,1,5110,0,1,1
11,20,3,0,0,97,2,5110,0,1,1
12,5,6,0,0,61,0,4570,0,1,1
12,21,0,0,0,77,0,5110,0,1,1
12,3,6,0,0,59,2,5110,0,1,1
1,15,1,0,1,19,1,220,0,0,0
11,8,3,0,1,18,2,10,0,0,0
10,20,4,0,0,63,1,5110,0,1,1
13,0,1,0,1,88,1,2030,0,1,1
10,19,3,0,0,58,1,5110,0,1,1
13,5,0,0,0,74,1,5110,0,0,1
7,18,3,0,0,74,1,5110,0,1,1
12,20,2,0,0,76,2,5110,0,1,1
10,16,1,0,1,8,0,230,0,0,0
3,10,1,0,0,3,1,440,0,0,0
9,3,4,0,0,55,0,2260,0,1,1
3,15,3,0,0,17,1,60,0,0,0
5,9,3,0,0,0,0,50,0,0,0
10,3,5,0,0,59,1,5110,0,0,1
12,18,1,0,0,55,2,5110,0,1,1
12,22,4,0,0,53,0,5110,0,1,1
9,23,6,0,0,76,0,5100,0,1,1
9,5,4,0,0,94,2,5110,0,0,1
13,23,5,0,0,69,1,5110,0,0,1
4,13,1,0,1,9,0,10,0,0,0
13,4,6,0,0,81,0,5110,0,1,1
9,0,6,0,0,84,2,5110,0,1,1
13,21,1,0,0,71,0,5110,0,0,1
11,20,2,0,0,50,1,5100,0,1,1
7,19,4,0,0,62,0,5090,0,1,1
12,0,3,0,0,65,0,1130,0,1,1
10,4,3,0,0,71,1,5110,0,1,1
2,15,2,0,1,1,2,10,0,0,0
13,0,4,0,1,62,2,2480,0,1,1
5,4,1,0,0,84,0,5110,0,1,1
5,14,3,0,1,0,2,10,0,0,0
13,20,2,0,0,63,2,5110,0,1,1
9,21,2,0,0,70,0,5110,0,0,1
13,20,2,0,0,95,2,5090,0,1,1
11,22,3,0,1,87,2,1220,0,0,1
7,17,0,0,0,17,1,110,0,0,0
10,23,4,0,0,73,2,2290,0,1,1
12,3,4,0,0,97,1,4510,0,1,1
9,20,1,0,0,59,0,5110,0,1,1
2,11,1,0,1,3,0,140,0,0,0
10,1,3,0,0,97,0,5090,0,1,1
11,1,0,0,0,89,1,5110,0,1,1
11,22,6,0,0,81,1,5110,0,0,1
10,20,2,0,0,64,2,5110,0,1,1
4,17,2,0,1,1,0,10,0,0,0
9,2,0,0,0,50,1,5110,0,1,1
12,3,2,0,0,63,2,5110,0,1,1
12,23,3,0,0,85,1,5110,0,1,1
3,14,3,0,1,3,2,10,0,0,0
13,4,1,0,0,78,2,5110,0,1,1
12,20,1,0,0,91,2,2970,0,1,1
12,20,5,0,0,84,0,5110,0,1,1
10,5,3,0,0,58,0,5110,0,1,1
10,2,0,0,0,91,0,2460,0,1,1
10,21,5,0,0,58,2,2390,0,0,1
10,1,4,0,0,50,1,2550,0,1,1
10,20,6,0,0,94,0,5110,0,1,1
11,21,0,0,0,74,0,5110,0,1,1
12,19,6,0,0,76,1,5100,0,1,1
9,2,4,0,0,84,0,5110,0,1,1
2,10,4,0,1,7,1,40,0,0,0
3,20,1,0,0,96,1,4550,0,1,1
11,0,2,0,1,51,2,2360,0,1,1
10,20,0,0,0,61,1,2000,0,1,1
11,21,3,0,0,94,2,5110,0,1,1
5,3,6,0,0,60,0,5110,0,1,1
3,17,4,0,1,6,2,10,0,0,0
5,0,4,0,0,61,1,5110,0,0,1
13,19,4,0,0,63,2,5110,0,1,1
10,16,3,0,1,8,2,90,0,1,0
9,3,1,0,0,67,1,2840,0,1,1
12,19,5,0,0,55,2,5110,0,1,1
11,3,5,0,0,98,1,5100,0,1,1
11,3,2,0,1,57,0,2880,0,0,1
9,17,2,0,1,7,1,10,0,0,0
10,0,2,0,0,75,0,5110,0,1,1
12,3,3,0,0,59,0,2980,0,1,1
12,3,5,0,0,59,0,5110,0,1,1
10,18,6,0,0,89,0,5100,0,1,1
3,7,1,0,1,5,1,10,0,0,0
9,23,0,0,0,72,2,5110,0,1,1
12,22,1,0,0,72,1,5110,0,1,1
11,21,1,0,0,97,2,1390,0,1,1
11,0,6,0,0,73,1,5110,0,0,1
13,23,6,0,0,92,0,2640,0,1,1
13,21,2,0,0,65,1,5110,0,1,1
13,0,6,0,0,59,1,5110,0,1,1
9,21,3,0,0,64,2,5110,0,1,1
10,1,2,0,0,98,1,5110,0,1,1
10,4,2,0,0,59,0,5110,0,1,1
9,2,3,0,0,80,2,5100,0,1,1
4,8,3,0,1,4,1,50,0,0,0
5,18,1,0,1,3,0,350,0,0,0
4,2,3,0,0,52,2,5110,0,1,1
4,1,5,0,0,96,1,2360,0,1,1
11,22,4,0,0,93,2,4530,0,1,1
9,20,0,0,0,71,0,5080,0,1,1
9,23,5,0,0,64,0,5110,0,1,1
13,22,3,0,0,61,2,5110,0,0,1
12,0,2,0,0,76,2,1060,0,1,1
9,18,3,0,0,71,2,4490,0,1,1
13,5,0,0,0,65,0,5100,0,1,1
13,19,0,0,0,81,1,5110,0,1,1
9,23,6,0,0,97,2,5110,0,1,1
3,4,5,0,0,70,2,5110,0,1,1
9,1,5,0,0,57,2,5090,0,1,1
1,14,4,0,1,7,0,180,0,0,0
1,15,1,0,0,1,2,40,0,0,0
12,20,5,0,0,63,2,2410,0,1,1
5,0,5,0,0,89,1,2750,0,0,1
4,14,0,0,0,1,0,60,0,0,0
11,23,0,0,0,93,1,5110,0,1,1
10,1,3,0,1,53,1,1350,0,1,1
4,17,1,0,1,15,0,10,0,0,0
13,18,6,0,0,95,0,5110,0,1,1
6,0,6,0,0,54,1,5110,0,1,1
11,5,4,0,0,51,0,5110,0,0,1
12,22,1,0,0,99,1,5110,0,0,1
10,21,1,0,0,83,2,5110,0,1,1
11,22,1,0,1,82,1,1410,0,1,1
9,19,0,0,0,98,2,2180,0,0,1
9,15,1,0,1,13,1,10,0,0,0
12,19,5,0,0,94,0,2700,0,1,1
9,0,3,0,0,86,1,5110,0,1,1
9,19,4,0,1,61,0,1010,0,0,1
1,10,1,0,1,1,0,280,0,0,0
6,4,6,0,0,97,2,2250,0,1,1
10,1,4,0,0,80,0,5110,0,1,1
12,21,2,0,0,68,1,5110,0,1,1
9,19,2,0,0,68,2,4440,0,0,1
12,18,0,0,0,89,1,5110,0,1,1
13,3,2,0,0,74,1,5110,0,1,1
1,18,3,0,1,6,2,10,0,0,0
8,17,2,0,1,11,0,70,0,0,0
2,8,0,0,1,11,1,80,1,0,0
11,18,5,0,0,58,1,5110,0,0,1
12,18,6,0,0,82,1,5090,0,1,1
10,1,5,0,0,60,1,5110,0,1,1
4,16,3,0,0,13,1,200,0,0,0
6,23,1,0,0,75,1,5110,0,0,1
4,19,0,0,0,71,2,5110,0,1,1
9,21,3,0,0,85,1,2070,0,1,1
11,20,0,0,0,83,2,5110,0,1,1
10,2,5,0,0,66,1,1440,0,1,1
13,4,0,0,0,92,0,5110,0,1,1
11,1,5,0,0,56,1,5110,0,1,1
9,0,6,0,0,94,0,4560,0,1,1
11,5,0,0,0,91,1,5110,0,1,1
10,1,1,0,0,55,2,5110,0,1,1
9,4,0,0,0,87,0,2220,0,0,1
9,2,2,0,0,64,2,5110,0,1,1
8,5,3,0,0,95,1,5110,0,1,1
13,23,0,0,1,81,1,2320,0,1,1
8,1,6,0,0,52,2,5110,0,0,1
9,2,3,0,0,83,2,5110,0,1,1
13,21,0,0,0,54,2,5110,0,0,1
5,0,1,0,0,99,2,1220,0,1,1
12,2,1,0,0,82,0,5110,0,1,1
12,22,3,0,0,62,0,2130,0,1,1
8,1,6,0,0,74,0,4850,0,1,1
2,11,1,0,1,13,1,20,0,0,0
11,23,1,0,0,62,2,5110,0,1,1
12,3,2,0,0,92,2,5110,0,0,1
13,22,0,0,0,91,2,5110,0,1,1
9,5,0,0,0,77,2,5110,0,1,1
13,4,5,0,0,61,2,2300,0,0,1
13,18,3,0,0,75,1,5100,0,1,1
12,3,0,0,0,90,2,1110,0,0,1
12,23,2,0,1,63,1,980,0,0,1
12,2,0,0,0,60,1,1360,0,1,1
11,22,3,0,0,59,1,4850,0,0,1
5,10,4,0,0,19,0,110,0,0,0
13,18,3,0,1,60,0,2340,0,1,1
2,9,2,0,0,15,0,150,0,0,0
13,2,3,0,0,82,1,5110,0,1,1
12,3,0,0,0,63,2,5110,0,0,1
3,21,1,0,0,91,0,2450,0,1,1
13,20,4,0,0,74,1,5110,0,0,1
13,0,3,0,0,50,0,5110,0,0,1
9,1,0,0,0,67,2,1100,0,1,1
6,0,1,0,0,62,1,1380,0,1,1
12,20,3,0,0,57,0,1450,0,1,1
13,5,2,0,0,50,1,5110,0,1,1
2,9,1,0,1,15,1,160,0,0,0
1,10,3,0,0,8,0,30,0,0,0
13,3,6,0,0,52,2,5110,0,1,1
13,5,4,0,0,86,0,5110,0,1,1
9,21,2,0,0,68,2,5110,0,1,1
5,23,0,0,0,87,2,5110,0,1,1
9,2,1,0,0,95,2,4620,0,0,1
13,23,4,0,1,53,1,1140,0,0,1
9,22,1,0,0,95,2,1460,0,1,1
4,22,2,0,0,81,2,4720,0,1,1
13,4,2,0,0,84,1,5110,0,0,1
10,19,2,0,0,67,0,5110,0,1,1
10,5,2,0,0,83,1,5110,0,1,1
1,13,1,0,1,8,1,20,0,0,0
11,18,4,0,0,94,1,5110,0,0,1
5,18,4,0,1,13,0,50,0,0,0
13,22,6,0,0,55,1,5110,0,1,1
8,18,4,0,0,64,1,5110,0,0,1
9,21,5,0,0,62,0,2790,0,1,1
7,18,6,0,1,52,1,2060,0,1,1
5,21,3,0,0,98,1,5100,0,1,1
4,15,1,0,1,10,0,10,0,0,0
10,1,5,0,0,89,0,5110,0,1,1
10,4,6,0,0,77,1,5110,0,1,1
13,3,2,0,0,72,2,5100,0,1,1
10,5,1,0,0,83,2,5110,0,1,1
10,2,3,0,1,88,1,360,0,1,1
3,11,4,0,1,2,2,10,0,0,0
11,0,3,0,0,89,2,2580,0,1,1
11,4,3,0,0,88,2,1290,0,1,1
10,18,1,0,0,70,1,5110,0,1,1
4,8,4,0,1,4,1,10,0,0,0
9,3,1,0,0,58,2,5110,0,1,1
6,0,4,0,0,99,1,1180,0,1,1
13,0,4,0,0,72,1,5110,0,1,1
13,22,5,0,1,91,2,2810,0,1,1
10,19,2,0,0,80,1,1140,0,0,1
4,10,0,0,1,6,2,10,0,0,0
7,1,2,0,0,79,2,5110,0,0,1
11,4,1,0,0,90,1,5110,0,1,1
13,1,6,0,0,99,1,2590,0,1,1
9,4,1,0,0,67,0,4560,0,1,1
9,19,3,0,0,94,1,5110,0,1,1
2,13,0,0,1,10,0,10,0,0,0
10,4,1,0,0,58,0,5110,0,1,1
10,4,3,0,0,92,0,5110,0,1,1
10,1,0,0,0,67,0,1200,0,0,1
5,22,5,0,0,88,1,1440,0,1,1
12,18,1,0,0,62,0,5110,0,0,1
13,4,6,0,0,81,1,5110,0,1,1
11,9,0,0,1,4,2,10,0,0,0
8,5,0,0,0,54,0,5110,0,1,1
9,4,6,0,1,61,1,1150,0,1,1
12,4,2,0,0,71,0,5110,0,0,1
12,22,2,0,0,93,1,5110,0,1,1
9,21,0,0,0,72,1,5110,0,1,1
12,0,5,0,0,52,1,5110,0,1,1
12,1,1,0,0,69,1,5110,0,1,1
12,0,6,0,0,90,2,5110,0,1,1
13,0,1,0,0,90,0,1250,0,1,1
9,22,3,0,0,52,0,10,0,0,1
5,16,3,0,1,18,0,10,0,0,0
3,15,1,0,1,5,1,20,0,0,0
9,4,3,0,0,87,1,4850,0,1,1
5,23,2,0,0,64,1,1310,0,0,1
13,18,4,0,0,90,2,5110,0,1,1
12,0,2,0,0,58,2,5110,0,1,1
9,23,3,0,0,75,2,5110,0,0,1
10,21,4,0,0,87,2,1380,0,1,1
12,19,0,0,0,83,2,5110,0,1,1
10,22,2,0,1,53,1,1230,0,0,1
7,5,6,0,0,55,2,5110,0,1,1
12,21,5,0,0,67,0,5100,0,1,1
13,23,4,0,0,53,0,4800,0,1,1
12,1,5,0,0,56,0,5110,0,0,1
9,4,6,0,0,63,0,5110,0,1,1
10,4,2,0,0,53,2,5110,0,0,1
11,0,1,0,0,66,0,2440,0,0,1
12,23,4,0,0,51,2,1260,0,1,1
2,11,0,0,0,6,0,20,0,0,0
9,3,6,0,0,97,0,1210,0,1,1
11,4,3,0,0,90,0,2930,0,0,1
9,23,1,0,1,90,0,1020,0,0,1
12,1,5,0,0,55,2,5110,0,1,1
5,14,0,0,1,9,0,10,0,0,0
10,19,0,0,0,50,2,5110,0,0,1
13,23,6,0,0,70,2,5110,0,0,1
13,1,0,0,0,98,1,5110,0,1,1
5,23,3,0,0,85,2,5110,0,1,1
10,3,3,0,0,83,0,5110,0,1,1
12,3,0,0,0,83,0,5110,0,0,1
13,2,6,0,0,88,2,5110,0,1,1
5,16,2,0,1,12,1,220,0,0,0
5,21,4,0,0,94,1,5110,0,1,1
6,21,1,0,0,58,0,5110,0,1,1
7,1,3,0,0,60,1,5110,0,1,1
9,23,2,0,0,85,0,2210,0,1,1
7,15,0,0,1,7,2,70,0,0,0
1,11,3,0,0,10,2,180,0,0,0
5,15,4,0,0,5,2,50,0,0,0
10,0,5,0,0,85,1,5110,0,0,1
13,19,6,0,0,98,1,4600,0,1,1
9,23,2,0,1,85,0,820,0,1,1
11,20,6,0,0,59,1,5110,0,1,1
13,5,2,0,0,82,2,5110,0,1,1
13,5,2,0,0,66,0,5110,0,1,1
13,20,6,0,0,73,2,5110,0,1,1
12,1,4,0,0,58,1,5110,0,0,1
12,20,1,0,0,83,2,2680,0,1,1
13,19,2,0,1,60,0,1320,0,1,1
13,5,6,0,0,60,0,5110,0,0,1
11,19,5,0,1,78,1,1270,0,0,1
6,5,0,0,0,90,1,5110,0,1,1
9,0,5,0,0,84,1,5110,0,1,1
5,18,0,0,0,99,0,5110,0,1,1
9,2,3,0,0,83,2,10,0,0,1
11,3,1,0,0,52,2,5040,0,0,1
11,1,6,0,0,51,2,1020,0,1,1
3,22,0,0,0,71,0,5110,0,1,1
6,0,6,0,0,84,2,5110,0,0,1
12,23,6,0,1,85,0,10,0,1,1
12,20,4,0,0,88,2,5110,0,1,1
4,7,0,0,1,1,2,70,0,0,0
10,4,3,0,0,58,0,5110,0,1,1
13,1,3,0,0,82,0,5110,0,1,1
12,4,6,0,0,81,0,2180,0,0,1
1,10,0,0,1,3,0,120,0,0,0
4,11,0,0,1,2,0,120,0,0,0
1,15,2,0,0,7,2,20,0,0,0
9,5,2,0,0,78,1,2720,0,1,1
11,23,2,0,0,78,0,5110,0,0,1
11,23,6,0,0,88,2,5110,0,1,1
12,3,6,0,0,74,2,5110,0,0,1
12,2,4,0,0,99,0,2780,0,1,1
1,13,3,0,1,16,1,10,0,0,0
12,5,1,0,0,69,2,5110,0,0,1
1,12,4,0,1,17,1,60,0,0,0
1,8,3,0,1,2,2,10,0,0,0
10,19,5,0,1,72,0,2510,0,1,1
10,23,5,0,0,93,2,5110,0,1,1
11,21,5,0,0,61,2,5100,0,0,1
9,0,3,0,0,95,1,5110,0,1,1
13,22,5,0,0,81,0,5110,0,1,1
12,20,1,0,0,81,0,1410,0,1,1
6,5,4,0,0,61,2,5090,0,1,1
11,18,6,0,1,73,1,1300,0,0,1
11,4,1,0,0,95,2,2060,0,1,1
12,20,4,0,0,88,1,5070,0,1,1
9,20,3,0,0,68,1,1190,0,1,1
11,2,0,0,0,83,2,5110,0,1,1
4,13,1,0,1,13,1,10,0,0,0
10,18,6,0,0,94,2,1610,0,1,1
9,0,3,0,0,66,2,5110,0,1,1
13,21,2,0,0,92,2,5110,0,1,1
3,15,3,0,1,13,1,10,0,0,0
8,21,3,0,0,75,1,5110,0,1,1
11,5,1,0,1,63,0,1220,0,1,1
1,11,1,0,1,15,2,10,0,0,0
4,12,4,0,1,3,0,10,0,0,0
9,1,2,0,0,84,1,5110,0,1,1
13,20,5,0,0,63,1,5090,0,0,1
9,4,0,0,0,90,0,4560,0,0,1
11,5,1,0,0,99,1,5110,0,0,1
9,23,0,0,0,67,0,5110,0,1,1
10,21,3,0,0,68,2,5110,0,1,1
4,20,6,0,0,84,2,1610,0,0,1
9,3,0,0,0,63,2,5110,0,1,1
5,0,6,0,0,88,1,5110,0,1,1
5,18,3,0,0,91,0,1160,0,0,1
12,18,1,0,0,73,2,5110,0,1,1
9,0,2,0,0,85,1,5100,0,1,1
4,13,0,0,0,7,1,80,0,0,0
13,23,1,0,0,89,2,2130,0,1,1
11,11,4,0,1,4,2,10,0,0,0
9,5,5,0,0,67,0,2060,0,1,1
10,4,5,0,0,74,0,5110,0,1,1
4,5,0,0,0,88,1,5110,0,1,1
13,1,5,0,0,53,2,1290,0,0,1
11,0,4,0,0,82,0,5110,0,1,1
11,2,2,0,0,96,0,5110,0,0,1
9,4,4,0,0,77,2,5110,0,1,1
12,0,4,0,0,98,2,5110,0,1,1
5,2,0,0,0,56,2,1070,0,1,1
13,3,1,0,0,86,2,4530,0,1,1
9,1,4,0,0,94,1,4760,0,1,1
9,23,5,0,0,85,1,5110,0,1,1
10,3,3,0,0,95,0,5110,0,1,1
9,20,4,0,0,99,1,5110,0,1,1
4,17,4,0,1,1,2,530,0,0,0
12,23,4,0,0,73,0,5110,0,0,1
4,14,3,0,1,2,0,420,0,0,0
12,2,4,0,0,55,2,5110,0,1,1
2,13,3,0,1,9,0,140,0,0,0
5,15,2,0,1,19,2,80,0,0,0
3,0,1,0,0,97,1,5100,0,1,1
11,22,6,0,0,88,2,1210,0,1,1
9,22,1,0,0,77,0,2920,0,0,1
11,21,2,0,1,80,0,2200,0,1,1
11,1,1,0,0,77,2,5110,0,1,1
10,0,1,0,0,51,2,5110,0,1,1
9,2,4,0,0,57,2,5100,0,1,1
13,4,3,0,0,59,1,1330,0,1,1
11,23,4,0,0,84,0,5110,0,1,1
12,2,2,0,0,68,0,5110,0,0,1
11,4,6,0,0,53,1,5110,0,0,1
11,3,0,0,0,61,0,5110,0,1,1
11,18,5,0,0,83,2,5110,0,1,1
4,15,3,0,1,2,1,10,0,0,0
4,22,5,0,0,54,0,5110,0,1,1
9,20,2,0,0,78,1,5110,0,1,1
11,5,6,0,0,69,1,5110,0,1,1
4,12,0,0,1,17,1,20,0,0,0
10,0,5,0,0,55,1,1310,0,1,1
11,4,2,0,0,51,2,4500,0,1,1
13,4,1,0,0,58,1,5110,0,0,1
9,1,2,0,1,98,2,2250,0,1,1
11,3,6,0,0,83,2,4340,0,1,1
5,5,6,0,0,85,0,5110,0,1,1
9,5,1,0,0,51,0,3000,0,0,1
8,5,3,0,0,85,1,5100,0,0,1
11,20,4,0,0,65,2,5100,0,1,1
11,23,4,0,0,94,2,5100,0,0,1
10,0,3,0,0,55,1,5110,0,0,1
9,22,2,0,0,92,1,5110,0,1,1
11,3,3,0,0,57,1,5110,0,0,1
10,0,5,0,0,81,2,1310,0,1,1
5,3,5,0,0,50,0,5110,0,0,1
9,5,0,0,0,81,1,5110,0,1,1
14,23,2,0,0,58,2,50,0,0,1
4,16,2,0,1,15,1,10,0,0,0
12,1,5,0,0,91,1,5110,0,1,1
11,4,4,0,0,53,0,230,0,0,1
10,18,1,0,0,59,1,5100,0,0,1
7,23,6,0,0,57,2,1350,0,1,1
11,23,0,0,0,90,1,5100,0,1,1
13,21,6,0,0,84,2,5110,0,1,1
5,3,1,0,0,79,0,5110,0,1,1
10,1,4,0,1,92,0,1110,0,0,1
5,9,0,0,1,11,2,30,0,0,0
2,11,3,0,1,15,1,160,0,0,0
5,15,3,0,1,12,0,20,0,0,0
13,4,1,0,0,95,0,5100,0,0,1
10,20,4,0,0,58,1,5110,0,1,1
9,23,0,0,0,52,1,2020,0,0,1
9,22,3,0,0,64,2,5110,0,1,1
9,19,1,0,0,91,1,5110,0,1,1
8,13,4,0,1,13,0,10,0,0,0
10,2,5,0,0,72,2,5090,0,1,1
13,18,5,0,0,77,2,5090,0,0,1
12,5,6,0,1,64,1,2370,0,1,1
10,3,5,0,0,81,2,5110,0,0,1
11,0,2,0,1,56,2,1080,0,1,1
12,18,5,0,0,69,0,1190,0,0,1
9,5,1,0,0,88,2,5110,0,1,1
13,2,3,0,0,57,2,5110,0,1,1
11,20,0,0,0,75,1,5110,0,0,1
3,16,4,0,1,7,0,10,0,0,0
11,23,4,0,0,83,1,5110,0,1,1
5,4,6,0,0,82,0,5110,0,0,1
13,23,5,0,1,66,1,2940,0,1,1
10,23,5,0,0,89,2,5110,0,1,1
12,3,4,0,0,68,0,5110,0,1,1
11,0,5,0,0,95,1,5110,0,0,1
13,0,1,0,0,88,2,4440,0,0,1
11,1,5,0,0,66,1,5110,0,0,1
2,7,4,0,0,9,0,60,0,0,0
8,5,6,0,0,58,2,2300,0,1,1
12,18,0,0,0,57,0,2190,0,1,1
1,18,4,0,1,0,2,140,0,0,0
10,0,4,0,0,68,2,4580,0,0,1
13,2,5,0,0,64,1,5100,0,1,1
11,0,2,0,0,53,2,5110,0,1,1
9,0,5,0,0,82,2,5110,0,1,1
13,18,6,0,0,99,0,5110,0,1,1
12,5,4,0,0,94,2,5110,0,1,1
13,18,2,0,0,99,0,5110,0,0,1
4,15,1,0,0,5,2,10,0,0,0
10,3,1,0,0,87,2,5110,0,1,1
11,2,3,0,0,59,0,2610,0,0,1
6,3,5,0,0,89,2,5090,0,1,1
11,0,1,0,0,93,1,5110,0,1,1
12,4,6,0,0,69,0,5090,0,1,1
11,20,6,0,0,61,0,2920,0,1,1
9,3,4,0,0,50,2,5070,0,1,1
11,4,5,0,0,67,0,1140,0,1,1
2,16,3,0,1,11,0,10,0,0,0
5,10,2,0,0,12,1,10,0,0,0
9,2,5,0,0,54,1,5110,0,0,1
11,3,4,0,0,97,1,5100,0,0,1
1,15,1,0,0,1,1,30,0,0,0
13,23,0,0,0,83,1,5110,0,1,1
9,2,5,0,0,61,1,2960,0,1,1
10,23,6,0,0,55,1,4820,0,1,1
14,5,6,0,0,98,1,290,0,0,1
10,18,5,0,0,64,2,5110,0,0,1
2,10,2,0,1,4,1,10,0,0,0
11,5,1,0,0,79,1,5110,0,1,1
9,23,4,0,0,95,0,4730,0,1,1
13,22,5,0,0,92,1,5100,0,1,1
10,17,3,0,1,8,1,200,0,0,0
9,23,3,0,1,99,2,1440,0,1,1
12,2,6,0,1,62,2,2940,0,0,1
10,3,3,0,1,89,1,2760,0,1,1
13,22,0,0,0,95,2,5100,0,1,1
12,18,5,0,0,66,1,5110,0,1,1
7,5,1,0,0,70,2,5110,0,0,1
9,4,4,0,0,55,2,5110,0,1,1
8,21,0,0,0,89,0,5110,0,1,1
11,0,3,0,0,58,0,730,0,1,1
9,1,6,0,0,55,2,1320,0,1,1
11,4,0,0,0,93,2,2860,0,1,1
10,0,2,0,0,91,1,5110,0,1,1
1,13,4,0,1,14,2,70,0,0,0
13,22,4,0,0,76,1,4580,0,0,1
2,8,4,0,0,3,0,80,0,0,0
11,3,5,0,0,50,2,5110,0,0,1
11,20,5,0,0,95,2,5110,0,1,1
13,21,4,0,1,62,2,2890,0,0,1
5,7,3,0,1,13,2,100,0,0,0
6,23,5,0,0,70,0,10,0,0,1
10,23,2,0,0,86,2,5110,0,0,1
10,19,5,0,0,98,2,5110,0,1,1
11,19,2,0,0,64,1,5110,0,1,1
14,3,3,0,1,81,1,90,0,1,1
9,2,4,0,0,77,0,2880,0,1,1
12,3,0,0,0,67,2,5110,0,1,1
11,20,4,0,0,72,1,5110,0,0,1
7,0,0,0,0,75,2,1090,0,1,1
11,18,2,0,0,55,2,5110,0,1,1
12,20,3,0,0,91,2,5110,0,1,1
9,22,2,0,0,76,1,5110,0,1,1
13,22,5,0,0,89,2,4520,0,1,1
10,21,1,0,0,60,1,5110,0,1,1
11,18,4,0,0,80,2,5110,0,1,1
5,15,3,0,1,10,0,50,0,1,0
5,20,2,0,0,92,0,5110,0,1,1
11,22,3,0,0,60,0,5110,0,1,1
13,3,2,0,0,65,0,5080,0,0,1
3,17,3,0,0,19,0,40,0,0,0
13,3,6,0,0,71,1,5100,0,1,1
9,0,3,0,0,98,0,5110,0,0,1
13,0,2,0,0,85,0,5110,0,0,1
13,2,5,0,0,92,0,5100,0,1,1
10,0,5,0,0,76,0,2520,0,1,1
13,0,6,0,0,60,0,5110,0,1,1
11,18,6,0,0,51,1,2060,0,0,1
12,0,2,0,0,56,2,5110,0,1,1
12,3,3,0,0,62,1,5110,0,1,1
2,8,2,0,1,8,1,80,0,0,0
13,4,1,0,0,66,2,5100,0,1,1
13,20,0,0,0,75,0,5110,0,0,1
12,1,4,0,0,83,0,4870,0,1,1
3,18,0,0,1,4,2,80,0,0,0
11,21,4,0,0,79,0,5110,0,1,1
9,20,2,0,0,84,1,5110,0,0,1
10,21,4,0,0,56,0,5110,0,1,1
9,0,3,0,0,91,1,5110,0,1,1
13,5,2,0,0,88,0,1410,0,1,1
8,3,2,0,0,98,1,1310,0,1,1
13,19,2,0,0,82,2,5110,0,1,1
12,1,4,0,0,60,0,260,0,1,1
13,18,5,0,1,88,2,1340,0,0,1
2,16,1,0,1,8,1,250,0,0,0
10,23,0,0,0,96,0,5110,0,1,1
13,20,6,0,0,82,1,2310,0,1,1
4,3,1,0,0,95,0,5110,0,1,1
9,21,0,0,0,95,1,5110,0,0,1
11,3,3,0,0,88,0,5110,0,1,1
11,20,0,0,0,98,2,5110,0,0,1
11,22,0,0,0,93,0,5110,0,0,1
9,5,3,0,0,60,1,5110,0,1,1
10,19,6,0,1,84,0,2500,0,1,1
11,11,0,0,1,7,0,20,0,0,0
9,0,3,0,0,51,1,5110,0,1,1
13,23,1,0,0,77,0,5110,0,1,1
1,12,3,0,0,14,2,70,0,0,0
10,3,4,0,0,71,2,5110,0,0,1
9,21,3,0,0,55,1,5110,0,1,1
9,22,3,0,0,73,2,1290,0,1,1
5,11,1,0,1,7,1,100,0,0,0
2,7,0,0,1,7,2,100,0,0,0
4,8,0,0,1,16,0,10,0,0,0
1,9,4,0,1,17,2,20,0,0,0
12,23,6,0,0,57,2,5110,0,1,1
10,1,2,0,0,97,1,5110,0,0,1
10,2,4,0,0,70,2,4500,0,1,1
1,13,1,0,1,19,0,80,0,0,0
2,8,0,0,1,0,2,10,0,0,0
11,5,4,0,0,59,0,1110,0,1,1
11,0,5,0,0,91,0,5110,0,1,1
6,2,4,0,0,54,2,5110,0,1,1
12,0,3,0,0,83,0,5110,0,0,1
11,1,3,0,0,77,1,5110,0,1,1
9,2,0,0,0,57,2,5110,0,1,1
11,20,4,0,0,84,1,5110,0,1,1
5,11,4,0,1,3,1,10,0,0,0
5,20,6,0,0,92,0,5110,0,1,1
3,18,1,0,1,14,0,10,0,0,0
3,7,2,0,0,17,0,10,0,0,0
10,23,1,0,0,85,2,5110,0,1,1
4,11,1,0,1,6,0,10,0,0,0
11,20,2,0,0,68,0,5110,0,1,1
11,21,4,0,0,74,1,5110,0,1,1
5,23,4,0,0,90,2,5110,0,1,1
12,2,0,0,0,89,0,5110,0,1,1
13,2,5,0,0,91,1,5110,0,1,1
12,3,5,0,0,63,1,2080,0,1,1
12,2,4,0,0,91,2,5110,0,1,1
1,16,3,0,1,16,2,20,0,0,0
12,1,1,0,1,74,0,2360,0,1,1
11,21,5,0,0,76,2,4760,0,1,1
12,21,2,0,0,86,1,5110,0,1,1
9,2,6,0,0,69,1,2860,0,1,1
13,4,4,0,0,58,0,5110,0,1,1
4,9,4,0,1,1,2,10,0,0,0
9,18,1,0,0,71,2,5110,0,1,1
10,20,2,0,0,64,2,910,0,1,1
12,1,1,0,0,72,2,5110,0,1,1
11,4,6,0,0,54,2,2700,0,1,1
12,4,0,0,1,90,1,2070,0,1,1
5,23,2,0,0,55,2,5110,0,1,1
10,19,0,0,0,72,0,2200,0,0,1
11,18,0,0,0,99,0,1130,0,0,1
12,22,2,0,1,93,0,1480,0,1,1
2,9,0,0,1,3,2,10,0,0,0
13,20,1,0,0,61,0,5110,0,0,1
11,19,2,0,0,72,2,1300,0,1,1
9,1,4,0,0,99,1,5110,0,1,1
10,21,0,0,0,50,1,2710,0,1,1
3,17,2,0,1,2,0,10,0,0,0
9,20,6,0,0,53,1,5110,0,1,1
12,2,1,0,0,62,0,1300,0,1,1
11,1,0,0,1,68,0,2530,0,1,1
7,20,1,0,0,64,2,5110,0,1,1
10,2,5,0,0,91,1,1230,0,1,1
5,1,4,0,1,74,0,2320,0,0,1
5,3,1,0,0,58,1,370,0,1,1
12,20,4,0,0,73,1,1140,0,0,1
13,19,4,0,0,90,0,5110,0,1,1
9,21,0,0,0,61,1,5090,0,1,1
12,0,5,0,0,84,1,5110,0,1,1
10,3,6,0,0,75,1,5110,0,1,1
12,1,1,0,0,71,2,5110,0,0,1
9,4,3,0,0,86,2,5110,0,0,1
4,18,4,0,0,9,2,20,0,0,0
13,4,1,0,0,98,2,5110,0,1,1
10,21,6,0,0,78,1,5110,0,0,1
5,4,6,0,0,94,2,2080,0,1,1
7,23,4,0,0,74,2,5110,0,1,1
11,18,5,0,0,70,2,5110,0,1,1
10,20,1,0,0,63,0,5110,0,0,1
1,11,1,0,0,15,1,80,0,0,0
5,22,0,0,1,85,0,180,0,1,1
6,20,4,0,0,88,1,1270,0,1,1
2,18,4,0,1,4,0,80,0,0,0
4,17,2,0,1,6,2,40,0,0,0
11,20,1,0,0,53,0,5110,0,1,1
12,18,1,0,0,66,1,5110,0,1,1
13,23,3,0,0,54,1,5110,0,1,1
4,18,2,0,1,19,1,20,0,0,0
9,4,3,0,0,55,0,5110,0,1,1
10,22,1,0,1,93,1,1600,0,1,1
9,0,2,0,0,54,1,5110,0,1,1
1,18,2,0,0,1,1,360,0,0,0
1,8,4,0,1,1,1,130,0,0,0
1,16,0,0,1,16,0,10,0,0,0
10,0,1,0,0,51,1,5110,0,0,1
12,3,4,0,1,60,0,2600,0,1,1
11,23,6,0,1,93,0,1260,0,0,1
9,20,0,0,0,78,2,5110,0,1,1
10,5,2,0,0,98,1,4470,0,1,1
11,18,6,0,0,56,2,5110,0,0,1
12,2,4,0,0,77,0,5110,0,1,1
10,19,4,0,0,56,1,5110,0,0,1
9,0,4,0,1,78,2,2570,0,0,1
11,3,3,0,0,82,0,2650,0,1,1
5,7,0,0,1,0,2,190,0,0,0
10,2,4,0,0,76,0,5110,0,0,1
9,1,2,0,0,57,0,5100,0,1,1
12,4,6,0,0,87,2,5110,0,1,1
11,21,3,0,0,74,1,5110,0,0,1
3,8,4,0,0,15,2,100,0,0,0
4,12,4,0,1,1,1,100,0,0,0
11,20,3,0,0,91,1,4460,0,1,1
13,3,3,0,0,78,0,5110,0,0,1
6,4,4,0,1,78,1,2070,0,1,1
13,4,1,0,0,96,2,5110,0,1,1
9,23,3,0,0,99,2,5110,0,1,1
3,11,1,0,1,6,1,80,0,0,0
9,2,5,0,0,62,2,1030,0,1,1
12,23,4,0,0,73,0,5110,0,1,1
1,15,1,0,1,11,1,50,0,0,0
12,5,1,0,0,63,0,1420,0,1,1
12,21,5,0,0,84,0,5110,0,1,1
9,4,2,0,0,93,2,5110,0,1,1
13,21,6,0,0,51,0,5110,0,1,1
11,5,4,0,0,84,0,5110,0,1,1
2,16,4,0,1,4,1,10,0,0,0
5,17,3,0,1,17,1,10,0,0,0
9,0,6,0,0,93,1,5110,0,1,1
12,21,1,0,0,89,0,5110,0,1,1
5,17,2,0,1,10,1,10,0,0,0
12,18,6,0,0,50,1,5110,0,1,1
7,3,0,0,0,82,1,2030,0,0,1
10,4,1,0,0,84,2,5110,0,1,1
5,0,4,0,0,75,2,5110,0,0,1
12,5,4,0,0,55,1,5110,0,1,1
12,5,0,0,0,70,2,1440,0,1,1
9,4,3,0,1,89,1,2550,0,0,1
9,20,3,0,1,90,2,1230,0,0,1
10,21,0,0,0,68,0,5110,0,0,1
9,18,4,0,0,80,0,5110,0,0,1
13,18,4,0,0,89,1,1340,0,1,1
11,19,0,0,0,67,1,5110,0,1,1
12,23,1,0,1,68,1,1300,0,1,1
9,13,1,0,1,9,0,120,0,1,0
3,12,2,0,1,4,2,10,0,0,0
10,19,2,0,0,98,1,5100,0,1,1
9,1,6,0,0,77,0,1000,0,1,1
5,19,3,0,0,51,1,5110,0,1,1
10,18,2,0,0,60,0,5110,0,1,1
11,20,1,0,0,58,1,5110,0,0,1
13,20,3,0,0,78,0,5110,0,1,1
13,21,6,0,0,77,1,5110,0,1,1
12,5,4,0,0,98,2,5110,0,1,1
11,18,3,0,0,85,2,5110,0,1,1
13,20,3,0,0,72,2,4480,0,1,1
11,5,1,0,0,73,0,5110,0,0,1
10,0,0,0,0,57,2,5110,0,1,1
13,21,6,0,0,95,2,5110,0,1,1
12,5,1,0,0,82,1,5110,0,0,1
1,9,1,0,1,9,0,10,0,0,0
7,4,3,0,0,99,0,2840,0,1,1
3,16,1,0,0,18,1,10,0,0,0
9,21,3,0,0,70,1,2220,0,1,1
6,23,4,0,0,63,1,5110,0,0,1
9,21,3,0,0,52,2,5110,0,1,1
13,19,6,0,0,74,2,5110,0,1,1
11,22,1,0,0,54,1,5110,0,1,1
11,21,1,0,0,87,0,2640,0,1,1
11,18,6,0,0,77,0,5110,0,0,1
11,0,5,0,0,68,2,5110,0,1,1
4,17,3,0,1,14,0,1300,0,0,0
13,19,5,0,0,67,0,5110,0,0,1
1,13,3,0,1,17,2,70,0,0,0
13,4,6,0,0,91,0,2060,0,1,1
3,18,2,0,1,5,2,30,0,0,0
6,3,1,0,0,64,1,5110,0,0,1
10,20,4,0,0,94,1,5110,0,1,1
13,22,2,0,0,53,0,5110,0,1,1
12,2,6,0,0,56,0,2730,0,1,1
11,20,0,0,0,97,2,4500,0,1,1
10,5,1,0,0,53,1,5110,0,1,1
6,13,2,0,1,11,1,20,0,0,0
12,20,5,0,0,99,1,1010,0,1,1
1,9,0,0,0,15,2,30,0,0,0
10,0,3,0,0,80,2,5110,0,1,1
7,23,2,0,0,96,2,4540,0,0,1
13,18,3,0,0,75,2,5110,0,1,1
5,18,4,0,0,94,0,5110,0,1,1
12,21,6,0,0,53,1,4600,0,1,1
9,2,4,0,0,84,0,230,0,1,1
4,10,2,0,1,18,0,10,0,0,0
3,17,4,0,1,5,0,40,0,0,0
12,22,5,0,0,94,0,5110,0,1,1
11,2,5,0,0,86,2,5110,0,1,1
11,0,6,0,0,87,1,5110,0,1,1
12,18,2,0,0,69,1,5110,0,1,1
8,0,4,0,0,87,1,4840,0,1,1
10,3,1,0,0,81,1,1080,0,0,1
13,20,5,0,0,99,0,1430,0,1,1
13,2,4,0,0,60,1,1250,0,0,1
5,10,1,0,1,12,0,10,0,0,0
11,21,3,0,0,88,1,5110,0,1,1
9,5,1,0,1,96,2,2100,0,0,1
9,20,6,0,0,52,2,1040,0,1,1
10,3,6,0,0,80,2,5110,0,1,1
13,0,0,0,0,62,0,5110,0,0,1
13,20,4,0,0,98,0,2670,0,1,1
11,5,0,0,0,97,2,5110,0,0,1
11,23,1,0,0,58,2,5110,0,0,1
1,15,3,0,1,4,1,10,0,0,0
10,4,6,0,0,78,2,5110,0,1,1
10,3,2,0,0,98,0,5110,0,1,1
10,1,5,0,0,83,1,5100,0,0,1
11,11,2,0,1,12,0,100,0,0,0
9,23,6,0,0,82,1,2410,0,0,1
5,22,1,0,0,61,2,1360,0,0,1
10,1,3,0,0,85,2,5110,0,1,1
9,3,1,0,0,58,2,4460,0,1,1
4,12,2,0,1,8,0,20,0,0,0
9,2,6,0,0,70,0,5110,0,1,1
13,22,4,0,0,90,0,2400,0,0,1
2,7,0,0,1,15,2,10,0,0,0
5,10,4,0,1,10,0,30,0,0,0
9,21,5,0,0,81,1,4470,0,0,1
5,21,1,0,0,61,0,5110,0,1,1
10,5,5,0,0,95,1,5110,0,1,1
5,10,2,0,1,13,0,190,0,0,0
10,19,1,0,0,84,0,1110,0,1,1
2,16,3,0,1,4,2,20,0,0,0
3,12,2,0,1,9,0,20,0,0,0
10,1,3,0,0,51,0,2520,0,1,1
10,4,3,0,0,86,0,5110,0,1,1
5,10,4,0,1,0,0,10,0,0,0
12,22,2,0,0,67,2,5110,0,1,1
5,21,5,0,0,92,1,5110,0,0,1
12,19,5,0,0,75,1,5110,0,1,1
12,21,2,0,0,70,2,1160,0,1,1
9,22,1,0,0,99,1,1820,0,1,1
13,18,4,0,0,97,0,5110,0,1,1
13,23,3,0,0,81,1,5110,0,1,1
9,18,6,0,0,77,0,5110,0,0,1
9,4,6,0,0,86,1,5110,0,1,1
10,1,0,0,0,52,0,5110,0,1,1
12,5,6,0,0,98,1,5110,0,1,1
9,1,4,0,0,64,2,5110,0,1,1
5,18,1,0,1,9,0,100,0,0,0
12,18,5,0,0,61,1,5110,0,1,1
5,16,3,0,0,17,2,30,0,0,0
1,15,1,0,0,0,0,100,0,0,0
9,1,6,0,0,76,1,2860,0,1,1
12,0,2,0,0,72,2,5110,0,0,1
13,4,5,0,0,75,1,5110,0,1,1
13,19,0,0,0,55,1,5110,0,0,1
1,10,4,0,1,12,2,10,0,0,0
4,9,1,0,1,6,0,10,0,0,0
10,21,5,0,0,68,0,5110,0,1,1
3,15,4,0,1,7,2,50,0,0,0
13,5,1,0,0,59,2,1830,0,0,1
11,21,4,0,0,83,0,5110,0,1,1
13,2,0,0,1,80,2,520,0,0,1
4,2,3,0,0,62,1,5110,0,1,1
10,22,3,0,0,60,0,340,0,1,1
9,23,6,0,0,90,2,5110,0,0,1
11,0,3,0,0,68,2,1220,0,1,1
5,22,6,0,0,78,1,2560,0,1,1
12,4,0,0,0,68,2,5090,0,1,1
8,20,2,0,0,86,1,5110,0,1,1
5,18,4,0,0,71,1,5110,0,0,1
7,2,1,0,0,59,2,5110,0,1,1
12,3,1,0,0,83,1,5110,0,1,1
10,0,6,0,0,80,2,5110,0,1,1
12,0,3,0,1,70,0,2330,0,1,1
5,18,1,0,1,15,2,20,0,0,0
9,22,1,0,0,73,1,2330,0,1,1
4,18,3,0,1,3,1,10,0,0,0
11,3,5,0,0,84,2,5110,0,0,1
10,21,6,0,0,69,2,5110,0,1,1
4,11,2,0,1,8,1,10,0,0,0
13,20,1,0,1,94,1,460,0,1,1
12,1,5,0,0,89,0,5110,0,0,1
12,2,1,0,0,54,1,1370,0,0,1
11,3,4,0,0,78,0,5110,0,0,1
13,18,4,0,0,62,1,5100,0,0,1
10,1,1,0,0,71,2,3630,0,1,1
10,2,6,0,0,83,1,190,0,1,1
13,3,0,0,0,72,1,2400,0,1,1
12,22,4,0,0,96,1,5110,0,1,1
4,13,2,0,1,9,0,210,0,0,0
9,0,2,0,0,66,2,5110,0,0,1
9,19,4,0,0,83,1,5110,0,0,1
10,19,3,0,0,80,0,5100,0,1,1
3,7,4,0,1,15,2,10,0,0,0
9,18,0,0,0,89,2,5110,0,1,1
10,4,0,0,0,52,1,5100,0,1,1
8,20,3,0,0,93,0,5110,0,1,1
13,4,1,0,0,89,0,5110,0,1,1
13,23,4,0,0,71,0,5110,0,1,1
13,22,5,0,0,85,1,5110,0,1,1
5,4,2,0,0,91,1,5110,0,1,1
9,20,5,0,0,51,1,5100,0,1,1
2,9,4,0,1,3,2,60,0,0,0
13,4,0,0,0,82,1,5110,0,1,1
11,0,3,0,0,91,1,5100,0,0,1
9,0,5,0,0,68,0,10,0,1,1
4,16,3,0,1,15,1,130,0,0,0
13,18,5,0,0,90,2,5110,0,1,1
10,18,6,0,0,99,1,4810,0,1,1
8,20,4,0,1,89,1,2750,0,0,1
4,8,0,0,1,19,1,90,0,0,0
10,20,6,0,0,89,0,1420,0,1,1
12,23,2,0,0,62,1,5110,0,1,1
9,21,3,0,0,99,0,5110,0,1,1
10,2,6,0,0,67,1,2620,0,1,1
11,19,4,0,0,78,2,5110,0,1,1
9,18,6,0,0,89,1,5110,0,1,1
13,23,6,0,0,94,0,5080,0,1,1
12,3,3,0,0,64,2,5110,0,1,1
9,3,3,0,0,89,0,5110,0,1,1
7,18,2,0,0,86,0,4770,0,0,1
9,23,5,0,0,55,1,990,0,1,1
12,18,5,0,0,69,2,5110,0,0,1
9,19,6,0,0,56,1,5100,0,1,1
13,21,6,0,0,56,2,2230,0,0,1
13,5,5,0,0,65,2,5100,0,1,1
9,3,4,0,0,54,0,5110,0,1,1
8,3,0,0,0,85,1,5110,0,1,1
10,5,2,0,0,72,1,2900,0,0,1
11,18,2,0,0,66,0,5100,0,0,1
12,1,1,0,0,72,0,5110,0,1,1
2,13,3,0,1,17,0,70,0,0,0
8,3,3,0,0,58,1,5100,0,1,1
11,4,2,0,0,98,0,5110,0,1,1
12,20,5,0,0,64,0,5110,0,1,1
13,18,2,0,0,89,1,4580,0,1,1
13,0,4,0,0,97,0,5110,0,0,1
11,3,4,0,0,80,2,5110,0,1,1
9,22,0,0,0,66,0,5100,0,1,1
9,21,4,0,0,54,1,5110,0,1,1
13,0,5,0,1,71,0,2140,0,1,1
2,10,1,0,0,4,0,70,0,0,0
9,23,4,0,0,59,2,5110,0,1,1
13,5,6,0,0,56,1,2900,0,1,1
12,3,1,0,0,88,1,5100,0,1,1
11,0,0,0,0,58,0,4630,0,1,1
10,20,1,0,0,51,1,5110,0,1,1
9,4,4,0,0,55,2,5110,0,1,1
4,22,0,0,0,77,1,5110,0,1,1
10,0,4,0,0,91,2,5100,0,1,1
5,5,1,0,0,98,0,5110,0,1,1
9,21,4,0,0,52,2,5110,0,1,1
10,22,6,0,0,78,1,5110,0,1,1
10,5,3,0,0,69,1,5110,0,1,1
2,16,1,0,1,17,2,150,0,0,0
5,0,3,0,0,69,2,5100,0,0,1
4,1,5,0,0,73,0,1290,0,1,1
9,22,0,0,0,78,0,5110,0,0,1
13,18,4,0,0,81,2,5100,0,1,1
3,18,0,0,0,17,2,60,0,0,0
4,20,2,0,0,50,1,5080,0,1,1
12,3,0,0,0,66,2,5110,0,1,1
6,17,3,0,1,9,0,10,0,0,0
13,2,4,0,0,60,2,5110,0,0,1
7,1,2,0,0,96,2,5110,0,1,1
12,5,6,0,0,89,2,5110,0,1,1
10,18,1,0,0,56,0,5110,0,0,1
11,1,6,0,0,63,0,1430,0,1,1
5,4,0,0,0,68,2,5110,0,1,1
2,17,3,0,1,18,2,10,0,0,0
12,22,6,0,0,53,2,5100,0,0,1
13,5,1,0,0,52,1,5110,0,1,1
1,12,0,0,1,14,2,10,0,0,0
9,21,4,0,0,93,1,5110,0,1,1
13,0,4,0,0,88,2,5110,0,0,1
1,9,1,0,1,15,2,220,0,0,0
10,4,3,0,1,62,2,2600,0,1,1
12,2,4,0,0,82,0,5110,0,1,1
7,22,0,0,0,64,0,5100,0,1,1
10,20,1,0,0,82,0,5110,0,1,1
13,4,3,0,0,68,2,5110,0,1,1
11,22,3,0,0,51,2,5110,0,1,1
5,2,4,0,0,51,0,4750,0,1,1
11,1,6,0,0,98,0,5110,0,0,1
13,20,0,0,0,69,1,1490,0,1,1
10,23,5,0,0,96,1,5110,0,1,1
1,14,2,0,1,0,0,10,0,0,0
5,23,6,0,0,88,2,5110,0,1,1
10,2,2,0,0,94,0,5100,0,0,1
3,11,2,0,0,19,2,60,0,0,0
10,19,1,0,0,82,0,5110,0,1,1
13,5,0,0,0,57,0,5110,0,0,1
10,5,2,0,0,81,2,5110,0,1,1
3,17,4,0,1,6,1,150,0,0,0
12,5,2,0,0,52,2,5090,0,1,1
10,23,3,0,0,68,1,5110,0,1,1
3,0,1,0,0,75,1,5110,0,1,1
2,17,3,0,1,4,0,70,0,1,0
8,0,6,0,0,61,2,5110,0,1,1
11,0,4,0,0,95,1,5110,0,1,1
11,18,4,0,0,96,2,5110,0,1,1
11,20,0,0,0,66,2,5110,0,1,1
11,0,3,0,0,59,1,1330,0,1,1
12,18,5,0,0,80,0,5110,0,1,1
12,1,0,0,0,90,1,5110,0,1,1
9,21,6,0,0,61,1,1370,0,0,1
9,23,5,0,0,66,1,4440,0,1,1
10,5,1,0,0,92,2,5110,0,0,1
12,23,6,0,0,67,0,5110,0,1,1
10,2,6,0,0,78,2,5110,0,1,1
12,2,6,0,1,54,2,2540,0,1,1
1,10,0,0,1,18,0,10,0,0,0
12,5,4,0,0,68,2,5110,0,1,1
11,4,1,0,0,98,2,5110,0,1,1
3,13,2,0,0,19,0,40,0,0,0
9,23,4,0,0,74,1,2840,0,1,1
11,1,6,0,1,91,1,2060,0,1,1
3,0,4,0,0,59,2,5110,0,1,1
12,23,5,0,1,53,1,1370,0,1,1
9,23,3,0,0,94,2,4440,0,0,1
11,20,0,0,0,51,2,5110,0,1,1
13,20,3,0,1,57,1,1030,0,1,1
12,5,6,0,0,85,1,2370,0,1,1
12,18,6,0,0,53,2,5110,0,1,1
3,12,2,0,1,5,0,300,0,0,0
11,3,5,0,0,60,2,5110,0,1,1
5,2,6,0,0,54,2,5110,0,0,1
1,7,1,0,0,3,2,30,0,0,0
10,20,2,0,0,82,2,5110,0,1,1
10,3,3,0,0,62,2,5110,0,1,1
13,21,1,0,0,66,1,5110,0,1,1
9,20,4,0,0,94,2,2020,0,0,1
11,1,2,0,0,87,1,5110,0,0,1
12,19,0,0,0,52,0,5090,0,1,1
11,19,5,0,0,84,2,20,0,1,1
2,10,2,0,1,9,1,20,0,0,0
10,18,2,0,0,98,2,5110,0,1,1
11,0,0,0,0,81,1,5110,0,1,1
12,4,3,0,0,78,1,5110,0,0,1
3,12,2,0,1,2,0,10,0,0,0
9,3,5,0,0,75,2,5100,0,1,1
12,5,2,0,0,76,0,5110,0,0,1
7,23,1,0,0,57,0,2720,0,1,1
12,22,1,0,0,83,2,4560,0,1,1
11,5,0,0,0,86,2,5110,0,1,1
1,13,4,0,0,0,2,40,0,0,0
1,9,2,0,1,13,1,240,0,0,0
9,5,4,0,0,55,2,2020,0,1,1
9,2,1,0,0,83,2,5110,0,1,1
13,0,1,0,0,92,0,1130,0,1,1
1,14,4,0,1,19,0,240,0,0,0
12,18,2,0,0,66,1,2280,0,0,1
11,5,3,0,1,67,1,2380,0,1,1
13,3,5,0,0,57,0,5110,0,1,1
5,22,5,0,0,67,0,5110,0,1,1
12,1,0,0,0,74,0,5110,0,1,1
9,3,6,0,0,57,2,5110,0,1,1
13,0,3,0,0,83,0,5110,0,0,1
12,4,2,0,0,57,0,2300,0,1,1
12,15,2,0,1,16,2,10,0,0,0
12,5,6,0,0,91,1,4810,0,1,1
9,1,1,0,0,71,2,2400,0,1,1
9,22,3,0,0,75,2,5110,0,1,1
7,1,3,0,0,92,0,5110,0,0,1
2,12,2,0,1,5,1,30,0,0,0
3,20,6,0,0,57,0,5070,0,1,1
13,0,5,0,1,90,1,1490,0,1,1
10,2,5,0,0,53,1,5040,0,1,1
7,18,1,0,0,72,0,2090,0,0,1
13,5,0,0,0,96,0,5110,0,1,1
3,18,1,0,0,9,1,280,0,0,0
9,20,5,0,0,99,0,5110,0,0,1
11,5,5,0,0,88,2,5110,0,0,1
12,5,4,0,0,71,2,1080,0,1,1
12,3,6,0,0,74,2,5110,0,1,1
5,12,3,0,1,19,2,60,0,0,0
12,5,4,0,0,76,0,2310,0,1,1
13,23,2,0,0,96,2,1420,0,1,1
9,0,6,0,1,66,2,1090,0,0,1
11,10,1,0,1,7,2,120,0,0,0
11,1,4,0,0,95,2,5110,0,1,1
8,0,1,0,0,91,2,1140,0,1,1
13,22,0,0,1,75,2,2810,0,1,1
12,18,5,0,0,58,0,2240,0,1,1
5,18,3,0,1,9,1,50,0,0,0
10,19,1,0,0,92,1,5110,0,1,1
11,21,3,0,0,65,1,4500,0,1,1
13,5,1,0,0,96,1,5110,0,1,1
10,2,0,0,0,56,2,180,0,1,1
10,22,3,0,0,67,2,10,0,0,1
9,4,3,0,0,64,1,5110,0,1,1
5,1,6,0,0,81,2,5110,0,0,1
12,22,3,0,0,53,0,5110,0,1,1
13,0,0,0,0,53,2,5110,0,1,1
10,5,1,0,0,51,1,5110,0,1,1
9,5,4,0,0,99,1,5070,0,1,1
5,18,2,0,1,19,1,40,0,0,0
6,4,1,0,0,62,2,4790,0,1,1
2,14,1,0,1,10,0,10,0,0,0
9,3,4,0,0,79,2,5100,0,1,1
10,2,5,0,0,89,1,4440,0,0,1
9,4,2,0,0,59,1,5110,0,1,1
3,9,1,0,1,4,1,10,0,0,0
9,4,1,0,0,90,1,5110,0,1,1
9,5,0,0,0,58,1,5110,0,1,1
9,3,1,0,0,70,2,4810,0,1,1
12,2,0,0,0,88,0,5110,0,0,1
11,5,0,0,0,79,0,1050,0,1,1
11,1,6,0,0,80,1,5110,0,1,1
13,18,6,0,0,87,2,1480,0,0,1
12,3,1,0,0,93,0,5110,0,0,1
7,23,4,0,0,71,2,5110,0,0,1
2,11,1,0,0,7,2,30,0,0,0
11,20,2,0,0,76,0,5110,0,1,1
12,2,3,0,0,78,0,5110,0,1,1
4,7,4,0,1,1,0,10,0,0,0
10,5,5,0,0,65,2,1180,0,1,1
3,16,2,0,1,6,2,40,0,0,0
5,16,3,0,1,9,2,270,0,0,0
9,23,0,0,0,85,0,5100,0,1,1
1,12,1,0,1,16,1,170,0,0,0
5,11,1,0,0,9,1,20,0,0,0
10,2,2,0,0,79,1,5110,0,1,1
12,4,2,0,0,60,0,5110,0,1,1
9,23,4,0,0,86,0,5100,0,1,1
11,23,4,0,1,90,1,1400,0,1,1
9,18,6,0,0,69,2,5080,0,1,1
5,1,4,0,0,61,2,5110,0,1,1
11,1,2,0,0,81,1,1090,0,1,1
10,3,5,0,0,75,0,5110,0,0,1
12,5,0,0,0,64,2,1050,0,1,1
9,23,6,0,0,60,1,5110,0,1,1
6,1,6,0,1,78,0,2020,0,1,1
9,0,6,0,0,95,2,5100,0,1,1
9,23,4,0,0,70,1,5100,0,0,1
9,21,3,0,0,91,0,5110,0,1,1
4,2,3,0,1,76,1,1180,0,1,1
12,19,3,0,1,53,0,2890,0,1,1
7,20,4,0,0,67,1,5110,0,1,1
3,9,4,0,1,2,0,10,0,0,0
2,16,3,0,1,0,2,80,0,0,0
13,19,6,0,0,62,0,2200,0,1,1
13,23,2,0,0,53,1,5110,0,1,1
11,21,6,0,0,70,1,5110,0,1,1
11,4,5,0,1,53,2,2940,0,1,1
13,19,3,0,0,75,1,5110,0,1,1
9,23,4,0,0,54,1,5110,0,1,1
10,0,0,0,0,62,1,5110,0,1,1
11,3,0,0,0,99,2,5110,0,1,1
9,18,2,0,0,66,1,5110,0,1,1
9,1,6,0,0,90,2,5110,0,0,1
12,22,5,0,0,69,0,5110,0,1,1
13,5,6,0,0,89,2,1300,0,1,1
2,8,4,0,0,9,1,120,0,0,0
7,3,3,0,1,60,0,2740,0,0,1
3,7,1,0,1,2,0,10,0,0,0
5,9,4,0,0,2,0,10,0,0,0
10,22,2,0,0,97,2,2480,0,1,1
5,8,4,0,1,13,0,190,0,0,0
2,11,0,0,1,19,0,310,0,0,0
13,20,1,0,0,96,0,2660,0,1,1
7,20,6,0,0,51,1,5100,0,1,1
9,23,4,0,0,88,2,5110,0,1,1
2,14,1,0,0,11,2,20,0,0,0
10,23,5,0,0,59,1,5110,0,1,1
11,22,1,0,0,60,0,5110,0,1,1
4,15,3,0,1,18,1,190,0,0,0
10,20,3,0,0,59,0,5110,0,1,1
12,5,0,0,0,75,0,5110,0,1,1
12,18,1,0,0,60,0,5110,0,1,1
12,19,0,0,0,87,0,5110,0,0,1
12,22,2,0,0,93,2,2330,0,1,1
4,17,4,0,1,11,2,180,0,0,0
9,3,5,0,0,59,2,5100,0,0,1
9,23,5,0,0,55,2,5110,0,0,1
9,19,3,0,0,50,2,5100,0,1,1
3,14,1,0,0,9,1,110,0,0,0
12,19,1,0,0,71,1,2890,0,1,1
5,10,3,0,1,1,1,170,0,0,0
9,4,0,0,0,65,0,2170,0,1,1
5,23,5,0,1,63,0,2600,0,1,1
10,22,3,0,0,99,1,5110,0,0,1
8,0,1,0,0,98,2,5090,0,1,1
13,2,6,0,0,72,2,5110,0,1,1
5,2,4,0,0,83,2,5110,0,1,1
2,16,3,0,0,0,1,10,0,0,0
9,0,4,0,0,74,1,5110,0,1,1
11,20,3,0,0,62,1,5100,0,1,1
10,19,6,0,0,82,2,5110,0,0,1
10,4,3,0,0,83,1,4460,0,1,1
5,3,5,0,0,92,1,5100,0,1,1
3,12,0,0,1,13,0,140,0,0,0
12,3,3,0,0,55,2,5110,0,1,1
9,3,2,0,0,63,2,5110,0,1,1
1,18,3,0,1,18,0,20,0,0,0
7,14,1,0,1,18,1,10,0,0,0
13,21,1,0,0,86,0,5110,0,0,1
11,2,0,0,0,81,1,5110,0,0,1
12,21,2,0,0,71,2,5110,0,1,1
10,5,1,0,0,51,0,5110,0,1,1
11,19,6,0,0,79,0,5100,0,1,1
10,4,4,0,0,91,1,5110,0,1,1
10,1,3,0,0,68,0,1170,0,1,1
2,8,0,0,1,11,0,10,0,0,0
2,11,3,0,1,5,1,30,0,0,0
13,20,1,0,0,50,2,1300,0,1,1
10,4,6,0,0,69,1,640,0,1,1
10,3,2,0,0,57,0,5110,0,1,1
9,22,1,0,0,85,0,5110,0,1,1
5,13,0,0,1,14,1,110,0,0,0
11,22,4,0,0,98,1,4640,0,1,1
5,3,1,0,0,98,1,5110,0,1,1
12,18,6,0,0,69,0,5110,0,1,1
7,20,2,0,0,60,0,5100,0,1,1
11,23,3,0,0,88,1,5110,0,0,1
5,3,4,0,0,70,2,1240,0,1,1
9,18,4,0,0,94,0,5110,0,1,1
10,18,2,0,0,84,2,5110,0,1,1
13,3,2,0,0,71,1,5110,0,1,1
4,8,4,0,1,7,0,10,0,0,0
4,10,3,0,1,14,1,140,0,0,0
11,1,5,0,0,87,1,1280,0,1,1
13,1,2,0,0,93,1,5110,0,1,1
11,23,4,0,0,89,1,5110,0,1,1
11,23,3,0,0,90,1,5110,0,1,1
11,20,2,0,0,66,0,5110,0,1,1
4,10,1,0,1,17,2,70,0,0,0
11,19,0,0,0,65,2,5110,0,1,1
9,4,0,0,0,91,0,5110,0,1,1
11,23,2,0,0,95,0,1460,0,1,1
9,4,0,0,0,98,1,5100,0,0,1
13,18,1,0,0,50,2,2540,0,1,1
9,2,5,0,1,53,0,2230,0,1,1
9,4,3,0,0,66,0,5110,0,0,1
3,14,4,0,1,1,0,10,0,0,0
11,0,6,0,0,96,1,5110,0,1,1
10,0,2,0,0,80,0,5100,0,1,1
13,5,0,0,0,77,0,5110,0,0,1
10,0,3,0,0,59,2,30,0,1,1
4,5,1,0,1,84,1,1330,0,0,1
6,23,1,0,0,68,2,5110,0,1,1
9,17,2,0,1,15,1,10,0,0,0
9,4,6,0,1,92,1,1410,0,1,1
11,23,6,0,0,87,2,5110,0,1,1
4,7,1,0,1,1,2,30,0,0,0
11,23,3,0,0,51,1,5110,0,1,1
11,18,4,0,0,56,1,5110,0,1,1
11,19,1,0,1,76,1,2390,0,0,1
10,18,5,0,0,91,0,2660,0,1,1
13,4,2,0,0,77,0,5090,0,1,1
6,18,2,0,0,52,0,5110,0,1,1
11,3,0,0,0,73,1,2580,0,0,1
13,19,0,0,1,50,2,2550,0,1,1
7,7,4,0,0,9,2,10,0,0,0
10,3,5,0,0,65,1,1250,0,1,1
7,19,1,0,0,76,0,5110,0,1,1
13,2,4,0,0,87,0,5060,0,1,1
13,21,0,0,0,54,2,5110,0,1,1
4,18,4,0,1,2,2,290,0,0,0
2,17,0,0,1,12,2,10,0,0,0
10,23,6,0,0,72,0,5110,0,1,1
12,21,3,0,0,77,0,5110,0,0,1
12,0,0,0,0,76,1,5110,0,0,1
9,23,6,0,0,64,2,2680,0,1,1
9,21,0,0,0,76,1,2680,0,1,1
13,18,2,0,0,52,0,4540,0,1,1
1,17,4,0,1,9,1,190,0,0,0
12,23,5,0,0,70,2,2030,0,1,1
9,5,2,0,0,91,2,5110,0,1,1
1,12,0,0,1,11,0,110,0,1,0
6,0,2,0,0,96,1,1430,0,1,1
5,10,2,0,1,18,2,20,0,0,0
13,5,6,0,1,70,0,1100,0,0,1
10,4,5,0,0,78,1,2160,0,1,1
5,20,0,0,0,90,2,5110,0,1,1
5,22,1,0,0,55,1,5100,0,1,1
13,5,4,0,0,61,2,4510,0,1,1
1,7,3,0,1,9,0,10,0,0,0
9,20,2,0,0,57,2,5110,0,1,1
5,23,1,0,0,69,1,5110,0,1,1
9,3,2,0,0,67,2,5070,0,1,1
13,4,6,0,0,95,0,5090,0,1,1
13,1,5,0,1,82,0,2200,0,1,1
6,4,3,0,0,66,1,4810,0,1,1
5,4,1,0,0,79,1,5110,0,1,1
9,18,1,0,1,60,1,10,0,1,1
9,22,3,0,0,55,2,5110,0,1,1
8,7,2,0,1,8,1,30,0,0,0
9,0,0,0,0,54,2,1830,0,0,1
11,19,3,0,0,94,2,5110,0,0,1
9,18,6,0,0,59,2,5110,0,0,1
5,7,1,0,1,13,0,10,0,0,0
10,5,4,0,0,90,2,10,0,0,1
5,15,2,0,1,7,2,180,0,0,0
13,20,1,0,0,61,1,5110,0,1,1
11,22,3,0,0,97,0,5110,0,1,1
9,2,0,0,0,69,0,5110,0,1,1
6,21,2,0,0,83,2,5110,0,1,1
11,4,4,0,1,52,1,1240,0,1,1
11,21,0,0,0,59,2,5110,0,0,1
12,18,6,0,0,85,1,5110,0,1,1
10,2,5,0,0,97,0,5110,0,1,1
1,12,4,0,1,3,2,60,0,0,0
13,19,2,0,0,73,2,5050,0,1,1
12,20,2,0,0,83,2,2240,0,1,1
2,18,1,0,1,8,2,40,0,0,0
12,1,2,0,0,70,2,5110,0,1,1
10,0,0,0,0,60,1,5110,0,1,1
1,17,2,0,0,3,1,50,0,0,0
13,1,0,0,0,87,0,5110,0,1,1
10,22,1,0,0,79,1,5110,0,1,1
13,4,6,0,0,98,1,5110,0,1,1
7,20,2,0,0,89,1,5110,0,1,1
11,22,1,0,0,65,0,1210,0,1,1
9,23,1,0,0,66,1,4510,0,0,1
2,7,3,0,1,5,0,10,0,0,0
9,22,6,0,0,94,1,5110,0,0,1
7,0,3,0,1,77,2,1020,0,1,1
10,4,3,0,0,61,2,5090,0,0,1
9,22,1,0,0,79,1,5110,0,1,1
12,22,1,0,0,52,1,5110,0,1,1
4,12,0,0,0,17,0,80,0,0,0
9,2,4,0,1,76,1,1280,0,1,1
10,1,3,0,0,57,2,5110,0,1,1
11,22,0,0,0,98,1,5110,0,0,1
10,3,5,0,0,93,2,5110,0,1,1
7,2,6,0,0,60,1,1180,0,1,1
7,23,4,0,0,82,2,5110,0,1,1
12,20,2,0,0,90,2,5110,0,1,1
9,22,1,0,0,93,1,2800,0,1,1
11,0,3,0,0,93,2,5110,0,0,1
5,8,0,0,1,7,1,30,0,0,0
2,11,2,0,1,15,2,90,0,0,0
10,18,1,0,0,56,2,4910,0,1,1
13,2,1,0,0,77,0,5090,0,1,1
13,1,0,0,0,58,2,2560,0,0,1
2,16,0,0,0,2,2,20,0,0,0
11,20,1,0,0,52,0,5110,0,0,1
13,4,5,0,0,80,1,5110,0,1,1
11,22,3,0,0,83,1,5110,0,1,1
13,4,4,0,0,70,0,5110,0,0,1
2,18,1,0,1,5,2,60,0,0,0
11,0,6,0,0,73,2,5110,0,0,1
10,22,2,0,0,56,0,1390,0,1,1
9,4,0,0,1,79,2,2010,0,1,1
1,7,0,0,1,6,0,10,0,0,0
10,22,4,0,0,96,2,2550,0,1,1
10,2,0,0,0,62,1,5110,0,1,1
10,2,2,0,0,89,2,5110,0,1,1
10,20,0,0,1,59,1,2550,0,1,1
8,3,1,0,1,80,0,40,0,1,1
6,22,4,0,1,57,1,1180,0,1,1
11,2,2,0,0,86,1,5110,0,1,1
9,18,0,0,0,56,0,5110,0,1,1
9,1,2,0,0,54,1,2760,0,1,1
5,1,0,0,0,79,1,5110,0,1,1
2,14,1,0,1,13,2,10,0,0,0
9,5,6,0,0,60,0,5110,0,0,1
5,10,2,0,0,13,1,20,0,0,0
9,2,3,0,0,62,1,5110,0,1,1
12,5,0,0,0,55,2,5110,0,1,1
13,18,4,0,0,51,1,5110,0,1,1
11,21,2,0,0,78,0,5110,0,0,1
12,5,4,0,0,86,2,5110,0,1,1
2,10,4,0,0,7,2,20,0,0,0
13,19,3,0,0,58,2,5110,0,1,1
3,12,4,0,1,13,2,150,0,0,0
10,2,5,0,0,99,0,5100,0,1,1
13,2,2,0,0,70,2,5110,0,1,1
10,3,4,0,0,64,0,4430,0,1,1
10,21,6,0,0,88,2,5110,0,1,1
10,2,6,0,0,52,1,5110,0,1,1
5,16,3,0,1,8,1,20,0,0,0
5,15,0,0,1,15,0,40,0,0,0
9,18,5,0,0,95,1,5100,0,0,1
10,5,2,0,0,63,1,2460,0,1,1
5,2,4,0,0,74,1,5110,0,0,1
10,19,2,0,0,88,2,5110,0,1,1
1,9,2,0,1,16,0,390,0,0,0
7,23,4,0,0,96,2,5110,0,1,1
10,23,2,0,0,94,1,5110,0,1,1
13,20,0,0,0,97,0,5110,0,0,1
12,23,5,0,0,75,0,5110,0,1,1
2,14,0,0,1,7,2,10,0,0,0
9,23,4,0,0,69,2,1280,0,1,1
4,9,2,0,1,7,0,10,0,0,0
12,19,1,0,0,55,1,5100,0,1,1
9,4,1,0,1,85,1,50,0,1,1
11,21,5,0,0,79,2,2120,0,1,1
13,4,1,0,0,57,1,5100,0,1,1
12,22,0,0,0,71,2,5110,0,0,1
9,23,0,0,0,70,2,5110,0,1,1
5,9,0,0,1,17,0,20,0,0,0
13,4,0,0,0,96,0,5110,0,1,1
5,3,1,0,0,72,2,5110,0,1,1
9,2,2,0,0,94,2,2300,0,1,1
12,20,3,0,0,88,1,5100,0,1,1
9,1,3,0,0,58,1,5110,0,1,1
12,1,2,0,0,69,2,5110,0,1,1
13,22,6,0,0,68,0,5110,0,1,1
7,4,0,0,0,70,2,5110,0,1,1
12,23,4,0,0,58,2,1240,0,1,1
2,18,1,0,1,16,2,10,0,0,0
12,21,4,0,1,81,1,1150,0,0,1
13,2,2,0,0,88,2,1440,0,1,1
3,17,2,0,0,8,1,120,0,0,0
11,4,6,0,1,81,2,2440,0,1,1
10,23,2,0,0,72,0,5110,0,0,1
9,2,2,0,0,50,1,5080,0,1,1
13,21,1,0,0,73,2,5110,0,1,1
12,21,3,0,1,74,0,2630,0,1,1
4,11,1,0,1,9,1,1550,0,0,0
7,23,5,0,0,77,2,1120,0,0,1
9,22,2,0,0,64,0,5110,0,1,1
13,21,3,0,1,58,0,2550,0,1,1
10,20,3,0,0,73,1,5110,0,1,1
9,5,3,0,0,82,1,5110,0,1,1
9,5,3,0,0,87,0,5110,0,0,1
5,19,3,0,0,78,1,5110,0,1,1
6,20,3,0,0,95,0,5110,0,1,1
9,19,2,0,0,94,1,5110,0,1,1
3,23,6,0,0,86,1,5110,0,1,1
9,0,1,0,0,82,1,5110,0,1,1
9,23,6,0,0,59,0,2820,0,1,1
9,18,6,0,0,69,1,5110,0,0,1
7,2,3,0,0,77,0,5110,0,1,1
9,3,0,0,1,85,0,2660,0,1,1
3,8,4,0,1,6,0,70,0,0,0
3,15,2,0,1,7,1,120,0,0,0
9,0,3,0,0,99,1,5110,0,1,1
5,9,0,0,0,2,0,40,0,0,0
7,22,1,0,0,97,2,5110,0,1,1
11,19,6,0,0,95,1,5110,0,1,1
3,18,0,0,1,18,2,10,0,1,0
11,19,1,0,0,90,1,5110,0,1,1
9,4,0,0,0,57,0,5110,0,0,1
9,5,1,0,0,78,2,2810,0,1,1
5,12,0,0,1,14,2,250,0,0,0
2,14,4,0,1,11,2,10,0,0,0
14,20,4,0,1,91,0,40,0,1,1
12,18,3,0,0,81,2,5100,0,1,1
12,0,5,0,0,89,0,5110,0,1,1
13,1,2,0,0,88,2,5110,0,1,1
11,19,2,0,0,98,2,5110,0,1,1
11,21,0,0,0,78,1,5110,0,1,1
4,10,1,0,1,5,0,40,0,1,0
11,19,1,0,0,98,2,5110,0,1,1
12,1,0,0,0,96,2,2700,0,1,1
5,14,2,0,0,1,0,10,0,0,0
4,22,5,0,0,58,2,1250,0,1,1
13,22,1,0,0,60,2,2430,0,0,1
12,19,5,0,0,82,0,5080,0,0,1
4,18,0,0,1,6,2,10,0,0,0
13,20,6,0,0,81,1,5110,0,1,1
1,15,3,0,1,10,1,30,0,0,0
11,1,6,0,0,68,2,5110,0,1,1
12,21,1,0,0,78,1,5110,0,1,1
11,19,4,0,0,56,2,5110,0,1,1
3,14,4,0,1,15,0,20,0,0,0
5,14,4,0,0,5,1,10,0,0,0
11,22,1,0,0,56,0,5110,0,0,1
11,8,0,0,1,18,0,50,0,0,0
11,4,4,0,0,95,2,5110,0,1,1
4,12,0,0,1,9,0,10,0,0,0
10,18,4,0,0,70,2,2700,0,1,1
9,5,0,0,0,53,2,5110,0,1,1
4,5,6,0,0,70,0,1160,0,1,1
11,1,2,0,1,55,2,2600,0,1,1
8,23,0,0,0,75,2,4460,0,1,1
13,4,1,0,0,59,1,5110,0,1,1
9,2,4,0,0,79,2,1450,0,1,1
3,8,3,0,1,18,2,20,0,0,0
10,3,5,0,0,66,0,5110,0,1,1
10,3,6,0,0,58,2,5110,0,0,1
3,3,6,0,0,82,0,2300,0,1,1
13,3,2,0,0,94,1,2720,0,1,1
7,5,4,0,0,84,2,5110,0,0,1
5,13,4,0,0,1,0,40,0,0,0
11,20,1,0,0,88,2,5110,0,1,1
10,18,5,0,0,54,2,5100,0,0,1
12,2,0,0,0,78,0,5110,0,1,1
5,15,3,0,1,3,1,310,0,0,0
13,18,6,0,0,62,0,5110,0,1,1
11,18,0,0,0,83,1,5110,0,1,1
11,2,5,0,1,69,1,1040,0,1,1
7,0,1,0,0,74,2,5110,0,0,1
11,3,3,0,1,81,0,2420,0,1,1
9,3,6,0,0,79,0,5110,0,1,1
2,10,3,0,0,16,1,30,0,0,0
9,22,5,0,0,53,0,5100,0,1,1
12,20,6,0,0,98,1,2320,0,1,1
12,0,2,0,0,64,0,2940,0,0,1
10,19,5,0,0,82,0,2460,0,1,1
13,20,3,0,0,86,1,5110,0,1,1
5,16,3,0,1,3,0,20,0,0,0
13,4,3,0,0,51,0,5110,0,0,1
13,2,1,0,0,50,1,5110,0,1,1
4,13,4,0,1,11,0,390,0,0,0
6,21,5,0,0,51,0,5110,0,1,1
2,15,3,0,1,10,0,80,0,0,0
3,8,2,0,0,0,2,10,0,0,0
13,1,1,0,0,63,2,4520,0,1,1
10,0,3,0,0,92,2,5110,0,0,1
12,5,6,0,0,83,0,5110,0,1,1
13,4,3,0,0,60,0,5110,0,1,1
1,8,2,0,1,8,2,70,0,0,0
11,3,2,0,0,52,1,5110,0,1,1
11,2,0,0,0,92,1,5100,0,1,1
7,5,3,0,0,83,2,5110,0,0,1
8,20,0,0,0,80,2,5110,0,1,1
9,3,5,0,0,83,2,1020,0,1,1
12,19,6,0,0,72,1,5110,0,1,1
6,1,5,0,0,50,1,5110,0,1,1
1,8,1,0,0,8,2,30,0,0,0
12,5,2,0,0,78,2,5110,0,1,1
11,2,1,0,0,92,0,5110,0,1,1
4,2,6,0,0,70,1,5110,0,1,1
12,19,1,0,0,98,1,5110,0,1,1
10,18,1,0,0,67,2,5110,0,1,1
10,0,4,0,0,83,0,5110,0,1,1
10,20,6,0,0,90,1,5080,0,1,1
11,20,6,0,0,76,2,5110,0,0,1
8,1,6,0,0,94,1,2820,0,1,1
10,21,5,0,0,51,0,5110,0,1,1
12,22,4,0,0,50,1,5110,0,0,1
3,20,5,0,0,94,1,5110,0,1,1
13,19,5,0,0,73,1,1080,0,1,1
9,3,5,0,0,90,1,5110,0,0,1
12,21,3,0,0,76,1,2990,0,0,1
12,2,3,0,0,80,0,5110,0,1,1
9,4,6,0,0,75,2,5100,0,1,1
1,14,3,0,0,13,0,30,0,0,0
10,4,3,0,0,55,0,5110,0,1,1
12,4,6,0,0,67,2,1840,0,1,1
9,23,1,0,0,51,1,5110,0,0,1
11,23,6,0,0,59,1,4810,0,0,1
10,19,5,0,0,68,0,5110,0,1,1
1,14,0,0,0,4,2,30,0,0,0
13,21,2,0,0,99,1,5110,0,1,1
13,1,5,0,0,77,0,5110,0,0,1
5,10,4,0,0,8,1,130,0,0,0
13,18,6,0,0,55,2,5110,0,0,1
12,18,6,0,0,70,1,5110,0,1,1
7,23,1,0,0,50,2,1300,0,1,1
11,22,2,0,0,95,1,4800,0,1,1
2,14,3,0,1,7,1,100,0,0,0
12,2,2,0,0,52,2,5110,0,1,1
11,1,5,0,0,73,2,5110,0,1,1
13,18,1,0,0,50,2,5110,0,1,1
13,19,0,0,0,73,0,5110,0,1,1
13,4,2,0,0,66,0,5110,0,0,1
13,22,1,0,0,69,2,990,0,1,1
3,8,4,0,1,9,1,190,0,1,0
2,18,0,0,1,5,0,30,0,0,0
11,22,2,0,0,81,2,5110,0,1,1
11,22,2,0,0,72,2,5090,0,1,1
9,1,0,0,0,65,0,2360,0,1,1
13,21,3,0,0,51,0,2180,0,1,1
4,1,3,0,0,72,0,5110,0,0,1
10,0,2,0,0,92,1,5110,0,1,1
10,21,5,0,0,97,0,5110,0,1,1
4,8,0,0,0,18,2,10,0,0,0
1,13,0,0,1,8,0,60,0,0,0
5,16,1,0,1,8,2,130,0,0,0
10,19,0,0,0,55,0,5110,0,1,1
10,22,4,0,0,59,0,5070,0,0,1
9,20,6,0,0,89,0,5110,0,1,1
9,3,2,0,0,84,0,5110,0,1,1
11,5,0,0,0,53,0,5110,0,0,1
4,8,0,0,1,11,0,100,0,0,0
2,18,3,0,1,10,1,50,0,0,0
1,15,2,0,0,19,2,10,0,1,0
4,11,1,0,1,15,1,150,0,0,0
10,5,4,0,0,66,0,2700,0,0,1
10,23,5,0,0,61,1,5110,0,1,1
12,5,5,0,0,93,2,5110,0,1,1
11,18,4,0,0,56,0,2360,0,0,1
9,18,6,0,0,97,1,5070,0,1,1
11,0,2,0,0,89,1,5100,0,1,1
5,18,4,0,0,17,2,50,0,0,0
4,5,5,0,0,67,0,2320,0,1,1
12,3,6,0,0,83,0,5110,0,1,1
8,22,5,0,0,89,2,5110,0,1,1
4,7,2,0,1,14,2,10,0,0,0
11,20,2,0,0,90,2,5110,0,1,1
10,19,3,0,0,92,2,2050,0,1,1
4,10,3,0,1,5,0,20,0,0,0
11,23,0,0,0,53,0,5110,0,1,1
12,18,2,0,0,91,1,5110,0,1,1
12,4,6,0,0,55,1,5110,0,1,1
11,4,6,0,0,75,1,5110,0,1,1
11,12,0,0,1,0,1,10,0,0,0
13,4,0,0,0,57,1,5110,0,0,1
9,1,2,0,0,64,2,5110,0,0,1
10,19,5,0,0,75,2,5110,0,0,1
12,19,3,0,0,91,0,5100,0,1,1
9,3,6,0,1,92,1,2340,0,0,1
5,22,6,0,1,54,0,2650,0,1,1
4,17,3,0,1,0,1,10,0,0,0
10,23,5,0,0,77,0,1270,0,0,1
10,19,3,0,0,68,2,5110,0,0,1
13,2,3,0,0,92,1,5110,0,1,1
3,23,0,0,0,75,1,2100,0,1,1
12,0,4,0,0,92,1,1260,0,0,1
11,4,1,0,0,51,0,2980,0,0,1
10,21,4,0,0,93,1,5110,0,1,1
9,22,4,0,0,94,2,5110,0,1,1
13,19,6,0,0,75,2,5110,0,0,1
9,23,5,0,0,56,2,5110,0,1,1
7,19,4,0,0,61,0,4460,0,1,1
9,5,4,0,0,54,2,5110,0,1,1
2,14,1,0,1,14,1,60,0,0,0
5,16,0,0,1,9,0,70,0,0,0
5,16,1,0,1,18,1,20,0,1,0
2,13,0,0,1,18,2,450,0,0,0
12,22,0,0,0,90,1,5110,0,1,1
9,5,1,0,1,62,1,2420,0,1,1
4,5,2,0,0,63,1,5110,0,1,1
5,15,0,0,1,5,0,50,0,0,0
12,0,6,0,0,53,2,5100,0,1,1
13,21,4,0,0,84,0,2210,0,1,1
1,7,1,0,1,5,2,130,0,0,0
13,20,6,0,0,91,0,5110,0,1,1
4,14,3,0,1,1,1,400,0,0,0
9,3,2,0,0,82,0,5110,0,0,1
10,23,2,0,0,72,2,5110,0,1,1
3,8,1,0,0,7,0,10,0,0,0
12,1,5,0,1,72,0,1320,0,1,1
7,18,1,0,1,4,2,70,0,0,0
11,0,5,0,0,77,0,5110,0,1,1
9,5,0,0,0,63,1,1450,0,1,1
12,4,1,0,0,96,1,5110,0,1,1
4,13,1,0,0,6,0,30,0,0,0
10,22,5,0,0,83,0,5100,0,0,1
10,2,3,0,0,89,2,5110,0,0,1
13,23,0,0,0,61,2,4570,0,1,1
13,2,5,0,0,67,1,5110,0,0,1
6,20,3,0,1,98,2,1200,0,1,1
3,4,5,0,0,66,2,5100,0,1,1
9,4,6,0,0,91,1,2050,0,1,1
9,2,2,0,0,92,2,5110,0,0,1
13,20,3,0,0,86,0,5110,0,1,1
13,1,2,0,0,65,2,5110,0,1,1
10,19,6,0,0,74,2,2460,0,1,1
12,0,1,0,0,76,0,4800,0,1,1
9,5,5,0,0,51,1,5110,0,1,1
5,11,1,0,1,5,0,10,0,0,0
9,2,6,0,0,91,2,5110,0,0,1
10,0,2,0,0,73,0,5110,0,0,1
9,1,6,0,0,76,0,5110,0,1,1
12,19,6,0,0,63,2,5110,0,1,1
5,18,2,0,1,10,0,270,0,0,0
12,2,1,0,0,91,2,5090,0,1,1
8,17,0,0,1,16,2,40,0,0,0
14,0,4,0,0,88,1,20,0,1,1
12,1,0,0,0,67,1,5100,0,1,1
11,19,1,0,0,75,1,5110,0,0,1
9,20,3,0,0,52,2,5110,0,1,1
11,18,6,0,0,77,0,5110,0,1,1
9,1,6,0,1,93,1,2750,0,0,1
10,23,3,0,0,61,1,2120,0,0,1
12,4,2,0,0,81,2,1180,0,1,1
11,1,0,0,0,71,1,2230,0,0,1
10,23,3,0,0,79,2,2620,0,1,1
13,20,4,0,0,79,2,5110,0,1,1
10,1,2,0,0,70,1,5110,0,0,1
9,22,2,0,0,88,0,5110,0,1,1
4,8,1,0,1,0,0,80,0,0,0
9,0,5,0,0,96,0,5110,0,0,1
7,22,2,0,0,55,0,1170,0,0,1
11,20,6,0,0,86,1,2330,0,1,1
9,2,6,0,0,53,2,5080,0,1,1
9,21,2,0,0,68,2,4850,0,1,1
10,2,1,0,0,94,2,5110,0,1,1
10,22,5,0,0,96,1,5110,0,1,1
9,3,0,0,0,96,0,5110,0,1,1
4,5,3,0,0,87,0,5110,0,0,1
9,22,4,0,0,54,1,5110,0,1,1
2,13,3,0,1,14,0,10,0,0,0
11,3,2,0,0,81,1,5110,0,0,1
12,0,3,0,0,78,0,10,0,0,1
10,5,5,0,1,96,0,830,0,1,1
5,8,0,0,1,0,2,250,0,0,0
10,1,1,0,0,71,1,5100,0,1,1
10,20,6,0,0,76,2,5110,0,1,1
11,1,3,0,0,74,0,5110,0,1,1
2,11,1,0,1,17,1,10,0,0,0
4,2,5,0,0,87,1,2030,0,1,1
9,1,3,0,0,61,1,4730,0,1,1
12,7,0,0,1,1,2,70,0,0,0
11,21,4,0,0,56,2,5110,0,1,1
4,11,2,0,1,19,0,160,0,0,0
6,19,2,0,0,54,0,5110,0,1,1
9,2,0,0,0,89,1,5100,0,1,1
13,21,2,0,0,65,1,5110,0,1,1
9,5,0,0,0,76,2,5100,0,1,1
13,0,6,0,0,70,0,1280,0,0,1
4,21,2,0,0,77,1,5110,0,1,1
13,20,0,0,0,94,0,1320,0,1,1
13,3,6,0,0,88,2,2460,0,1,1
10,4,2,0,0,50,2,5110,0,1,1
12,20,6,0,1,56,2,2120,0,1,1
12,1,4,0,0,83,2,5110,0,1,1
5,17,0,0,1,3,1,50,0,0,0
7,0,2,0,0,68,2,5110,0,1,1
13,1,3,0,0,81,2,5110,0,1,1
10,19,0,0,0,76,2,5110,0,0,1
5,13,0,0,1,10,2,60,0,0,0
10,23,5,0,0,83,2,5110,0,1,1
11,21,1,0,0,60,1,5110,0,1,1
2,9,1,0,1,15,2,190,0,0,0
13,20,4,0,0,75,2,5110,0,1,1
11,23,6,0,0,87,0,5110,0,1,1
12,20,3,0,0,66,0,5110,0,0,1
8,21,3,0,0,66,1,5110,0,1,1
12,1,0,0,0,87,2,5110,0,0,1
12,18,1,0,1,87,1,1150,0,1,1
9,0,0,0,1,69,1,2510,0,0,1
9,2,1,0,0,99,0,5110,0,0,1
12,4,2,0,1,65,1,1270,0,1,1
13,21,0,0,0,85,2,5110,0,0,1
11,4,2,0,0,74,0,2120,0,1,1
1,9,4,0,1,14,1,50,0,0,0
9,4,6,0,0,65,1,5100,0,0,1
5,11,4,0,1,8,1,100,0,0,0
5,14,1,0,1,3,1,10,0,0,0
11,2,3,0,0,80,0,4590,0,1,1
12,22,1,0,1,66,1,1150,0,1,1
10,4,4,0,0,77,1,1260,0,1,1
12,23,2,0,0,90,2,5110,0,1,1
12,20,2,0,1,53,2,2640,0,0,1
11,5,0,0,0,78,1,1310,0,1,1
10,20,1,0,0,76,2,5110,0,0,1
6,1,4,0,0,99,1,2010,0,1,1
10,0,4,0,0,86,1,5110,0,0,1
12,4,2,0,0,60,0,5110,0,0,1
1,13,0,0,1,14,0,20,0,0,0
5,4,1,0,0,77,1,5110,0,1,1
12,20,6,0,0,70,1,5100,0,1,1
10,23,6,0,0,89,1,5110,0,1,1
10,8,0,0,1,12,2,10,0,0,0
10,23,6,0,0,58,0,5110,0,1,1
9,4,2,0,0,66,1,2080,0,0,1
13,18,0,0,0,81,0,4460,0,0,1
8,0,2,0,0,56,2,4560,0,0,1
10,3,3,0,0,63,0,1410,0,0,1
2,9,4,0,1,2,2,20,0,0,0
10,20,6,0,0,54,2,5110,0,0,1
11,21,5,0,1,90,1,2070,0,1,1
10,3,3,0,0,77,0,5110,0,1,1
7,3,6,0,0,65,2,5080,0,1,1
9,22,3,0,0,55,0,5100,0,0,1
2,15,0,0,1,7,0,30,0,0,0
4,9,3,0,1,10,1,170,0,0,0
7,21,5,0,0,82,0,1120,0,1,1
12,0,3,0,0,58,1,5110,0,1,1
7,4,5,0,0,98,2,5100,0,1,1
12,1,0,0,0,86,1,5110,0,1,1
13,19,2,0,0,70,2,830,0,1,1
9,20,5,0,1,96,0,1220,0,0,1
9,4,4,0,0,87,0,5110,0,1,1
1,16,4,0,1,3,0,30,0,0,0
10,23,6,0,0,56,1,5100,0,1,1
10,23,6,0,0,81,2,5110,0,0,1
11,23,2,0,0,64,1,5110,0,0,1
9,4,4,0,0,94,0,5110,0,1,1
12,18,6,0,0,99,2,5110,0,0,1
2,11,2,0,1,5,1,10,0,0,0
9,23,3,0,0,54,0,5110,0,1,1
12,19,2,0,0,73,1,5110,0,0,1
12,18,1,0,0,76,0,5110,0,0,1
12,22,3,0,1,74,1,980,0,1,1
1,15,1,0,1,9,2,110,0,1,0
11,0,0,0,0,63,1,5100,0,1,1
6,5,1,0,0,57,0,5110,0,1,1
6,19,4,0,0,85,0,5110,0,1,1
10,3,4,0,0,99,0,5110,0,1,1
12,5,3,0,0,95,1,5110,0,0,1
3,10,4,0,1,19,0,20,0,0,0
1,10,2,0,0,17,1,10,0,0,0
13,22,0,0,1,61,1,2270,0,1,1
12,3,1,0,0,63,1,5100,0,0,1
12,0,0,0,0,63,2,5110,0,0,1
9,1,1,0,0,97,2,1390,0,1,1
4,14,2,0,1,2,1,10,0,0,0
10,1,4,0,0,61,1,2680,0,1,1
1,11,3,0,1,9,0,10,0,0,0
12,21,3,0,0,61,0,5110,0,0,1
13,21,4,0,0,67,0,5110,0,1,1
8,4,0,0,0,92,0,2820,0,1,1
3,8,3,0,1,0,0,60,0,0,0
12,23,2,0,0,70,1,5110,0,1,1
13,0,1,0,0,69,2,5110,0,1,1
12,21,1,0,0,85,2,1280,0,1,1
9,20,6,0,0,60,1,5100,0,1,1
5,7,3,0,1,4,0,10,0,0,0
12,18,4,0,0,99,2,5110,0,1,1
12,1,3,0,1,60,0,2620,0,0,1
11,4,5,0,0,90,1,5110,0,1,1
13,21,1,0,0,78,1,5110,0,1,1
4,16,2,0,0,0,2,50,0,0,0
11,19,0,0,0,80,2,1190,0,0,1
11,0,5,0,0,65,2,4460,0,1,1
9,21,4,0,0,58,2,5110,0,1,1
12,5,6,0,0,77,1,2560,0,1,1
8,2,0,0,1,79,0,2920,0,0,1
10,18,1,0,0,61,1,5110,0,0,1
7,0,0,0,1,94,1,1360,0,1,1
2,9,3,0,1,3,2,10,0,0,0
5,15,3,0,1,19,1,10,0,0,0
11,20,3,0,1,70,2,1390,0,1,1
9,4,5,0,1,82,1,2480,0,0,1
13,5,5,0,0,94,2,5110,0,1,1
13,20,5,0,0,74,0,5110,0,0,1
9,18,0,0,0,76,1,2720,0,1,1
11,21,4,0,0,75,0,5110,0,1,1
12,18,2,0,0,68,2,5110,0,1,1
10,4,2,0,0,87,2,4680,0,1,1
11,23,0,0,0,74,1,5110,0,0,1
12,19,1,0,0,83,1,2910,0,1,1
11,21,3,0,0,85,1,740,0,1,1
12,20,3,0,0,80,2,5110,0,1,1
13,1,6,0,0,71,1,5110,0,1,1
7,19,1,0,0,97,2,5110,0,1,1
12,20,3,0,1,54,0,2280,0,0,1
13,22,0,0,0,98,2,4530,0,1,1
6,3,5,0,0,92,0,5110,0,1,1
12,0,3,0,0,76,2,2580,0,1,1
2,11,0,0,1,16,1,20,0,0,0
10,5,5,0,0,55,1,1070,0,1,1
9,20,4,0,1,76,1,2240,0,0,1
1,7,3,0,1,7,2,280,0,0,0
12,5,2,0,0,91,0,5110,0,1,1
12,5,4,0,1,61,2,1430,0,1,1
11,2,3,0,0,96,1,5110,0,0,1
8,8,3,0,1,1,2,10,0,0,0
9,5,6,0,0,65,1,5110,0,0,1
1,7,2,0,1,0,1,10,0,0,0
12,5,2,0,0,91,2,5110,0,1,1
10,19,0,0,0,89,0,5110,0,1,1
12,4,0,0,0,72,1,4640,0,1,1
6,4,5,0,0,89,0,5090,0,0,1
9,18,2,0,0,86,0,5110,0,0,1
9,20,3,0,0,91,2,5100,0,1,1
6,19,0,0,0,84,0,5110,0,1,1
12,22,5,0,0,96,2,1450,0,1,1
3,14,4,0,1,1,1,100,0,0,0
13,21,4,0,1,85,2,2140,0,1,1
10,2,2,0,0,84,2,5110,0,0,1
8,3,5,0,0,77,0,1180,0,1,1
12,5,4,0,0,82,0,5100,0,0,1
11,5,6,0,0,81,0,5110,0,1,1
13,0,1,0,0,68,1,5110,0,1,1
5,7,3,0,1,5,2,10,0,0,0
11,23,4,0,0,89,1,5110,0,1,1
9,21,2,0,0,85,2,5110,0,1,1
11,4,6,0,1,90,2,2220,0,1,1
1,18,3,0,1,6,1,220,0,0,0
12,23,1,0,1,68,2,2200,0,1,1
9,3,3,0,0,50,1,5110,0,1,1
9,18,6,0,0,81,0,5110,0,1,1
7,18,5,0,1,87,1,1040,0,0,1
11,3,3,0,0,57,1,5110,0,1,1
9,1,1,0,0,62,1,5110,0,1,1
10,20,1,0,0,99,0,5110,0,1,1
13,23,2,0,0,75,0,5110,0,1,1
13,4,1,0,0,51,0,2060,0,1,1
4,19,3,0,0,58,1,5110,0,1,1
5,19,0,0,0,50,1,5110,0,1,1
10,21,6,0,0,56,2,5110,0,1,1
12,1,1,0,0,57,1,5110,0,0,1
9,3,5,0,0,52,1,5110,0,1,1
6,23,6,0,0,62,0,5110,0,1,1
14,22,2,0,0,58,1,30,0,1,1
8,3,2,0,0,94,1,5110,0,0,1
8,4,6,0,0,92,1,5100,0,0,1
12,21,5,0,0,63,2,5110,0,0,1
3,7,0,0,1,8,1,30,0,0,0
1,9,3,0,1,3,2,100,0,0,0
10,20,2,0,1,87,2,1160,0,1,1
2,17,0,0,1,3,0,100,0,0,0
13,2,5,0,1,57,0,2330,0,1,1
12,1,2,0,0,79,0,5110,0,1,1
12,0,0,0,0,87,1,5110,0,0,1
11,22,2,0,0,95,2,2800,0,0,1
9,22,0,0,0,93,2,2570,0,1,1
11,18,5,0,0,72,2,5110,0,1,1
12,21,1,0,1,62,0,2340,0,1,1
11,18,5,0,0,90,1,4670,0,1,1
13,4,6,0,0,97,1,2910,0,0,1
4,16,1,0,1,8,0,50,0,0,0
9,5,4,0,0,85,0,2670,0,1,1
3,18,4,0,1,15,1,40,0,0,0
4,10,4,0,1,0,0,170,0,0,0
11,18,3,0,0,71,2,5110,0,0,1
4,18,0,0,0,76,1,5110,0,1,1
13,4,4,0,0,54,0,5070,0,1,1
1,7,0,0,1,7,2,50,0,0,0
9,3,6,0,0,99,2,5110,0,1,1
13,18,1,0,0,57,1,5100,0,1,1
3,7,2,0,1,1,0,10,0,0,0
13,1,3,0,0,59,2,5110,0,1,1
13,5,3,0,0,59,1,2580,0,0,1
12,4,2,0,0,62,1,1980,0,0,1
8,4,5,0,0,81,1,5110,0,1,1
10,22,6,0,0,69,1,5110,0,1,1
13,18,0,0,0,76,1,5110,0,1,1
6,1,6,0,0,80,2,5110,0,0,1
12,2,4,0,0,97,0,4340,0,1,1
4,16,4,0,1,3,0,110,0,0,0
4,1,1,0,1,76,0,2450,0,0,1
11,18,2,0,0,94,0,5110,0,1,1
9,0,5,0,0,54,0,5100,0,1,1
4,21,3,0,0,62,1,5110,0,0,1
11,1,0,0,0,80,1,4530,0,1,1
12,23,4,0,0,81,1,5110,0,1,1
13,21,5,0,0,62,0,5110,0,0,1
5,11,3,0,1,4,2,30,0,0,0
9,5,1,0,0,89,2,5110,0,1,1
2,7,4,0,1,2,0,50,0,0,0
11,21,4,0,0,73,1,5110,0,1,1
13,2,1,0,0,94,2,5100,0,0,1
9,21,0,0,0,69,1,5110,0,1,1
10,18,6,0,0,88,0,5110,0,1,1
5,14,0,0,1,14,0,10,0,0,0
9,4,3,0,0,63,0,5110,0,1,1
10,4,0,0,0,96,2,1280,0,1,1
10,23,0,0,0,67,0,5110,0,1,1
12,2,5,0,0,94,2,5110,0,1,1
3,7,4,0,1,0,1,10,0,0,0
1,16,3,0,1,6,2,10,0,0,0
1,15,1,0,1,4,2,20,0,0,0
3,16,0,0,0,10,2,70,0,0,0
13,5,2,0,1,55,2,590,0,1,1
10,20,2,0,0,74,0,5110,0,1,1
2,7,2,0,1,2,2,70,0,0,0
3,7,0,0,1,5,0,110,0,0,0
11,5,1,0,1,83,1,1320,0,1,1
10,20,3,0,0,57,0,5110,0,1,1
13,21,1,0,0,61,0,5100,0,1,1
12,1,3,0,0,78,1,5110,0,1,1
13,3,0,0,0,80,2,5110,0,0,1
11,21,2,0,0,73,0,5110,0,1,1
4,8,2,0,0,0,2,10,0,0,0
8,19,4,0,0,89,0,2040,0,0,1
10,5,5,0,0,74,2,5110,0,1,1
4,11,0,0,1,1,2,90,0,0,0
4,22,1,0,0,79,1,1420,0,1,1
3,13,3,0,1,4,2,40,0,0,0
11,19,0,0,0,59,0,5110,0,0,1
2,10,4,0,1,16,2,100,0,0,0
9,5,2,0,0,60,0,5110,0,1,1
12,22,6,0,0,88,2,5110,0,0,1
12,4,2,0,0,74,0,5100,0,0,1
11,23,6,0,0,70,2,5110,0,1,1
1,8,3,0,1,8,1,50,0,0,0
5,15,2,0,1,11,1,100,0,0,0
11,5,1,0,0,77,1,5110,0,1,1
11,19,1,0,0,92,2,5110,0,0,1
12,19,1,0,0,76,0,5110,0,1,1
12,2,3,0,1,62,0,2940,0,0,1
12,18,0,0,0,57,1,5110,0,0,1
1,14,2,0,1,7,0,10,0,0,0
11,23,0,0,0,52,0,5110,0,1,1
10,21,6,0,0,76,1,5110,0,1,1
12,0,3,0,0,58,2,1210,0,1,1
11,18,5,0,0,72,2,5110,0,0,1
10,5,6,0,0,52,0,2970,0,0,1
1,16,4,0,1,0,2,10,0,0,0
10,23,0,0,0,89,2,4850,0,1,1
2,9,0,0,1,0,0,40,0,0,0
7,21,0,0,0,70,2,5110,0,1,1
1,10,0,0,0,12,1,40,0,0,0
12,18,4,0,0,78,2,5110,0,0,1
12,4,2,0,0,77,0,5110,0,0,1
9,5,4,0,0,76,1,4460,0,1,1
11,3,3,0,0,86,0,5110,0,1,1
8,16,1,0,1,17,0,20,0,0,0
5,4,4,0,0,83,1,5110,0,1,1
8,18,3,0,0,54,2,5110,0,1,1
12,4,3,0,1,84,2,5110,0,1,1
8,23,0,0,0,73,1,5110,0,1,1
13,4,6,0,0,69,1,5110,0,0,1
5,5,1,0,0,91,0,5110,0,0,1
10,4,1,0,0,94,2,5110,0,1,1
11,1,2,0,1,93,1,1480,0,0,1
7,4,1,0,0,97,2,5110,0,0,1
13,0,6,0,0,61,2,5110,0,1,1
5,8,1,0,1,12,1,10,0,0,0
12,3,0,0,0,98,1,5110,0,1,1
5,9,3,0,1,11,0,20,0,0,0
12,4,1,0,0,64,1,5110,0,1,1
14,21,0,0,1,94,0,40,0,0,1
3,15,4,0,1,15,1,20,0,0,0
11,18,5,0,0,84,1,5110,0,0,1
11,1,2,0,0,68,2,5100,0,1,1
10,23,5,0,0,69,2,1350,0,1,1
9,21,2,0,0,66,0,5110,0,0,1
12,0,6,0,0,87,2,4840,0,1,1
1,10,3,0,1,19,0,30,0,0,0
9,0,5,0,0,58,2,5110,0,1,1
13,23,5,0,0,53,0,2040,0,1,1
9,0,3,0,0,91,2,1410,0,1,1
11,20,0,0,0,98,1,4510,0,1,1
12,21,2,0,0,80,0,5100,0,1,1
13,2,3,0,0,99,2,5110,0,1,1
10,20,6,0,0,61,0,5100,0,1,1
7,23,0,0,0,76,1,5110,0,0,1
12,21,5,0,0,58,0,5110,0,1,1
9,3,4,0,0,51,0,5110,0,1,1
13,21,3,0,0,94,2,2860,0,0,1
11,18,5,0,0,68,1,1090,0,1,1
5,7,2,0,1,1,2,10,0,1,0
9,4,1,0,1,59,0,1250,0,1,1
9,21,2,0,0,74,2,5110,0,1,1
12,22,6,0,0,55,0,5110,0,1,1
9,23,1,0,0,87,1,5110,0,1,1
13,20,2,0,0,66,2,4840,0,1,1
9,18,4,0,0,55,2,5110,0,0,1
12,5,6,0,0,73,0,5110,0,1,1
12,20,5,0,0,82,0,1450,0,1,1
13,18,2,0,0,91,0,2410,0,0,1
1,8,1,0,1,8,0,80,0,0,0
9,20,3,0,0,68,0,5100,0,1,1
13,20,1,0,1,73,2,410,0,0,1
12,18,3,0,0,65,0,5110,0,1,1
9,20,0,0,0,87,1,5110,0,0,1
7,1,1,0,0,74,0,5110,0,1,1
2,13,3,0,1,6,2,40,0,0,0
5,17,2,0,1,17,1,10,0,0,0
3,8,4,0,1,9,0,20,0,0,0
1,14,2,0,1,8,1,400,0,0,0
9,18,1,0,0,90,2,5110,0,0,1
6,4,0,0,0,68,0,5110,0,0,1
9,2,4,0,0,82,2,5110,0,0,1
13,3,0,0,0,94,2,5100,0,1,1
3,8,4,0,1,16,2,90,0,0,0
13,20,5,0,0,60,2,2560,0,1,1
2,17,1,0,1,13,1,10,0,0,0
8,20,3,0,0,80,1,5100,0,1,1
9,20,3,0,0,93,1,2620,0,1,1
2,18,4,0,1,8,0,10,0,0,0
5,22,3,0,0,64,0,1280,0,1,1
2,15,4,0,1,5,1,170,0,0,0
3,13,4,0,1,2,1,10,0,0,0
7,20,6,0,0,81,2,5110,0,1,1
4,17,2,0,1,5,0,40,0,0,0
4,3,2,0,0,79,1,1430,0,0,1
10,21,6,0,0,52,0,1360,0,0,1
9,21,3,0,0,68,0,5110,0,1,1
11,2,6,0,0,88,0,5110,0,1,1
3,18,4,0,1,3,2,170,0,0,0
13,20,3,0,0,80,2,1440,0,1,1
4,7,3,0,0,4,0,120,0,0,0
10,18,2,0,0,55,1,5110,0,1,1
6,17,4,0,0,12,0,150,0,0,0
12,23,4,0,0,81,0,4570,0,1,1
9,2,4,0,0,78,2,4500,0,1,1
11,1,1,0,0,73,0,5110,0,1,1
10,4,0,0,0,99,2,5110,0,0,1
12,21,0,0,0,90,2,5090,0,0,1
4,4,2,0,0,80,1,2250,0,1,1
13,23,6,0,0,52,1,5110,0,1,1
3,14,2,0,1,1,2,110,0,0,0
11,5,6,0,0,55,0,2560,0,1,1
13,3,4,0,0,96,0,5110,0,1,1
2,10,1,0,0,5,1,20,0,0,0
10,19,5,0,0,64,0,5100,0,1,1
12,1,6,0,0,97,0,5100,0,1,1
11,21,0,0,0,97,2,1320,0,0,1
3,8,2,0,0,7,1,20,0,0,0
9,20,2,0,0,98,2,5110,0,0,1
5,4,3,0,0,77,1,5110,0,1,1
13,22,2,0,0,94,1,2210,0,1,1
10,23,3,0,0,95,0,5100,0,1,1
3,10,4,0,1,10,0,260,0,0,0
11,4,3,0,0,90,0,5110,0,1,1
10,22,4,0,0,63,1,5110,0,1,1
13,19,2,0,0,60,1,5110,0,0,1
3,8,2,0,1,2,1,50,0,0,0
3,13,4,0,0,8,0,160,0,0,0
8,10,4,0,0,1,1,140,0,0,0
13,3,5,0,0,90,1,5110,0,1,1
9,4,0,0,0,81,2,5110,0,1,1
10,0,3,0,1,79,2,1440,0,1,1
3,10,3,0,1,6,2,10,0,0,0
10,22,5,0,0,62,0,5110,0,1,1
1,16,4,0,1,4,0,20,0,0,0
13,22,5,0,0,92,1,5110,0,0,1
9,21,2,0,0,72,0,5100,0,0,1
7,19,3,0,0,87,1,5110,0,1,1
9,20,2,0,0,78,1,5110,0,0,1
4,21,4,0,0,50,2,2740,0,1,1
5,18,1,0,1,19,2,10,0,1,0
11,19,1,0,0,57,0,5110,0,1,1
12,1,6,0,0,59,2,5110,0,0,1
13,4,3,0,0,62,0,5110,0,1,1
5,17,3,0,1,0,0,20,0,0,0
1,9,2,0,1,12,2,10,0,0,0
13,3,1,0,0,77,1,5110,0,1,1
10,22,4,0,0,62,2,5110,0,1,1
9,23,6,0,0,96,1,4470,0,0,1
10,23,4,0,0,67,0,5110,0,1,1
11,19,6,0,0,67,0,5110,0,0,1
1,8,2,0,1,15,1,10,0,0,0
12,0,1,0,0,96,1,5110,0,1,1
9,19,4,0,0,95,0,5110,0,1,1
10,21,6,0,0,62,2,5100,0,1,1
11,19,2,0,0,51,0,5110,0,1,1
11,18,4,0,1,78,1,2030,0,1,1
6,10,1,0,1,2,1,80,0,0,0
11,2,1,0,0,83,2,5110,0,0,1
9,4,1,0,0,92,2,4740,0,1,1
13,3,4,0,0,83,0,5110,0,1,1
11,2,1,0,1,98,2,1080,0,1,1
6,18,0,0,1,56,2,2920,0,1,1
11,0,4,0,0,83,2,5110,0,0,1
2,12,2,0,1,10,1,180,0,0,0
10,18,2,0,0,99,1,5110,0,0,1
2,16,3,0,1,1,2,10,0,0,0
13,19,3,0,0,94,0,5110,0,1,1
4,13,1,0,1,19,0,150,0,0,0
10,23,3,0,0,80,2,1020,0,1,1
13,1,5,0,1,53,2,100,0,0,1
10,3,5,0,0,87,0,5110,0,1,1
2,16,2,0,1,9,2,10,0,0,0
13,19,4,0,0,61,0,160,0,0,1
11,4,3,0,0,81,2,130,0,1,1
4,8,4,0,1,15,2,30,0,0,0
4,11,3,0,1,11,1,190,0,0,0
1,10,2,0,1,14,0,330,0,0,0
11,18,4,0,0,61,0,5110,0,1,1
13,1,0,0,0,72,0,5110,0,1,1
13,22,0,0,0,98,1,5110,0,1,1
1,18,1,0,1,17,1,10,0,1,0
12,19,1,0,0,92,1,5110,0,0,1
12,21,2,0,1,71,2,5090,0,1,1
7,0,2,0,0,66,0,1220,0,1,1
13,2,5,0,0,50,2,5110,0,0,1
4,13,2,0,0,6,1,10,0,0,0
3,18,1,0,1,15,2,90,0,0,0
8,3,6,0,0,91,0,5110,0,0,1
13,5,3,0,0,89,1,5100,0,1,1
11,3,4,0,0,75,2,2750,0,0,1
9,20,1,0,1,93,0,2200,0,1,1
9,5,1,0,1,59,1,1150,0,1,1
13,18,6,0,0,61,1,5110,0,1,1
10,2,3,0,0,82,0,5110,0,0,1
5,8,3,0,0,11,2,10,0,0,0
4,15,3,0,0,12,1,190,0,0,0
13,5,5,0,0,98,2,5110,0,1,1
8,8,1,0,0,9,2,10,0,0,0
11,21,6,0,0,83,0,5110,0,0,1
9,23,1,0,0,68,0,5110,0,0,1
10,19,4,0,0,66,1,200,0,1,1
12,3,4,0,0,72,2,5110,0,1,1
5,23,2,0,0,85,0,1050,0,1,1
13,5,3,0,0,65,0,5110,0,1,1
9,23,3,0,1,68,0,1300,0,0,1
13,5,1,0,0,64,1,1260,0,1,1
12,0,4,0,0,69,2,5110,0,1,1
9,1,0,0,0,63,0,5090,0,1,1
12,3,4,0,0,87,1,1180,0,1,1
5,14,0,0,0,16,0,30,0,0,0
4,13,3,0,1,3,0,90,0,0,0
9,19,4,0,0,70,0,5110,0,1,1
11,0,4,0,0,65,0,5100,0,1,1
2,11,3,0,1,11,1,80,0,0,0
1,11,2,0,1,8,2,90,0,0,0
2,14,3,0,1,2,0,80,0,0,0
12,20,0,0,0,86,0,5110,0,0,1
5,18,3,0,1,19,2,10,0,0,0
5,17,1,0,0,16,0,60,0,0,0
11,22,3,0,0,87,0,5110,0,0,1
8,2,5,0,0,70,0,4760,0,1,1
12,3,4,0,0,90,2,5110,0,0,1
13,5,1,0,0,63,2,5110,0,1,1
3,17,4,0,0,1,2,30,0,0,0
5,19,2,0,0,56,2,5110,0,1,1
1,14,2,0,1,19,0,110,0,0,0
9,2,4,0,0,97,0,1320,0,1,1
5,16,0,0,1,13,0,20,0,1,0
12,23,0,0,1,55,1,2710,0,0,1
2,14,3,0,1,5,2,10,0,0,0
9,20,6,0,1,90,2,2020,0,0,1
9,2,4,0,0,66,0,5110,0,1,1
6,2,3,0,1,59,1,2440,0,1,1
11,22,5,0,0,86,2,4840,0,1,1
12,22,3,0,0,56,0,5110,0,1,1
5,2,1,0,0,56,2,5110,0,1,1
9,3,2,0,0,60,0,1180,0,1,1
10,2,4,0,0,64,2,5110,0,1,1
12,0,5,0,0,70,0,5110,0,1,1
1,10,0,0,1,17,0,10,0,0,0
13,3,2,0,0,81,1,5110,0,1,1
3,9,4,0,1,10,2,10,0,0,0
13,18,6,0,0,98,0,2610,0,1,1
10,20,1,0,0,71,1,5110,0,1,1
12,0,4,0,0,66,1,5110,0,0,1
10,5,1,0,1,85,0,1050,0,1,1
11,1,1,0,0,79,2,5110,0,1,1
10,2,5,0,1,82,1,1140,0,1,1
13,18,5,0,0,62,1,5110,0,1,1
7,22,0,0,0,54,0,5110,0,0,1
9,22,6,0,0,64,1,5110,0,1,1
4,14,1,0,1,11,1,10,0,0,0
6,18,6,0,0,85,2,5080,0,1,1
13,3,0,0,0,64,1,5110,0,0,1
9,19,0,0,0,99,0,5110,0,1,1
12,23,4,0,0,82,2,5110,0,1,1
12,4,1,0,0,79,1,5110,0,1,1
1,16,4,0,1,9,0,10,0,0,0
11,3,0,0,0,65,1,1480,0,1,1
1,8,3,0,1,13,0,10,1,0,0
4,17,4,0,0,5,1,10,0,0,0
12,1,1,0,0,71,1,10,0,0,1
10,0,5,0,0,94,2,5110,0,1,1
9,4,5,0,0,53,0,2850,0,1,1
13,0,0,0,0,57,1,5110,0,1,1
9,22,0,0,1,81,1,1010,0,0,1
12,21,4,0,0,63,1,5110,0,0,1
11,18,0,0,0,93,2,5110,0,1,1
10,19,1,0,0,65,1,4500,0,1,1
3,19,3,0,0,88,2,5110,0,1,1
13,2,4,0,1,74,2,10,0,0,1
11,20,2,0,0,64,0,5110,0,0,1
11,1,0,0,0,85,1,5110,0,1,1
10,19,1,0,0,73,2,1410,0,1,1
13,22,1,0,0,87,2,4510,0,1,1
11,18,3,0,0,58,1,5110,0,1,1
13,20,2,0,0,64,0,740,0,1,1
11,19,1,0,0,98,1,5110,0,1,1
7,22,4,0,1,93,2,2620,0,1,1
13,1,5,0,0,98,0,5110,0,1,1
2,16,3,0,1,13,2,10,0,0,0
12,5,0,0,0,98,2,170,0,0,1
12,0,4,0,0,53,0,5110,0,1,1
9,0,5,0,1,77,0,2280,0,1,1
13,22,1,0,0,90,2,5110,0,1,1
6,2,1,0,0,60,2,4800,0,0,1
11,21,0,0,0,65,1,5110,0,1,1
7,21,6,0,0,91,1,5110,0,1,1
13,23,3,0,0,72,1,5110,0,1,1
9,3,5,0,0,93,2,5110,0,1,1
13,1,2,0,0,79,0,1140,0,0,1
4,12,3,0,1,17,2,10,0,0,0
5,18,3,0,0,66,2,5110,0,1,1
11,0,6,0,0,63,0,5110,0,1,1
3,14,4,0,1,14,0,140,0,0,0
4,12,4,0,1,10,0,10,0,0,0
1,9,3,0,1,18,0,240,0,0,0
10,19,6,0,0,95,0,5110,0,0,1
13,23,4,0,0,57,0,5110,0,0,1
12,2,4,0,0,81,2,5110,0,1,1
9,0,4,0,0,80,2,5110,0,1,1
3,17,4,0,1,3,0,40,0,0,0
9,18,2,0,1,79,1,200,0,1,1
9,20,6,0,0,93,2,5090,0,1,1
4,16,3,0,1,7,1,180,0,0,0
4,9,4,0,1,12,0,30,0,0,0
13,3,5,0,0,84,1,5110,0,1,1
11,0,6,0,0,57,1,5110,0,1,1
11,19,6,0,0,58,0,2620,0,0,1
6,23,3,0,0,67,1,5110,0,1,1
10,0,5,0,0,54,1,5110,0,1,1
11,22,5,0,0,67,2,5100,0,1,1
12,5,1,0,0,72,0,5110,0,1,1
9,23,6,0,0,73,2,4680,0,1,1
12,2,6,0,0,51,0,5110,0,1,1
5,7,4,0,1,11,0,20,0,0,0
4,13,2,0,0,6,0,100,0,0,0
10,1,1,0,0,70,2,1230,0,1,1
8,1,0,0,0,82,1,5110,0,1,1
11,3,2,0,0,60,1,5110,0,1,1
4,15,2,0,1,0,0,50,0,0,0
10,0,1,0,0,82,1,5110,0,1,1
10,4,1,0,0,86,1,4780,0,1,1
10,19,5,0,0,98,1,5100,0,1,1
13,2,3,0,0,67,2,5100,0,0,1
11,1,1,0,0,68,1,5110,0,0,1
13,4,0,0,0,89,2,20,0,0,1
11,4,2,0,0,96,2,5110,0,1,1
12,3,0,0,0,65,2,5110,0,1,1
11,4,6,0,0,81,1,2350,0,1,1
12,0,3,0,0,98,1,5110,0,0,1
2,11,4,0,1,14,0,210,0,0,0
10,18,3,0,0,75,2,5110,0,1,1
12,22,2,0,0,99,0,5100,0,1,1
13,23,6,0,0,67,0,5110,0,1,1
13,19,5,0,0,51,0,5110,0,0,1
13,2,1,0,0,85,2,5110,0,1,1
11,22,6,0,0,86,1,1060,0,1,1
13,19,1,0,0,67,2,5110,0,0,1
9,8,3,0,1,1,2,10,0,0,0
13,5,0,0,0,92,2,5110,0,1,1
4,22,3,0,0,84,1,5110,0,0,1
2,8,0,0,1,5,2,340,0,0,0
11,21,5,0,0,93,0,5110,0,1,1
11,22,3,0,0,81,0,5110,0,0,1
13,18,1,0,0,83,2,5110,0,1,1
7,22,2,0,0,95,2,1350,0,0,1
3,14,3,0,1,7,0,10,0,0,0
11,21,3,0,0,70,1,5110,0,0,1
12,23,4,0,0,52,0,2400,0,1,1
3,13,3,0,1,2,0,30,0,0,0
13,4,1,0,0,73,1,2620,0,1,1
11,23,4,0,0,62,2,5100,0,1,1
1,11,4,0,1,11,1,60,0,0,0
12,19,1,0,0,79,2,2230,0,1,1
2,10,1,0,1,5,2,100,0,0,0
9,23,1,0,0,81,2,5110,0,0,1
11,21,0,0,0,58,2,5110,0,1,1
10,3,0,0,0,80,0,5110,0,0,1
12,2,0,0,0,88,0,5110,0,0,1
13,20,1,0,0,93,2,5100,0,1,1
9,1,5,0,0,82,1,4480,0,1,1
11,23,1,0,0,81,0,1380,0,1,1
14,3,1,0,0,96,2,10,0,0,1
7,18,1,0,0,62,2,5110,0,1,1
12,5,0,0,0,72,2,5110,0,0,1
7,5,2,0,0,76,1,5090,0,1,1
10,21,0,0,0,72,1,5110,0,0,1
12,3,0,0,0,90,0,5110,0,1,1
13,21,5,0,0,55,2,4510,0,0,1
6,5,3,0,1,77,1,2760,0,1,1
5,20,1,0,0,88,1,5110,0,1,1
1,16,4,0,1,5,1,10,0,0,0
3,13,4,0,1,8,0,80,0,0,0
11,21,6,0,0,56,0,5100,0,1,1
13,3,2,0,0,88,0,5110,0,1,1
13,23,1,0,0,89,1,1420,0,1,1
6,21,3,0,0,60,1,5100,0,0,1
8,5,4,0,0,55,0,1100,0,1,1
9,1,5,0,0,66,1,2140,0,1,1
11,5,4,0,0,88,2,5090,0,1,1
10,19,6,0,0,87,0,4820,0,0,1
12,3,6,0,0,61,0,1240,0,1,1
2,11,1,0,1,3,1,10,0,0,0
12,23,6,0,0,56,0,5110,0,1,1
9,4,2,0,1,85,1,2860,0,1,1
10,18,1,0,1,12,1,100,0,0,0
2,11,2,0,0,17,1,20,0,0,0
9,18,6,0,0,87,1,1350,0,1,1
4,22,0,0,0,98,2,5110,0,1,1
9,0,0,0,0,66,2,5110,0,0,1
11,3,2,0,0,92,0,5100,0,1,1
11,23,5,0,0,82,1,5110,0,1,1
13,19,3,0,0,84,2,5110,0,1,1
3,9,3,0,1,15,0,10,0,0,0
10,4,3,0,0,62,0,4470,0,0,1
7,1,3,0,0,81,1,1450,0,0,1
10,22,1,0,0,83,0,5110,0,1,1
12,3,0,0,0,90,0,5110,0,0,1
13,19,4,0,0,62,2,5110,0,0,1
1,10,4,0,1,9,2,20,0,0,0
13,2,3,0,0,89,1,4820,0,1,1
10,4,4,0,0,95,1,5110,0,1,1
10,1,4,0,0,62,1,5110,0,1,1
10,1,1,0,0,94,2,2450,0,0,1
9,2,2,0,0,93,0,5110,0,1,1
12,20,5,0,0,84,1,5110,0,0,1
11,1,1,0,0,94,1,2780,0,1,1
6,2,1,0,1,77,1,2650,0,1,1
10,0,1,0,1,68,0,2220,0,1,1
3,8,2,0,1,15,2,210,0,0,0
13,5,6,0,0,93,1,5110,0,1,1
10,19,6,0,1,73,1,1210,0,0,1
3,15,3,0,1,11,1,180,0,0,0
13,0,6,0,0,75,0,5110,0,1,1
13,20,5,0,0,60,0,5110,0,1,1
10,20,0,0,0,88,1,1280,0,0,1
12,0,2,0,0,98,1,5100,0,0,1
9,22,6,0,0,65,0,5110,0,0,1
1,9,1,0,0,3,0,60,0,0,0
4,18,3,0,1,0,2,10,0,1,0
13,21,2,0,0,71,1,5110,0,1,1
12,19,0,0,0,73,2,5110,0,1,1
1,11,3,0,1,1,2,10,0,0,0
11,20,3,0,0,87,0,2620,0,0,1
12,0,1,0,0,74,2,5110,0,1,1
3,18,2,0,1,19,0,10,0,0,0
4,21,6,0,0,85,2,5110,0,1,1
8,22,6,0,0,70,1,5110,0,1,1
11,4,4,0,0,89,2,5110,0,1,1
5,18,1,0,1,4,0,10,0,0,0
12,4,4,0,0,86,2,5110,0,1,1
12,21,3,0,1,67,1,2870,0,1,1
11,5,3,0,0,95,1,5110,0,1,1
10,18,5,0,0,73,0,4780,0,0,1
13,20,4,0,0,53,1,5110,0,0,1
6,1,4,0,0,52,2,1350,0,0,1
12,21,0,0,0,79,1,5110,0,1,1
4,23,6,0,0,77,1,5110,0,0,1
9,18,0,0,0,52,0,2780,0,1,1
12,0,0,0,0,94,2,5110,0,1,1
10,19,2,0,0,63,1,5110,0,1,1
4,17,4,0,1,12,1,40,0,0,0
10,5,5,0,0,55,2,1180,0,1,1
13,3,0,0,0,82,0,5110,0,1,1
11,0,3,0,1,58,1,2340,0,0,1
10,23,3,0,0,89,0,1150,0,0,1
5,21,2,0,0,52,2,5100,0,1,1
9,19,0,0,0,71,2,5110,0,0,1
9,22,1,0,0,74,0,5100,0,1,1
13,1,3,0,0,63,2,5110,0,0,1
11,2,2,0,0,85,1,2260,0,0,1
10,4,6,0,0,78,1,5110,0,0,1
4,7,0,0,1,3,2,50,0,0,0
9,18,5,0,0,52,1,1330,0,0,1
9,22,1,0,0,93,0,1040,0,1,1
12,2,5,0,0,94,2,1080,0,1,1
5,8,2,0,1,4,1,10,0,0,0
13,3,2,0,0,88,1,5110,0,1,1
9,1,0,0,0,90,0,2340,0,0,1
13,1,0,0,0,65,2,5110,0,0,1
12,22,2,0,0,81,2,5110,0,0,1
11,22,6,0,0,59,2,2610,0,1,1
1,9,4,0,1,19,2,20,0,0,0
10,1,4,0,0,94,1,5110,0,1,1
11,4,5,0,0,60,1,1280,0,1,1
7,19,2,0,0,94,2,5110,0,1,1
12,5,4,0,0,93,2,2830,0,1,1
4,8,1,0,1,14,1,690,0,0,0
9,20,6,0,0,80,2,2280,0,1,1
9,19,6,0,0,70,0,5110,0,1,1
5,9,2,0,1,4,2,70,0,0,0
13,2,0,0,0,87,1,5110,0,1,1
9,1,1,0,0,69,0,5110,0,1,1
13,23,5,0,0,71,1,5110,0,1,1
11,2,0,0,0,70,0,5110,0,1,1
13,4,6,0,0,63,2,2090,0,1,1
12,20,1,0,0,91,1,5110,0,1,1
9,23,5,0,0,67,0,1210,0,1,1
5,7,0,0,1,7,1,10,0,0,0
9,4,2,0,0,83,0,4490,0,1,1
13,4,4,0,1,86,0,1150,0,0,1
10,4,6,0,0,73,0,5110,0,1,1
5,22,1,0,0,63,0,1020,0,1,1
13,0,4,0,0,70,1,5110,0,1,1
12,21,5,0,0,63,0,5110,0,1,1
11,3,3,0,1,83,0,1420,0,0,1
5,2,4,0,0,57,0,290,0,1,1
11,21,1,0,0,85,2,5040,0,0,1
10,23,0,0,0,50,1,5110,0,1,1
11,3,4,0,0,83,0,5110,0,1,1
11,20,4,0,0,67,1,5110,0,1,1
10,2,3,0,0,99,0,5110,0,0,1
9,3,0,0,0,55,2,5100,0,0,1
4,10,2,0,1,7,2,20,0,1,0
13,18,5,0,0,53,0,5080,0,0,1
11,3,3,0,0,52,2,1410,0,1,1
9,23,5,0,0,81,2,5110,0,1,1
9,23,4,0,0,64,2,2310,0,0,1
8,19,5,0,0,74,1,2960,0,1,1
9,3,4,0,1,64,0,2560,0,1,1
12,21,6,0,0,94,2,2920,0,0,1
3,14,3,0,1,18,0,130,0,0,0
13,21,3,0,0,67,1,4820,0,0,1
12,3,6,0,0,52,2,1420,0,0,1
3,17,0,0,1,6,2,10,0,0,0
13,19,3,0,0,97,2,5110,0,0,1
12,19,2,0,0,66,2,5110,0,0,1
9,4,5,0,0,64,0,5100,0,1,1
9,3,4,0,0,56,2,5110,0,0,1
13,4,2,0,1,96,1,1420,0,1,1
10,4,1,0,0,72,2,5110,0,1,1
10,1,3,0,0,78,2,1310,0,1,1
2,9,1,0,1,8,1,50,0,1,0
1,8,3,0,1,17,2,190,0,0,0
13,20,1,0,0,88,1,5110,0,1,1
1,7,2,0,1,8,1,10,0,0,0
12,20,5,0,0,78,0,5110,0,0,1
12,23,5,0,0,53,1,5100,0,1,1
5,18,3,0,1,15,1,10,0,0,0
11,20,4,0,0,74,1,5110,0,1,1
10,1,2,0,0,65,0,2860,0,0,1
10,2,0,0,0,79,1,5110,0,1,1
12,21,0,0,0,89,1,1500,0,1,1
5,13,2,0,1,5,1,40,0,0,0
3,17,1,0,1,0,0,100,0,0,0
9,23,3,0,0,87,2,5100,0,1,1
5,7,0,0,1,7,1,80,0,0,0
6,1,5,0,0,50,1,5100,0,1,1
12,0,5,0,0,62,1,5100,0,1,1
6,1,1,0,0,98,1,5110,0,0,1
1,14,2,0,0,15,1,10,0,0,0
8,19,0,0,1,52,1,2250,0,1,1
13,3,3,0,0,58,1,5100,0,1,1
12,5,4,0,0,70,2,5110,0,0,1
13,0,0,0,0,91,1,4790,0,1,1
11,4,1,0,0,58,1,5110,0,0,1
11,23,5,0,0,74,1,4760,0,1,1
11,1,1,0,0,58,1,5110,0,1,1
13,21,5,0,0,96,2,5110,0,1,1
13,3,2,0,0,72,2,5110,0,1,1
11,3,6,0,0,64,1,5110,0,0,1
12,19,4,0,0,98,1,1040,0,1,1
13,1,5,0,0,60,0,5110,0,1,1
2,14,0,0,1,17,1,40,0,0,0
10,20,4,0,0,66,2,5110,0,0,1
4,5,0,0,0,59,0,5100,0,1,1
2,18,0,0,1,6,0,10,0,0,0
3,9,3,0,1,1,2,160,0,0,0
12,3,0,0,0,77,1,2570,0,1,1
12,2,1,0,0,98,2,1060,0,0,1
13,1,4,0,0,88,2,5110,0,1,1
13,23,4,0,0,82,0,1320,0,1,1
9,1,6,0,0,82,0,5100,0,1,1
10,22,6,0,0,63,1,5110,0,1,1
11,2,4,0,0,68,1,5100,0,0,1
10,23,6,0,0,54,1,4630,0,1,1
13,20,2,0,0,93,2,5110,0,1,1
4,11,0,0,1,16,1,20,0,1,0
12,20,6,0,0,91,2,5110,0,0,1
10,5,2,0,0,56,0,5110,0,1,1
9,18,0,0,0,92,0,5110,0,0,1
12,2,4,0,0,59,2,1470,0,1,1
9,3,1,0,0,73,1,1280,0,1,1
11,20,0,0,0,88,1,5070,0,1,1
9,5,0,0,0,85,0,5110,0,0,1
9,20,5,0,0,97,2,5110,0,1,1
13,4,4,0,0,94,0,5110,0,1,1
5,8,3,0,0,19,2,60,0,0,0
9,22,5,0,0,68,1,5110,0,1,1
12,0,1,0,0,94,2,2880,0,1,1
13,0,5,0,0,93,2,4470,0,1,1
1,7,2,0,1,8,2,70,0,0,0
9,19,5,0,1,64,0,1170,0,1,1
10,19,4,0,0,63,1,5110,0,1,1
4,19,5,0,0,94,0,5110,0,1,1
4,11,0,0,1,5,2,20,0,0,0
8,18,0,0,0,52,0,5110,0,1,1
10,18,0,0,0,68,2,5110,0,1,1
12,4,2,0,0,76,2,2200,0,1,1
1,15,1,0,0,18,1,10,0,0,0
5,19,6,0,0,82,0,2340,0,0,1
9,5,6,0,0,73,0,5080,0,1,1
11,0,2,0,0,83,0,5110,0,1,1
11,1,3,0,0,87,0,5110,0,1,1
5,19,3,0,0,51,1,5110,0,1,1
9,3,0,0,0,58,0,4390,0,0,1
3,18,0,0,0,7,1,80,0,0,0
11,21,3,0,0,59,0,4740,0,1,1
4,3,1,0,0,79,1,5110,0,1,1
10,20,2,0,0,98,0,5110,0,1,1
13,18,5,0,0,61,1,2830,0,1,1
9,18,4,0,0,87,0,5110,0,1,1
7,22,4,0,0,97,0,2840,0,1,1
11,20,2,0,1,74,1,2360,0,1,1
5,2,2,0,0,67,0,1080,0,1,1
12,23,0,0,0,69,1,4580,0,1,1
12,2,4,0,0,52,2,5110,0,1,1
11,4,4,0,0,54,1,5110,0,1,1
2,12,1,0,0,11,2,40,0,0,0
9,2,2,0,0,82,1,5110,0,0,1
12,21,2,0,0,92,1,2240,0,1,1
13,4,0,0,0,98,2,5110,0,1,1
5,14,2,0,1,19,0,10,0,0,0
9,0,6,0,0,61,0,5110,0,1,1
13,23,5,0,0,85,0,5110,0,1,1
6,0,4,0,0,66,1,2330,0,1,1
9,20,3,0,0,77,2,5110,0,1,1
11,3,2,0,0,60,0,5110,0,1,1
9,0,1,0,0,57,0,5110,0,1,1
9,18,5,0,0,95,2,1290,0,0,1
11,8,3,0,1,9,1,10,0,0,0
13,23,1,0,0,78,2,2390,0,0,1
9,4,1,0,0,95,0,5110,0,1,1
9,0,2,0,0,97,0,4910,0,0,1
6,22,0,0,0,82,0,5110,0,1,1
11,23,2,0,0,87,1,1380,0,0,1
3,13,1,0,1,4,0,20,0,0,0
6,3,4,0,0,61,2,5110,0,1,1
5,15,2,0,1,18,2,10,0,0,0
12,5,3,0,0,68,1,5110,0,0,1
11,5,0,0,0,76,0,2360,0,1,1
4,7,3,0,1,11,2,130,0,0,0
4,13,0,0,0,2,1,10,0,0,0
10,20,3,0,0,77,2,5110,0,0,1
12,23,4,0,0,56,0,5110,0,1,1
13,20,5,0,0,61,2,5110,0,0,1
9,4,0,0,1,74,0,2210,0,0,1
2,7,4,0,1,9,0,100,0,0,0
13,18,5,0,0,55,1,5110,0,1,1
8,17,1,0,1,7,1,10,0,0,0
10,21,4,0,0,66,1,5110,0,1,1
10,4,0,0,0,50,1,5110,0,1,1
13,19,5,0,0,78,1,5110,0,0,1
11,22,2,0,0,84,0,5110,0,1,1
11,3,2,0,0,87,0,5110,0,0,1
12,3,5,0,0,95,0,5110,0,0,1
12,3,5,0,0,98,2,5110,0,0,1
10,21,0,0,0,87,0,5090,0,0,1
1,10,3,0,1,2,0,360,0,0,0
10,22,2,0,0,51,0,950,0,0,1
11,22,4,0,1,66,2,2220,0,1,1
10,3,3,0,0,95,2,5110,0,1,1
11,19,5,0,0,94,0,5110,0,0,1
10,4,0,0,0,80,1,2060,0,1,1
10,21,3,0,0,68,2,4460,0,0,1
2,9,4,0,1,0,2,10,0,0,0
5,9,0,0,0,14,0,10,0,0,0
4,11,4,0,1,12,1,20,0,0,0
12,3,4,0,0,69,2,5110,0,1,1
12,23,1,0,0,78,1,5110,0,0,1
12,1,0,0,0,62,0,5110,0,1,1
10,21,5,0,0,74,1,5040,0,1,1
6,5,6,0,0,84,0,5080,0,1,1
11,21,6,0,1,90,1,1310,0,0,1
10,22,0,0,1,86,2,1370,0,1,1
10,1,6,0,0,60,2,5110,0,1,1
5,9,1,0,1,17,2,30,0,0,0
10,3,4,0,0,79,2,5110,0,1,1
11,1,1,0,0,67,0,5080,0,0,1
9,19,5,0,0,84,1,5110,0,1,1
10,20,6,0,0,72,0,4730,0,1,1
12,18,3,0,0,55,1,5110,0,1,1
13,0,2,0,0,79,0,5110,0,1,1
9,18,3,0,0,64,0,5100,0,1,1
1,15,2,0,1,16,0,20,0,0,0
11,1,4,0,0,62,1,2360,0,1,1
11,22,0,0,0,70,1,5100,0,1,1
9,0,6,0,0,53,1,4870,0,0,1
9,19,6,0,0,88,0,5110,0,1,1
10,23,3,0,0,78,0,5110,0,1,1
10,1,5,0,1,64,1,1090,0,1,1
12,21,2,0,0,62,2,2950,0,0,1
13,20,0,0,0,74,2,2150,0,1,1
9,5,3,0,1,67,2,2200,0,0,1
2,18,2,0,0,2,2,20,0,0,0
2,8,1,0,1,16,0,30,0,0,0
13,22,1,0,0,54,1,5110,0,1,1
10,19,0,0,1,55,0,1020,0,0,1
10,21,2,0,0,86,1,5110,0,1,1
10,2,4,0,0,64,0,5110,0,1,1
12,21,5,0,0,96,1,5110,0,0,1
12,0,2,0,0,74,2,5110,0,1,1
13,21,0,0,0,59,1,4730,0,1,1
13,20,0,0,0,87,1,5110,0,1,1
11,20,4,0,0,83,0,5110,0,1,1
1,18,0,0,1,0,1,40,0,0,0
9,22,1,0,0,73,2,2560,0,0,1
9,2,3,0,0,72,0,5110,0,0,1
7,3,3,0,0,72,1,5110,0,1,1
11,20,4,0,0,64,1,5110,0,1,1
12,5,0,0,0,55,1,2300,0,1,1
13,20,6,0,0,56,2,5110,0,1,1
12,4,5,0,0,98,2,4760,0,1,1
2,7,3,0,1,3,2,20,0,0,0
4,18,1,0,1,1,0,10,0,0,0
5,17,0,0,1,16,0,30,0,0,0
7,3,2,0,0,82,1,5110,0,1,1
13,5,5,0,0,57,0,5110,0,1,1
5,2,6,0,0,68,1,1020,0,1,1
11,21,4,0,1,92,0,2640,0,1,1
9,23,4,0,1,68,1,1110,0,1,1
10,21,3,0,0,67,2,5110,0,0,1
11,14,4,0,1,1,2,220,0,0,0
10,2,0,0,0,99,1,5110,0,1,1
9,3,0,0,0,74,1,5110,0,1,1
10,22,2,0,0,58,1,3000,0,1,1
10,2,0,0,0,56,2,880,0,1,1
9,23,5,0,1,50,0,2090,0,0,1
11,2,0,0,0,70,0,2240,0,1,1
10,19,0,0,0,76,1,5110,0,0,1
3,7,1,0,1,13,0,80,0,0,0
2,8,3,0,1,14,1,120,0,0,0
9,19,3,0,0,50,2,5110,0,1,1
1,7,1,0,1,14,0,40,0,1,0
4,7,4,0,1,10,1,10,0,0,0
10,18,2,0,0,65,2,4440,0,1,1
2,17,2,0,0,13,0,10,0,0,0
10,5,6,0,0,80,0,5110,0,0,1
2,8,2,0,1,13,1,10,0,1,0
9,3,4,0,0,66,1,5100,0,1,1
12,2,5,0,0,93,1,5110,0,1,1
12,22,5,0,0,54,1,5110,0,1,1
12,0,0,0,0,94,1,4940,0,1,1
11,3,4,0,0,91,2,2860,0,1,1
7,0,4,0,0,81,1,5100,0,1,1
11,23,2,0,0,53,2,5110,0,1,1
11,23,6,0,0,68,1,5110,0,1,1
11,5,1,0,0,96,1,2830,0,0,1
6,22,1,0,0,59,2,5110,0,1,1
9,20,4,0,0,58,2,5100,0,0,1
9,19,5,0,0,54,0,1000,0,0,1
9,2,0,0,0,70,2,5110,0,1,1
11,3,2,0,0,76,1,5110,0,1,1
9,2,1,0,0,81,2,5110,0,1,1
5,15,1,0,0,19,0,10,0,0,0
11,0,0,0,0,52,2,5110,0,1,1
12,18,0,0,0,82,1,5110,0,1,1
4,11,2,0,1,5,1,70,0,0,0
8,18,4,0,0,69,0,5110,0,1,1
13,4,2,0,0,87,2,5110,0,1,1
3,8,0,0,0,15,1,10,0,0,0
12,0,6,0,0,82,1,4450,0,1,1
6,21,6,0,0,77,1,1290,0,1,1
10,3,4,0,0,88,1,5110,0,1,1
10,4,2,0,0,90,2,1340,0,1,1
12,22,2,0,1,91,1,1340,0,1,1
2,12,3,0,1,4,0,360,0,0,0
2,18,2,0,1,4,2,10,0,0,0
9,22,0,0,0,51,0,5110,0,0,1
5,10,3,0,1,7,0,10,0,0,0
1,14,4,0,1,0,0,10,0,0,0
10,4,4,0,0,74,2,5110,0,1,1
7,0,4,0,0,92,0,750,0,1,1
13,22,6,0,0,89,0,2390,0,1,1
10,1,2,0,0,96,1,5110,0,0,1
9,20,0,0,0,65,2,5100,0,1,1
7,21,3,0,0,76,1,5110,0,1,1
9,23,2,0,0,66,1,5100,0,0,1
12,21,0,0,0,66,1,5110,0,1,1
12,3,3,0,0,50,2,5110,0,0,1
10,21,4,0,0,53,1,5110,0,1,1
10,18,2,0,0,92,1,5100,0,1,1
9,5,0,0,0,63,2,5110,0,1,1
11,21,2,0,0,89,0,1260,0,0,1
2,8,3,0,1,13,2,50,0,0,0
10,4,2,0,0,80,0,1080,0,0,1
10,3,2,0,0,72,1,5110,0,1,1
3,9,0,0,1,6,0,70,0,0,0
4,12,0,0,1,19,0,10,0,0,0
5,14,3,0,1,0,0,10,0,0,0
11,0,0,0,0,78,2,5110,0,1,1
1,12,1,0,1,13,0,10,0,0,0
9,0,3,0,0,53,1,5110,0,1,1
9,3,4,0,0,88,2,5110,0,1,1
9,3,6,0,0,61,1,2380,0,1,1
12,21,0,0,0,58,1,5100,0,1,1
10,23,5,0,0,55,1,2360,0,1,1
7,0,2,0,0,50,0,5100,0,1,1
11,3,5,0,0,71,1,5110,0,1,1
6,20,1,0,0,88,2,5110,0,0,1
1,8,4,0,1,17,2,80,0,0,0
10,3,5,0,0,61,1,1300,0,1,1
4,2,2,0,0,75,2,5110,0,1,1
12,3,0,0,0,78,2,5110,0,1,1
6,4,1,0,0,56,2,5110,0,1,1
10,0,2,0,0,65,1,5110,0,1,1
10,22,4,0,0,68,1,5110,0,1,1
12,2,6,0,0,94,0,1290,0,0,1
5,14,3,0,1,11,2,290,0,0,0
11,21,6,0,0,93,0,10,0,1,1
9,2,6,0,0,81,2,5110,0,1,1
9,21,0,0,0,89,2,400,0,1,1
1,15,4,0,0,9,1,70,0,0,0
3,8,1,0,1,16,0,30,0,0,0
13,22,4,0,0,56,1,5110,0,1,1
9,22,6,0,0,96,1,5110,0,1,1
5,14,4,0,1,14,0,50,0,0,0
10,23,3,0,0,76,0,5110,0,1,1
11,4,4,0,0,72,2,5110,0,1,1
10,1,4,0,0,57,2,2170,0,1,1
14,2,3,0,0,69,2,10,0,1,1
12,18,5,0,0,98,1,5100,0,1,1
12,21,6,0,0,76,0,5110,0,1,1
11,3,1,0,0,64,1,5110,0,1,1
9,2,5,0,0,52,2,1210,0,1,1
8,3,4,0,0,56,2,5110,0,0,1
13,18,6,0,1,86,2,1280,0,1,1
12,22,0,0,0,64,1,5110,0,1,1
3,11,3,0,1,13,0,60,0,0,0
2,8,0,0,1,5,2,10,0,1,0
13,20,1,0,0,96,0,5110,0,1,1
3,1,3,0,0,92,0,2060,0,1,1
9,2,4,0,0,64,1,5110,0,1,1
13,3,2,0,0,83,0,2460,0,0,1
9,23,2,0,0,75,2,5110,0,0,1
13,22,4,0,0,68,2,1280,0,0,1
1,16,4,0,1,5,1,10,0,0,0
3,5,2,0,1,84,0,5110,0,1,1
11,0,1,0,0,65,0,5110,0,1,1
12,18,3,0,0,83,0,2050,0,1,1
5,4,4,0,0,59,0,2100,0,1,1
3,17,3,0,1,15,2,250,0,0,0
6,21,6,0,0,55,0,4870,0,0,1
10,20,5,0,0,84,2,5110,0,1,1
10,20,2,0,0,90,1,5110,0,1,1
13,5,0,0,0,52,0,5110,0,1,1
8,8,4,0,1,6,1,100,0,0,0
13,1,0,0,0,61,1,5110,0,1,1
5,17,2,0,1,3,2,10,0,0,0
4,5,3,0,1,86,2,1220,0,1,1
13,21,2,0,0,54,0,5110,0,1,1
5,18,4,0,1,6,0,10,0,0,0
2,9,0,0,1,0,1,30,0,0,0
13,18,2,0,0,72,1,5110,0,1,1
9,22,6,0,0,60,2,5110,0,0,1
2,9,4,0,1,18,1,10,0,0,0
11,1,3,0,0,85,0,2840,0,1,1
1,8,3,0,1,5,2,10,0,0,0
11,5,5,0,0,63,1,5110,0,1,1
6,12,0,0,0,1,1,50,0,0,0
10,23,0,0,0,76,0,5110,0,1,1
11,2,6,0,0,71,1,5110,0,0,1
7,1,3,0,0,69,1,5110,0,1,1
11,0,5,0,0,52,0,5110,0,1,1
12,20,0,0,0,54,0,2060,0,0,1
11,18,1,0,0,50,2,5110,0,1,1
1,17,4,0,1,15,0,10,0,0,0
13,18,3,0,1,87,2,2030,0,1,1
3,7,2,0,1,6,0,10,0,0,0
6,4,0,0,0,81,2,5110,0,1,1
13,22,6,0,0,95,2,5110,0,1,1
10,19,4,0,0,64,0,2970,0,1,1
9,21,0,0,0,78,2,5110,0,0,1
11,5,0,0,0,65,1,5110,0,1,1
11,5,0,0,0,72,1,5110,0,0,1
12,2,3,0,0,92,0,5110,0,0,1
11,2,5,0,0,76,2,5110,0,1,1
12,18,3,0,0,66,2,5110,0,0,1
12,21,2,0,0,86,2,5110,0,1,1
12,22,0,0,0,85,2,5110,0,0,1
12,2,4,0,0,95,1,5110,0,1,1
9,5,5,0,0,54,2,20,0,0,1
13,22,3,0,0,76,2,5110,0,1,1
12,21,6,0,0,74,2,5110,0,1,1
4,18,6,0,0,62,2,5110,0,0,1
5,8,0,0,1,15,0,80,0,0,0
1,15,3,0,1,12,0,10,0,0,0
3,7,4,0,1,16,2,80,0,0,0
10,5,0,0,0,76,0,5110,0,1,1
11,0,6,0,0,54,1,5110,0,0,1
12,20,6,0,0,92,1,5110,0,1,1
13,1,6,0,0,76,1,2930,0,1,1
4,12,1,0,1,12,0,300,0,0,0
13,5,0,0,0,69,1,5110,0,1,1
9,19,4,0,0,91,1,5110,0,0,1
2,15,0,0,1,8,1,350,0,0,0
9,1,5,0,0,91,2,5100,0,1,1
5,20,2,0,0,83,1,5110,0,1,1
11,18,6,0,0,75,0,4800,0,0,1
12,22,5,0,0,51,0,5100,0,0,1
12,19,0,0,0,80,1,5040,0,0,1
11,1,6,0,1,79,2,1840,0,1,1
9,2,6,0,0,86,2,2540,0,1,1
4,15,4,0,1,1,0,40,0,0,0
11,21,6,0,0,94,2,2490,0,1,1
10,21,4,0,1,89,2,1340,0,1,1
13,23,0,0,0,93,1,5110,0,1,1
7,2,4,0,0,68,1,5100,0,0,1
5,10,4,0,1,8,2,10,0,0,0
8,18,0,0,0,57,2,5100,0,1,1
12,19,3,0,0,97,2,5110,0,1,1
7,18,3,0,0,78,2,5110,0,0,1
1,18,3,0,1,4,1,10,0,0,0
13,19,1,0,0,90,2,5100,0,1,1
12,3,1,0,0,89,1,5110,0,1,1
11,21,6,0,0,67,2,5110,0,1,1
11,19,1,0,0,69,2,1250,0,0,1
11,4,5,0,0,66,0,2510,0,0,1
10,19,1,0,0,96,0,5110,0,1,1
5,19,2,0,0,71,0,2790,0,0,1
4,7,4,0,1,9,2,40,0,0,0
5,8,4,0,1,12,0,110,0,0,0
11,4,5,0,0,51,1,5110,0,1,1
9,18,6,0,0,51,1,5110,0,1,1
3,11,1,0,1,2,0,20,0,0,0
6,5,1,0,1,51,0,1270,0,1,1
10,0,6,0,0,86,2,5100,0,0,1
13,1,6,0,0,93,0,5110,0,1,1
12,18,0,0,0,59,2,5100,0,0,1
11,20,2,0,0,51,1,5110,0,1,1
10,20,2,0,0,67,2,5110,0,1,1
12,1,6,0,0,57,0,4610,0,1,1
13,3,2,0,0,76,0,2280,0,1,1
12,23,0,0,0,69,0,5110,0,1,1
1,10,2,0,0,16,1,20,0,0,0
9,22,4,0,0,63,1,1070,0,1,1
9,0,5,0,0,65,1,5110,0,1,1
9,18,4,0,0,50,2,5100,0,0,1
11,4,0,0,0,82,0,5110,0,1,1
10,18,4,0,1,53,1,1430,0,1,1
6,11,0,0,1,17,1,30,0,0,0
11,3,2,0,0,58,1,4730,0,1,1
7,4,1,0,0,85,2,70,0,1,1
5,16,1,0,1,3,2,10,0,0,0
10,20,0,0,0,83,2,1350,0,1,1
5,12,1,0,1,2,2,10,0,1,0
10,18,5,0,0,53,1,5110,0,0,1
11,0,3,0,1,61,1,2500,0,1,1
11,23,6,0,0,82,0,5110,0,1,1
12,20,4,0,0,89,1,4570,0,0,1
8,2,4,0,0,58,0,5100,0,1,1
12,3,0,0,1,89,1,2660,0,0,1
9,20,4,0,0,57,1,5110,0,1,1
5,2,1,0,0,78,0,5110,0,1,1
10,5,6,0,0,63,1,2420,0,1,1
11,2,6,0,0,99,1,5110,0,1,1
12,0,4,0,0,87,1,5080,0,1,1
12,5,1,0,0,66,1,5110,0,1,1
12,23,0,0,0,82,0,5100,0,1,1
10,2,6,0,0,97,2,5110,0,1,1
11,4,3,0,0,84,1,5110,0,1,1
9,18,3,0,1,70,1,860,0,1,1
3,8,1,0,1,17,0,180,0,0,0
9,21,0,0,0,88,0,5110,0,0,1
11,19,3,0,0,84,2,5110,0,0,1
9,0,3,0,0,64,0,5110,0,0,1
13,21,3,0,0,67,2,5110,0,0,1
4,22,2,0,0,73,1,2690,0,1,1
5,4,2,0,0,97,2,5110,0,1,1
10,5,4,0,0,87,1,5110,0,1,1
10,18,2,0,0,83,1,2730,0,1,1
5,7,2,0,1,8,0,10,0,0,0
9,4,6,0,0,91,2,5110,0,1,1
2,8,0,0,1,19,2,10,0,1,0
10,18,0,0,0,98,1,1310,0,1,1
9,0,0,0,0,79,1,4530,0,1,1
2,15,1,0,1,16,0,10,0,1,0
1,7,0,0,1,16,0,30,0,0,0
1,11,0,0,1,1,0,30,0,0,0
12,19,0,0,0,54,0,5110,0,1,1
6,4,0,0,0,99,2,5100,0,1,1
7,18,5,0,0,73,1,5110,0,1,1
9,3,0,0,1,57,2,2900,0,1,1
11,20,4,0,0,63,1,5110,0,0,1
11,23,2,0,0,53,0,5110,0,0,1
9,19,0,0,0,70,1,1060,0,0,1
6,21,2,0,0,78,0,5110,0,1,1
10,21,1,0,0,50,2,5110,0,1,1
4,3,1,0,0,98,1,4590,0,0,1
4,16,3,0,1,19,0,10,0,0,0
12,1,2,0,0,79,1,5110,0,1,1
5,18,2,0,1,4,1,50,0,0,0
5,10,0,0,1,17,0,50,0,0,0
9,7,2,0,1,10,2,420,0,0,0
4,3,6,0,1,67,2,2180,0,0,1
3,18,0,0,1,17,0,140,0,0,0
9,20,1,0,0,59,0,5110,0,1,1
11,0,0,0,1,64,1,1400,0,1,1
12,23,2,0,0,89,2,2950,0,1,1
2,18,0,0,1,8,2,10,0,0,0
12,0,3,0,0,60,0,5110,0,1,1
13,2,5,0,0,52,2,5110,0,1,1
13,20,6,0,0,80,2,4820,0,1,1
13,0,5,0,0,74,0,5110,0,1,1
13,22,5,0,0,77,2,5110,0,1,1
11,2,0,0,0,81,0,5110,0,1,1
10,18,1,0,0,54,1,5110,0,1,1
10,5,6,0,0,98,2,5110,0,1,1
3,1,6,0,0,98,2,5110,0,0,1
9,5,4,0,0,78,1,5100,0,1,1
13,19,2,0,0,86,1,510,0,0,1
12,18,0,0,0,76,2,5100,0,1,1
12,21,2,0,1,53,1,1040,0,1,1
13,23,6,0,0,82,0,5110,0,1,1
13,18,4,0,1,86,2,1450,0,0,1
11,1,5,0,0,80,0,5110,0,1,1
10,22,3,0,0,98,0,2800,0,1,1
13,18,5,0,0,99,0,5110,0,1,1
4,10,3,0,1,10,1,10,0,0,0
5,13,0,0,1,17,2,20,0,1,0
2,18,4,0,0,12,2,10,0,1,0
12,3,0,0,0,64,2,5110,0,1,1
10,2,3,0,1,70,0,2670,0,1,1
4,17,3,0,0,12,0,40,0,0,0
12,0,3,0,0,88,1,5110,0,1,1
9,20,3,0,0,57,2,5100,0,1,1
12,2,4,0,0,78,1,2980,0,1,1
3,12,1,0,1,16,2,10,0,0,0
9,21,5,0,0,64,1,5100,0,1,1
3,17,2,0,1,7,0,10,0,0,0
10,22,1,0,0,93,2,5100,0,1,1
11,5,6,0,0,86,0,1370,0,1,1
6,21,2,0,1,91,0,2400,0,1,1
9,0,3,0,0,53,1,2560,0,0,1
8,5,4,0,0,98,1,5110,0,0,1
6,23,0,0,0,62,1,5100,0,1,1
10,19,4,0,0,71,2,5110,0,1,1
7,5,2,0,0,98,1,5100,0,0,1
10,1,4,0,0,54,2,5110,0,1,1
10,21,3,0,0,95,1,5110,0,0,1
11,0,2,0,0,83,2,5080,0,1,1
12,2,2,0,0,52,0,5110,0,0,1
5,8,3,0,0,10,2,80,0,0,0
12,19,5,0,0,99,0,5110,0,1,1
4,17,4,0,1,18,2,90,0,0,0
14,0,0,0,0,94,0,10,0,1,1
10,0,0,0,0,55,0,5110,0,1,1
10,5,3,0,0,82,1,1420,0,1,1
9,4,5,0,0,61,1,1070,0,1,1
10,0,1,0,0,66,2,2600,0,1,1
10,20,5,0,0,53,1,5110,0,1,1
9,22,1,0,0,62,1,5110,0,1,1
9,3,5,0,0,85,2,4380,0,1,1
12,18,0,0,0,99,1,940,0,1,1
9,20,5,0,0,63,2,5110,0,1,1
5,17,0,0,1,4,0,110,0,0,0
13,22,3,0,0,89,1,3090,0,1,1
12,20,3,0,0,69,0,5110,0,1,1
9,5,4,0,0,82,2,5090,0,1,1
10,2,5,0,0,71,1,5110,0,1,1
9,22,2,0,0,83,0,5110,0,1,1
13,3,0,0,0,86,0,980,0,1,1
3,15,3,0,1,14,1,160,0,0,0
10,19,0,0,0,98,2,5110,0,1,1
7,0,2,0,0,61,2,5110,0,0,1
1,11,0,0,1,0,0,150,0,0,0
5,13,1,0,0,4,0,1010,0,0,0
6,5,4,0,0,54,1,5110,0,1,1
5,13,2,0,1,8,1,10,0,0,0
13,2,5,0,0,64,0,5110,0,1,1
9,23,5,0,0,90,0,2300,0,1,1
13,2,1,0,0,76,0,2610,0,1,1
9,23,3,0,0,60,0,5110,0,1,1
8,4,1,0,0,77,0,1350,0,1,1
9,1,5,0,0,94,0,5110,0,0,1
11,4,6,0,0,62,1,5110,0,1,1
12,20,0,0,0,55,0,1320,0,1,1
13,22,4,0,0,79,0,20,0,0,1
9,22,3,0,0,76,0,5110,0,1,1
11,1,2,0,0,62,0,5110,0,1,1
5,16,1,0,1,18,2,180,0,0,0
9,20,4,0,0,85,1,5110,0,1,1
9,5,6,0,0,67,0,2750,0,1,1
12,19,6,0,0,79,0,5110,0,1,1
3,18,3,0,0,10,2,100,0,0,0
12,0,2,0,0,59,2,2180,0,1,1
5,10,3,0,1,5,0,10,0,0,0
13,1,3,0,0,57,1,5110,0,1,1
12,18,3,0,0,70,1,2790,0,1,1
11,19,5,0,0,96,2,5110,0,1,1
12,23,4,0,0,93,1,2860,0,1,1
10,23,5,0,0,56,2,5110,0,1,1
10,20,5,0,0,71,2,2190,0,1,1
5,7,1,0,1,0,0,20,0,0,0
11,4,3,0,0,67,1,1430,0,1,1
11,2,5,0,0,63,1,5100,0,0,1
10,20,0,0,0,82,1,5110,0,0,1
11,20,1,0,0,70,2,5110,0,1,1
11,4,6,0,0,90,1,5110,0,1,1
7,3,5,0,0,60,1,5110,0,1,1
5,3,5,0,0,57,2,5110,0,1,1
10,23,3,0,0,57,1,5110,0,1,1
11,23,4,0,0,58,2,5110,0,1,1
9,19,4,0,0,86,1,5110,0,1,1
12,3,6,0,0,92,1,2600,0,1,1
4,22,5,0,0,65,2,1410,0,1,1
12,1,5,0,0,57,2,5100,0,1,1
13,22,1,0,0,67,0,5110,0,1,1
6,0,6,0,0,98,0,5110,0,1,1
11,2,2,0,0,55,2,1020,0,1,1
9,21,3,0,0,89,2,5110,0,1,1
13,18,5,0,0,82,0,5110,0,1,1
9,3,3,0,0,82,2,1920,0,1,1
10,0,5,0,0,56,1,5090,0,1,1
5,14,2,0,1,18,0,30,0,0,0
8,3,5,0,0,68,1,5110,0,1,1
10,19,3,0,0,99,1,5110,0,1,1
10,20,6,0,0,66,2,5110,0,1,1
2,17,0,0,1,10,2,90,0,1,0
5,15,1,0,1,4,2,50,0,0,0
10,22,1,0,0,68,2,5110,0,1,1
10,23,2,0,0,62,0,5100,0,0,1
9,0,6,0,0,85,2,2810,0,1,1
11,1,6,0,0,89,1,5110,0,1,1
1,11,1,0,0,5,2,10,0,0,0
7,7,3,0,1,14,2,240,0,0,0
4,16,0,0,1,1,1,10,0,0,0
1,16,4,0,1,3,2,20,0,0,0
13,20,0,0,0,91,0,4750,0,1,1
13,21,3,0,0,56,0,1460,0,1,1
10,19,5,0,0,93,0,5110,0,1,1
13,22,4,0,0,84,0,5100,0,0,1
1,15,4,0,1,16,1,10,0,0,0
12,21,5,0,0,58,0,5110,0,1,1
11,19,5,0,0,87,0,5110,0,1,1
11,2,5,0,0,59,1,2250,0,1,1
13,23,2,0,0,71,2,5110,0,0,1
8,3,6,0,0,81,0,5110,0,1,1
10,2,5,0,0,86,1,5110,0,1,1
10,2,2,0,0,84,0,1640,0,1,1
4,7,3,0,1,2,2,20,0,0,0
5,9,0,0,0,8,2,10,0,0,0
10,2,4,0,1,77,2,2300,0,1,1
11,1,1,0,0,85,1,5110,0,1,1
9,1,1,0,0,65,2,5110,0,1,1
5,15,2,0,1,4,0,10,0,0,0
9,4,6,0,0,61,2,2870,0,0,1
13,22,4,0,0,96,0,5110,0,1,1
12,5,2,0,0,75,2,5110,0,1,1
10,5,3,0,0,78,1,5110,0,1,1
9,21,0,0,0,58,2,5110,0,1,1
10,1,4,0,0,91,1,1050,0,0,1
11,4,4,0,0,96,0,1060,0,1,1
6,5,0,0,0,64,0,5110,0,1,1
9,0,4,0,0,58,1,5110,0,1,1
5,3,0,0,1,76,0,2760,0,0,1
13,4,3,0,0,52,0,1470,0,1,1
11,1,5,0,0,60,0,5110,0,1,1
11,21,4,0,0,71,0,5110,0,0,1
10,1,0,0,0,50,1,5110,0,1,1
6,3,1,0,0,92,0,4970,0,1,1
13,0,2,0,0,93,0,2090,0,1,1
12,22,2,0,0,68,1,2800,0,1,1
10,3,3,0,0,56,1,1280,0,1,1
13,1,2,0,0,93,2,5110,0,1,1
9,19,2,0,0,71,1,5110,0,1,1
13,1,3,0,0,99,0,5110,0,0,1
7,22,4,0,0,60,0,1440,0,1,1
10,23,2,0,1,61,1,1140,0,0,1
2,7,3,0,0,5,1,10,0,0,0
9,18,6,0,0,90,0,5110,0,1,1
13,20,1,0,0,91,0,4780,0,1,1
12,21,5,0,0,97,1,5110,0,1,1
11,22,2,0,0,71,2,5110,0,0,1
3,9,1,0,0,11,1,20,0,0,0
9,22,2,0,0,97,0,5110,0,0,1
13,1,5,0,0,82,0,5110,0,0,1
9,1,1,0,0,86,0,2210,0,1,1
1,11,1,0,1,4,2,20,0,0,0
11,18,0,0,0,98,1,5110,0,1,1
9,4,2,0,0,66,1,5110,0,1,1
3,13,0,0,0,9,0,10,0,0,0
11,2,3,0,0,96,2,5110,0,1,1
8,5,1,0,0,56,2,5110,0,1,1
4,3,4,0,0,71,0,5110,0,0,1
8,1,0,0,1,74,1,2930,0,0,1
5,14,1,0,1,12,0,10,0,0,0
4,11,1,0,1,1,0,10,0,0,0
13,23,3,0,0,91,0,5110,0,1,1
10,19,4,0,0,57,2,5110,0,1,1
3,8,2,0,1,19,0,60,0,0,0
11,22,5,0,0,92,0,5110,0,0,1
10,1,5,0,0,82,0,5110,0,1,1
5,23,6,0,0,56,1,5110,0,0,1
5,14,1,0,1,3,2,50,0,0,0
5,17,4,0,1,3,1,80,0,0,0
5,18,0,0,0,60,0,4520,0,1,1
12,5,2,0,0,85,1,2740,0,1,1
5,9,4,0,1,5,1,60,0,0,0
2,9,0,0,1,13,0,170,0,0,0
12,19,5,0,0,98,1,5110,0,1,1
7,18,6,0,0,85,1,5110,0,0,1
10,1,1,0,0,65,1,5110,0,1,1
4,16,3,0,1,3,0,10,0,0,0
10,21,6,0,0,73,1,5110,0,1,1
9,19,5,0,0,61,2,5110,0,1,1
6,22,1,0,0,88,1,5110,0,1,1
12,23,4,0,0,51,2,2800,0,0,1
9,22,6,0,0,97,1,1410,0,0,1
9,22,6,0,0,75,0,5110,0,1,1
10,23,0,0,0,89,2,2480,0,1,1
11,18,5,0,0,58,1,4580,0,0,1
10,4,4,0,0,64,1,5110,0,0,1
14,19,3,0,0,79,0,30,0,1,1
11,5,3,0,0,52,0,5110,0,1,1
13,21,4,0,0,82,2,5100,0,1,1
12,23,4,0,0,70,1,5110,0,1,1
13,2,5,0,0,92,2,5110,0,1,1
12,18,1,0,0,88,1,5110,0,1,1
9,21,4,0,0,64,2,2010,0,1,1
12,20,2,0,0,52,2,5110,0,1,1
9,2,6,0,0,61,2,5110,0,1,1
10,1,5,0,0,58,2,4500,0,1,1
12,22,5,0,0,84,2,5110,0,0,1
13,5,5,0,0,84,1,1300,0,1,1
11,19,3,0,0,83,2,5110,0,1,1
10,5,5,0,0,85,0,5110,0,0,1
11,23,5,0,0,53,2,5110,0,1,1
8,20,4,0,1,98,0,50,0,0,1
12,5,0,0,0,62,2,5110,0,1,1
12,21,5,0,0,58,0,1090,0,0,1
12,18,5,0,0,63,2,5110,0,1,1
9,23,1,0,0,69,2,5110,0,1,1
10,19,6,0,0,76,0,10,0,1,1
13,3,2,0,0,53,2,5110,0,1,1
2,13,3,0,1,1,1,160,0,0,0
12,19,5,0,0,96,0,4530,0,0,1
10,18,6,0,0,55,0,5110,0,1,1
13,19,5,0,0,84,0,2300,0,1,1
12,20,6,0,0,73,1,5100,0,1,1
9,1,2,0,0,75,0,5110,0,1,1
10,23,4,0,0,90,2,5110,0,1,1
5,13,2,0,1,13,2,20,0,1,0
13,21,1,0,0,55,2,5110,0,1,1
11,22,3,0,0,84,1,5110,0,1,1
13,20,0,0,0,83,0,5110,0,0,1
10,21,5,0,0,68,1,5110,0,1,1
12,2,6,0,0,57,0,2410,0,1,1
12,22,1,0,1,78,0,1900,0,0,1
9,19,6,0,1,74,0,1510,0,1,1
11,19,4,0,0,51,0,2520,0,1,1
13,20,6,0,0,56,1,1320,0,1,1
12,21,5,0,0,75,0,5110,0,0,1
9,19,4,0,0,76,2,5110,0,1,1
12,23,0,0,0,93,0,5110,0,1,1
9,2,6,0,0,55,0,5110,0,1,1
11,5,0,0,0,97,2,5070,0,1,1
2,12,4,0,1,11,0,90,0,0,0
13,5,6,0,0,80,1,1450,0,1,1
13,4,3,0,0,62,0,1250,0,1,1
2,8,0,0,0,3,1,10,0,0,0
13,1,1,0,0,93,0,5110,0,1,1
10,21,5,0,0,61,0,4910,0,1,1
4,15,1,0,1,0,0,10,0,0,0
13,20,5,0,0,75,1,5110,0,1,1
9,4,6,0,0,50,0,4840,0,1,1
9,22,1,0,0,65,2,5110,0,1,1
12,5,1,0,0,63,1,5110,0,1,1
4,16,0,0,0,2,0,10,0,0,0
13,20,4,0,0,51,1,5110,0,1,1
13,5,2,0,0,64,0,5110,0,1,1
9,1,6,0,0,83,1,5110,0,1,1
14,21,0,0,1,54,1,10,0,1,1
12,22,1,0,0,97,1,5110,0,0,1
13,1,0,0,0,95,0,5110,0,0,1
9,3,2,0,0,93,1,2630,0,1,1
5,21,6,0,0,86,2,5110,0,1,1
13,4,6,0,0,62,1,4510,0,1,1
8,0,3,0,0,83,1,5110,0,1,1
12,0,3,0,0,50,0,5110,0,1,1
13,2,3,0,0,65,1,5110,0,1,1
6,18,0,0,0,93,2,5110,0,1,1
13,4,5,0,0,67,0,5110,0,1,1
12,23,2,0,0,73,2,5110,0,1,1
10,0,6,0,0,98,1,5110,0,1,1
5,1,3,0,0,98,2,5110,0,1,1
11,23,4,0,0,91,1,5110,0,1,1
3,18,0,0,1,18,1,100,0,0,0
13,5,2,0,0,98,1,2150,0,1,1
9,3,0,0,0,95,0,5110,0,1,1
9,1,5,0,0,78,2,2100,0,1,1
11,19,2,0,0,90,1,2230,0,0,1
1,13,4,0,0,18,1,100,0,0,0
5,3,6,0,0,89,1,5110,0,1,1
11,1,6,0,0,63,0,2210,0,1,1
12,21,6,0,0,74,1,5100,0,0,1
12,2,2,0,0,54,1,2420,0,1,1
9,19,0,0,0,63,0,5110,0,1,1
13,3,0,0,0,60,1,2460,0,1,1
5,3,6,0,0,91,0,5110,0,0,1
11,4,6,0,0,86,2,5110,0,1,1
13,22,3,0,0,55,1,5110,0,1,1
7,16,2,0,0,12,2,30,0,1,0
10,23,0,0,0,84,1,1600,0,1,1
11,2,2,0,0,53,1,5110,0,1,1
7,22,2,0,0,71,0,5110,0,1,1
13,20,5,0,0,60,0,5110,0,0,1
9,4,2,0,0,74,2,5110,0,0,1
11,4,3,0,0,87,1,5110,0,0,1
10,20,6,0,0,70,2,5110,0,0,1
12,19,5,0,0,66,2,5110,0,1,1
10,18,6,0,0,71,2,5110,0,0,1
6,1,4,0,0,70,2,5110,0,1,1
9,3,5,0,0,87,0,5110,0,1,1
4,7,2,0,1,15,2,10,0,0,0
11,20,0,0,0,68,2,5110,0,0,1
11,22,0,0,1,93,1,2750,0,1,1
3,20,3,0,0,50,0,5110,0,1,1
13,3,2,0,0,56,2,5110,0,0,1
13,5,1,0,0,62,0,5110,0,1,1
1,7,4,0,1,19,0,10,0,0,0
10,3,2,0,1,83,0,720,0,1,1
9,2,5,0,0,75,1,2810,0,1,1
13,0,2,0,0,73,1,1240,0,1,1
13,1,6,0,0,80,1,5110,0,1,1
5,21,3,0,0,84,2,5110,0,1,1
3,12,1,0,0,12,1,10,0,0,0
11,1,4,0,0,52,0,5110,0,0,1
10,2,5,0,0,50,2,5110,0,1,1
2,11,0,0,1,19,2,30,0,0,0
9,21,6,0,0,88,0,5110,0,1,1
10,4,4,0,1,66,0,2850,0,1,1
5,16,3,0,1,2,0,10,0,0,0
5,18,0,0,1,4,0,10,0,0,0
2,9,2,0,0,16,2,50,0,0,0
2,15,2,0,1,0,1,10,0,0,0
10,20,6,0,0,75,1,5110,0,1,1
4,11,3,0,1,1,0,20,0,0,0
5,8,1,0,1,7,1,70,0,0,0
1,8,1,0,1,18,0,230,0,0,0
12,19,3,0,0,96,2,5110,0,1,1
11,1,4,0,0,70,1,1210,0,1,1
9,2,0,0,0,99,2,5110,0,1,1
13,2,0,0,0,75,0,2750,0,1,1
1,13,4,0,1,3,0,10,0,0,0
4,3,0,0,0,96,1,4460,0,1,1
6,1,3,0,0,53,0,5110,0,0,1
2,7,0,0,1,7,1,20,0,0,0
9,4,3,0,1,72,0,1350,0,1,1
3,17,0,0,1,1,1,260,0,0,0
12,23,5,0,0,90,1,2710,0,1,1
5,2,4,0,0,86,1,2880,0,0,1
12,18,0,0,0,71,0,5110,0,1,1
2,16,1,0,1,3,0,20,0,0,0
13,19,5,0,0,74,0,5110,0,0,1
10,20,5,0,0,55,0,5100,0,1,1
9,0,5,0,0,67,0,2990,0,1,1
9,19,1,0,0,89,2,5110,0,1,1
12,3,3,0,0,89,2,5110,0,1,1
12,22,1,0,0,63,2,5110,0,1,1
5,15,4,0,0,4,2,10,0,0,0
10,2,5,0,0,92,2,5100,0,1,1
11,22,0,0,0,54,1,5110,0,1,1
3,8,1,0,1,7,0,100,0,0,0
11,5,3,0,0,82,2,5110,0,1,1
12,20,1,0,0,68,0,2170,0,1,1
12,18,2,0,0,73,1,5100,0,1,1
10,2,1,0,0,61,2,4460,0,1,1
12,18,1,0,0,58,0,2160,0,0,1
13,0,1,0,0,80,0,5110,0,1,1
13,19,6,0,0,99,1,2240,0,0,1
12,1,5,0,0,86,0,2590,0,0,1
11,3,3,0,0,68,0,5070,0,0,1
9,19,3,0,0,53,2,2410,0,1,1
12,2,3,0,0,85,1,360,0,1,1
9,11,3,0,1,18,1,10,0,0,0
13,19,0,0,0,67,2,2060,0,1,1
13,4,5,0,0,64,1,4470,0,0,1
10,5,5,0,0,92,0,990,0,1,1
11,1,4,0,0,94,2,5110,0,1,1
10,21,0,0,0,89,1,5110,0,1,1
10,0,5,0,0,98,2,2060,0,1,1
12,0,1,0,0,55,0,5110,0,1,1
10,0,6,0,0,76,0,5110,0,1,1
10,20,1,0,0,80,0,5110,0,0,1
10,19,2,0,0,73,0,5110,0,1,1
11,0,3,0,0,95,2,5110,0,0,1
11,0,2,0,0,55,0,5110,0,1,1
5,3,3,0,0,99,2,1100,0,0,1
10,21,5,0,0,57,0,5110,0,0,1
9,20,3,0,0,90,1,5110,0,1,1
11,3,1,0,1,97,0,1330,0,1,1
3,10,2,0,1,11,0,20,0,0,0
8,22,6,0,0,93,0,5110,0,1,1
12,21,3,0,0,89,2,5110,0,1,1
5,4,6,0,0,81,0,5090,0,0,1
8,20,4,0,0,65,0,5110,0,1,1
6,23,5,0,0,64,2,5110,0,0,1
9,19,0,0,0,52,1,5110,0,1,1
11,23,0,0,0,53,1,5110,0,1,1
9,19,5,0,0,78,0,5110,0,0,1
10,19,1,0,1,52,1,2590,0,1,1
1,8,2,0,1,18,1,20,0,0,0
11,22,0,0,0,92,2,4440,0,1,1
11,2,2,0,0,53,1,5110,0,0,1
9,5,2,0,0,51,0,5110,0,1,1
13,2,5,0,0,62,1,5100,0,1,1
12,22,0,0,0,67,1,5110,0,1,1
4,15,1,0,1,5,0,20,0,0,0
13,4,4,0,1,62,2,1320,0,1,1
13,3,1,0,0,61,0,5110,0,1,1
9,2,2,0,0,60,2,5110,0,0,1
7,1,6,0,0,83,2,5110,0,1,1
13,2,5,0,0,83,1,5110,0,1,1
11,19,0,0,0,66,2,1050,0,1,1
6,18,1,0,0,90,0,2850,0,0,1
12,0,2,0,0,81,1,5110,0,1,1
13,22,2,0,0,70,1,5110,0,1,1
4,2,1,0,0,85,2,2020,0,0,1
12,18,6,0,0,77,0,5110,0,0,1
3,14,0,0,1,17,0,70,0,0,0
13,22,6,0,0,65,2,5110,0,1,1
13,20,0,0,1,72,2,1200,0,1,1
11,19,5,0,0,83,0,5110,0,1,1
10,0,2,0,0,80,2,2210,0,1,1
10,0,2,0,0,78,1,870,0,1,1
9,1,3,0,0,98,0,5110,0,1,1
8,0,1,0,0,72,1,5100,0,1,1
3,17,1,0,1,6,2,50,0,0,0
10,23,6,0,0,91,0,4520,0,1,1
1,11,2,0,1,16,0,60,0,0,0
12,22,4,0,0,71,1,5110,0,1,1
11,4,0,0,0,52,2,1120,0,1,1
6,0,6,0,0,64,1,5110,0,1,1
9,18,6,0,0,69,1,1190,0,1,1
11,2,6,0,0,78,0,1430,0,1,1
10,5,0,0,0,88,1,5110,0,1,1
4,18,6,0,1,63,0,1390,0,1,1
11,20,5,0,0,53,2,5090,0,1,1
9,21,6,0,0,50,2,5110,0,1,1
9,22,4,0,0,72,0,5110,0,1,1
14,0,2,0,1,62,2,10,0,1,1
13,23,4,0,0,80,2,5110,0,1,1
14,22,0,0,0,68,0,50,0,1,1
8,3,3,0,0,95,2,5110,0,1,1
11,1,4,0,0,91,2,5110,0,1,1
10,23,1,0,0,51,2,5110,0,0,1
6,23,6,0,0,87,0,5110,0,1,1
10,0,2,0,1,56,1,2930,0,1,1
12,2,1,0,1,88,1,1010,0,1,1
13,18,5,0,0,60,1,5110,0,1,1
13,22,5,0,0,58,0,2140,0,0,1
7,18,6,0,0,72,2,2010,0,1,1
11,23,0,0,0,52,1,5110,0,0,1
12,18,6,0,0,82,1,5110,0,0,1
9,0,1,0,0,84,2,5110,0,1,1
2,11,3,0,1,6,2,70,0,0,0
13,23,1,0,0,92,2,5110,0,1,1
11,5,4,0,0,60,0,4900,0,1,1
10,0,2,0,0,90,1,3000,0,1,1
11,19,3,0,0,50,0,5110,0,1,1
10,3,6,0,0,91,1,5110,0,0,1
5,8,1,0,1,13,2,60,0,0,0
10,21,2,0,0,56,1,5110,0,1,1
11,5,4,0,1,52,2,2720,0,1,1
6,3,5,0,0,85,0,10,0,1,1
13,5,5,0,0,94,2,1170,0,1,1
11,3,1,0,0,75,1,1210,0,1,1
3,12,2,0,1,3,1,240,0,0,0
8,0,0,0,0,64,1,5110,0,0,1
2,14,3,0,1,13,0,250,0,0,0
11,22,1,0,0,61,0,1320,0,0,1
9,20,4,0,0,72,1,5110,0,1,1
11,20,2,0,0,94,1,5110,0,1,1
12,23,0,0,0,77,1,1210,0,1,1
12,1,6,0,0,68,2,1070,0,1,1
2,9,1,0,1,3,0,30,0,0,0
11,20,4,0,0,88,2,4590,0,1,1
10,0,6,0,0,96,1,5110,0,1,1
1,16,4,0,1,19,0,10,0,0,0
6,1,0,0,0,95,1,4770,0,1,1
9,20,2,0,1,73,0,10,0,1,1
11,22,4,0,0,73,1,5100,0,1,1
11,19,0,0,0,65,0,1270,0,0,1
13,1,3,0,0,59,1,4470,0,1,1
1,12,4,0,1,13,0,190,0,0,0
5,22,1,0,0,77,0,5110,0,1,1
11,3,4,0,0,51,0,5100,0,1,1
12,22,3,0,0,85,2,5110,0,1,1
9,19,2,0,0,87,1,5110,0,1,1
13,18,1,0,0,75,2,5090,0,1,1
3,15,2,0,1,14,0,10,0,0,0
7,1,5,0,0,61,1,5110,0,1,1
11,3,3,0,0,84,2,4750,0,0,1
9,1,3,0,0,69,1,1240,0,0,1
10,4,5,0,0,71,1,5110,0,1,1
11,5,0,0,0,80,0,5110,0,1,1
9,0,4,0,0,96,1,5110,0,1,1
5,18,0,0,1,2,2,30,0,0,0
9,5,2,0,0,88,2,1600,0,1,1
6,1,5,0,0,65,1,4630,0,1,1
9,22,3,0,0,59,0,5110,0,1,1
13,18,1,0,0,51,2,2970,0,1,1
8,21,4,0,0,66,0,5110,0,1,1
12,19,5,0,0,96,1,4710,0,1,1
6,18,0,0,1,5,2,380,0,0,0
10,19,6,0,0,80,0,5110,0,1,1
13,3,1,0,0,68,0,5110,0,1,1
13,3,2,0,0,80,1,5110,0,0,1
12,5,4,0,0,77,0,5110,0,1,1
12,18,0,0,0,57,0,5110,0,1,1
3,12,2,0,1,6,1,10,0,0,0
13,1,2,0,0,55,2,5110,0,1,1
5,17,2,0,1,8,1,20,0,0,0
3,12,0,0,1,15,1,80,0,0,0
1,14,2,0,1,1,2,10,0,0,0
13,19,5,0,0,84,2,5110,0,1,1
9,20,0,0,0,62,2,2280,0,0,1
3,16,1,0,1,15,1,140,0,0,0
5,20,1,0,0,71,1,5110,0,0,1
10,4,5,0,0,52,0,2230,0,1,1
4,16,2,0,1,19,0,10,0,0,0
9,22,3,0,0,54,1,10,0,1,1
13,0,2,0,0,65,2,1130,0,0,1
9,21,3,0,1,59,1,2500,0,1,1
11,1,4,0,0,98,2,5110,0,1,1
9,18,5,0,0,79,1,970,0,1,1
5,11,0,0,0,3,0,10,0,0,0
10,4,5,0,0,70,0,2840,0,0,1
7,16,4,0,1,14,2,50,0,0,0
11,18,6,0,0,80,2,5110,0,1,1
10,19,6,0,0,52,2,5110,0,1,1
9,20,6,0,0,83,1,5110,0,1,1
4,0,0,0,0,95,0,5110,0,1,1
4,8,2,0,1,5,2,10,0,0,0
9,19,6,0,0,64,0,5110,0,1,1
12,23,4,0,0,85,1,1150,0,1,1
1,11,4,0,1,17,0,10,0,0,0
11,0,0,0,0,79,0,5110,0,0,1
14,5,6,0,0,73,2,30,0,1,1
12,19,1,0,0,50,2,2760,0,1,1
13,21,1,0,0,51,0,5110,0,0,1
12,22,1,0,0,61,0,5110,0,1,1
11,22,6,0,1,67,1,2880,0,1,1
10,5,3,0,0,91,1,5100,0,1,1
12,20,5,0,0,69,1,5110,0,1,1
13,2,2,0,0,55,0,5110,0,0,1
3,15,1,0,1,7,1,10,0,0,0
9,14,2,0,1,12,1,30,0,0,0
9,5,4,0,0,60,1,5100,0,0,1
11,21,0,0,0,55,1,5100,0,1,1
1,11,1,0,0,10,1,10,0,0,0
1,12,4,0,1,2,0,10,0,0,0
9,22,0,0,0,98,1,4840,0,1,1
2,17,2,0,0,13,1,20,0,0,0
4,18,2,0,0,54,0,5110,0,1,1
1,10,2,0,1,2,2,120,0,0,0
11,7,2,0,0,3,1,30,0,0,0
13,0,2,0,0,99,2,5100,0,0,1
12,5,2,0,0,80,1,5110,0,1,1
3,13,3,0,1,13,0,60,0,0,0
6,23,1,0,0,84,0,1440,0,1,1
13,4,1,0,1,84,2,1010,0,1,1
13,18,3,0,1,96,2,5110,0,0,1
11,4,0,0,0,81,1,5110,0,1,1
9,0,6,0,0,88,2,5110,0,1,1
1,10,3,0,1,15,1,10,0,1,0
9,3,1,0,0,50,2,5110,0,1,1
7,3,1,0,0,95,2,5110,0,1,1
6,10,4,0,1,15,2,150,0,0,0
9,21,1,0,0,87,1,4460,0,1,1
10,3,5,0,0,93,0,5110,0,1,1
2,10,4,0,0,2,0,150,0,0,0
12,18,2,0,0,63,1,4470,0,1,1
3,17,3,0,1,3,2,40,0,0,0
2,16,4,0,0,2,0,20,0,0,0
9,4,2,0,0,61,2,5110,0,1,1
9,5,6,0,0,75,1,5100,0,1,1
6,1,4,0,0,54,1,5110,0,0,1
4,12,1,0,1,6,2,30,0,0,0
11,3,3,0,0,59,2,5110,0,0,1
2,16,2,0,1,1,1,60,0,0,0
7,21,5,0,0,84,2,5110,0,1,1
11,21,0,0,1,89,1,2340,0,1,1
11,4,6,0,0,58,1,5110,0,1,1
3,17,4,0,1,3,1,10,0,0,0
10,23,1,0,1,62,1,2040,0,1,1
10,3,3,0,0,81,1,5110,0,1,1
9,23,0,0,0,66,2,5110,0,1,1
8,18,1,0,0,71,0,2970,0,1,1
12,21,3,0,0,74,1,5110,0,1,1
2,13,1,0,1,8,2,10,0,0,0
9,19,2,0,0,52,0,1490,0,0,1
10,23,0,0,0,68,0,5110,0,1,1
5,15,0,0,0,5,2,30,0,0,0
13,2,5,0,0,64,2,5110,0,1,1
13,22,4,0,0,94,1,5110,0,1,1
12,1,5,0,0,98,2,5110,0,1,1
4,5,4,0,0,50,0,5110,0,1,1
12,3,5,0,0,78,0,1120,0,1,1
2,9,3,0,1,10,2,30,0,0,0
12,18,0,0,0,98,1,5110,0,1,1
13,4,0,0,0,67,2,5110,0,1,1
9,21,1,0,0,90,0,2980,0,0,1
8,4,5,0,0,62,0,5100,0,1,1
9,3,1,0,0,69,2,5110,0,0,1
10,23,1,0,0,59,2,5110,0,1,1
13,18,4,0,0,68,1,5100,0,1,1
11,23,0,0,0,95,1,2700,0,1,1
10,22,4,0,0,77,1,5110,0,1,1
10,21,4,0,0,63,0,5110,0,0,1
12,5,5,0,0,80,2,2170,0,1,1
8,2,6,0,0,66,0,2010,0,0,1
13,23,1,0,0,58,2,5090,0,1,1
5,11,3,0,1,7,2,230,0,1,0
12,20,3,0,0,95,0,5110,0,1,1
9,19,6,0,0,60,2,5090,0,1,1
9,1,3,0,0,73,0,5110,0,1,1
10,1,3,0,0,56,1,5110,0,1,1
9,3,3,0,0,57,0,5090,0,1,1
7,16,4,0,1,15,0,120,0,0,0
13,5,2,0,0,83,0,5110,0,1,1
9,3,4,0,0,78,0,2280,0,1,1
11,3,1,0,1,93,0,2010,0,0,1
10,2,2,0,0,53,1,5110,0,1,1
12,19,0,0,0,66,0,5110,0,1,1
13,4,1,0,0,75,0,5110,0,1,1
2,14,2,0,1,5,2,10,0,1,0
1,8,0,0,1,11,1,10,0,0,0
9,19,1,0,0,93,2,5110,0,0,1
6,18,3,0,0,99,1,5110,0,0,1
7,5,3,0,0,74,0,5110,0,1,1
8,16,4,0,0,13,0,10,0,1,0
9,21,1,0,0,91,2,5100,0,1,1
8,19,5,0,0,82,1,5110,0,1,1
13,22,1,0,0,79,2,5110,0,1,1
5,21,1,0,0,62,0,5110,0,1,1
11,3,5,0,0,55,2,5100,0,1,1
11,19,0,0,0,69,2,5110,0,1,1
13,19,5,0,0,50,2,5110,0,1,1
9,3,1,0,0,71,0,2040,0,1,1
2,11,1,0,1,17,0,10,0,0,0
11,1,1,0,1,69,2,1060,0,1,1
7,13,1,0,1,13,2,30,0,0,0
9,22,3,0,0,65,1,5110,0,1,1
12,1,1,0,0,78,0,5110,0,1,1
10,22,4,0,0,80,0,5110,0,1,1
10,22,3,0,0,76,0,5110,0,0,1
13,21,4,0,0,79,2,5110,0,1,1
10,20,2,0,0,94,1,5110,0,1,1
10,2,5,0,0,72,1,2010,0,1,1
9,21,2,0,0,82,2,5110,0,1,1
3,11,1,0,1,17,0,240,0,1,0
9,18,6,0,1,95,1,1090,0,1,1
10,20,4,0,0,90,1,4460,0,1,1
8,21,3,0,0,86,2,5100,0,1,1
4,11,3,0,1,1,2,10,0,0,0
11,21,3,0,0,90,1,2660,0,1,1
4,10,2,0,1,17,1,40,0,0,0
7,4,2,0,0,84,2,5110,0,1,1
13,2,0,0,0,99,1,5110,0,1,1
4,7,1,0,1,5,0,100,0,0,0
11,22,6,0,0,63,0,5100,0,0,1
8,7,0,0,1,8,0,240,0,0,0
12,21,2,0,0,92,1,2720,0,1,1
9,0,5,0,0,95,2,1070,0,0,1
13,0,3,0,0,57,2,5110,0,1,1
12,0,5,0,0,97,2,5100,0,1,1
10,22,1,0,0,91,1,5110,0,1,1
12,18,4,0,0,83,0,5110,0,1,1
9,5,2,0,0,95,0,5110,0,1,1
10,19,5,0,0,68,0,5110,0,1,1
5,9,4,0,1,19,2,10,0,0,0
3,9,0,0,1,16,0,10,0,0,0
9,21,6,0,0,98,1,5110,0,0,1
9,1,0,0,0,53,2,5110,0,0,1
7,21,3,0,0,81,1,5110,0,1,1
12,3,0,0,1,86,0,2270,0,0,1
2,17,0,0,1,19,0,10,0,1,0
3,7,0,0,1,13,2,580,0,0,0
13,4,1,0,0,63,1,5110,0,1,1
12,22,1,0,0,88,0,2460,0,0,1
13,23,3,0,0,61,2,1140,0,1,1
3,10,3,0,1,13,0,200,0,0,0
5,9,3,0,1,0,0,10,0,0,0
4,8,4,0,1,4,0,100,0,0,0
11,3,0,0,0,61,0,5110,0,1,1
13,23,0,0,0,54,1,5110,0,1,1
10,19,4,0,0,86,1,5110,0,1,1
8,22,2,0,0,79,0,5110,0,1,1
12,4,1,0,0,52,0,5110,0,0,1
13,23,5,0,0,92,0,990,0,1,1
6,12,4,0,0,2,1,60,0,0,0
12,20,0,0,0,64,1,1070,0,1,1
4,13,2,0,1,14,2,10,0,0,0
9,2,1,0,0,79,1,5110,0,1,1
11,2,4,0,0,73,2,5110,0,1,1
10,0,0,0,0,96,0,5110,0,1,1
11,18,1,0,0,77,1,5100,0,0,1
10,19,1,0,0,60,0,30,0,1,1
13,20,5,0,0,72,0,2470,0,0,1
11,1,6,0,0,86,2,2120,0,1,1
8,13,4,0,1,12,1,10,0,0,0
9,1,2,0,0,70,2,5110,0,1,1
11,3,5,0,0,74,0,5110,0,0,1
10,2,2,0,0,77,1,5110,0,0,1
11,19,5,0,0,98,0,5110,0,1,1
9,5,2,0,0,87,2,5110,0,1,1
10,23,5,0,0,80,2,5110,0,1,1
9,18,3,0,0,73,2,5110,0,1,1
10,23,1,0,0,53,1,5110,0,1,1
7,1,2,0,0,95,2,2340,0,0,1
11,5,2,0,0,67,1,5110,0,1,1
5,22,5,0,0,61,2,5110,0,0,1
5,10,2,0,1,17,1,80,0,0,0
2,8,4,0,1,10,0,80,0,0,0
9,1,3,0,0,58,0,5110,0,1,1
6,5,6,0,0,83,2,5090,0,0,1
10,19,2,0,0,67,1,5110,0,1,1
5,3,2,0,0,88,1,5110,0,1,1
11,21,6,0,1,91,1,2320,0,1,1
5,21,0,0,0,73,0,5110,0,1,1
12,18,3,0,0,67,2,5110,0,0,1
5,18,0,0,0,81,0,5110,0,1,1
8,20,0,0,0,53,0,5110,0,1,1
8,15,2,0,0,3,1,10,0,0,0
5,3,6,0,0,92,0,1350,0,1,1
12,1,5,0,0,99,0,5110,0,1,1
2,14,3,0,1,4,0,170,0,0,0
5,9,3,0,0,7,0,40,0,0,0
11,22,5,0,0,52,1,5110,0,1,1
11,2,4,0,0,97,1,5110,0,1,1
12,2,6,0,0,71,1,1060,0,1,1
9,18,4,0,0,83,2,5110,0,1,1
12,2,2,0,0,86,1,2190,0,0,1
10,1,0,0,0,57,2,5110,0,1,1
1,14,1,0,1,3,1,100,0,0,0
12,18,2,0,0,65,0,5080,0,1,1
9,20,2,0,0,64,2,5110,0,1,1
12,21,6,0,0,64,0,5110,0,0,1
11,0,1,0,0,90,1,5110,0,1,1
10,5,5,0,1,85,1,1310,0,1,1
13,4,2,0,0,95,2,5110,0,0,1
10,1,2,0,0,69,0,5110,0,1,1
9,22,1,0,0,52,0,5100,0,1,1
6,3,6,0,0,63,0,5110,0,1,1
11,4,5,0,0,83,2,5110,0,1,1
10,3,1,0,1,70,0,1220,0,1,1
12,21,0,0,0,88,1,5110,0,0,1
13,19,6,0,0,61,2,5110,0,1,1
4,17,1,0,1,19,0,220,0,0,0
9,18,5,0,0,62,1,5110,0,1,1
10,17,1,0,1,2,1,100,0,0,0
11,22,1,0,0,79,2,2480,0,1,1
10,0,0,0,0,60,0,1370,0,1,1
13,3,1,0,0,88,0,5110,0,1,1
12,23,1,0,0,68,1,5110,0,1,1
10,4,5,0,0,90,1,5110,0,1,1
3,23,3,0,0,82,1,2380,0,1,1
13,0,6,0,0,82,1,5110,0,1,1
13,19,3,0,0,89,2,1220,0,1,1
11,0,0,0,0,87,0,2890,0,1,1
13,0,1,0,0,67,1,5110,0,1,1
12,23,1,0,0,75,2,1240,0,1,1
3,18,2,0,0,18,2,10,0,0,0
13,21,3,0,0,60,1,5110,0,0,1
9,23,2,0,0,63,1,5100,0,0,1
10,2,6,0,0,84,2,5110,0,1,1
10,1,1,0,0,61,0,5110,0,1,1
6,3,3,0,1,59,0,2040,0,1,1
3,15,0,0,1,1,0,330,0,1,0
12,5,6,0,0,53,1,2620,0,1,1
4,12,3,0,0,17,1,10,0,0,0
11,20,0,0,0,99,1,4560,0,1,1
11,4,0,0,0,58,0,5110,0,1,1
9,5,2,0,0,66,1,5110,0,1,1
9,2,6,0,0,86,1,1230,0,1,1
10,0,4,0,0,97,1,5110,0,1,1
12,22,2,0,0,54,1,5100,0,1,1
1,18,2,0,1,5,1,10,0,0,0
9,2,0,0,0,76,2,2070,0,0,1
10,5,0,0,1,59,0,2330,0,0,1
12,18,0,0,0,85,2,5110,0,1,1
9,20,2,0,0,80,1,5110,0,0,1
11,20,3,0,0,72,0,4830,0,1,1
4,16,0,0,1,2,1,10,0,0,0
5,2,5,0,0,60,1,1100,0,1,1
13,1,5,0,1,65,0,1970,0,1,1
11,1,4,0,0,53,2,5110,0,1,1
9,18,3,0,0,84,0,5110,0,0,1
10,21,1,0,0,71,2,5100,0,1,1
1,14,4,0,1,18,1,110,0,0,0
9,5,4,0,0,50,1,5110,0,1,1
9,1,6,0,0,85,0,1500,0,1,1
1,18,1,0,1,2,1,50,0,1,0
11,21,2,0,0,66,2,5110,0,1,1
13,23,1,0,0,57,1,5110,0,1,1
9,21,2,0,0,87,2,5110,0,1,1
9,2,0,0,0,96,1,5110,0,1,1
8,21,3,0,0,88,2,5110,0,1,1
12,21,0,0,0,86,2,5110,0,1,1
11,0,6,0,1,99,2,10,0,1,1
9,20,2,0,0,55,2,4770,0,1,1
1,10,1,0,0,10,1,10,0,0,0
12,19,5,0,0,75,0,5110,0,1,1
11,19,6,0,0,86,2,5110,0,1,1
13,3,5,0,0,63,2,2160,0,1,1
12,23,4,0,0,52,1,490,0,1,1
9,0,0,0,0,77,0,5110,0,0,1
12,1,1,0,0,60,2,5110,0,1,1
10,2,6,0,0,68,2,5110,0,1,1
13,0,4,0,0,55,1,1310,0,0,1
11,4,3,0,0,56,1,4620,0,1,1
13,0,3,0,0,50,0,5110,0,1,1
5,20,2,0,0,58,0,5090,0,1,1
11,4,3,0,0,98,2,4840,0,1,1
13,1,6,0,0,66,1,5110,0,1,1
3,7,4,0,1,10,1,50,0,1,0
10,5,0,0,0,66,2,1270,0,1,1
9,3,2,0,0,92,0,5110,0,1,1
10,22,3,0,0,53,0,4790,0,0,1
10,18,4,0,0,70,1,5110,0,1,1
13,0,2,0,0,61,1,2950,0,1,1
13,0,1,0,0,80,1,5090,0,1,1
9,19,6,0,0,78,1,5100,0,1,1
13,1,4,0,0,95,2,5110,0,1,1
11,22,0,0,0,86,2,5100,0,1,1
11,19,6,0,1,82,1,1530,0,1,1
5,16,4,0,0,14,1,150,0,0,0
12,19,1,0,0,83,0,5110,0,0,1
10,21,4,0,0,89,1,5110,0,0,1
9,0,0,0,0,66,1,5110,0,1,1
9,19,3,0,0,96,2,5110,0,0,1
13,21,2,0,0,88,0,5110,0,1,1
10,2,0,0,0,57,2,5110,0,1,1
12,5,0,0,0,63,1,5110,0,1,1
9,21,6,0,1,99,2,2520,0,0,1
11,20,6,0,0,76,1,5110,0,1,1
12,23,4,0,0,79,1,5110,0,1,1
1,9,4,0,1,11,2,170,0,0,0
10,4,1,0,0,87,1,5110,0,0,1
3,15,0,0,1,13,2,10,0,0,0
4,12,0,0,0,8,1,90,0,0,0
4,15,1,0,1,18,2,10,0,1,0
3,2,3,0,0,87,2,5110,0,1,1
13,20,6,0,0,81,1,5110,0,1,1
5,17,3,0,1,3,2,160,0,0,0
5,2,3,0,1,73,1,2840,0,1,1
1,11,1,0,1,17,1,10,0,1,0
10,3,0,0,0,57,2,5110,0,0,1
10,1,5,0,0,81,0,5100,0,1,1
13,4,2,0,0,64,2,5100,0,0,1
10,2,1,0,1,58,0,2610,0,0,1
10,23,4,0,0,67,0,5110,0,0,1
13,5,2,0,0,52,2,5110,0,0,1
5,18,4,0,0,72,0,5110,0,1,1
11,0,1,0,0,93,2,4820,0,1,1
13,21,5,0,0,77,2,5110,0,1,1
10,3,4,0,0,94,1,5110,0,1,1
9,3,2,0,0,77,0,5110,0,1,1
12,5,2,0,0,51,2,5110,0,1,1
10,2,5,0,0,53,1,5110,0,1,1
9,19,2,0,0,69,0,2010,0,1,1
2,15,2,0,1,3,2,20,0,0,0
7,2,6,0,0,60,2,5110,0,1,1
9,18,4,0,0,89,2,1060,0,1,1
13,0,6,0,0,67,1,5110,0,1,1
11,0,6,0,0,70,1,5110,0,0,1
13,18,2,0,0,90,0,5110,0,1,1
13,20,2,0,0,82,0,5110,0,0,1
8,16,1,0,0,0,1,50,0,0,0
9,20,0,0,0,97,2,5110,0,1,1
13,18,3,0,0,77,1,5100,0,1,1
12,0,4,0,0,61,2,5110,0,1,1
12,23,1,0,0,85,0,2200,0,1,1
13,23,3,0,0,88,2,5110,0,0,1
11,4,6,0,0,63,1,1070,0,1,1
12,19,4,0,0,96,1,4730,0,1,1
2,16,4,0,1,12,2,10,0,0,0
5,7,1,0,1,0,2,10,0,0,0
11,4,2,0,1,99,2,1230,0,1,1
13,18,5,0,0,85,0,5110,0,1,1
9,0,2,0,0,53,2,2540,0,1,1
11,5,6,0,0,92,2,5110,0,1,1
13,21,0,0,0,59,2,790,0,1,1
12,23,4,0,0,79,0,5110,0,0,1
13,0,0,0,0,63,2,1960,0,1,1
7,2,2,0,1,60,1,2620,0,1,1
9,22,6,0,0,62,1,5110,0,1,1
4,9,1,0,1,7,1,100,0,0,0
11,22,0,0,0,66,1,5110,0,1,1
11,5,5,0,0,92,1,5110,0,1,1
12,2,4,0,0,85,1,5110,0,1,1
10,18,3,0,0,92,1,5110,0,1,1
4,7,3,0,0,3,2,10,0,0,0
13,3,0,0,0,75,2,5090,0,1,1
10,18,2,0,1,9,1,10,0,0,0
3,8,2,0,1,9,2,80,0,0,0
6,0,3,0,0,67,2,5090,0,0,1
1,13,1,0,1,19,1,90,0,0,0
11,22,2,0,0,91,0,5110,0,1,1
1,8,4,0,1,0,1,50,0,0,0
11,23,4,0,0,64,2,5110,0,0,1
4,19,6,0,0,92,0,1310,0,1,1
9,4,2,0,0,69,0,5110,0,1,1
5,8,2,0,1,0,1,390,0,0,0
7,1,5,0,0,62,2,5100,0,0,1
10,21,6,0,1,66,0,1320,0,1,1
3,15,3,0,1,0,1,10,0,1,0
4,9,4,0,1,3,1,10,0,0,0
11,3,0,0,0,58,2,2640,0,0,1
10,19,1,0,0,58,0,1270,0,1,1
10,0,2,0,0,55,1,5110,0,1,1
2,7,0,0,1,16,1,580,0,0,0
3,12,2,0,1,5,1,30,0,0,0
8,19,0,0,1,79,0,2530,0,1,1
4,3,3,0,0,52,2,1490,0,1,1
9,5,6,0,0,69,2,5110,0,1,1
10,20,4,0,0,92,1,5110,0,1,1
10,18,3,0,1,7,0,200,0,0,0
13,5,3,0,0,82,1,5110,0,1,1
11,4,4,0,0,64,0,5110,0,0,1
9,21,1,0,0,81,2,5110,0,0,1
10,3,2,0,0,53,0,5110,0,1,1
9,2,6,0,0,84,0,5110,0,1,1
13,23,1,0,0,92,2,5110,0,1,1
13,21,1,0,0,99,0,2320,0,1,1
4,12,3,0,1,15,2,130,0,0,0
13,22,6,0,0,53,1,2770,0,1,1
10,8,2,0,1,19,2,30,0,0,0
13,2,0,0,1,58,0,1310,0,0,1
13,4,3,0,1,97,1,2310,0,1,1
13,0,5,0,0,96,2,5110,0,0,1
2,16,1,0,0,19,2,10,0,0,0
9,23,4,0,0,86,0,5100,0,1,1
3,14,4,0,1,6,1,20,0,0,0
4,13,1,0,0,19,2,10,0,0,0
9,21,0,0,0,69,0,5110,0,0,1
12,19,5,0,0,80,2,5110,0,0,1
11,20,6,0,0,64,1,1280,0,1,1
10,5,1,0,0,68,1,5110,0,1,1
12,2,0,0,0,79,1,5110,0,1,1
5,10,4,0,0,10,2,160,0,0,0
9,5,5,0,1,99,0,1220,0,1,1
11,0,3,0,0,94,2,5100,0,1,1
4,2,2,0,0,96,0,990,0,1,1
10,3,0,0,0,82,1,5110,0,1,1
10,18,6,0,0,61,2,5110,0,1,1
12,5,2,0,0,75,0,1320,0,1,1
6,2,1,0,0,55,1,5110,0,1,1
10,23,2,0,0,84,2,5110,0,1,1
13,4,3,0,0,60,0,1030,0,1,1
9,5,2,0,0,94,2,5100,0,1,1
11,20,0,0,0,60,2,5110,0,1,1
5,14,0,0,1,9,2,10,0,0,0
12,9,1,0,0,11,1,120,0,0,0
3,13,3,0,1,8,1,130,0,0,0
11,18,4,0,0,70,1,5110,0,1,1
13,5,2,0,0,54,1,5110,0,1,1
11,21,6,0,0,62,2,2220,0,1,1
3,16,0,0,1,4,0,130,0,0,0
5,15,4,0,0,9,0,240,0,0,0
13,3,5,0,0,88,0,5110,0,0,1
5,0,1,0,0,91,0,5110,0,1,1
10,20,1,0,0,65,2,2940,0,0,1
12,1,1,0,1,79,1,1290,0,1,1
5,9,2,0,0,7,0,20,0,0,0
11,2,3,0,0,72,2,1020,0,1,1
12,2,0,0,0,71,2,5110,0,1,1
5,19,0,0,0,90,2,5110,0,1,1
9,2,0,0,0,77,0,5110,0,1,1
13,22,2,0,0,63,1,1120,0,0,1
13,5,1,0,0,51,2,5110,0,1,1
1,15,4,0,1,4,2,20,0,0,0
13,0,4,0,0,90,0,5110,0,1,1
9,18,6,0,0,94,0,5110,0,0,1
11,3,6,0,0,68,0,5110,0,1,1
12,5,6,0,0,86,2,5110,0,0,1
6,4,0,0,0,82,1,5110,0,0,1
10,23,5,0,0,97,0,5110,0,1,1
10,1,2,0,0,82,0,5110,0,1,1
5,12,1,0,0,6,2,30,0,0,0
13,18,2,0,0,80,2,5110,0,1,1
9,23,2,0,0,99,2,5110,0,1,1
11,4,1,0,0,99,0,5110,0,0,1
5,4,0,0,0,67,1,5110,0,0,1
11,18,6,0,0,69,2,1220,0,0,1
13,19,1,0,0,89,2,5110,0,0,1
13,1,0,0,0,55,2,5100,0,0,1
3,13,4,0,1,5,2,40,0,0,0
12,1,3,0,0,96,1,5110,0,1,1
13,4,0,0,0,81,2,5110,0,1,1
9,0,4,0,0,53,2,2220,0,1,1
9,2,5,0,0,69,0,5090,0,1,1
13,21,2,0,0,51,1,970,0,0,1
1,13,3,0,0,11,1,80,0,0,0
10,21,4,0,0,82,2,5110,0,1,1
11,1,6,0,0,90,2,1370,0,1,1
4,15,1,0,0,14,1,10,0,0,0
13,22,2,0,0,65,2,5100,0,1,1
7,18,2,0,0,75,0,5110,0,1,1
9,19,0,0,0,52,2,5110,0,0,1
9,3,5,0,0,79,1,1300,0,0,1
9,5,0,0,0,86,0,5110,0,1,1
11,3,1,0,0,53,2,5110,0,1,1
9,4,6,0,0,95,2,2840,0,1,1
10,3,5,0,0,52,2,5110,0,1,1
9,5,4,0,0,62,1,5110,0,1,1
10,4,3,0,0,72,0,5110,0,1,1
11,3,4,0,0,73,1,5110,0,1,1
14,18,3,0,0,93,1,50,0,1,1
1,9,0,0,1,11,1,10,0,0,0
1,17,1,0,1,12,1,180,0,0,0
11,21,2,0,0,76,0,5110,0,1,1
2,10,1,0,1,3,0,90,0,0,0
5,17,1,0,1,13,2,50,0,0,0
10,20,6,0,0,62,2,5100,0,1,1
13,23,4,0,0,98,2,5110,0,1,1
13,4,6,0,0,86,2,5110,0,1,1
1,12,1,0,1,14,2,60,0,0,0
10,3,2,0,0,59,2,5100,0,1,1
9,2,5,0,0,79,2,10,0,1,1
13,18,2,0,0,88,2,5100,0,1,1
12,1,3,0,0,65,1,5110,0,1,1
6,20,6,0,0,80,2,5110,0,1,1
9,1,3,0,1,51,1,2620,0,1,1
10,1,5,0,0,94,2,2860,0,1,1
2,14,4,0,1,16,0,40,0,0,0
2,14,4,0,1,8,2,20,0,0,0
9,19,1,0,0,86,0,5110,0,1,1
9,1,4,0,0,60,2,870,0,1,1
13,3,4,0,0,86,1,5110,0,1,1
7,3,4,0,0,92,0,1490,0,1,1
9,22,4,0,0,56,0,2380,0,0,1
4,0,3,0,0,94,1,5110,0,0,1
9,18,4,0,0,57,1,5110,0,1,1
5,17,4,0,1,14,1,30,0,0,0
11,4,3,0,1,59,2,1040,0,1,1
6,22,4,0,1,55,0,1200,0,0,1
11,20,1,0,0,64,1,5110,0,1,1
7,2,0,0,0,98,0,5110,0,0,1
12,18,0,0,1,61,1,2880,0,1,1
9,19,6,0,0,56,1,910,0,1,1
11,19,6,0,0,70,0,2530,0,1,1
11,5,3,0,0,61,1,5100,0,0,1
11,4,1,0,0,95,2,10,0,1,1
10,1,3,0,0,98,2,5110,0,1,1
5,12,1,0,1,14,1,20,0,0,0
10,1,2,0,0,85,2,5110,0,1,1
9,21,3,0,0,89,2,2280,0,0,1
9,1,4,0,0,61,1,2770,0,1,1
9,22,1,0,0,86,0,5110,0,1,1
12,3,1,0,0,74,1,5110,0,0,1
1,16,0,0,1,11,0,10,0,0,0
6,18,3,0,0,62,2,5110,0,1,1
6,23,4,0,0,59,1,5110,0,0,1
11,4,1,0,0,73,1,5110,0,0,1
12,4,4,0,0,86,2,1980,0,1,1
12,19,2,0,0,74,1,5110,0,1,1
3,18,1,0,1,19,0,30,0,0,0
9,22,5,0,1,97,0,2130,0,1,1
12,2,2,0,0,65,0,5110,0,0,1
13,5,6,0,0,67,0,5110,0,1,1
9,2,0,0,0,81,1,1030,0,1,1
10,5,3,0,0,67,1,4540,0,1,1
10,20,3,0,0,89,1,5110,0,0,1
9,3,1,0,0,98,0,5110,0,1,1
4,17,4,0,0,7,2,20,0,0,0
9,5,0,0,1,99,2,1180,0,1,1
9,1,5,0,0,59,1,5110,0,1,1
7,17,3,0,1,17,1,10,0,0,0
10,21,4,0,1,96,2,2180,0,1,1
11,1,1,0,0,56,1,5110,0,1,1
3,14,4,0,1,16,2,120,0,0,0
7,5,2,0,0,72,2,5110,0,0,1
11,22,1,0,0,55,2,5110,0,0,1
11,20,6,0,0,85,1,5110,0,1,1
5,17,3,0,1,3,2,70,0,0,0
11,4,4,0,0,51,1,2470,0,1,1
5,12,2,0,0,1,0,10,0,0,0
13,2,0,0,0,95,0,1210,0,0,1
13,1,2,0,1,76,2,1860,0,1,1
12,0,4,0,0,58,0,5100,0,0,1
9,0,6,0,0,89,2,5110,0,1,1
6,17,3,0,0,7,1,10,0,0,0
13,19,1,0,0,60,2,1140,0,1,1
12,4,5,0,0,81,2,2460,0,1,1
13,5,6,0,0,84,0,5110,0,1,1
13,3,2,0,0,66,1,5110,0,0,1
13,1,0,0,0,98,1,5110,0,1,1
5,21,2,0,0,51,1,5110,0,1,1
13,18,0,0,0,96,2,5110,0,1,1
13,5,0,0,0,64,2,1030,0,1,1
8,14,4,0,1,5,1,10,0,0,0
12,2,4,0,0,65,0,5110,0,1,1
13,19,0,0,0,95,1,5110,0,1,1
5,12,4,0,1,12,2,80,0,0,0
11,1,1,0,0,56,2,5110,0,1,1
13,22,2,0,0,50,0,5110,0,1,1
1,15,1,0,1,15,2,180,0,0,0
11,3,1,0,0,88,0,2360,0,1,1
4,14,1,0,1,2,2,220,0,0,0
11,22,4,0,0,75,1,1340,0,1,1
5,14,0,0,1,9,1,20,0,1,0
3,18,4,0,0,18,2,10,1,0,0
10,20,5,0,0,68,0,2190,0,1,1
11,18,3,0,0,91,1,5110,0,0,1
9,21,6,0,0,92,1,5110,0,1,1
10,0,5,0,0,79,2,2210,0,1,1
11,20,2,0,0,93,0,5110,0,1,1
10,20,1,0,0,77,2,5110,0,1,1
10,21,3,0,1,74,0,2030,0,0,1
1,9,4,0,1,3,0,20,0,0,0
3,16,4,0,1,9,1,20,0,0,0
6,4,5,0,0,57,0,5110,0,1,1
1,10,0,0,0,7,0,50,0,0,0
1,15,0,0,1,5,0,30,0,0,0
3,11,2,0,0,17,0,10,0,0,0
11,20,0,0,0,58,1,5110,0,1,1
9,0,0,0,0,77,2,5110,0,0,1
13,2,6,0,1,98,0,20,0,1,1
13,1,6,0,0,68,1,5110,0,1,1
10,20,5,0,0,64,2,1020,0,1,1
9,19,0,0,0,57,0,2140,0,1,1
8,18,1,0,1,1,0,70,0,0,0
10,3,6,0,0,52,0,5110,0,1,1
12,18,6,0,0,67,1,4490,0,0,1
5,18,3,0,0,13,0,130,0,0,0
4,10,3,0,0,0,1,20,0,0,0
12,2,3,0,0,63,1,5110,0,1,1
5,21,5,0,0,81,1,4460,0,1,1
6,19,4,0,0,90,1,5110,0,1,1
12,2,3,0,0,65,1,5110,0,0,1
13,0,4,0,0,82,2,5110,0,1,1
13,21,4,0,0,71,0,5100,0,1,1
12,0,4,0,0,64,0,2380,0,1,1
12,21,6,0,0,65,0,5110,0,0,1
6,3,4,0,0,63,1,5110,0,0,1
1,16,1,0,1,10,0,10,0,0,0
13,23,2,0,0,57,1,5100,0,0,1
10,23,0,0,1,89,0,2400,0,1,1
11,20,5,0,0,96,0,5110,0,1,1
13,2,4,0,0,88,2,5110,0,1,1
10,4,0,0,0,66,0,5110,0,0,1
13,21,1,0,0,53,2,5110,0,0,1
3,12,4,0,1,3,2,170,0,0,0
11,5,5,0,0,55,0,5110,0,1,1
9,2,3,0,0,99,2,5110,0,0,1
13,0,3,0,0,77,2,5110,0,1,1
10,18,3,0,0,99,2,5110,0,0,1
10,5,0,0,0,94,2,5110,0,1,1
4,13,4,0,1,18,0,40,0,0,0
10,21,4,0,0,55,2,1040,0,1,1
11,22,5,0,0,84,0,300,0,1,1
7,20,5,0,0,62,1,5100,0,0,1
13,21,3,0,0,70,1,5110,0,1,1
4,12,1,0,0,6,0,10,0,0,0
10,22,0,0,0,71,2,5110,0,1,1
10,23,2,0,1,96,1,730,0,0,1
11,18,0,0,0,71,1,5110,0,1,1
10,21,1,0,0,84,0,5090,0,1,1
13,3,6,0,0,64,0,5110,0,1,1
10,23,1,0,0,60,1,5110,0,1,1
4,2,4,0,0,66,0,5110,0,0,1
9,2,6,0,0,53,0,1780,0,1,1
1,12,2,0,1,19,2,30,0,0,0
13,22,1,0,0,73,1,5110,0,1,1
10,3,1,0,0,84,1,5110,0,1,1
13,2,2,0,0,98,2,1300,0,0,1
10,22,2,0,1,61,1,2030,0,1,1
5,3,6,0,0,57,1,5110,0,1,1
13,20,0,0,1,68,1,2600,0,1,1
3,7,0,0,1,3,0,60,0,0,0
10,20,2,0,0,63,0,5110,0,1,1
13,5,2,0,0,68,1,5100,0,0,1
4,15,2,0,1,19,0,10,0,0,0
11,3,3,0,1,74,1,840,0,0,1
13,23,3,0,0,55,1,5110,0,1,1
2,17,0,0,1,12,1,80,0,0,0
4,18,2,0,1,1,1,10,0,0,0
12,21,4,0,0,57,1,5110,0,1,1
11,3,2,0,0,61,2,5110,0,1,1
10,19,3,0,0,58,1,5110,0,1,1
11,19,2,0,0,97,2,5100,0,1,1
13,1,3,0,0,81,1,5110,0,1,1
13,3,6,0,0,85,0,5110,0,1,1
9,3,4,0,0,85,0,5100,0,1,1
10,1,0,0,0,70,0,5110,0,1,1
9,2,1,0,0,88,2,5100,0,1,1
10,0,6,0,0,50,1,5110,0,0,1
5,0,6,0,0,93,0,5110,0,1,1
13,23,4,0,0,96,2,5100,0,1,1
2,12,3,0,1,4,1,10,0,0,0
11,18,0,0,0,50,2,960,0,0,1
4,3,6,0,0,83,0,5110,0,0,1
10,0,0,0,0,74,0,5110,0,0,1
9,20,0,0,0,95,0,5110,0,1,1
10,23,5,0,0,87,0,5110,0,0,1
4,18,1,0,1,7,2,10,0,0,0
5,18,0,0,1,8,1,10,0,1,0
13,2,6,0,0,89,1,5110,0,0,1
5,17,0,0,1,18,2,10,0,0,0
10,3,0,0,0,70,1,5110,0,0,1
12,4,1,0,0,93,0,10,0,1,1
5,18,3,0,1,18,2,30,0,0,0
11,20,2,0,0,67,0,4380,0,1,1
1,12,3,0,1,4,2,300,0,0,0
3,18,1,0,0,73,2,5100,0,1,1
2,17,4,0,1,18,0,100,0,0,0
5,8,2,0,0,9,1,20,0,0,0
13,4,0,0,0,95,2,5100,0,1,1
9,19,3,0,0,59,2,5110,0,1,1
11,23,5,0,0,77,2,5110,0,1,1
4,0,5,0,0,62,1,2070,0,1,1
4,13,2,0,1,2,1,30,0,0,0
11,13,4,0,0,3,1,10,0,0,0
3,8,0,0,1,4,1,30,0,0,0
9,2,2,0,0,59,1,5110,0,1,1
13,18,4,0,1,55,1,2600,0,1,1
3,17,1,0,1,8,2,30,0,0,0
13,23,4,0,1,86,1,2930,0,0,1
13,23,6,0,0,53,2,2560,0,1,1
11,0,3,0,0,75,2,5110,0,1,1
10,5,0,0,0,50,1,5110,0,1,1
2,8,1,0,0,5,2,10,0,0,0
10,21,2,0,0,86,0,5110,0,1,1
10,1,6,0,0,71,2,5110,0,1,1
13,1,1,0,0,57,0,5110,0,1,1
5,9,4,0,0,15,2,10,0,0,0
9,0,1,0,0,57,2,5110,0,1,1
10,23,6,0,0,83,2,5110,0,1,1
9,0,0,0,0,92,2,5110,0,1,1
11,23,1,0,0,65,0,5110,0,1,1
9,1,4,0,0,97,1,5110,0,1,1
12,22,5,0,0,88,2,5110,0,0,1
3,14,1,0,1,13,0,10,0,0,0
10,2,4,0,1,50,1,1350,0,0,1
9,22,1,0,0,63,2,5110,0,1,1
4,15,1,0,1,5,1,250,0,0,0
11,21,4,0,0,98,2,5110,0,0,1
10,5,1,0,0,83,0,1090,0,1,1
10,1,2,0,0,84,1,5110,0,1,1
1,14,0,0,1,12,2,80,0,0,0
11,23,4,0,0,85,2,420,0,1,1
8,5,2,0,0,88,2,5110,0,1,1
5,18,1,0,1,6,2,360,0,1,0
9,5,2,0,1,95,2,2020,0,0,1
4,12,0,0,1,7,0,110,0,0,0
9,21,3,0,0,97,1,5110,0,1,1
12,18,2,0,0,71,1,5110,0,0,1
11,22,4,0,0,57,1,5110,0,1,1
2,16,0,0,1,6,0,10,0,0,0
12,3,3,0,0,95,0,5110,0,1,1
9,2,3,0,0,58,1,5110,0,1,1
11,18,1,0,0,61,1,5110,0,1,1
10,23,6,0,0,86,2,5110,0,1,1
4,15,4,0,0,17,1,10,0,0,0
13,5,2,0,0,68,0,4420,0,1,1
11,0,0,0,0,95,1,1460,0,1,1
12,5,4,0,0,64,1,2810,0,1,1
11,2,5,0,0,97,0,5110,0,1,1
12,22,3,0,0,53,2,2580,0,0,1
7,23,1,0,0,73,0,5110,0,0,1
2,11,2,0,1,5,1,200,0,0,0
10,1,5,0,0,85,2,5110,0,1,1
11,21,3,0,0,97,0,5110,0,0,1
7,2,3,0,0,52,0,5100,0,1,1
10,20,2,0,0,99,2,5110,0,0,1
5,18,0,0,0,77,1,2420,0,1,1
2,17,1,0,1,9,1,30,0,0,0
3,12,4,0,0,18,1,10,0,0,0
9,20,6,0,0,65,2,5110,0,1,1
7,23,3,0,0,91,0,5110,0,1,1
9,20,5,0,0,53,0,5110,0,1,1
3,11,4,0,1,3,0,60,0,0,0
9,4,1,0,0,99,1,1150,0,0,1
5,9,3,0,1,5,0,170,0,1,0
10,4,1,0,0,56,2,5110,0,1,1
13,0,5,0,0,69,0,5110,0,1,1
10,4,3,0,0,98,0,5110,0,0,1
6,19,6,0,0,73,1,1080,0,1,1
12,4,1,0,1,51,0,2240,0,1,1
6,23,2,0,0,58,1,2570,0,1,1
13,21,3,0,0,95,1,4530,0,0,1
12,21,4,0,0,55,0,5110,0,0,1
5,17,0,0,1,18,2,10,0,0,0
13,1,4,0,0,56,2,5110,0,1,1
11,2,4,0,1,99,0,1380,0,1,1
3,11,4,0,0,10,2,740,0,0,0
1,8,1,0,0,17,2,80,0,0,0
13,23,4,0,0,61,0,260,0,1,1
10,22,3,0,0,93,2,5110,0,1,1
1,15,1,0,1,14,2,210,0,0,0
11,18,2,0,0,79,2,5110,0,1,1
12,19,5,0,0,60,0,5110,0,1,1
4,16,2,0,1,18,0,450,0,0,0
9,0,5,0,0,78,2,5100,0,1,1
12,19,1,0,0,77,2,5110,0,0,1
9,19,2,0,0,72,0,5110,0,1,1
14,19,2,0,0,63,0,40,0,1,1
10,9,1,0,0,14,1,330,0,0,0
14,1,2,0,0,73,0,60,0,1,1
10,20,3,0,1,97,1,1050,0,0,1
1,13,3,0,0,0,2,160,0,0,0
12,0,3,0,0,91,0,5110,0,1,1
1,15,2,0,0,7,0,210,0,0,0
12,21,0,0,0,94,0,2860,0,1,1
12,20,4,0,0,50,1,5110,0,1,1
13,19,3,0,1,81,2,2270,0,1,1
8,3,0,0,0,99,1,5110,0,1,1
13,19,4,0,1,92,1,1090,0,1,1
11,22,1,0,0,57,1,1100,0,1,1
12,5,4,0,0,74,0,5110,0,0,1
3,0,4,0,0,58,2,5110,0,1,1
4,8,3,0,1,16,2,220,0,0,0
12,21,1,0,0,61,1,1030,0,1,1
12,19,6,0,0,77,1,5110,0,1,1
13,20,6,0,0,78,0,5110,0,1,1
11,18,2,0,0,71,2,2600,0,1,1
7,5,2,0,0,61,0,5110,0,0,1
1,11,1,0,0,12,2,60,0,0,0
11,3,1,0,0,82,0,5110,0,1,1
1,17,2,0,0,7,2,20,0,0,0
12,1,0,0,1,69,0,390,0,1,1
5,7,1,0,1,4,1,100,0,0,0
12,20,5,0,0,92,0,5110,0,0,1
12,22,6,0,0,58,2,5110,0,0,1
4,14,2,0,1,2,1,20,0,0,0
12,21,3,0,0,90,1,4600,0,1,1
5,7,3,0,1,1,1,80,0,0,0
7,3,4,0,0,84,1,1490,0,1,1
9,3,6,0,0,50,2,5110,0,1,1
2,12,1,0,1,8,1,320,0,0,0
12,19,1,0,1,84,0,2780,0,1,1
11,18,6,0,0,59,2,5110,0,1,1
10,5,0,0,0,60,0,5110,0,0,1
9,22,4,0,0,83,1,5110,0,1,1
12,1,1,0,0,76,0,5110,0,0,1
11,3,5,0,0,89,0,5110,0,1,1
11,0,1,0,0,70,0,1480,0,0,1
9,21,4,0,0,58,2,5110,0,1,1
10,1,5,0,0,87,0,5110,0,0,1
13,0,3,0,0,72,0,5110,0,1,1
12,2,1,0,0,88,1,20,0,1,1
11,19,4,0,0,94,1,5110,0,1,1
12,1,1,0,0,72,2,1470,0,1,1
3,11,2,0,0,6,1,80,0,0,0
9,18,1,0,0,53,2,1940,0,0,1
8,21,1,0,1,64,1,2620,0,0,1
9,4,2,0,1,55,1,810,0,0,1
4,20,6,0,0,56,1,5110,0,1,1
4,13,3,0,0,11,0,10,0,0,0
13,5,5,0,0,77,2,5110,0,0,1
11,22,0,0,0,80,0,5090,0,1,1
9,18,2,0,0,60,1,5110,0,0,1
7,2,3,0,0,61,1,1470,0,1,1
9,23,0,0,0,52,0,5110,0,1,1
8,22,2,0,0,79,1,2440,0,1,1
11,22,3,0,0,67,1,2140,0,1,1
10,0,1,0,0,95,0,5110,0,1,1
11,23,1,0,1,70,0,2950,0,0,1
2,7,1,0,1,13,0,120,0,0,0
3,16,0,0,0,7,0,290,0,0,0
11,1,2,0,0,51,2,5110,0,1,1
12,0,3,0,0,64,2,5110,0,1,1
6,20,5,0,0,54,2,5110,0,1,1
10,3,5,0,0,87,1,1080,0,1,1
13,20,0,0,0,62,2,1350,0,1,1
13,20,5,0,0,72,2,2540,0,1,1
4,11,0,0,0,13,2,10,0,1,0
13,0,3,0,0,66,1,5100,0,0,1
9,1,3,0,0,94,2,5110,0,1,1
1,15,2,0,0,0,1,110,0,0,0
10,0,2,0,0,88,1,5110,0,1,1
8,5,1,0,0,51,2,5100,0,0,1
13,20,6,0,0,67,0,5110,0,1,1
8,12,0,0,1,14,1,10,0,0,0
11,18,1,0,0,67,2,5100,0,1,1
7,23,1,0,0,54,1,5100,0,1,1
13,19,1,0,0,98,0,5110,0,1,1
13,22,0,0,0,98,2,5080,0,1,1
11,2,6,0,0,69,1,5100,0,1,1
2,13,3,0,1,0,0,110,0,0,0
11,4,3,0,0,60,1,5110,0,1,1
9,23,1,0,0,59,0,5110,0,1,1
11,5,0,0,1,53,0,1080,0,0,1
10,20,5,0,0,61,1,4800,0,1,1
3,9,3,0,0,3,1,320,0,0,0
13,4,3,0,1,72,0,1090,0,1,1
3,18,3,0,0,2,1,10,0,0,0
9,23,0,0,0,60,1,5110,0,1,1
6,0,2,0,1,85,2,1420,0,0,1
5,9,1,0,1,15,2,160,0,0,0
1,14,4,0,1,4,0,90,0,0,0
10,22,0,0,0,73,2,2920,0,1,1
6,22,3,0,0,70,1,5110,0,1,1
10,1,0,0,0,83,1,4450,0,1,1
11,21,2,0,0,83,2,5110,0,1,1
9,18,4,0,0,84,1,5110,0,1,1
7,0,1,0,0,97,2,5110,0,1,1
13,3,1,0,0,87,2,5110,0,1,1
5,17,4,0,0,13,0,100,0,0,0
3,10,4,0,0,18,2,50,0,0,0
5,12,2,0,1,18,2,10,0,0,0
11,23,4,0,0,69,1,5110,0,0,1
7,21,3,0,0,92,2,5110,0,0,1
3,22,1,0,0,52,0,2200,0,1,1
11,22,6,0,0,58,2,5110,0,0,1
4,12,1,0,1,1,1,80,0,0,0
8,2,4,0,0,96,2,1180,0,1,1
4,8,2,0,1,5,2,20,0,0,0
10,4,5,0,0,54,0,5110,0,1,1
11,18,4,0,0,54,0,5110,0,1,1
10,19,5,0,0,56,1,5110,0,1,1
5,11,4,0,1,14,2,130,0,0,0
12,23,1,0,0,89,0,5110,0,0,1
10,21,3,0,0,65,1,1180,0,1,1
11,1,4,0,0,94,1,2240,0,1,1
9,20,6,0,0,92,1,4750,0,1,1
13,19,1,0,0,61,1,2330,0,1,1
5,15,3,0,1,11,0,10,0,1,0
11,5,4,0,0,64,2,2090,0,1,1
3,18,3,0,0,3,0,10,0,1,0
9,3,6,0,0,61,2,2030,0,1,1
12,0,6,0,0,89,2,1480,0,0,1
12,18,5,0,0,69,2,5110,0,1,1
9,23,6,0,0,50,1,5110,0,1,1
12,22,2,0,0,53,0,5110,0,1,1
11,23,6,0,0,56,0,5110,0,1,1
5,13,3,0,1,16,0,40,0,0,0
12,18,4,0,0,52,2,2870,0,1,1
12,19,4,0,0,59,1,4820,0,1,1
2,15,2,0,1,18,0,190,0,0,0
1,13,2,0,1,3,1,120,0,0,0
7,16,4,0,1,18,2,10,0,0,0
11,18,0,0,0,69,2,5100,0,1,1
12,4,0,0,1,71,1,1110,0,1,1
10,22,2,0,0,84,0,5110,0,1,1
11,19,4,0,0,51,1,5110,0,1,1
12,21,1,0,0,99,0,5100,0,1,1
2,12,1,0,1,5,0,90,0,0,0
9,2,4,0,1,74,2,1330,0,1,1
12,23,4,0,0,86,0,1920,0,0,1
12,23,3,0,0,94,1,5110,0,1,1
11,5,6,0,0,76,1,10,0,1,1
2,11,0,0,1,3,1,160,0,0,0
5,0,0,0,0,72,1,5110,0,1,1
10,22,6,0,0,76,2,2710,0,1,1
13,4,5,0,0,94,1,5110,0,1,1
5,18,6,0,0,86,1,1760,0,1,1
12,3,6,0,0,74,0,5110,0,1,1
13,4,2,0,0,99,0,5110,0,1,1
8,22,4,0,0,87,1,5110,0,1,1
9,2,3,0,0,82,2,5100,0,0,1
2,14,3,0,1,19,0,120,0,0,0
4,11,3,0,1,7,0,430,0,0,0
13,20,5,0,0,62,0,5110,0,1,1
12,5,3,0,0,93,2,5110,0,1,1
4,2,1,0,0,97,1,2360,0,1,1
10,5,1,0,0,64,1,5100,0,0,1
3,16,3,0,1,10,2,30,0,0,0
10,20,0,0,0,66,0,5110,0,1,1
10,18,6,0,0,93,2,5110,0,0,1
11,0,0,0,0,73,0,5110,0,1,1
11,21,4,0,0,98,0,5110,0,1,1
12,20,2,0,0,60,2,5110,0,0,1
13,2,3,0,0,50,1,5110,0,1,1
7,23,2,0,0,52,0,2680,0,1,1
5,16,1,0,1,5,1,90,0,0,0
9,5,4,0,0,66,2,1170,0,1,1
13,20,5,0,0,98,2,5110,0,1,1
7,22,4,0,0,97,0,5110,0,1,1
12,3,0,0,0,69,2,5110,0,0,1
6,2,4,0,0,60,1,5110,0,0,1
10,3,1,0,0,60,0,5110,0,1,1
4,11,4,0,1,7,2,10,0,0,0
8,23,6,0,1,50,0,1110,0,0,1
9,4,6,0,0,82,0,5110,0,1,1
5,17,4,0,0,11,1,100,0,0,0
10,5,4,0,0,71,1,5110,0,1,1
12,20,5,0,1,69,2,1100,0,1,1
9,5,3,0,1,72,1,2230,0,0,1
13,5,5,0,0,87,2,5110,0,0,1
3,1,2,0,0,59,2,5110,0,1,1
12,5,3,0,0,81,1,5110,0,1,1
11,4,2,0,0,76,2,1250,0,0,1
7,21,5,0,0,79,0,5110,0,1,1
13,18,3,0,0,62,1,5110,0,1,1
13,4,0,0,0,94,1,4900,0,1,1
9,2,1,0,0,94,0,5110,0,1,1
11,19,3,0,0,98,2,5110,0,1,1
13,21,1,0,0,94,1,5110,0,1,1
9,19,5,0,0,74,1,5110,0,1,1
5,11,4,0,1,14,0,10,0,0,0
4,13,0,0,1,1,2,10,0,0,0
12,18,2,0,1,2,2,10,0,0,0
10,20,2,0,0,74,0,4590,0,1,1
11,0,6,0,0,66,1,1990,0,1,1
11,19,6,0,1,84,2,1100,0,1,1
3,17,4,0,1,17,0,140,0,0,0
13,21,4,0,0,74,0,5110,0,1,1
12,2,1,0,0,97,0,2220,0,1,1
12,23,4,0,0,56,0,5110,0,1,1
12,21,0,0,0,86,0,5110,0,1,1
12,19,0,0,1,90,1,1070,0,1,1
12,18,2,0,0,91,2,2900,0,0,1
12,18,0,0,0,87,1,5110,0,1,1
12,4,5,0,0,53,1,2200,0,1,1
12,4,5,0,1,76,0,2310,0,1,1
9,18,6,0,0,56,1,5110,0,1,1
12,18,1,0,0,85,2,1150,0,1,1
9,22,6,0,0,77,1,2780,0,1,1
10,18,1,0,0,95,1,1130,0,1,1
1,16,4,0,1,18,2,40,0,0,0
13,4,6,0,1,90,2,2360,0,1,1
11,23,0,0,1,80,1,1380,0,1,1
10,3,3,0,0,76,1,2410,0,0,1
13,18,0,0,0,78,0,1180,0,0,1
12,19,0,0,0,94,1,4580,0,1,1
5,2,3,0,0,64,2,2580,0,1,1
9,1,0,0,0,92,2,5110,0,1,1
12,23,4,0,1,63,1,2340,0,1,1
10,21,1,0,0,62,1,5100,0,1,1
3,16,1,0,0,7,2,10,0,0,0
13,20,3,0,0,93,2,1270,0,0,1
11,19,5,0,0,66,1,5110,0,1,1
8,20,1,0,0,54,0,4490,0,1,1
9,18,1,0,0,56,0,5110,0,1,1
11,19,6,0,0,99,0,5110,0,1,1
12,20,0,0,1,79,0,2280,0,1,1
5,16,3,0,1,17,2,10,0,0,0
11,21,0,0,0,79,2,5110,0,1,1
5,16,4,0,1,9,0,110,0,0,0
6,22,3,0,0,86,0,2600,0,1,1
5,18,4,0,0,58,0,5110,0,1,1
3,3,1,0,0,73,1,5110,0,1,1
11,23,1,0,0,61,1,5110,0,1,1
4,18,3,0,0,88,1,2160,0,1,1
11,3,3,0,0,96,1,2890,0,1,1
9,3,4,0,0,74,1,5100,0,1,1
4,9,0,0,1,13,0,130,0,0,0
10,21,1,0,0,61,0,5110,0,1,1
12,2,3,0,0,88,2,5100,0,1,1
10,1,5,0,0,58,0,5110,0,0,1
12,4,6,0,0,72,2,5110,0,1,1
13,0,2,0,0,81,2,5110,0,1,1
6,20,1,0,0,60,2,5110,0,0,1
8,0,3,0,0,67,2,5110,0,1,1
4,7,3,0,1,12,0,90,0,0,0
11,20,5,0,0,83,2,5110,0,1,1
11,0,3,0,0,52,1,5110,0,0,1
10,0,4,0,0,54,2,5110,0,0,1
1,13,3,0,0,16,0,20,0,0,0
10,18,6,0,0,62,0,2620,0,1,1
4,8,4,0,1,4,0,1230,0,1,0
13,23,0,0,0,76,0,5110,0,1,1
10,19,1,0,0,74,0,5110,0,1,1
5,7,3,0,1,18,0,80,0,0,0
11,0,5,0,1,70,2,1350,0,1,1
11,3,6,0,0,78,0,4640,0,1,1
2,16,1,0,1,12,0,220,0,0,0
9,21,5,0,0,90,1,5110,0,1,1
13,3,2,0,0,69,2,5110,0,1,1
4,14,1,0,1,12,2,40,0,0,0
6,5,5,0,0,99,0,5110,0,0,1
9,0,3,0,0,61,2,1470,0,1,1
13,23,5,0,0,82,1,5110,0,1,1
12,19,0,0,0,83,2,5110,0,1,1
9,5,0,0,0,72,0,5110,0,0,1
11,5,0,0,0,86,2,4810,0,1,1
13,2,3,0,0,74,0,5110,0,0,1
10,23,5,0,0,71,1,5110,0,1,1
5,19,2,0,0,95,1,5110,0,1,1
9,18,4,0,0,75,1,5110,0,0,1
1,14,1,0,1,5,2,230,0,0,0
11,21,4,0,0,51,0,5110,0,1,1
3,8,1,0,1,0,0,240,0,0,0
10,1,4,0,0,56,2,5110,0,0,1
10,22,1,0,0,65,0,1240,0,1,1
13,21,1,0,0,55,2,5110,0,1,1
13,5,0,0,0,96,1,5110,0,1,1
14,5,4,0,0,78,2,10,0,1,1
11,0,3,0,0,92,1,5110,0,1,1
1,7,2,0,1,9,0,20,0,0,0
13,5,3,0,1,68,2,1340,0,1,1
13,21,4,0,0,83,0,5110,0,1,1
10,19,5,0,0,68,1,5100,0,1,1
8,23,5,0,0,89,2,5110,0,1,1
3,7,3,0,1,13,0,10,0,0,0
13,20,0,0,0,98,0,5110,0,1,1
13,21,6,0,1,57,0,2500,0,1,1
4,17,3,0,1,10,0,10,0,0,0
13,3,2,0,0,70,0,5110,0,0,1
8,5,0,0,0,82,1,5100,0,1,1
5,16,3,0,0,1,0,90,0,0,0
3,12,1,0,1,16,0,10,0,0,0
12,18,5,0,1,86,2,2710,0,1,1
10,2,3,0,0,51,1,5110,0,1,1
10,5,5,0,0,91,2,5090,0,0,1
13,18,6,0,0,68,0,4760,0,1,1
3,9,1,0,0,3,1,10,0,0,0
10,2,1,0,0,89,1,5110,0,1,1
3,15,1,0,1,14,1,20,0,1,0
10,0,2,0,0,61,2,5110,0,1,1
9,2,5,0,0,61,0,5110,0,1,1
10,2,3,0,0,77,2,1500,0,1,1
6,18,6,0,0,71,0,4950,0,1,1
11,21,2,0,0,86,1,5110,0,1,1
9,3,0,0,0,67,2,5110,0,1,1
11,20,0,0,0,71,2,5110,0,1,1
10,3,2,0,0,95,2,5110,0,0,1
12,3,3,0,0,50,1,2320,0,1,1
11,19,3,0,0,51,1,1500,0,1,1
8,19,4,0,0,83,2,5110,0,1,1
13,5,0,0,0,76,1,5110,0,1,1
10,5,3,0,0,78,1,2970,0,1,1
4,18,1,0,0,8,1,150,0,0,0
11,4,3,0,0,52,0,5110,0,1,1
1,12,0,0,1,1,1,110,0,0,0
11,1,1,0,0,80,1,5110,0,1,1
13,21,2,0,0,64,0,5110,0,0,1
9,4,6,0,1,65,2,2580,0,0,1
7,0,4,0,0,57,1,2730,0,1,1
11,21,0,0,0,92,0,5110,0,1,1
3,19,5,0,0,88,0,5090,0,0,1
8,5,1,0,0,64,1,5110,0,1,1
10,3,6,0,0,79,1,5110,0,1,1
9,2,5,0,0,92,1,2900,0,0,1
11,19,4,0,1,64,2,880,0,0,1
11,23,3,0,0,52,0,5110,0,1,1
13,1,2,0,0,68,2,5110,0,0,1
12,4,4,0,0,62,0,5110,0,1,1
13,22,6,0,0,70,1,4530,0,0,1
11,2,3,0,0,81,0,5110,0,1,1
11,4,2,0,0,87,1,5100,0,1,1
3,18,4,0,1,10,2,50,0,0,0
11,20,1,0,0,59,0,5110,0,1,1
12,22,5,0,1,93,1,1320,0,0,1
11,21,5,0,1,54,0,10,0,1,1
4,12,2,0,1,13,0,10,0,1,0
12,22,1,0,1,84,2,2770,0,0,1
1,14,2,0,0,19,0,10,0,0,0
4,17,2,0,1,15,0,10,0,0,0
2,7,4,0,1,12,2,120,0,0,0
9,18,4,0,0,85,1,5110,0,1,1
3,18,1,0,1,17,2,20,0,0,0
10,20,4,0,0,65,2,5110,0,1,1
12,2,2,0,0,59,0,2960,0,0,1
3,16,4,0,1,7,0,70,0,0,0
13,20,2,0,0,63,2,5110,0,0,1
9,20,5,0,1,79,0,2420,0,1,1
11,5,1,0,0,77,0,5110,0,1,1
9,20,3,0,0,83,1,5110,0,0,1
9,5,4,0,0,94,2,5110,0,0,1
12,3,4,0,0,95,0,5110,0,0,1
10,23,6,0,0,80,1,2900,0,1,1
12,20,6,0,0,90,2,4630,0,1,1
9,4,2,0,0,62,0,5110,0,0,1
12,18,5,0,0,65,2,2760,0,1,1
12,20,5,0,0,81,0,1170,0,1,1
10,3,5,0,0,92,0,5110,0,1,1
7,22,1,0,0,55,0,4810,0,1,1
12,19,3,0,0,64,1,5110,0,1,1
10,23,6,0,0,77,2,1290,0,1,1
12,21,6,0,1,64,2,1240,0,1,1
11,4,1,0,0,65,1,5110,0,1,1
13,19,6,0,0,54,1,5110,0,1,1
9,18,3,0,0,53,0,5110,0,1,1
12,5,5,0,0,95,2,2060,0,1,1
9,1,1,0,0,76,1,5110,0,1,1
11,2,0,0,0,83,2,5110,0,1,1
2,17,4,0,1,17,1,130,0,0,0
12,23,0,0,0,63,0,5110,0,1,1
9,19,6,0,0,51,0,5110,0,1,1
9,4,3,0,0,94,0,5110,0,0,1
8,2,3,0,1,89,2,1120,0,1,1
11,0,3,0,0,79,1,5110,0,0,1
11,1,2,0,0,82,2,1720,0,0,1
9,19,0,0,0,79,0,5110,0,0,1
11,21,4,0,1,71,1,1080,0,1,1
10,19,4,0,0,84,2,4480,0,1,1
4,2,6,0,0,99,0,1380,0,0,1
13,4,0,0,1,66,0,10,0,1,1
12,2,3,0,0,98,0,5110,0,1,1
11,1,0,0,0,90,0,5110,0,0,1
11,19,1,0,0,99,2,5110,0,1,1
9,19,0,0,0,53,1,5110,0,0,1
12,21,1,0,0,61,2,1050,0,1,1
13,18,0,0,0,96,1,5110,0,1,1
5,15,3,0,1,6,1,10,0,0,0
11,20,3,0,0,87,1,5110,0,1,1
12,5,5,0,0,64,1,5110,0,1,1
4,0,3,0,0,53,2,2690,0,0,1
13,0,1,0,0,64,1,4520,0,1,1
10,19,2,0,0,56,0,5090,0,0,1
4,21,6,0,0,96,2,1130,0,0,1
12,3,5,0,1,80,1,1220,0,0,1
13,0,1,0,0,61,0,5100,0,1,1
10,18,5,0,0,86,0,20,0,0,1
9,22,3,0,0,50,0,2070,0,0,1
12,4,4,0,0,84,2,2100,0,1,1
13,1,4,0,0,56,1,1990,0,1,1
7,1,4,0,0,74,1,5110,0,1,1
5,12,0,0,1,13,0,10,0,0,0
4,1,6,0,0,55,2,5110,0,0,1
10,0,3,0,0,64,2,5110,0,0,1
11,0,1,0,0,53,2,5110,0,1,1
11,21,0,0,0,73,2,5110,0,1,1
5,5,6,0,0,76,0,5110,0,0,1
9,5,5,0,0,72,2,5110,0,1,1
9,1,1,0,0,57,1,2660,0,1,1
13,20,2,0,0,98,0,5110,0,1,1
3,9,2,0,1,7,2,50,0,0,0
13,22,4,0,0,80,0,1360,0,1,1
2,13,0,0,1,2,2,10,0,0,0
9,4,1,0,0,91,0,5110,0,1,1
10,1,6,0,0,73,2,960,0,1,1
4,8,0,0,1,14,2,10,0,0,0
13,21,4,0,0,61,0,5110,0,1,1
10,2,6,0,0,80,1,5110,0,1,1
11,0,0,0,0,94,1,5110,0,1,1
12,5,0,0,0,60,1,5110,0,0,1
13,18,1,0,0,72,0,5110,0,1,1
11,2,6,0,0,71,0,5110,0,1,1
13,2,1,0,0,81,1,4360,0,1,1
9,23,5,0,0,72,0,2540,0,0,1
12,20,3,0,0,64,0,5110,0,0,1
4,11,3,0,1,4,2,190,0,0,0
9,18,5,0,0,75,0,2310,0,1,1
4,9,2,0,1,6,1,190,0,0,0
11,5,0,0,0,97,1,5110,0,0,1
1,13,0,0,0,3,2,40,0,0,0
2,10,4,0,1,9,2,10,0,0,0
9,18,0,0,0,68,1,5110,0,0,1
11,0,1,0,0,97,1,5110,0,1,1
9,18,0,0,0,61,1,1210,0,0,1
9,23,2,0,0,88,2,5110,0,1,1
4,9,1,0,1,3,2,80,0,0,0
10,4,2,0,0,96,2,5110,0,1,1
3,12,2,0,1,14,1,10,0,0,0
9,3,2,0,0,82,0,5110,0,1,1
1,11,4,0,1,14,0,10,0,0,0
11,5,2,0,0,80,2,5090,0,1,1
3,23,1,0,0,54,2,2560,0,1,1
9,22,1,0,0,76,0,5110,0,0,1
11,19,1,0,0,96,2,5110,0,1,1
12,3,0,0,0,70,2,5110,0,1,1
1,11,0,0,1,11,1,50,0,0,0
13,4,3,0,0,92,2,2310,0,1,1
9,21,6,0,1,66,0,1490,0,1,1
4,9,3,0,1,0,1,280,0,0,0
4,23,6,0,0,77,2,1470,0,1,1
12,4,3,0,0,83,0,5110,0,0,1
4,10,0,0,0,13,0,80,0,0,0
11,20,1,0,0,84,0,5110,0,1,1
8,2,3,0,0,77,2,2960,0,1,1
9,20,2,0,0,84,0,5110,0,0,1
13,4,5,0,0,73,0,5110,0,1,1
4,8,4,0,0,14,1,10,0,0,0
13,3,5,0,0,85,1,830,0,1,1
4,3,1,0,0,58,1,5110,0,1,1
7,22,4,0,0,81,2,5110,0,1,1
10,3,1,0,0,63,0,5110,0,0,1
10,3,2,0,0,62,1,5110,0,1,1
12,0,1,0,0,86,2,5110,0,1,1
11,22,2,0,0,75,0,5110,0,1,1
13,23,3,0,0,97,0,5110,0,1,1
11,18,0,0,0,75,0,5100,0,1,1
5,21,2,0,0,89,2,5110,0,1,1
10,3,6,0,0,88,1,4820,0,1,1
9,21,3,0,0,65,0,2700,0,1,1
11,1,0,0,0,65,1,2270,0,1,1
6,5,6,0,0,91,0,5100,0,0,1
4,0,0,0,0,97,1,5110,0,1,1
10,23,3,0,0,55,0,5110,0,0,1
5,16,4,0,1,4,2,50,0,0,0
11,0,2,0,0,69,1,1060,0,0,1
11,22,0,0,0,88,0,5110,0,1,1
11,0,1,0,0,94,0,5110,0,1,1
12,18,0,0,0,71,2,5110,0,0,1
13,0,2,0,0,50,1,4800,0,0,1
11,22,3,0,1,63,0,2840,0,0,1
11,4,1,0,0,68,2,5110,0,0,1
7,21,2,0,0,94,0,5110,0,0,1
13,23,0,0,0,70,1,5110,0,0,1
2,18,2,0,1,0,2,10,0,1,0
11,18,4,0,0,66,2,5100,0,1,1
13,5,4,0,1,51,1,1180,0,1,1
5,18,2,0,0,56,0,5110,0,1,1
11,19,1,0,0,70,2,5110,0,1,1
10,18,5,0,0,55,2,5110,0,1,1
4,5,5,0,0,76,2,5110,0,1,1
10,23,3,0,0,86,1,1260,0,1,1
13,22,6,0,0,81,2,5110,0,1,1
13,2,1,0,0,53,1,5110,0,1,1
10,5,5,0,0,71,1,5110,0,0,1
12,2,1,0,0,71,2,5110,0,1,1
11,18,6,0,0,68,0,5110,0,1,1
6,0,5,0,0,56,0,5040,0,1,1
13,19,0,0,0,52,1,5110,0,1,1
3,13,4,0,1,16,1,10,0,0,0
9,0,3,0,0,91,0,5110,0,1,1
1,12,3,0,1,11,0,30,0,0,0
10,1,0,0,0,83,2,5110,0,1,1
11,1,3,0,0,80,2,5110,0,1,1
12,18,0,0,0,82,2,2690,0,1,1
12,0,0,0,0,64,1,5110,0,1,1
8,11,2,0,1,9,1,50,0,0,0
8,3,5,0,0,52,2,50,0,1,1
4,22,6,0,0,63,0,5110,0,1,1
11,2,3,0,0,87,2,5110,0,1,1
1,9,2,0,0,0,1,170,0,0,0
12,22,0,0,0,70,0,5110,0,1,1
9,22,2,0,0,52,2,5110,0,1,1
11,5,0,0,0,92,0,5110,0,1,1
11,22,4,0,0,90,0,5110,0,1,1
5,21,4,0,0,79,1,5110,0,1,1
12,22,2,0,0,77,1,5110,0,1,1
3,16,2,0,0,2,1,490,0,0,0
4,13,4,0,1,9,2,20,0,0,0
13,20,3,0,0,75,0,5110,0,1,1
11,3,2,0,0,63,2,5110,0,0,1
2,13,4,0,1,5,0,10,0,0,0
9,18,6,0,1,84,2,2040,0,1,1
6,21,4,0,0,77,1,5110,0,0,1
13,3,0,0,0,58,1,5100,0,1,1
11,1,1,0,1,73,0,2410,0,1,1
9,0,1,0,0,69,2,2760,0,0,1
10,19,6,0,0,63,0,5110,0,1,1
10,5,3,0,0,52,0,20,0,1,1
13,4,4,0,0,70,1,5110,0,0,1
12,2,1,0,0,96,0,5110,0,1,1
11,1,1,0,0,99,2,2690,0,1,1
3,11,0,0,0,3,0,10,0,1,0
13,19,3,0,0,57,1,2460,0,0,1
4,13,0,0,0,3,2,40,0,0,0
2,14,0,0,1,7,1,150,0,0,0
2,8,4,0,0,7,2,10,0,1,0
5,11,1,0,0,0,2,10,0,0,0
2,7,1,0,1,7,2,10,0,0,0
11,5,5,0,0,64,0,1430,0,1,1
12,0,4,0,0,64,2,5090,0,1,1
9,20,0,0,0,94,0,5110,0,1,1
11,20,4,0,0,96,2,1040,0,1,1
13,4,6,0,1,80,1,770,0,1,1
9,3,2,0,0,82,0,5110,0,1,1
10,22,0,0,0,75,1,5110,0,1,1
11,2,2,0,1,58,2,2320,0,1,1
13,20,1,0,0,82,2,5110,0,1,1
4,22,4,0,0,92,1,5110,0,0,1
10,23,6,0,0,83,2,5100,0,1,1
6,4,5,0,0,89,0,5100,0,1,1
1,14,3,0,1,2,0,10,0,0,0
11,22,3,0,0,82,2,3000,0,0,1
9,4,3,0,0,95,2,5110,0,1,1
13,2,0,0,1,64,1,2910,0,0,1
12,2,1,0,0,83,0,5110,0,1,1
10,1,6,0,0,59,0,5110,0,0,1
11,1,4,0,0,90,2,5110,0,1,1
11,21,1,0,0,94,1,5110,0,1,1
7,2,6,0,0,55,0,5110,0,0,1
10,19,0,0,0,87,1,1300,0,0,1
10,20,2,0,0,71,1,5110,0,1,1
11,19,5,0,0,87,0,5110,0,1,1
11,0,0,0,0,53,1,5090,0,1,1
13,3,3,0,0,54,1,5110,0,1,1
9,2,4,0,0,63,1,5110,0,1,1
9,20,5,0,0,90,1,5110,0,0,1
12,20,5,0,0,94,1,5110,0,0,1
13,19,3,0,1,92,0,2680,0,1,1
13,4,6,0,0,81,1,5110,0,1,1
10,23,1,0,1,72,0,1450,0,0,1
11,4,6,0,0,60,1,5110,0,1,1
11,2,2,0,0,68,1,2210,0,1,1
12,21,4,0,0,88,1,4740,0,0,1
13,0,3,0,1,63,1,1080,0,1,1
11,18,2,0,0,62,2,5110,0,1,1
9,5,6,0,0,50,2,5110,0,0,1
10,4,6,0,0,54,2,5110,0,1,1
11,4,4,0,1,91,0,1360,0,0,1
9,18,2,0,0,59,1,5110,0,1,1
3,17,4,0,1,3,1,140,0,0,0
1,15,2,0,1,14,2,10,0,0,0
13,21,2,0,0,71,0,880,0,1,1
12,21,1,0,0,64,2,4500,0,0,1
10,20,0,0,1,95,1,2670,0,0,1
11,4,1,0,1,72,1,2130,0,0,1
5,18,3,0,1,2,2,240,0,0,0
5,14,3,0,0,8,1,10,0,0,0
5,8,2,0,1,2,0,10,0,1,0
9,20,2,0,0,70,2,5110,0,1,1
5,15,1,0,0,18,2,20,0,1,0
9,21,6,0,0,77,2,5110,0,1,1
13,4,3,0,0,55,1,5110,0,1,1
10,19,3,0,0,71,1,5110,0,1,1
11,3,0,0,0,77,0,5110,0,0,1
13,1,2,0,0,93,2,5090,0,1,1
12,2,4,0,0,87,0,5110,0,0,1
12,23,0,0,0,98,2,5110,0,0,1
11,4,0,0,1,69,1,1300,0,1,1
9,3,3,0,0,99,2,5110,0,1,1
11,1,3,0,0,85,0,5110,0,1,1
12,18,2,0,0,90,2,5110,0,1,1
10,19,0,0,0,92,0,5110,0,1,1
12,2,0,0,0,99,0,5110,0,1,1
10,2,5,0,0,74,1,5110,0,1,1
9,4,6,0,0,97,1,4510,0,0,1
13,19,4,0,0,79,2,2020,0,1,1
10,4,3,0,0,99,1,1340,0,1,1
10,23,1,0,0,55,0,5110,0,1,1
11,3,2,0,1,99,1,20,0,1,1
9,5,6,0,0,94,2,5110,0,1,1
9,3,5,0,0,59,2,2110,0,1,1
1,17,3,0,1,8,1,40,0,0,0
12,0,4,0,0,56,1,5110,0,0,1
9,21,5,0,0,79,0,5110,0,1,1
13,21,1,0,0,53,0,5110,0,1,1
3,7,0,0,1,2,2,130,0,0,0
10,1,1,0,0,66,0,5110,0,0,1
3,17,4,0,0,0,0,40,0,0,0
13,4,0,0,0,70,0,2230,0,0,1
13,3,5,0,0,72,0,5110,0,1,1
12,18,0,0,0,72,2,4450,0,1,1
5,18,1,0,0,90,0,1090,0,1,1
11,18,5,0,0,66,1,5110,0,1,1
4,10,2,0,1,6,2,20,0,0,0
10,21,2,0,0,59,0,5110,0,0,1
11,11,2,0,1,1,1,30,0,0,0
6,18,0,0,0,85,2,5110,0,1,1
5,13,2,0,1,4,0,10,0,0,0
13,1,3,0,0,83,0,5110,0,0,1
11,1,5,0,0,99,2,2420,0,0,1
1,17,4,0,1,4,2,10,0,0,0
8,21,1,0,1,90,2,2780,0,1,1
8,5,0,0,0,68,2,5110,0,1,1
10,22,3,0,0,96,2,5110,0,1,1
1,14,2,0,0,18,0,160,0,0,0
13,21,2,0,0,72,1,5110,0,1,1
9,3,0,0,0,94,0,2560,0,1,1
10,22,5,0,0,81,2,5110,0,1,1
4,8,2,0,1,9,0,180,0,0,0
10,14,4,0,1,15,1,20,0,0,0
7,8,0,0,1,8,2,70,0,0,0
10,22,6,0,0,58,2,5110,0,0,1
11,5,5,0,0,95,2,2940,0,1,1
11,22,2,0,0,62,0,5110,0,1,1
10,1,5,0,1,91,0,1410,0,1,1
12,5,0,0,0,83,1,2820,0,0,1
4,14,4,0,1,15,2,10,0,0,0
2,11,4,0,0,10,1,10,0,1,0
13,3,0,0,0,87,2,5110,0,1,1
2,15,2,0,1,8,2,100,0,0,0
10,3,4,0,0,58,0,5110,0,0,1
11,5,1,0,0,51,1,5110,0,1,1
11,0,5,0,0,92,1,5110,0,1,1
13,18,5,0,0,53,2,5110,0,1,1
10,19,5,0,0,64,1,5110,0,1,1
12,2,5,0,0,52,2,5110,0,0,1
10,4,0,0,0,77,2,490,0,0,1
9,22,5,0,0,67,1,5110,0,1,1
12,20,1,0,0,99,0,2290,0,1,1
2,11,2,0,1,19,2,190,0,0,0
12,0,3,0,0,86,2,2230,0,1,1
13,20,0,0,0,71,0,1230,0,0,1
4,8,1,0,1,6,2,20,0,0,0
11,4,1,0,0,84,1,5110,0,1,1
5,8,3,0,1,9,1,140,0,0,0
5,15,2,0,1,12,2,50,0,0,0
7,22,3,0,0,63,0,5110,0,1,1
2,7,1,0,1,1,2,30,0,0,0
6,20,3,0,0,97,1,1420,0,1,1
6,11,1,0,1,8,2,30,0,0,0
12,18,6,0,0,76,1,5110,0,1,1
13,4,0,0,0,73,1,5110,0,1,1
10,0,2,0,0,73,2,5110,0,1,1
13,22,5,0,0,90,0,4960,0,1,1
1,10,0,0,1,19,1,20,0,0,0
10,4,5,0,0,52,0,4490,0,1,1
1,13,1,0,0,1,1,280,0,0,0
3,3,5,0,0,53,0,5110,0,1,1
10,1,3,0,0,59,1,2060,0,0,1
10,19,4,0,0,58,2,4780,0,1,1
3,7,3,0,1,4,1,10,0,0,0
9,1,0,0,1,92,2,1370,0,1,1
13,20,2,0,0,63,0,2660,0,1,1
1,17,0,0,1,9,0,300,0,0,0
10,22,6,0,0,91,0,5110,0,0,1
10,18,1,0,0,66,1,5110,0,1,1
12,3,2,0,0,90,1,5110,0,1,1
7,20,5,0,0,58,1,5110,0,1,1
13,19,1,0,0,71,2,1160,0,0,1
9,5,6,0,0,96,2,5090,0,1,1
3,14,0,0,1,5,1,130,0,0,0
11,4,2,0,0,78,1,5110,0,1,1
6,0,4,0,0,93,0,2340,0,1,1
3,1,3,0,0,76,1,5110,0,1,1
5,21,5,0,0,79,0,5110,0,1,1
10,19,0,0,0,52,0,5100,0,1,1
9,19,6,0,0,53,2,5110,0,0,1
13,19,3,0,0,63,0,5100,0,0,1
4,8,0,0,1,17,0,10,0,0,0
1,17,2,0,1,0,1,80,0,0,0
12,4,0,0,0,98,2,5110,0,0,1
12,20,6,0,0,75,0,5110,0,1,1
3,9,0,0,0,16,0,10,0,0,0
11,3,2,0,0,57,0,1240,0,1,1
3,18,1,0,1,0,2,60,0,0,0
12,4,2,0,0,84,2,4800,0,1,1
11,2,3,0,0,58,2,1440,0,0,1
10,3,3,0,0,62,1,5110,0,0,1
13,20,0,0,0,80,2,5110,0,1,1
8,19,5,0,0,66,0,1500,0,0,1
9,23,1,0,0,55,2,5110,0,1,1
12,4,3,0,0,66,1,5100,0,1,1
10,20,3,0,0,94,0,4810,0,1,1
10,1,2,0,0,50,1,5100,0,1,1
12,3,6,0,1,71,2,1240,0,1,1
4,19,1,0,0,98,2,5110,0,1,1
11,5,4,0,0,60,2,5110,0,1,1
11,18,2,0,0,55,1,5110,0,0,1
13,18,5,0,0,97,1,5110,0,1,1
9,1,1,0,0,75,2,5110,0,1,1
4,9,2,0,1,8,2,10,0,0,0
11,4,0,0,0,53,0,5100,0,0,1
13,23,6,0,0,63,0,5100,0,1,1
5,19,6,0,0,94,1,5110,0,1,1
8,3,2,0,0,88,0,5110,0,0,1
12,22,2,0,0,70,1,2430,0,1,1
13,22,1,0,0,62,2,5110,0,1,1
2,7,4,0,1,17,1,30,0,0,0
9,0,5,0,0,81,1,5110,0,1,1
11,19,1,0,1,56,1,1120,0,0,1
2,16,4,0,1,10,0,10,0,0,0
3,10,3,0,1,10,0,110,0,0,0
5,0,0,0,0,52,0,5110,0,1,1
9,5,5,0,0,87,0,5110,0,1,1
10,23,4,0,0,60,2,1110,0,0,1
9,1,3,0,0,62,0,5110,0,1,1
10,0,1,0,0,82,1,5110,0,1,1
11,4,4,0,0,95,1,5110,0,1,1
13,4,2,0,0,88,2,5110,0,1,1
9,1,3,0,0,82,2,5110,0,0,1
10,0,0,0,0,60,1,5110,0,1,1
5,22,0,0,0,83,0,5110,0,1,1
5,15,3,0,1,16,2,140,0,0,0
12,2,3,0,0,67,1,5110,0,1,1
10,19,0,0,0,83,1,5110,0,0,1
3,7,4,0,1,9,0,130,0,0,0
5,0,5,0,0,99,2,1180,0,0,1
5,13,3,0,1,1,2,20,0,0,0
9,1,5,0,0,54,2,5110,0,0,1
9,22,1,0,0,75,0,5110,0,1,1
13,19,4,0,0,98,1,5110,0,0,1
10,22,6,0,0,83,0,5110,0,1,1
10,21,4,0,0,50,2,5110,0,1,1
11,22,3,0,1,50,0,1320,0,1,1
10,21,3,0,0,60,2,5110,0,1,1
7,4,6,0,0,86,0,5110,0,1,1
13,18,1,0,0,58,0,5100,0,1,1
12,23,0,0,0,77,0,5110,0,1,1
12,0,3,0,0,98,2,5110,0,1,1
11,5,6,0,0,92,2,40,0,1,1
6,20,6,0,0,72,1,5110,0,0,1
8,19,4,0,0,61,2,5110,0,0,1
11,3,3,0,0,80,0,5110,0,0,1
3,12,2,0,1,9,0,40,0,0,0
13,5,2,0,0,73,0,5100,0,1,1
11,5,4,0,0,93,1,1020,0,1,1
5,18,2,0,1,0,1,60,0,0,0
12,23,0,0,0,57,1,1400,0,1,1
9,20,6,0,0,73,1,5110,0,1,1
10,5,5,0,0,58,2,5110,0,1,1
3,8,3,0,1,5,0,240,0,0,0
11,22,5,0,0,71,1,2990,0,1,1
5,18,2,0,0,91,0,5110,0,1,1
13,18,2,0,0,88,1,2150,0,0,1
10,23,2,0,0,78,2,5110,0,1,1
11,2,5,0,0,67,0,4910,0,1,1
4,16,2,0,1,16,0,280,0,1,0
6,20,6,0,1,83,1,2100,0,1,1
5,0,0,0,0,85,1,5110,0,1,1
4,2,5,0,0,97,0,5110,0,1,1
12,19,5,0,0,69,0,1290,0,1,1
13,2,2,0,0,71,2,5110,0,1,1
1,8,1,0,1,7,0,10,0,0,0
13,1,1,0,0,78,2,5100,0,0,1
13,2,1,0,0,86,2,4600,0,1,1
11,1,1,0,0,65,1,5110,0,1,1
12,1,5,0,0,80,0,5110,0,0,1
9,1,0,0,0,62,0,5110,0,1,1
11,22,2,0,0,54,0,5110,0,1,1
3,12,1,0,1,7,0,100,0,0,0
13,23,3,0,0,56,2,1170,0,0,1
3,5,1,0,0,76,2,4760,0,1,1
13,4,6,0,0,74,1,5110,0,1,1
13,19,3,0,0,65,2,5110,0,1,1
10,23,4,0,0,89,1,4970,0,1,1
5,11,1,0,1,10,0,180,0,0,0
11,2,0,0,0,88,0,5110,0,1,1
2,10,4,0,1,8,2,20,0,0,0
5,22,1,0,0,50,2,5100,0,1,1
5,16,2,0,1,1,0,30,0,0,0
5,0,4,0,0,90,0,5090,0,1,1
9,23,5,0,0,80,2,5070,0,1,1
12,22,0,0,0,83,0,1060,0,1,1
12,0,5,0,0,83,1,5110,0,1,1
13,4,6,0,0,77,1,5110,0,1,1
13,3,6,0,0,52,0,5110,0,0,1
3,9,4,0,1,7,1,10,0,0,0
9,1,1,0,0,68,2,1020,0,1,1
13,4,2,0,0,78,1,5110,0,1,1
4,18,3,0,0,76,2,2190,0,1,1
3,8,1,0,1,10,2,60,0,0,0
12,20,1,0,0,53,1,5110,0,1,1
5,9,4,0,1,7,2,20,0,0,0
10,22,6,0,1,50,0,2180,0,1,1
11,14,4,0,1,4,2,10,0,0,0
10,8,4,0,1,1,0,10,0,0,0
3,17,3,0,1,6,0,10,0,0,0
12,5,0,0,0,63,0,5110,0,1,1
12,23,6,0,0,76,0,220,0,1,1
9,2,0,0,0,95,1,5110,0,1,1
13,4,1,0,0,55,2,5110,0,1,1
9,22,5,0,0,99,0,5110,0,0,1
12,5,2,0,0,82,0,5110,0,1,1
10,20,4,0,0,89,1,5110,0,1,1
1,14,1,0,1,3,2,140,0,0,0
9,20,1,0,0,88,2,2910,0,1,1
13,0,3,0,0,59,1,5110,0,0,1
10,22,2,0,0,82,1,2790,0,1,1
9,2,1,0,0,92,0,5110,0,1,1
12,5,3,0,0,83,0,5110,0,1,1
4,12,0,0,1,10,2,30,0,0,0
13,22,2,0,0,68,0,5110,0,1,1
9,21,0,0,0,86,1,5110,0,1,1
12,22,6,0,0,62,0,5110,0,1,1
13,23,5,0,0,83,0,5090,0,1,1
11,1,0,0,1,57,0,2720,0,0,1
7,4,1,0,0,73,1,4570,0,1,1
12,20,3,0,0,68,0,5110,0,1,1
9,22,0,0,0,70,1,5090,0,1,1
9,1,3,0,0,67,0,5110,0,1,1
2,7,3,0,0,16,0,120,0,0,0
12,22,1,0,0,70,0,5100,0,1,1
9,18,1,0,0,63,1,550,0,0,1
12,5,4,0,0,51,2,5110,0,1,1
4,11,0,0,1,15,1,110,0,0,0
13,18,2,0,0,52,1,2800,0,1,1
2,11,4,0,1,7,0,50,0,0,0
11,22,5,0,0,69,0,5110,0,1,1
1,14,2,0,1,9,0,240,0,0,0
11,23,5,0,0,96,1,5110,0,1,1
11,22,5,0,1,58,1,2040,0,1,1
2,13,3,0,1,15,2,10,0,0,0
4,13,4,0,1,6,2,210,0,0,0
13,5,5,0,0,71,1,5110,0,1,1
10,23,0,0,0,60,0,5110,0,1,1
13,21,3,0,0,86,1,2840,0,0,1
11,3,4,0,0,93,0,1240,0,1,1
5,15,0,0,1,16,0,10,0,0,0
6,1,3,0,0,73,1,5110,0,1,1
3,11,1,0,0,18,0,10,0,0,0
13,1,0,0,0,64,1,5110,0,1,1
12,0,1,0,0,57,2,5110,0,0,1
11,19,0,0,0,53,1,5100,0,1,1
4,14,4,0,1,19,2,110,0,0,0
9,22,3,0,1,83,1,1340,0,0,1
12,23,4,0,0,67,1,5110,0,0,1
4,16,1,0,1,3,1,140,0,0,0
10,4,2,0,1,97,2,2700,0,1,1
13,19,4,0,0,95,0,4580,0,1,1
10,2,3,0,0,91,1,2860,0,1,1
5,2,6,0,0,59,0,1160,0,1,1
13,5,1,0,0,84,2,5110,0,1,1
1,11,1,0,1,1,0,10,0,0,0
9,19,5,0,0,58,1,2700,0,1,1
5,12,0,0,1,9,0,60,0,0,0
12,19,2,0,0,83,1,5040,0,1,1
5,22,5,0,0,58,0,2200,0,1,1
4,8,1,0,1,19,2,10,0,0,0
12,1,3,0,0,66,2,5110,0,1,1
10,19,6,0,0,83,2,5110,0,1,1
9,18,5,0,0,73,1,5110,0,0,1
11,1,6,0,0,81,0,5110,0,1,1
3,8,3,0,1,11,0,10,0,0,0
9,16,4,0,1,3,1,20,0,0,0
13,0,1,0,0,76,0,2440,0,1,1
11,8,1,0,1,19,2,120,0,0,0
12,21,3,0,0,53,2,5110,0,0,1
12,3,4,0,0,88,1,5110,0,1,1
9,5,3,0,0,59,0,5110,0,1,1
7,22,5,0,0,57,2,2390,0,1,1
9,23,4,0,0,82,1,5110,0,1,1
5,11,1,0,1,12,1,10,0,0,0
7,3,3,0,0,57,0,1500,0,1,1
11,1,2,0,0,67,2,4490,0,1,1
9,4,1,0,1,62,1,1420,0,1,1
11,5,0,0,0,70,1,4560,0,1,1
8,22,1,0,0,65,0,5090,0,1,1
10,18,2,0,0,65,0,5110,0,0,1
9,2,4,0,0,71,0,1130,0,0,1
13,1,1,0,0,53,2,1210,0,1,1
11,19,5,0,0,64,0,5110,0,1,1
5,10,3,0,1,1,0,230,0,0,0
12,2,2,0,0,92,1,4520,0,1,1
13,1,2,0,0,54,0,5110,0,0,1
8,18,2,0,0,77,1,5110,0,1,1
4,9,0,0,1,6,0,110,0,0,0
6,5,2,0,0,83,2,1270,0,1,1
10,0,5,0,0,77,2,4440,0,0,1
13,5,6,0,1,96,2,1440,0,1,1
11,0,5,0,0,84,0,1080,0,0,1
11,3,1,0,0,86,0,2060,0,1,1
9,23,5,0,0,87,1,4800,0,1,1
10,2,0,0,0,80,1,5110,0,1,1
5,1,2,0,0,88,1,5110,0,1,1
10,18,3,0,0,54,2,5090,0,1,1
9,22,3,0,0,68,1,5110,0,1,1
8,1,0,0,0,95,0,1120,0,1,1
9,5,3,0,0,74,0,5100,0,1,1
13,19,0,0,0,68,1,5110,0,1,1
10,4,3,0,0,57,1,5110,0,0,1
13,3,0,0,0,52,2,5110,0,1,1
10,18,3,0,0,87,2,1180,0,1,1
11,21,1,0,0,85,2,2600,0,1,1
10,21,3,0,0,96,0,5110,0,1,1
6,15,2,0,1,16,1,20,0,0,0
9,3,6,0,0,85,1,5110,0,0,1
9,0,4,0,0,84,0,5110,0,1,1
11,0,2,0,0,65,1,5110,0,1,1
13,3,4,0,0,51,0,5110,0,0,1
9,0,4,0,0,90,1,1010,0,1,1
11,3,3,0,0,65,0,1320,0,1,1
2,16,0,0,1,0,1,30,0,0,0
9,5,4,0,0,52,0,5110,0,0,1
3,0,3,0,0,75,1,5110,0,1,1
13,18,1,0,0,70,0,5110,0,0,1
3,11,1,0,1,16,0,90,0,0,0
7,15,3,0,1,12,1,120,0,0,0
2,10,0,0,1,10,0,80,0,1,0
6,15,1,0,1,4,2,20,0,0,0
8,3,1,0,0,96,2,5100,0,1,1
13,0,4,0,0,83,1,5110,0,1,1
9,0,6,0,0,77,1,5110,0,1,1
10,20,0,0,0,91,0,4620,0,1,1
13,22,4,0,0,92,1,5110,0,1,1
10,22,2,0,1,71,2,1190,0,0,1
9,18,0,0,0,65,2,5110,0,1,1
6,19,2,0,0,78,1,2100,0,1,1
13,18,6,0,0,75,2,5100,0,0,1
9,2,6,0,0,76,0,5110,0,1,1
4,11,4,0,0,16,2,10,0,0,0
10,18,0,0,0,89,0,5110,0,1,1
12,3,2,0,0,90,0,5110,0,1,1
1,16,1,0,1,7,1,20,0,0,0
11,21,5,0,0,58,2,5110,0,1,1
7,19,5,0,0,72,1,5110,0,0,1
4,19,2,0,0,94,0,1080,0,1,1
5,12,0,0,1,6,0,70,0,0,0
3,5,6,0,1,92,1,1080,0,1,1
11,4,1,0,0,56,2,5110,0,1,1
9,20,0,0,0,63,2,5110,0,1,1
9,23,0,0,0,56,0,5100,0,1,1
1,9,4,0,1,9,0,20,0,0,0
1,15,1,0,1,11,1,10,0,0,0
7,2,1,0,0,54,0,5110,0,1,1
7,18,6,0,0,83,0,5110,0,0,1
1,14,1,0,1,12,2,10,0,0,0
10,18,4,0,0,76,1,5110,0,1,1
1,8,4,0,1,13,2,60,0,0,0
11,2,5,0,0,54,1,5110,0,1,1
2,13,0,0,1,18,0,220,0,0,0
12,0,0,0,0,60,0,5110,0,1,1
10,3,5,0,1,53,1,580,0,1,1
3,8,1,0,1,2,0,10,0,0,0
12,20,1,0,0,52,1,1390,0,0,1
13,0,0,0,1,66,1,1280,0,1,1
11,0,5,0,0,58,2,5100,0,1,1
9,1,6,0,0,65,2,5110,0,1,1
9,20,5,0,0,65,0,5110,0,1,1
9,18,6,0,0,73,0,5110,0,1,1
11,20,2,0,0,70,0,1080,0,1,1
13,3,2,0,0,94,2,5110,0,1,1
9,1,0,0,0,74,2,2360,0,1,1
11,0,2,0,0,88,1,5110,0,0,1
13,18,6,0,0,84,2,5110,0,1,1
11,22,0,0,0,77,2,5110,0,0,1
9,1,0,0,0,76,2,5110,0,0,1
10,18,4,0,0,52,1,5110,0,1,1
12,0,2,0,0,51,2,5110,0,1,1
10,19,5,0,0,87,1,5110,0,0,1
10,5,6,0,0,74,2,5110,0,1,1
12,20,0,0,0,71,1,5100,0,0,1
3,12,3,0,0,14,2,10,0,0,0
10,4,4,0,0,73,2,5110,0,1,1
9,18,4,0,0,62,2,2310,0,1,1
12,1,6,0,0,67,1,5110,0,1,1
4,5,2,0,0,60,2,5100,0,0,1
2,9,0,0,0,9,1,10,0,0,0
12,1,2,0,0,99,2,5110,0,1,1
4,14,2,0,0,7,2,10,0,0,0
1,18,3,0,1,15,0,50,0,0,0
12,1,4,0,0,88,1,5110,0,0,1
12,2,3,0,0,73,2,5080,0,1,1
13,19,3,0,0,80,1,2850,0,0,1
10,22,5,0,0,91,1,5110,0,0,1
13,21,6,0,0,76,2,5110,0,0,1
6,20,3,0,0,91,2,2350,0,1,1
10,1,0,0,0,89,2,2440,0,0,1
8,15,3,0,1,6,0,10,0,0,0
1,15,4,0,1,7,0,10,0,1,0
9,19,5,0,0,68,0,2590,0,1,1
12,21,0,0,0,65,0,5110,0,1,1
10,0,1,0,0,85,1,5110,0,1,1
4,12,4,0,0,15,0,10,0,0,0
11,4,6,0,0,55,0,5110,0,1,1
10,17,1,0,1,12,1,60,0,0,0
13,21,2,0,0,57,0,5100,0,1,1
4,10,1,0,1,12,0,10,0,0,0
5,12,3,0,1,7,2,50,0,0,0
11,0,6,0,0,60,1,5110,0,1,1
9,19,3,0,0,63,0,5110,0,1,1
13,23,6,0,1,54,2,1240,0,1,1
12,18,0,0,0,70,0,2160,0,1,1
10,1,2,0,0,66,0,2480,0,1,1
12,19,1,0,0,66,0,5110,0,1,1
12,18,5,0,0,64,1,5100,0,0,1
13,22,5,0,0,67,2,4540,0,1,1
10,18,4,0,1,53,0,2980,0,1,1
4,13,2,0,1,13,1,20,0,0,0
1,13,3,0,0,15,2,110,0,0,0
4,0,6,0,0,75,2,2560,0,1,1
2,13,0,0,0,10,0,10,0,0,0
12,22,3,0,0,89,1,2360,0,1,1
12,2,4,0,0,98,2,5110,0,1,1
11,1,1,0,0,75,0,5110,0,1,1
9,18,0,0,0,80,1,1280,0,1,1
10,21,4,0,0,74,1,960,0,0,1
11,22,0,0,0,98,1,5110,0,1,1
9,10,1,0,0,3,0,10,0,0,0
13,4,4,0,0,73,0,5110,0,0,1
12,18,4,0,0,93,1,5110,0,0,1
9,5,3,0,0,63,1,5110,0,0,1
9,21,2,0,0,55,0,5110,0,1,1
9,5,1,0,0,80,1,1220,0,1,1
11,4,1,0,0,56,0,5110,0,1,1
6,2,0,0,0,64,0,5100,0,1,1
12,5,3,0,0,96,1,5100,0,1,1
5,1,1,0,0,50,1,5110,0,0,1
11,19,1,0,0,95,2,1190,0,1,1
11,2,5,0,0,55,1,5100,0,1,1
1,7,1,0,1,0,1,10,0,0,0
4,12,4,0,1,18,2,10,0,0,0
11,4,4,0,0,85,0,5110,0,1,1
10,19,6,0,0,93,1,5100,0,0,1
9,20,5,0,0,92,2,5110,0,0,1
12,2,2,0,0,88,0,5110,0,1,1
12,1,3,0,0,86,0,1550,0,1,1
5,14,1,0,1,7,0,30,0,0,0
13,3,1,0,0,85,2,5100,0,1,1
10,19,4,0,0,76,0,5110,0,1,1
12,19,0,0,0,93,0,2730,0,1,1
9,3,0,0,0,58,2,5110,0,0,1
12,20,1,0,0,61,2,1080,0,1,1
11,21,0,0,0,86,2,5110,0,1,1
9,3,0,0,1,65,2,2560,0,1,1
12,3,1,0,1,73,0,1470,0,0,1
13,18,6,0,0,69,2,5110,0,0,1
2,10,4,0,1,16,1,10,0,0,0
2,8,2,0,1,13,1,40,0,0,0
10,23,5,0,0,81,1,5110,0,1,1
10,3,3,0,0,59,1,5110,0,0,1
5,17,0,0,1,17,0,30,0,0,0
1,15,4,0,0,6,1,50,0,0,0
5,12,2,0,0,9,1,4310,0,0,0
10,0,0,0,0,98,1,5110,0,1,1
9,23,3,0,0,84,2,5110,0,0,1
11,23,0,0,0,75,0,2080,0,1,1
2,7,2,0,1,10,1,20,0,0,0
5,15,0,0,0,3,0,10,0,0,0
12,19,3,0,0,94,1,5110,0,0,1
7,22,4,0,0,86,0,5110,0,1,1
4,7,1,0,0,16,1,30,0,0,0
11,23,2,0,0,99,2,5110,0,0,1
12,19,1,0,0,52,2,5110,0,0,1
5,15,0,0,1,13,0,10,0,1,0
9,0,6,0,0,91,1,4880,0,0,1
12,2,0,0,0,57,1,5110,0,1,1
10,20,2,0,0,83,2,5110,0,1,1
12,3,6,0,0,90,1,1500,0,1,1
12,23,1,0,0,59,1,5110,0,1,1
9,22,6,0,0,79,1,5110,0,1,1
4,22,0,0,0,83,1,5110,0,1,1
11,5,5,0,0,75,2,1120,0,1,1
13,3,3,0,0,83,0,5110,0,0,1
12,4,2,0,0,84,2,5110,0,1,1
2,12,2,0,1,1,0,10,0,1,0
12,22,6,0,0,79,1,5110,0,0,1
10,4,4,0,1,90,1,2060,0,0,1
11,23,4,0,1,71,0,2790,0,1,1
11,5,5,0,0,85,1,5110,0,1,1
12,21,4,0,0,64,2,5110,0,1,1
10,18,2,0,0,56,1,5100,0,1,1
13,18,2,0,0,98,1,5080,0,1,1
9,20,5,0,0,73,1,5100,0,1,1
13,21,6,0,0,96,2,5110,0,1,1
4,3,2,0,0,76,1,5110,0,1,1
13,21,5,0,0,89,1,5110,0,1,1
8,1,1,0,1,79,2,30,0,1,1
12,21,0,0,0,52,2,1050,0,1,1
10,20,2,0,0,70,0,5110,0,1,1
10,21,6,0,0,94,0,5110,0,1,1
10,3,0,0,0,90,0,5110,0,1,1
11,4,4,0,1,75,2,2900,0,1,1
11,19,3,0,0,80,0,4560,0,1,1
5,1,5,0,0,59,2,5100,0,1,1
12,19,4,0,0,85,2,5110,0,1,1
12,2,6,0,0,75,2,5100,0,1,1
5,12,1,0,1,4,2,20,0,0,0
9,22,6,0,1,50,2,1290,0,1,1
9,4,1,0,0,58,2,5110,0,1,1
12,19,4,0,1,56,0,2310,0,1,1
9,21,3,0,0,52,0,5110,0,1,1
13,21,6,0,0,75,2,5110,0,0,1
10,21,0,0,0,63,0,5110,0,1,1
5,0,0,0,0,73,0,5110,0,1,1
12,18,0,0,0,58,2,2610,0,0,1
10,19,5,0,0,75,2,4540,0,1,1
9,18,6,0,0,54,0,5100,0,1,1
6,21,6,0,0,79,0,1190,0,1,1
10,0,2,0,0,81,1,1300,0,1,1
5,16,4,0,1,3,1,10,0,0,0
10,4,5,0,0,74,1,5110,0,0,1
6,14,0,0,0,15,0,10,0,0,0
10,3,0,0,0,70,0,1320,0,1,1
1,17,2,0,1,17,1,10,0,0,0
9,14,1,0,1,1,2,20,0,0,0
13,23,5,0,0,59,1,2380,0,1,1
10,21,0,0,0,67,0,5110,0,1,1
12,20,1,0,0,70,1,5110,0,1,1
10,4,6,0,0,59,1,5110,0,1,1
9,23,1,0,0,63,0,5110,0,1,1
13,18,0,0,0,65,1,5110,0,1,1
1,15,1,0,1,10,2,240,0,0,0
11,2,4,0,0,78,2,5110,0,1,1
6,19,1,0,0,81,0,5110,0,1,1
10,2,2,0,0,51,2,5110,0,0,1
9,1,1,0,0,81,2,4570,0,1,1
12,2,5,0,0,70,2,5110,0,1,1
2,11,3,0,1,14,0,10,0,0,0
11,19,4,0,0,55,1,5110,0,1,1
12,20,3,0,0,78,1,5110,0,1,1
12,3,0,0,0,69,0,5110,0,1,1
12,1,5,0,0,70,0,5110,0,1,1
10,2,1,0,0,52,1,5110,0,1,1
5,11,1,0,1,13,0,60,0,0,0
8,1,6,0,0,57,2,2870,0,1,1
2,16,4,0,0,14,1,40,0,0,0
10,0,6,0,0,59,2,5100,0,1,1
13,5,0,0,0,79,0,5110,0,1,1
5,14,0,0,1,10,2,20,0,1,0
10,20,3,0,0,60,0,5110,0,0,1
5,13,3,0,0,5,2,130,0,1,0
13,5,4,0,0,62,1,5110,0,1,1
1,10,4,0,1,4,0,30,0,1,0
9,16,0,0,1,10,1,10,0,0,0
9,2,4,0,0,85,1,5110,0,1,1
11,23,0,0,0,87,1,5110,0,1,1
9,3,6,0,0,87,2,5110,0,1,1
10,20,6,0,0,73,0,5110,0,0,1
10,1,0,0,0,70,1,5110,0,1,1
5,17,2,0,1,7,0,10,0,0,0
9,18,4,0,1,59,2,1230,0,0,1
3,7,1,0,1,9,1,10,0,0,0
4,2,6,0,0,81,2,2670,0,1,1
13,19,5,0,0,52,2,5110,0,1,1
13,1,1,0,0,63,0,5090,0,1,1
11,23,3,0,0,59,0,5110,0,1,1
5,8,4,0,1,18,2,150,0,0,0
10,2,1,0,0,70,1,5110,0,1,1
11,0,6,0,0,83,1,5110,0,1,1
10,19,0,0,0,91,0,5110,0,1,1
2,7,2,0,1,3,1,40,0,0,0
2,7,3,0,1,18,1,10,0,1,0
12,3,0,0,1,80,0,2040,0,1,1
11,20,4,0,0,93,2,5110,0,1,1
10,22,4,0,0,85,0,5110,0,1,1
9,22,0,0,0,81,2,5110,0,1,1
4,16,0,0,1,6,2,20,0,0,0
9,5,2,0,0,58,2,5110,0,0,1
3,7,4,0,1,18,1,350,0,0,0
9,19,2,0,1,73,0,2750,0,1,1
13,0,6,0,0,62,0,5110,0,0,1
9,3,1,0,0,73,2,5110,0,1,1
10,3,1,0,0,84,0,5110,0,0,1
13,4,0,0,0,96,2,5110,0,1,1
10,18,1,0,0,82,0,5110,0,0,1
12,5,2,0,0,71,2,5110,0,0,1
12,22,4,0,1,81,1,5110,0,0,1
9,5,2,0,0,74,0,4530,0,1,1
10,21,6,0,0,99,2,5110,0,1,1
12,0,2,0,0,92,0,5110,0,1,1
10,18,4,0,0,68,2,5110,0,1,1
11,21,0,0,0,72,1,5110,0,1,1
10,5,3,0,0,58,0,4810,0,1,1
6,4,4,0,0,71,0,1450,0,1,1
1,17,3,0,1,15,1,120,0,0,0
1,18,4,0,0,1,0,30,0,0,0
9,20,6,0,1,82,0,60,0,1,1
12,20,3,0,0,97,1,5110,0,1,1
5,12,4,0,0,15,1,10,0,0,0
11,2,4,0,0,78,2,5110,0,1,1
8,15,3,0,0,14,1,20,0,0,0
12,18,5,0,1,95,2,1040,0,1,1
9,1,5,0,0,89,2,2020,0,1,1
11,23,4,0,0,77,2,5100,0,1,1
4,10,2,0,1,9,0,120,0,0,0
9,3,2,0,0,63,0,5110,0,1,1
5,7,2,0,0,1,0,50,0,0,0
9,1,0,0,0,84,2,2860,0,1,1
12,18,2,0,0,79,2,1270,0,1,1
7,0,2,0,0,99,1,5110,0,1,1
2,15,3,0,1,13,1,10,0,0,0
9,22,3,0,0,90,1,5110,0,1,1
13,5,6,0,0,58,1,5110,0,1,1
10,1,4,0,1,59,0,2340,0,1,1
10,18,0,0,0,65,2,5110,0,1,1
1,17,3,0,1,11,1,70,0,0,0
13,18,0,0,0,73,2,1460,0,0,1
9,2,2,0,0,89,0,5110,0,1,1
13,23,3,0,0,90,2,5090,0,0,1
6,23,4,0,0,55,2,5100,0,0,1
2,17,2,0,1,2,2,60,0,0,0
4,7,0,0,1,8,2,100,0,0,0
9,20,3,0,0,92,2,5100,0,1,1
13,21,5,0,0,79,0,4610,0,1,1
4,22,6,0,0,60,0,2540,0,1,1
13,5,5,0,0,96,0,5110,0,0,1
11,0,4,0,0,88,0,5100,0,1,1
9,19,3,0,0,53,0,5110,0,1,1
4,8,0,0,1,1,0,100,0,0,0
10,1,0,0,0,89,0,5110,0,1,1
10,20,4,0,0,78,0,5100,0,1,1
11,2,2,0,0,80,1,5110,0,0,1
6,3,2,0,0,97,2,5110,0,1,1
13,23,4,0,1,71,0,10,0,0,1
11,22,0,0,0,65,2,5110,0,1,1
13,5,0,0,0,84,0,5110,0,1,1
13,4,4,0,0,63,0,5100,0,1,1
10,1,3,0,0,57,2,5110,0,1,1
5,5,1,0,0,85,2,5110,0,1,1
10,20,4,0,0,76,2,4540,0,0,1
5,21,2,0,0,64,1,5110,0,0,1
2,18,1,0,0,12,2,260,0,0,0
11,22,4,0,1,57,2,2250,0,1,1
11,20,0,0,0,62,0,5110,0,0,1
12,21,3,0,1,66,2,2740,0,1,1
9,22,0,0,0,53,2,5110,0,1,1
5,18,1,0,0,14,0,10,0,0,0
3,16,1,0,1,17,1,50,0,0,0
4,0,4,0,0,81,1,5110,0,1,1
4,11,0,0,1,8,2,40,0,0,0
13,23,6,0,0,73,2,5110,0,0,1
11,18,4,0,0,59,0,2750,0,0,1
10,3,5,0,1,78,0,850,0,1,1
9,19,6,0,0,69,2,4790,0,1,1
12,23,0,0,0,83,0,2640,0,0,1
10,5,1,0,0,56,0,2260,0,1,1
5,16,1,0,1,16,2,40,0,0,0
9,19,6,0,0,94,2,2530,0,1,1
3,12,2,0,0,3,1,450,0,0,0
1,10,3,0,1,17,1,10,0,1,0
2,17,1,0,1,11,2,10,0,0,0
13,22,1,0,0,75,1,4560,0,1,1
9,18,3,0,0,88,0,4490,0,1,1
4,9,0,0,1,7,2,70,0,0,0
10,11,2,0,1,5,2,80,0,0,0
13,21,5,0,0,53,0,5100,0,0,1
11,1,3,0,0,84,0,1230,0,0,1
13,5,5,0,0,81,0,5100,0,1,1
13,22,1,0,0,51,1,5110,0,0,1
6,4,1,0,0,71,2,5110,0,0,1
13,5,3,0,0,60,0,4540,0,0,1
13,3,6,0,0,58,0,1980,0,0,1
9,5,5,0,0,69,0,1460,0,0,1
9,1,5,0,0,54,1,5110,0,0,1
12,2,3,0,0,86,1,5110,0,1,1
12,1,6,0,0,78,2,5110,0,1,1
14,19,3,0,0,52,1,20,0,1,1
4,12,4,0,1,2,0,10,0,0,0
10,2,1,0,0,75,2,5110,0,1,1
7,18,2,0,0,64,2,5110,0,0,1
11,20,6,0,0,99,0,5090,0,1,1
12,1,3,0,0,84,1,5110,0,1,1
12,18,5,0,0,80,0,5100,0,1,1
12,18,4,0,0,74,0,5110,0,1,1
9,1,2,0,0,53,1,5110,0,1,1
12,22,2,0,0,93,1,5100,0,1,1
2,10,3,0,1,0,1,20,0,0,0
9,4,3,0,0,83,2,5110,0,1,1
10,19,2,0,0,90,1,2710,0,1,1
11,23,6,0,0,72,0,5110,0,1,1
9,3,4,0,0,98,1,5110,0,1,1
10,11,2,0,1,7,1,10,0,0,0
1,7,1,0,1,0,1,90,0,0,0
10,21,4,0,1,86,0,1160,0,1,1
5,14,4,0,1,9,2,10,0,0,0
13,4,2,0,0,79,2,5110,0,1,1
5,8,1,0,1,9,0,10,0,0,0
2,18,1,0,1,6,1,10,0,0,0
3,12,2,0,1,1,0,40,0,0,0
11,0,4,0,1,79,2,5110,0,1,1
12,23,0,0,0,68,2,5110,0,0,1
13,4,6,0,0,65,2,5110,0,1,1
10,22,5,0,0,54,0,5110,0,0,1
13,20,4,0,0,50,0,5100,0,1,1
11,4,2,0,0,89,0,5100,0,1,1
11,5,4,0,0,60,1,5110,0,1,1
3,16,2,0,1,9,0,10,0,0,0
10,5,6,0,0,62,2,5110,0,0,1
9,19,6,0,0,52,1,2230,0,0,1
1,9,0,0,0,7,1,60,0,0,0
4,0,5,0,0,68,0,1390,0,1,1
12,21,5,0,0,58,2,5110,0,1,1
12,3,5,0,1,88,1,2250,0,1,1
10,22,1,0,0,52,1,5110,0,1,1
13,0,6,0,0,79,1,4750,0,1,1
9,3,3,0,0,52,1,5110,0,1,1
4,23,4,0,0,77,2,5110,0,1,1
7,4,4,0,0,54,0,5110,0,0,1
11,1,4,0,0,96,0,260,0,1,1
9,2,0,0,0,91,2,10,0,1,1
11,4,5,0,0,73,1,5060,0,1,1
10,5,0,0,0,95,1,5100,0,0,1
9,1,0,0,0,50,2,5110,0,1,1
11,3,6,0,0,97,1,2100,0,0,1
12,0,2,0,0,96,1,5110,0,0,1
11,20,1,0,0,57,2,2100,0,1,1
3,5,3,0,1,80,2,2600,0,1,1
2,14,0,0,1,17,2,90,0,0,0
11,0,1,0,0,62,0,5110,0,1,1
13,0,1,0,0,96,1,5110,0,1,1
9,18,2,0,0,50,0,2900,0,0,1
10,23,3,0,0,64,2,4780,0,1,1
11,20,1,0,0,82,0,5110,0,1,1
13,21,1,0,0,85,0,5110,0,1,1
13,23,5,0,0,99,0,5110,0,1,1
9,22,4,0,0,60,0,2800,0,1,1
11,20,6,0,0,69,1,5100,0,0,1
14,0,3,0,0,73,2,50,0,0,1
9,21,5,0,0,98,0,5110,0,1,1
13,20,0,0,0,96,1,1400,0,1,1
3,7,1,0,1,9,0,10,0,0,0
7,0,3,0,0,78,0,5110,0,1,1
9,0,2,0,0,64,2,5110,0,0,1
12,0,5,0,1,54,1,2040,0,0,1
13,5,3,0,0,63,1,5100,0,1,1
12,4,2,0,0,97,2,5110,0,1,1
7,21,5,0,0,89,2,2630,0,1,1
11,19,3,0,1,62,1,2870,0,1,1
5,15,1,0,0,10,1,10,0,0,0
13,2,3,0,1,97,1,2530,0,1,1
12,3,2,0,1,54,1,2420,0,1,1
9,2,2,0,0,64,0,5110,0,1,1
13,22,1,0,0,67,2,5110,0,1,1
10,4,3,0,0,54,1,5110,0,1,1
13,1,3,0,0,93,1,5110,0,0,1
9,0,6,0,0,53,1,4640,0,1,1
10,2,3,0,0,50,1,5110,0,0,1
9,2,5,0,0,77,0,10,0,0,1
9,3,4,0,0,64,0,2310,0,1,1
10,23,1,0,0,81,2,1540,0,1,1
12,19,6,0,0,52,1,5110,0,1,1
7,13,2,0,1,5,0,10,0,0,0
12,1,2,0,0,70,1,5110,0,1,1
9,3,0,0,0,70,2,5100,0,1,1
9,22,6,0,0,98,1,5110,0,1,1
8,7,3,0,1,17,1,630,0,0,0
1,18,3,0,1,18,2,60,0,0,0
11,21,6,0,0,98,2,5110,0,1,1
13,3,4,0,0,68,2,10,0,1,1
12,5,2,0,0,64,0,5090,0,1,1
8,20,3,0,0,54,0,1380,0,0,1
10,2,4,0,0,87,1,5110,0,0,1
1,18,2,0,0,8,2,10,0,1,0
5,8,1,0,1,18,1,10,0,0,0
13,22,2,0,0,50,0,5110,0,1,1
12,0,1,0,0,93,1,5110,0,1,1
10,20,1,0,0,98,0,5110,0,0,1
10,20,0,0,0,59,0,5110,0,1,1
11,1,2,0,0,74,2,5110,0,1,1
9,21,6,0,0,79,2,1430,0,1,1
5,11,2,0,0,11,2,10,0,0,0
10,4,6,0,0,58,2,5100,0,1,1
12,21,6,0,0,80,2,5110,0,1,1
9,23,5,0,0,86,0,5110,0,1,1
4,3,3,0,1,99,0,1380,0,1,1
10,23,6,0,1,74,1,2080,0,1,1
10,5,1,0,0,78,2,5110,0,0,1
2,9,4,0,1,19,2,240,0,0,0
12,3,2,0,0,66,1,1100,0,1,1
12,23,1,0,0,63,2,1250,0,1,1
2,16,3,0,1,4,2,20,0,0,0
10,4,4,0,0,82,0,5100,0,1,1
3,1,6,0,0,58,1,5110,0,1,1
9,21,5,0,0,87,2,1950,0,0,1
11,18,2,0,0,77,0,5110,0,0,1
13,2,4,0,0,98,0,2300,0,1,1
5,16,2,0,1,7,0,30,0,0,0
10,18,6,0,0,82,0,5110,0,0,1
9,18,5,0,0,86,1,1370,0,1,1
13,22,2,0,0,64,1,5110,0,1,1
4,8,4,0,1,4,0,70,0,0,0
3,11,2,0,1,12,1,20,0,0,0
1,14,1,0,1,16,0,10,0,1,0
1,9,3,0,1,19,2,20,0,0,0
2,10,2,0,0,15,1,130,0,0,0
5,16,2,0,1,10,0,10,0,0,0
9,1,4,0,1,75,0,850,0,1,1
5,7,1,0,1,0,1,10,0,0,0
13,4,6,0,0,56,2,5110,0,1,1
12,19,4,0,0,74,0,2780,0,1,1
10,4,1,0,0,54,0,5090,0,1,1
9,18,5,0,0,85,0,5110,0,1,1
4,20,6,0,0,61,2,5110,0,1,1
11,23,3,0,0,80,1,1380,0,0,1
12,19,2,0,0,55,0,5110,0,1,1
10,19,6,0,1,81,0,1160,0,1,1
7,20,0,0,0,70,1,5110,0,1,1
10,21,2,0,0,84,2,2180,0,1,1
4,8,1,0,1,10,1,50,0,1,0
10,2,6,0,0,84,1,5110,0,1,1
1,8,0,0,1,2,1,10,0,0,0
11,19,0,0,0,72,1,1210,0,1,1
10,19,5,0,0,74,1,5110,0,1,1
11,18,1,0,0,97,1,5110,0,1,1
5,10,3,0,1,15,1,260,0,0,0
9,3,4,0,0,68,0,5110,0,0,1
12,18,6,0,0,69,0,2300,0,1,1
9,0,3,0,0,69,2,5110,0,0,1
9,5,0,0,0,76,2,5110,0,1,1
13,0,4,0,0,54,2,2470,0,1,1
2,15,2,0,0,9,1,70,0,0,0
9,22,3,0,1,96,0,1400,0,0,1
12,19,5,0,0,81,1,1300,0,1,1
10,22,1,0,0,94,2,5110,0,1,1
13,0,3,0,0,63,0,5110,0,0,1
9,19,2,0,0,56,1,5090,0,0,1
3,18,4,0,1,9,1,200,0,0,0
12,4,0,0,0,67,2,20,0,1,1
2,18,3,0,0,4,2,120,0,0,0
6,18,4,0,0,81,0,1450,0,0,1
11,0,6,0,0,59,1,5110,0,1,1
2,12,3,0,1,1,0,10,0,0,0
13,22,6,0,0,95,2,1970,0,1,1
11,18,5,0,0,83,1,5110,0,1,1
10,2,6,0,1,95,0,1260,0,0,1
10,2,4,0,0,69,1,5110,0,1,1
6,20,1,0,0,83,1,1200,0,1,1
13,23,0,0,0,94,1,5110,0,1,1
10,22,6,0,0,79,0,4810,0,1,1
9,0,1,0,0,51,2,5110,0,1,1
10,20,3,0,0,66,1,4520,0,1,1
5,15,0,0,0,0,0,80,0,0,0
10,3,6,0,0,85,2,5110,0,1,1
13,3,0,0,0,60,2,5110,0,1,1
10,5,6,0,1,80,0,2600,0,0,1
13,3,0,0,0,51,2,5110,0,1,1
4,22,0,0,0,54,0,2500,0,0,1
13,19,2,0,1,59,2,2670,0,1,1
10,21,5,0,0,52,1,2200,0,1,1
13,5,0,0,0,66,2,5110,0,1,1
9,18,5,0,0,98,2,5100,0,1,1
4,19,5,0,0,57,2,5110,0,1,1
13,23,6,0,0,91,1,5100,0,0,1
10,3,2,0,0,99,0,5110,0,1,1
11,23,5,0,0,94,1,5110,0,1,1
12,22,5,0,0,69,1,5110,0,1,1
10,20,2,0,0,70,1,5110,0,1,1
10,4,6,0,0,99,0,1260,0,1,1
9,1,6,0,0,80,2,1320,0,0,1
10,3,5,0,0,63,1,5110,0,1,1
10,23,1,0,0,55,0,5110,0,0,1
12,22,1,0,0,81,2,5110,0,1,1
12,19,3,0,0,94,2,5110,0,1,1
12,22,3,0,0,83,1,2410,0,0,1
9,2,5,0,0,85,1,5090,0,1,1
13,20,4,0,0,51,2,5110,0,1,1
9,18,0,0,1,50,1,1490,0,1,1
12,19,3,0,0,63,1,5110,0,0,1
13,4,2,0,0,90,2,5110,0,0,1
9,0,6,0,0,84,2,5110,0,1,1
10,20,2,0,0,84,0,5110,0,1,1
13,2,6,0,0,52,1,2920,0,1,1
13,4,2,0,0,67,0,1310,0,1,1
9,2,0,0,0,98,2,5110,0,1,1
8,13,2,0,1,10,2,60,0,0,0
2,18,0,0,1,13,0,390,0,0,0
12,3,2,0,0,54,2,5110,0,1,1
9,19,1,0,0,92,1,5110,0,0,1
9,19,4,0,0,85,1,5100,0,1,1
10,5,0,0,0,85,1,5110,0,1,1
13,19,0,0,1,94,1,1150,0,0,1
13,21,4,0,1,52,2,1190,0,1,1
9,12,4,0,1,5,2,80,0,0,0
8,5,6,0,0,84,2,5110,0,1,1
12,1,2,0,0,74,1,5100,0,0,1
11,21,0,0,1,51,1,2370,0,1,1
10,23,5,0,0,84,1,2080,0,1,1
13,1,6,0,0,88,1,5110,0,1,1
10,4,5,0,0,67,2,5110,0,1,1
10,0,1,0,1,60,0,20,0,1,1
13,20,1,0,1,88,1,2800,0,1,1
11,0,6,0,0,89,2,1380,0,1,1
11,11,2,0,1,9,0,230,0,0,0
13,22,6,0,0,84,0,5110,0,0,1
4,11,4,0,1,4,0,10,0,0,0
12,4,4,0,1,65,0,2560,0,1,1
4,17,4,0,0,2,1,200,0,0,0
10,5,6,0,0,51,2,5110,0,0,1
4,15,2,0,1,1,1,10,0,0,0
10,5,6,0,0,82,1,5100,0,1,1
13,19,1,0,0,66,1,5110,0,1,1
5,17,3,0,1,1,1,10,0,0,0
9,18,1,0,0,58,0,5110,0,1,1
12,0,6,0,0,75,2,4490,0,1,1
9,4,4,0,0,82,2,5110,0,1,1
9,1,4,0,0,59,2,5110,0,1,1
13,5,1,0,0,50,1,5110,0,1,1
9,3,3,0,0,81,1,5110,0,1,1
11,3,2,0,0,93,1,1260,0,1,1
12,20,5,0,0,53,0,1540,0,1,1
12,2,6,0,1,57,1,1190,0,1,1
3,11,1,0,1,11,1,80,0,0,0
6,19,6,0,0,59,0,2290,0,1,1
13,3,0,0,0,72,2,5110,0,1,1
10,19,5,0,0,88,0,5110,0,1,1
2,12,2,0,0,0,2,30,0,0,0
1,9,3,0,1,19,1,150,0,0,0
3,13,3,0,1,12,2,200,0,1,0
5,15,2,0,0,12,0,10,0,0,0
8,11,2,0,1,19,0,70,0,1,0
11,20,1,0,0,95,1,5110,0,1,1
12,3,4,0,0,87,2,2600,0,0,1
10,2,5,0,0,81,1,2160,0,0,1
13,5,5,0,0,58,0,5100,0,1,1
9,20,6,0,0,57,0,5110,0,0,1
4,17,4,0,1,4,2,10,0,0,0
3,4,0,0,0,50,0,5110,0,1,1
7,20,3,0,0,79,0,5110,0,0,1
12,22,0,0,1,64,0,1390,0,1,1
7,20,3,0,0,74,1,5110,0,0,1
12,4,2,0,0,58,1,5090,0,1,1
13,21,0,0,0,92,2,5110,0,1,1
9,3,3,0,0,88,1,5110,0,1,1
8,18,1,0,1,14,1,10,0,1,0
5,16,3,0,1,1,0,10,0,0,0
10,5,2,0,0,91,2,5110,0,1,1
9,4,4,0,0,93,1,5110,0,1,1
3,10,0,0,1,3,0,120,0,0,0
2,11,4,0,0,15,1,10,0,0,0
11,21,3,0,0,65,1,5110,0,0,1
12,5,0,0,0,59,0,1180,0,1,1
9,0,1,0,0,96,0,2660,0,1,1
10,22,2,0,0,53,2,5110,0,1,1
1,8,4,0,1,11,0,100,0,0,0
13,2,1,0,0,54,2,5110,0,1,1
3,18,2,0,1,16,0,50,0,0,0
12,2,2,0,0,97,0,5110,0,0,1
9,19,2,0,1,99,2,2740,0,0,1
10,23,5,0,1,64,0,1440,0,0,1
13,23,5,0,0,68,2,5110,0,1,1
3,7,4,0,1,18,2,130,0,0,0
12,2,4,0,0,51,2,5110,0,1,1
10,0,3,0,0,98,2,5110,0,1,1
13,18,4,0,0,71,2,5110,0,0,1
13,5,6,0,0,68,0,5100,0,0,1
12,0,4,0,0,66,0,2540,0,1,1
4,17,4,0,0,19,2,20,0,0,0
10,17,3,0,0,5,2,40,0,0,0
12,1,4,0,0,86,0,5110,0,0,1
5,5,4,0,0,57,2,5110,0,1,1
12,22,0,0,0,62,1,5110,0,1,1
4,17,4,0,1,18,0,170,0,1,0
10,0,0,0,0,67,1,1090,0,1,1
9,5,5,0,0,86,2,1140,0,0,1
12,22,6,0,0,95,0,2910,0,1,1
11,18,4,0,0,79,1,5090,0,1,1
11,18,0,0,0,58,0,2210,0,1,1
9,2,5,0,0,69,2,1380,0,1,1
9,2,6,0,0,84,1,5110,0,1,1
9,21,4,0,0,63,1,1070,0,1,1
10,18,1,0,1,71,0,2880,0,1,1
9,3,3,0,0,72,0,5110,0,1,1
11,1,0,0,0,57,2,1170,0,1,1
13,4,2,0,0,90,0,1280,0,1,1
10,20,4,0,1,96,0,1500,0,0,1
13,19,1,0,0,98,0,5110,0,0,1
5,23,5,0,0,51,0,5110,0,1,1
10,18,1,0,1,96,0,1130,0,1,1
11,23,0,0,0,51,2,5110,0,1,1
12,23,6,0,0,74,1,4720,0,1,1
5,0,0,0,0,61,1,2400,0,1,1
9,3,4,0,0,56,0,5110,0,1,1
11,21,4,0,0,97,0,5110,0,1,1
11,18,4,0,0,70,0,5110,0,1,1
11,2,0,0,0,59,0,5110,0,1,1
13,21,6,0,0,78,0,1190,0,1,1
12,23,2,0,0,92,0,4480,0,1,1
12,19,3,0,0,79,1,2700,0,1,1
3,8,3,0,0,0,2,220,0,0,0
12,2,0,0,1,55,1,1070,0,0,1
12,5,4,0,0,69,2,4550,0,1,1
11,2,2,0,0,52,1,5110,0,1,1
9,22,2,0,0,76,0,2600,0,1,1
10,22,0,0,0,93,1,5110,0,0,1
11,20,0,0,0,87,1,5110,0,1,1
13,22,3,0,1,96,0,2730,0,1,1
3,8,4,0,1,5,1,30,0,0,0
12,5,3,0,1,84,0,20,0,0,1
13,20,6,0,0,67,0,5100,0,1,1
13,23,1,0,0,96,0,5110,0,1,1
2,16,4,0,1,11,1,50,0,0,0
13,22,6,0,0,71,2,5110,0,1,1
12,2,2,0,0,72,0,5110,0,1,1
10,22,0,0,0,92,1,5110,0,0,1
9,5,1,0,0,90,2,5110,0,1,1
5,16,3,0,1,0,0,10,0,0,0
11,1,5,0,0,71,0,5110,0,1,1
14,23,0,0,1,55,0,30,0,1,1
6,22,4,0,0,77,2,5110,0,1,1
12,4,2,0,0,96,1,5110,0,1,1
9,0,0,0,0,88,0,5110,0,0,1
1,16,2,0,1,7,2,80,0,0,0
12,0,2,0,0,54,2,1330,0,1,1
13,4,6,0,0,52,2,5110,0,0,1
11,4,4,0,0,79,1,5110,0,1,1
4,8,2,0,0,6,1,10,0,0,0
12,18,1,0,0,70,2,5110,0,1,1
9,2,1,0,0,79,1,5110,0,1,1
11,22,6,0,0,51,0,1120,0,0,1
9,21,5,0,0,71,1,4520,0,0,1
10,20,6,0,0,66,0,5110,0,1,1
13,18,6,0,0,62,1,5110,0,1,1
9,21,2,0,0,81,0,1600,0,1,1
11,0,4,0,0,86,1,2910,0,0,1
4,19,2,0,0,59,2,5110,0,1,1
3,14,2,0,1,16,1,40,0,0,0
9,5,3,0,1,74,1,1460,0,0,1
13,4,0,0,0,84,1,5110,0,1,1
6,1,1,0,0,71,0,10,0,0,1
13,2,0,0,0,82,2,5110,0,0,1
5,7,2,0,0,14,1,40,0,0,0
13,21,3,0,0,82,1,5100,0,1,1
11,0,2,0,0,55,0,2410,0,1,1
10,18,3,0,0,75,1,5110,0,1,1
9,3,0,0,0,97,1,5110,0,1,1
12,1,5,0,0,52,0,5110,0,1,1
3,20,4,0,0,84,1,5110,0,0,1
10,19,0,0,0,92,0,5110,0,1,1
3,14,3,0,1,4,0,100,0,0,0
10,21,4,0,0,89,1,5110,0,1,1
6,11,2,0,1,11,0,10,0,0,0
12,23,1,0,0,56,2,5110,0,0,1
13,2,1,0,0,56,2,5110,0,1,1
13,1,4,0,0,96,2,1120,0,1,1
7,1,1,0,0,62,2,1380,0,1,1
5,17,4,0,0,9,1,1060,0,0,0
9,0,0,0,0,87,2,1450,0,1,1
13,21,2,0,0,58,1,1330,0,1,1
9,0,2,0,0,83,1,2440,0,1,1
13,20,3,0,0,57,1,5110,0,0,1
11,22,4,0,0,72,0,2790,0,1,1
6,1,5,0,0,56,2,2900,0,0,1
11,3,0,0,0,60,2,2450,0,1,1
10,1,1,0,0,84,0,5110,0,0,1
1,11,3,0,1,15,0,10,0,0,0
6,3,4,0,1,51,0,2670,0,0,1
10,18,5,0,0,87,0,5110,0,1,1
5,14,0,0,0,18,0,10,0,0,0
11,21,6,0,0,55,1,5110,0,1,1
13,22,4,0,0,56,2,5110,0,1,1
4,9,1,0,1,18,0,50,0,0,0
10,3,0,0,0,94,1,5110,0,0,1
11,4,4,0,0,88,0,2360,0,1,1
13,4,6,0,0,96,2,5100,0,1,1
10,23,0,0,1,86,2,1240,0,1,1
13,19,4,0,0,86,1,5090,0,0,1
9,2,2,0,0,70,1,5110,0,1,1
8,22,3,0,0,50,0,5110,0,0,1
10,2,5,0,0,65,1,5110,0,1,1
10,1,0,0,0,53,1,5110,0,1,1
9,1,3,0,0,98,2,5110,0,1,1
10,20,5,0,0,82,1,3000,0,1,1
10,2,4,0,0,59,0,5110,0,1,1
11,3,6,0,0,86,0,5110,0,0,1
11,19,5,0,0,93,0,1180,0,1,1
11,3,6,0,0,82,2,1300,0,1,1
12,21,2,0,0,52,1,5110,0,0,1
11,2,5,0,0,83,1,5110,0,1,1
11,1,1,0,0,85,0,5110,0,0,1
4,18,4,0,1,7,0,120,0,0,0
11,5,4,0,0,56,1,2550,0,0,1
5,7,4,0,1,8,2,10,0,0,0
11,21,3,0,0,87,0,1380,0,1,1
7,4,4,0,0,79,0,5110,0,1,1
1,8,2,0,1,0,1,20,0,0,0
9,0,6,0,0,68,0,5110,0,0,1
12,5,3,0,0,70,1,5110,0,1,1
4,9,4,0,1,16,2,40,0,0,0
13,23,4,0,0,81,0,5110,0,1,1
9,0,3,0,0,88,1,5100,0,1,1
12,23,6,0,0,74,0,2280,0,0,1
13,4,3,0,0,54,2,5100,0,1,1
10,21,2,0,0,81,2,5100,0,1,1
7,4,3,0,0,95,2,5110,0,1,1
9,1,0,0,0,93,2,4460,0,0,1
3,17,4,0,1,11,0,10,0,0,0
9,18,5,0,1,60,2,2610,0,0,1
10,3,2,0,0,81,0,4610,0,1,1
12,4,3,0,0,73,1,5110,0,0,1
14,22,5,0,0,90,2,10,0,1,1
12,5,2,0,0,92,0,1330,0,1,1
13,0,3,0,0,72,1,5090,0,0,1
10,21,5,0,0,73,2,5110,0,0,1
12,3,3,0,0,53,2,5110,0,1,1
11,4,4,0,0,98,2,5110,0,1,1
2,11,3,0,1,1,0,10,0,0,0
11,1,4,0,0,71,1,5110,0,1,1
9,21,6,0,0,86,1,2790,0,1,1
9,20,6,0,0,69,0,5110,0,0,1
13,22,3,0,1,56,0,2100,0,1,1
9,19,1,0,0,74,0,5110,0,1,1
12,5,5,0,0,91,1,2130,0,0,1
1,9,1,0,1,17,2,10,0,0,0
10,19,0,0,0,91,2,1080,0,1,1
6,2,4,0,0,85,1,5110,0,1,1
10,20,2,0,0,84,0,5110,0,1,1
12,19,1,0,0,55,0,4740,0,1,1
13,22,4,0,0,65,1,5110,0,1,1
3,19,4,0,0,69,1,5110,0,1,1
10,0,2,0,0,95,2,5110,0,0,1
10,0,4,0,0,58,0,4510,0,0,1
1,16,3,0,1,14,2,10,0,0,0
1,15,3,0,1,0,0,150,0,0,0
11,4,2,0,0,78,2,5110,0,1,1
13,18,0,0,0,71,0,5100,0,0,1
11,0,1,0,0,54,0,1410,0,0,1
10,22,1,0,0,55,1,5100,0,1,1
12,4,5,0,0,55,0,5110,0,1,1
2,10,1,0,1,9,0,70,0,0,0
13,20,3,0,0,95,1,5110,0,0,1
12,23,2,0,0,87,0,5110,0,1,1
12,18,2,0,0,90,2,5110,0,1,1
4,17,3,0,1,3,2,10,0,0,0
10,18,2,0,0,51,2,5110,0,1,1
12,4,5,0,0,71,0,5110,0,1,1
11,2,2,0,1,99,2,2230,0,1,1
8,8,1,0,1,15,1,50,0,0,0
7,5,1,0,0,67,2,5110,0,1,1
3,4,6,0,0,81,0,5110,0,0,1
10,1,4,0,0,62,1,5110,0,0,1
9,21,4,0,0,60,2,5110,0,1,1
12,1,6,0,0,95,1,5110,0,1,1
11,23,0,0,0,97,0,5110,0,1,1
9,0,0,0,0,60,2,5100,0,1,1
8,11,4,0,1,1,0,100,0,0,0
11,0,6,0,0,55,2,5110,0,0,1
3,15,4,0,1,17,2,50,0,0,0
13,20,2,0,0,88,2,5110,0,1,1
10,21,4,0,0,88,1,5110,0,1,1
11,23,0,0,0,56,2,890,0,1,1
5,17,1,0,0,13,1,10,0,1,0
9,0,4,0,0,52,0,5110,0,1,1
2,8,2,0,1,1,2,220,0,0,0
13,18,2,0,1,55,2,1040,0,1,1
13,20,0,0,0,83,0,5110,0,1,1
9,18,6,0,1,57,1,1150,0,0,1
5,14,3,0,1,14,2,90,0,0,0
9,5,3,0,0,73,2,5110,0,0,1
8,3,3,0,0,83,2,5110,0,1,1
6,21,6,0,0,87,1,5110,0,0,1
13,19,2,0,0,80,1,5110,0,1,1
13,20,0,0,0,77,0,5110,0,1,1
9,4,2,0,0,50,0,2140,0,0,1
10,5,6,0,0,73,2,5110,0,1,1
4,12,0,0,0,7,1,80,0,0,0
13,4,3,0,0,97,2,5110,0,1,1
11,20,1,0,0,50,1,5100,0,0,1
9,22,0,0,1,90,0,2330,0,1,1
3,19,1,0,0,57,2,5110,0,1,1
6,13,4,0,1,7,0,10,0,0,0
12,1,4,0,0,55,1,5110,0,1,1
9,20,3,0,0,53,0,2200,0,0,1
9,20,2,0,0,76,1,5110,0,1,1
6,20,1,0,0,78,1,790,0,1,1
10,0,4,0,0,95,1,130,0,0,1
5,16,4,0,1,10,2,10,0,0,0
13,1,1,0,0,79,1,5110,0,1,1
1,16,3,0,1,18,2,20,0,0,0
10,5,2,0,0,69,1,2030,0,1,1
3,3,5,0,0,88,1,5110,0,1,1
13,3,3,0,0,80,2,5110,0,0,1
9,23,2,0,1,93,0,1950,0,1,1
10,0,1,0,0,79,1,5110,0,1,1
5,18,1,0,1,6,2,20,0,0,0
3,15,2,0,1,5,2,340,0,0,0
12,3,6,0,0,88,1,5110,0,1,1
12,1,2,0,0,80,0,5110,0,1,1
11,4,1,0,1,70,2,2290,0,1,1
10,3,0,0,0,92,1,5110,0,1,1
9,2,3,0,0,85,1,5110,0,1,1
1,16,3,0,1,2,0,10,0,0,0
9,22,4,0,0,68,2,5110,0,1,1
12,21,1,0,0,74,0,5110,0,1,1
10,22,5,0,1,74,1,2900,0,1,1
13,18,2,0,0,69,0,5110,0,1,1
8,17,2,0,1,5,0,60,0,0,0
4,20,4,0,0,71,0,5110,0,1,1
9,19,0,0,0,76,0,2560,0,1,1
12,20,2,0,0,82,1,5110,0,1,1
2,13,0,0,1,16,0,80,0,0,0
5,5,0,0,0,50,1,5110,0,1,1
10,2,3,0,0,57,0,5110,0,0,1
12,21,1,0,0,91,1,5110,0,1,1
7,11,3,0,0,3,1,10,0,0,0
2,8,4,0,1,17,0,10,0,0,0
12,18,2,0,0,78,1,5110,0,1,1
9,23,2,0,0,74,0,5110,0,1,1
10,20,3,0,0,67,1,5110,0,1,1
10,20,1,0,0,89,2,4940,0,1,1
13,22,2,0,0,69,0,1460,0,1,1
11,23,6,0,0,98,0,5110,0,1,1
13,23,5,0,0,90,2,1320,0,1,1
6,0,6,0,0,76,0,5110,0,0,1
13,22,4,0,0,74,2,5110,0,1,1
10,22,3,0,0,53,0,5110,0,0,1
9,22,0,0,1,77,1,90,0,1,1
6,23,0,0,0,62,0,2930,0,1,1
13,1,5,0,0,76,2,5100,0,0,1
2,8,1,0,0,10,2,10,0,0,0
3,7,2,0,1,14,0,50,0,0,0
13,0,1,0,0,85,2,5110,0,1,1
12,20,5,0,0,86,2,5110,0,0,1
13,22,2,0,0,98,1,5110,0,1,1
11,1,2,0,0,93,0,4810,0,1,1
13,22,3,0,0,64,1,1190,0,0,1
8,19,1,0,0,70,0,5110,0,1,1
12,5,5,0,0,98,0,5110,0,0,1
10,22,6,0,0,95,0,5110,0,0,1
10,19,3,0,0,70,2,5110,0,0,1
12,19,2,0,1,81,2,1190,0,1,1
10,23,1,0,0,68,2,5110,0,1,1
13,3,4,0,0,92,1,1000,0,0,1
11,18,6,0,0,57,1,5100,0,1,1
3,14,0,0,1,17,2,10,0,0,0
12,20,0,0,0,61,0,5110,0,1,1
13,21,2,0,0,95,1,5110,0,1,1
11,22,3,0,0,76,2,5110,0,1,1
4,7,1,0,1,11,1,10,0,0,0
13,23,2,0,0,90,1,4580,0,1,1
2,16,1,0,1,7,0,90,0,0,0
11,20,5,0,0,64,1,5110,0,1,1
12,4,1,0,0,68,0,5110,0,1,1
12,22,4,0,0,91,1,2070,0,1,1
10,22,3,0,0,54,1,5110,0,0,1
7,19,5,0,1,58,2,5080,0,1,1
9,0,0,0,1,50,2,1190,0,0,1
10,1,5,0,0,57,1,210,0,1,1
12,3,2,0,0,69,1,1010,0,0,1
10,19,5,0,0,52,1,5110,0,1,1
7,21,0,0,0,64,0,4800,0,1,1
13,0,3,0,0,76,2,2890,0,0,1
10,2,6,0,0,80,2,1250,0,1,1
9,4,5,0,0,83,0,5110,0,1,1
13,4,2,0,0,85,2,5110,0,0,1
12,1,3,0,0,71,1,5110,0,1,1
11,18,5,0,0,59,1,5110,0,1,1
5,19,0,0,0,78,0,5110,0,1,1
9,2,4,0,0,77,1,5110,0,1,1
9,19,2,0,0,58,2,5100,0,0,1
11,21,1,0,0,66,1,2160,0,1,1
13,23,6,0,0,69,0,5100,0,0,1
13,19,6,0,0,80,1,5110,0,1,1
10,5,2,0,0,91,0,5110,0,1,1
9,1,2,0,0,72,2,2190,0,0,1
9,2,0,0,0,66,1,5110,0,1,1
10,22,3,0,0,90,2,5110,0,1,1
13,21,6,0,1,51,0,1330,0,1,1
3,14,1,0,1,13,0,20,0,1,0
9,21,4,0,0,89,1,2940,0,1,1
9,0,3,0,0,61,0,5110,0,1,1
4,1,3,0,0,75,1,2950,0,1,1
12,22,2,0,0,74,0,5110,0,1,1
4,0,2,0,0,72,2,5110,0,1,1
10,19,6,0,0,58,1,5110,0,0,1
3,12,0,0,1,2,2,10,0,0,0
13,23,6,0,0,70,2,5110,0,1,1
9,18,1,0,1,19,1,140,0,0,0
11,3,5,0,1,69,2,2140,0,0,1
3,16,4,0,1,17,2,140,0,0,0
13,22,0,0,0,77,2,1240,0,1,1
13,20,6,0,0,63,2,5110,0,1,1
13,21,0,0,0,56,0,5110,0,0,1
10,5,3,0,0,79,0,5110,0,1,1
9,0,4,0,0,58,1,5080,0,0,1
12,18,1,0,0,70,1,5100,0,0,1
4,3,3,0,0,94,0,5110,0,0,1
13,22,5,0,0,93,2,2150,0,0,1
1,12,4,0,1,15,1,410,0,0,0
13,21,5,0,0,78,1,5110,0,1,1
11,2,4,0,0,89,0,2880,0,1,1
13,23,4,0,0,53,1,5110,0,1,1
11,19,3,0,1,62,2,1330,0,1,1
6,5,2,0,0,53,1,2310,0,1,1
11,22,2,0,0,99,2,2360,0,1,1
9,1,1,0,0,56,1,800,0,1,1
13,5,4,0,0,81,1,2650,0,0,1
11,20,6,0,0,71,0,5110,0,1,1
5,20,0,0,0,76,2,5110,0,1,1
7,21,5,0,0,58,1,5110,0,0,1
10,22,1,0,0,91,0,1220,0,1,1
9,2,3,0,0,52,2,4590,0,0,1
11,0,4,0,0,70,0,5110,0,0,1
9,22,4,0,0,54,0,5090,0,1,1
11,19,4,0,0,93,0,580,0,1,1
4,17,1,0,1,8,0,10,0,0,0
13,23,3,0,0,70,2,5110,0,1,1
13,22,3,0,0,94,1,5110,0,1,1
13,0,5,0,0,65,0,1120,0,1,1
12,22,4,0,0,64,2,2760,0,1,1
13,19,1,0,0,92,2,780,0,1,1
13,21,4,0,1,60,1,30,0,1,1
12,21,0,0,0,91,2,5100,0,1,1
6,21,5,0,0,67,0,5110,0,1,1
10,20,0,0,0,91,0,5110,0,1,1
4,21,4,0,0,89,2,5110,0,0,1
11,3,6,0,0,73,0,5110,0,0,1
12,19,0,0,0,69,1,5110,0,1,1
11,21,6,0,0,73,1,5110,0,1,1
12,4,5,0,0,98,0,5110,0,1,1
5,18,0,0,1,14,0,30,0,0,0
11,1,5,0,0,53,1,5110,0,0,1
4,8,0,0,1,14,0,120,0,0,0
9,1,6,0,0,53,0,4730,0,0,1
11,2,2,0,0,99,0,5100,0,1,1
11,4,5,0,0,76,2,5110,0,0,1
13,2,4,0,0,80,2,5110,0,1,1
11,19,3,0,0,77,0,5110,0,1,1
9,22,4,0,1,98,1,2290,0,0,1
10,3,3,0,0,98,0,5110,0,1,1
4,12,3,0,1,0,1,210,0,0,0
12,0,3,0,0,71,0,5110,0,1,1
11,21,1,0,0,56,2,5110,0,1,1
5,1,5,0,0,72,2,4740,0,1,1
8,19,2,0,1,66,2,2300,0,1,1
9,2,3,0,0,61,1,1210,0,1,1
11,18,6,0,0,71,2,2780,0,0,1
10,18,5,0,0,80,1,5110,0,1,1
5,3,0,0,1,56,1,2320,0,1,1
3,16,0,0,1,16,1,10,0,0,0
9,0,4,0,0,62,1,1130,0,1,1
5,8,3,0,0,13,1,20,0,0,0
9,1,3,0,0,72,1,5110,0,1,1
3,8,3,0,1,19,1,10,0,0,0
12,21,5,0,0,80,0,5110,0,1,1
13,0,4,0,0,95,0,1270,0,1,1
7,18,4,0,0,2,1,10,0,0,0
10,2,1,0,0,51,1,5110,0,1,1
7,0,5,0,0,79,1,5110,0,1,1
12,4,1,0,0,59,1,5110,0,1,1
9,2,2,0,0,92,1,4520,0,1,1
11,5,3,0,0,71,1,1280,0,1,1
10,4,3,0,0,66,2,2540,0,1,1
11,22,4,0,0,62,2,5110,0,0,1
1,12,1,0,1,5,0,50,0,0,0
5,20,4,0,0,78,1,4320,0,1,1
13,19,3,0,0,73,0,5110,0,0,1
12,4,3,0,0,54,0,5110,0,1,1
12,22,3,0,0,68,1,5110,0,1,1
8,12,4,0,1,19,0,10,0,0,0
5,14,0,0,1,6,2,10,0,0,0
12,22,3,0,0,69,2,5110,0,1,1
13,0,3,0,0,80,0,5110,0,1,1
10,5,6,0,0,92,1,2050,0,0,1
9,20,5,0,0,78,1,4810,0,1,1
12,3,4,0,0,63,0,5110,0,0,1
4,13,0,0,0,16,1,100,0,0,0
11,4,0,0,0,82,2,5110,0,1,1
10,23,2,0,0,96,1,5110,0,1,1
11,23,3,0,0,72,1,5110,0,1,1
10,20,4,0,0,94,2,5110,0,1,1
1,12,3,0,1,11,2,160,0,0,0
9,3,4,0,0,74,1,5110,0,1,1
10,2,1,0,0,55,2,5110,0,0,1
9,17,0,0,0,11,1,40,0,0,0
7,21,0,0,0,59,2,5110,0,1,1
12,5,1,0,0,87,2,5110,0,1,1
12,2,4,0,0,56,1,5110,0,1,1
13,0,4,0,0,69,2,5110,0,1,1
5,11,3,0,1,18,1,160,0,0,0
10,5,2,0,0,98,1,5110,0,0,1
3,2,6,0,0,91,1,1230,0,0,1
3,14,2,0,0,1,0,50,0,1,0
10,19,4,0,1,90,1,5090,0,0,1
3,10,1,0,1,19,1,10,0,0,0
13,4,2,0,0,54,0,5110,0,1,1
10,4,6,0,1,77,2,940,0,1,1
10,2,1,0,0,83,1,5110,0,1,1
12,23,2,0,0,68,2,5110,0,1,1
4,15,3,0,1,0,1,80,0,0,0
13,3,4,0,0,81,2,5110,0,1,1
13,22,6,0,0,68,1,5110,0,1,1
9,18,0,0,0,93,2,5110,0,1,1
12,5,0,0,0,59,0,5110,0,1,1
13,4,3,0,0,79,0,4450,0,0,1
11,19,0,0,0,82,2,5110,0,1,1
4,23,3,0,0,50,1,5110,0,1,1
1,18,1,0,1,16,2,220,0,0,0
5,1,1,0,0,63,2,5110,0,1,1
1,17,3,0,1,6,2,10,0,0,0
11,18,2,0,0,75,1,5110,0,1,1
10,19,6,0,0,67,0,5110,0,0,1
13,3,1,0,0,95,1,5110,0,0,1
4,8,0,0,1,7,0,10,0,0,0
4,15,1,0,0,4,2,20,0,0,0
11,1,5,0,0,93,2,5110,0,1,1
12,1,5,0,0,66,0,5110,0,0,1
1,9,0,0,1,10,2,40,0,1,0
10,22,0,0,0,95,2,2780,0,0,1
9,21,4,0,0,78,0,1980,0,0,1
4,10,0,0,1,17,1,10,0,0,0
9,2,5,0,0,74,0,5110,0,0,1
10,0,3,0,0,78,2,5110,0,0,1
3,12,3,0,1,16,1,250,0,0,0
6,2,6,0,0,59,0,1390,0,1,1
12,0,0,0,1,99,1,2530,0,1,1
9,20,5,0,0,74,1,1260,0,1,1
5,13,1,0,0,16,0,10,0,0,0
2,16,0,0,1,11,0,20,0,0,0
11,11,2,0,1,13,2,40,0,0,0
13,22,6,0,0,88,2,5110,0,1,1
4,14,4,0,1,6,1,50,0,0,0
2,16,4,0,1,19,0,10,0,0,0
12,18,0,0,0,90,2,5110,0,1,1
10,3,5,0,0,67,0,5110,0,0,1
11,18,5,0,0,99,1,5110,0,1,1
11,5,6,0,1,71,1,1100,0,0,1
3,17,1,0,1,1,2,10,0,0,0
12,22,5,0,0,93,2,90,0,1,1
4,16,3,0,0,17,2,10,0,0,0
3,8,4,0,1,2,2,20,0,0,0
12,20,2,0,0,52,1,5110,0,1,1
9,3,0,0,0,85,0,5110,0,0,1
13,18,3,0,0,91,2,5110,0,0,1
7,20,1,0,0,74,1,5110,0,1,1
11,20,1,0,0,58,1,5110,0,0,1
11,20,1,0,0,61,0,5070,0,0,1
1,8,0,0,1,13,2,10,0,0,0
13,23,2,0,0,50,2,5110,0,1,1
5,17,4,0,1,19,0,220,0,0,0
12,20,1,0,0,57,0,2460,0,0,1
5,5,5,0,0,80,2,5110,0,1,1
9,23,0,0,0,63,2,1390,0,0,1
7,8,3,0,1,9,2,10,0,0,0
4,18,3,0,0,95,0,5110,0,1,1
12,18,1,0,0,66,1,5100,0,1,1
11,0,0,0,0,76,0,5110,0,1,1
11,23,5,0,0,83,2,1370,0,1,1
2,7,3,0,1,14,2,80,0,0,0
9,0,4,0,0,96,0,5110,0,1,1
10,1,3,0,0,72,1,5110,0,1,1
10,0,2,0,1,79,0,2060,0,1,1
5,8,0,0,1,8,2,10,0,0,0
11,4,5,0,0,93,1,5100,0,1,1
11,1,4,0,1,64,1,2080,0,0,1
2,8,4,0,1,8,2,240,0,0,0
1,17,3,0,1,13,1,10,0,0,0
11,18,5,0,0,62,2,5110,0,0,1
5,3,0,0,0,70,0,5110,0,0,1
12,2,0,0,1,90,0,1040,0,1,1
4,22,5,0,0,89,1,5110,0,1,1
12,5,3,0,0,94,2,5110,0,0,1
2,11,3,0,1,19,0,490,0,0,0
2,16,3,0,1,1,2,100,0,1,0
10,3,6,0,0,52,0,5100,0,1,1
10,0,6,0,0,76,0,5110,0,1,1
1,9,1,0,0,14,1,40,0,0,0
12,1,2,0,0,93,1,4410,0,0,1
11,2,2,0,0,54,2,5100,0,1,1
5,3,4,0,0,69,1,2360,0,0,1
11,20,3,0,0,84,2,5110,0,1,1
10,1,4,0,0,59,0,5080,0,1,1
9,20,6,0,0,87,2,110,0,1,1
12,4,2,0,0,66,1,2460,0,1,1
11,20,2,0,0,83,2,1470,0,1,1
11,19,4,0,0,84,2,5110,0,1,1
5,15,2,0,1,13,2,10,0,0,0
10,18,3,0,0,87,2,930,0,0,1
5,7,0,0,0,19,0,70,0,0,0
2,9,1,0,1,4,0,50,0,0,0
10,2,1,0,0,90,2,5100,0,1,1
11,4,2,0,0,64,2,5110,0,1,1
13,0,1,0,0,76,2,5110,0,1,1
11,19,4,0,0,71,0,5110,0,1,1
9,2,3,0,0,61,1,5110,0,1,1
11,18,3,0,0,62,1,5110,0,0,1
10,22,6,0,0,54,2,5110,0,1,1
11,22,1,0,0,81,2,2900,0,1,1
2,9,1,0,1,8,2,20,0,0,0
6,1,1,0,0,84,0,5100,0,1,1
13,1,6,0,1,50,0,1470,0,1,1
13,23,5,0,0,60,0,5110,0,1,1
9,5,1,0,0,92,1,5110,0,1,1
11,19,1,0,0,95,0,2790,0,0,1
9,4,5,0,1,70,2,1040,0,1,1
12,4,4,0,0,78,0,5110,0,1,1
5,5,1,0,0,93,0,1270,0,0,1
11,22,3,0,0,51,0,5110,0,1,1
14,5,3,0,0,69,1,10,0,1,1
13,21,1,0,0,78,1,5110,0,0,1
13,1,4,0,0,58,2,5110,0,1,1
12,1,6,0,0,92,0,5110,0,1,1
13,18,1,0,0,90,1,1480,0,0,1
12,4,3,0,0,64,0,5110,0,1,1
4,10,1,0,1,14,0,50,0,0,0
9,20,6,0,0,71,0,4420,0,1,1
13,21,3,0,0,86,2,5110,0,1,1
11,2,1,0,0,68,1,5100,0,0,1
1,7,0,0,1,16,0,10,0,0,0
13,2,2,0,0,90,2,5110,0,1,1
12,2,2,0,0,66,1,5110,0,1,1
13,4,4,0,0,86,0,960,0,1,1
2,9,4,0,1,7,1,110,0,0,0
12,19,3,0,0,87,1,5110,0,1,1
7,9,1,0,1,8,0,30,0,0,0
10,14,1,0,1,11,1,10,0,1,0
9,4,1,0,0,67,2,5110,0,1,1
2,11,0,0,0,3,1,20,0,0,0
13,5,1,0,1,72,2,2150,0,1,1
9,1,6,0,0,75,2,5110,0,1,1
1,11,1,0,1,16,0,10,0,0,0
6,2,5,0,0,52,0,5110,0,1,1
6,2,2,0,0,81,0,5110,0,1,1
11,0,1,0,0,74,1,5110,0,1,1
13,3,0,0,0,69,2,1830,0,1,1
2,16,0,0,1,12,1,10,0,0,0
9,18,3,0,0,50,0,5110,0,0,1
2,14,2,0,1,11,2,40,0,0,0
12,1,1,0,0,77,1,5110,0,1,1
12,5,5,0,1,87,1,2760,0,1,1
1,13,2,0,1,19,2,50,0,0,0
10,3,2,0,0,70,0,5110,0,0,1
9,23,6,0,0,90,2,2830,0,1,1
9,0,4,0,1,55,2,1310,0,1,1
9,2,2,0,0,57,0,5110,0,1,1
12,20,0,0,0,78,1,5110,0,1,1
3,14,0,0,1,11,0,460,0,0,0
9,1,0,0,0,58,0,5110,0,1,1
11,5,1,0,1,57,1,2160,0,1,1
9,20,2,0,0,79,2,1390,0,1,1
12,18,2,0,1,55,0,2890,0,1,1
1,18,0,0,1,0,1,10,0,0,0
11,3,2,0,0,80,0,4620,0,1,1
12,19,3,0,0,88,2,5110,0,0,1
9,1,6,0,0,98,1,5110,0,0,1
2,11,1,0,0,16,1,10,0,0,0
4,10,2,0,1,16,0,30,0,0,0
4,15,2,0,0,19,1,70,0,0,0
13,18,0,0,0,92,2,5110,0,1,1
11,19,1,0,0,85,1,5100,0,0,1
4,15,4,0,0,6,2,180,0,0,0
9,4,4,0,0,81,0,2980,0,0,1
3,4,4,0,0,78,2,5110,0,1,1
5,20,1,0,0,73,2,5110,0,1,1
9,22,3,0,0,99,1,5110,0,1,1
13,20,0,0,0,89,1,5110,0,1,1
10,22,4,0,0,52,2,5100,0,1,1
12,19,2,0,0,56,0,5110,0,0,1
5,14,3,0,1,0,1,80,0,0,0
9,23,0,0,0,80,0,5110,0,0,1
9,22,3,0,0,53,0,5100,0,0,1
10,19,3,0,0,82,0,5100,0,1,1
4,23,4,0,1,66,1,1030,0,1,1
12,4,6,0,0,75,0,5110,0,0,1
9,2,5,0,1,62,1,2760,0,1,1
13,21,3,0,0,69,2,5110,0,1,1
2,12,2,0,1,4,2,10,0,0,0
5,4,5,0,1,78,0,2580,0,1,1
12,22,2,0,0,97,0,5110,0,1,1
12,0,1,0,0,85,0,1240,0,1,1
13,21,2,0,0,87,0,1500,0,1,1
9,3,2,0,0,59,2,5110,0,1,1
11,22,3,0,0,50,2,4780,0,1,1
13,19,2,0,0,56,1,5070,0,1,1
13,21,4,0,0,87,2,5110,0,1,1
14,22,2,0,0,60,0,20,0,1,1
13,18,4,0,0,63,1,5110,0,1,1
9,17,1,0,1,3,2,60,0,0,0
7,10,2,0,1,12,2,70,0,0,0
4,9,3,0,0,11,0,20,0,0,0
9,20,6,0,0,69,0,2120,0,0,1
10,22,0,0,0,55,1,2480,0,0,1
10,18,5,0,0,63,0,5100,0,1,1
9,2,4,0,0,98,0,2330,0,0,1
9,0,4,0,0,86,2,1440,0,1,1
2,9,3,0,0,1,0,320,0,0,0
12,20,5,0,1,76,1,1090,0,1,1
12,2,3,0,0,83,2,10,0,1,1
5,1,3,0,0,72,2,2340,0,0,1
3,17,3,0,1,4,1,10,0,0,0
13,21,1,0,0,70,2,5110,0,0,1
5,13,4,0,1,14,0,10,0,0,0
9,3,6,0,0,82,2,5110,0,1,1
10,21,3,0,0,85,2,5100,0,1,1
11,4,5,0,0,84,0,5110,0,1,1
11,14,4,0,1,16,2,10,0,0,0
13,4,0,0,0,61,1,5110,0,1,1
5,18,0,0,1,15,0,10,0,0,0
5,4,1,0,0,67,1,2390,0,1,1
13,1,0,0,0,62,2,2040,0,1,1
13,5,3,0,0,74,2,5110,0,1,1
12,19,4,0,0,73,2,2720,0,1,1
9,0,2,0,0,52,1,5110,0,1,1
5,11,4,0,1,9,2,10,0,0,0
10,0,5,0,0,77,2,5110,0,1,1
6,23,5,0,0,88,2,5110,0,1,1
9,4,5,0,0,70,1,4560,0,1,1
9,2,5,0,0,51,2,5100,0,1,1
12,20,5,0,0,70,2,5110,0,1,1
10,5,5,0,0,76,2,5110,0,1,1
3,9,3,0,0,11,2,320,0,0,0
12,2,4,0,0,92,2,5110,0,1,1
9,20,6,0,0,88,1,5100,0,0,1
4,22,4,0,0,61,1,2600,0,1,1
11,21,0,0,0,63,2,1240,0,1,1
7,23,0,0,0,74,0,5110,0,1,1
11,21,5,0,0,90,2,1110,0,1,1
1,14,4,0,1,13,1,70,0,0,0
12,3,5,0,0,53,2,5100,0,1,1
2,11,4,0,1,12,1,10,0,0,0
12,22,6,0,0,80,0,5100,0,1,1
9,20,6,0,0,85,1,5090,0,0,1
10,18,2,0,0,93,1,5110,0,0,1
10,20,6,0,0,50,2,2450,0,1,1
8,0,2,0,0,92,2,5110,0,1,1
11,19,5,0,0,76,0,5110,0,1,1
9,0,4,0,0,63,1,5110,0,1,1
10,5,3,0,0,73,1,1240,0,1,1
12,18,0,0,0,70,1,5090,0,1,1
11,1,2,0,0,97,0,5110,0,1,1
13,18,5,0,0,50,0,5110,0,1,1
13,19,3,0,0,59,2,5110,0,1,1
5,11,3,0,1,17,2,110,0,0,0
12,4,5,0,0,62,1,5110,0,1,1
11,18,5,0,0,70,1,5110,0,1,1
5,11,3,0,0,10,0,10,0,0,0
3,9,0,0,1,18,2,290,0,0,0
9,4,3,0,0,69,2,5110,0,1,1
12,3,3,0,1,85,2,1430,0,1,1
13,20,0,0,0,94,1,5110,0,0,1
13,20,0,0,0,90,2,1380,0,1,1
1,7,3,0,1,16,1,120,0,0,0
8,7,4,0,0,1,1,20,0,0,0
13,0,6,0,0,94,1,5110,0,0,1
11,0,4,0,0,94,0,5110,0,1,1
7,1,0,0,0,96,1,2700,0,1,1
12,23,3,0,0,86,2,5110,0,1,1
10,0,3,0,0,68,1,4910,0,1,1
10,3,5,0,0,94,0,5110,0,0,1
5,5,4,0,0,60,0,5110,0,1,1
4,18,4,0,1,19,2,20,0,0,0
4,19,0,0,0,92,0,5110,0,1,1
6,21,3,0,0,75,1,5110,0,0,1
7,11,2,0,1,13,0,40,0,0,0
12,18,4,0,1,90,0,2280,0,0,1
4,13,4,0,0,10,0,10,0,0,0
11,3,1,0,0,76,0,5110,0,1,1
9,22,4,0,0,68,2,5110,0,0,1
5,20,1,0,0,60,0,5110,0,1,1
11,3,0,0,0,59,0,5110,0,1,1
1,13,2,0,0,7,0,10,0,0,0
13,20,1,0,0,56,0,4730,0,1,1
9,4,4,0,0,67,0,2200,0,0,1
4,17,3,0,0,15,0,10,0,0,0
10,5,6,0,0,90,2,5110,0,0,1
9,15,2,0,1,2,2,40,0,0,0
12,3,1,0,0,71,1,5110,0,0,1
11,20,0,0,0,65,2,630,0,1,1
14,21,2,0,1,74,1,30,0,0,1
11,19,0,0,0,86,0,5110,0,1,1
11,22,4,0,0,78,0,1400,0,1,1
9,1,4,0,0,73,2,5110,0,1,1
14,1,2,0,0,81,0,10,0,0,1
5,7,0,0,1,6,1,20,0,0,0
10,5,3,0,0,54,0,1220,0,1,1
5,10,2,0,0,4,0,20,0,0,0
13,2,3,0,0,92,2,5090,0,1,1
12,20,4,0,1,51,2,2710,0,0,1
10,3,0,0,1,56,1,2760,0,1,1
3,7,0,0,1,13,0,10,1,0,0
9,22,4,0,0,52,0,5110,0,1,1
11,23,2,0,0,92,1,5110,0,1,1
11,20,5,0,0,99,2,5110,0,1,1
9,4,3,0,0,50,0,1480,0,1,1
13,21,2,0,0,89,0,5110,0,1,1
9,20,3,0,0,85,0,5100,0,1,1
11,22,5,0,0,71,1,5110,0,0,1
13,18,0,0,0,92,1,5100,0,1,1
2,18,3,0,1,6,0,10,0,0,0
11,19,2,0,0,66,0,5100,0,1,1
13,21,2,0,0,69,2,5110,0,1,1
9,2,5,0,0,77,2,2120,0,1,1
11,20,1,0,0,71,1,5110,0,1,1
11,20,2,0,0,81,0,1240,0,1,1
5,15,3,0,0,10,2,270,0,0,0
2,18,3,0,1,13,1,110,0,0,0
3,10,0,0,1,4,0,70,0,0,0
13,18,6,0,0,78,2,5070,0,0,1
7,18,1,0,1,78,0,1350,0,1,1
3,9,0,0,1,5,0,10,0,0,0
12,4,5,0,0,60,2,5110,0,1,1
13,19,0,0,0,74,0,5110,0,1,1
10,18,3,0,0,78,2,4610,0,0,1
6,0,1,0,0,84,2,5110,0,1,1
4,23,6,0,0,78,2,5110,0,0,1
12,23,4,0,0,58,1,5110,0,1,1
13,0,0,0,0,68,0,5110,0,1,1
8,23,6,0,0,93,2,5110,0,1,1
9,22,5,0,0,83,1,5110,0,1,1
11,20,0,0,1,98,2,1360,0,1,1
12,2,1,0,0,87,1,2180,0,1,1
9,0,5,0,0,80,0,2630,0,1,1
3,15,4,0,1,4,2,10,0,0,0
11,4,0,0,0,53,0,1490,0,0,1
6,5,2,0,0,83,2,2200,0,1,1
2,17,4,0,1,4,0,150,0,0,0
2,10,2,0,1,1,0,20,0,0,0
4,8,3,0,1,8,2,10,0,0,0
7,23,3,0,0,53,1,5110,0,0,1
9,2,2,0,0,94,1,5110,0,1,1
9,4,2,0,0,83,1,10,0,0,1
4,0,0,0,0,74,1,4750,0,1,1
1,7,0,0,1,1,2,120,0,0,0
10,15,2,0,1,5,1,60,0,0,0
13,21,6,0,0,89,2,5110,0,1,1
4,15,1,0,0,11,1,40,0,0,0
11,21,4,0,0,87,2,5110,0,1,1
3,18,4,0,1,4,0,80,0,0,0
12,22,2,0,1,67,0,1020,0,0,1
12,22,5,0,0,75,1,5110,0,1,1
13,0,2,0,0,88,1,5110,0,1,1
11,5,0,0,0,70,1,5070,0,1,1
10,2,1,0,0,87,2,1230,0,1,1
11,5,0,0,0,60,0,1390,0,1,1
6,18,4,0,1,0,1,10,0,0,0
13,3,3,0,0,66,1,2860,0,1,1
2,13,0,0,1,9,1,10,0,0,0
5,0,1,0,0,81,1,1120,0,1,1
13,2,1,0,0,64,1,2570,0,0,1
11,1,4,0,0,93,1,10,0,0,1
10,3,1,0,0,79,1,5110,0,1,1
12,18,1,0,0,63,2,2700,0,1,1
13,0,3,0,0,53,2,5110,0,0,1
11,1,0,0,0,81,1,5110,0,1,1
13,23,5,0,0,61,2,5110,0,0,1
12,21,2,0,0,51,2,5110,0,0,1
1,8,2,0,0,17,1,110,0,0,0
14,0,5,0,0,57,0,40,0,1,1
13,18,4,0,0,79,2,5110,0,1,1
9,1,2,0,0,77,0,5110,0,1,1
10,3,3,0,0,64,2,5110,0,1,1
10,21,3,0,0,61,0,5110,0,0,1
13,5,3,0,0,90,1,2520,0,1,1
1,7,3,0,1,2,0,30,0,0,0
11,19,2,0,0,92,1,5110,0,1,1
11,5,1,0,0,89,1,1500,0,0,1
9,18,2,0,0,68,1,5110,0,1,1
10,19,5,0,0,84,0,5110,0,1,1
13,3,3,0,1,57,0,2400,0,0,1
5,5,4,0,0,74,0,570,0,1,1
8,16,2,0,1,3,2,980,0,0,0
6,19,2,0,0,56,1,5100,0,0,1
3,20,6,0,0,72,1,1350,0,0,1
10,20,3,0,0,55,2,5110,0,0,1
13,1,0,0,0,74,0,4560,0,1,1
10,19,0,0,0,93,0,2430,0,1,1
12,19,1,0,0,85,0,5110,0,1,1
6,22,6,0,0,90,2,5110,0,1,1
11,4,5,0,0,63,2,5110,0,1,1
9,5,3,0,0,67,2,5110,0,1,1
11,2,5,0,1,67,2,1290,0,1,1
12,1,3,0,0,53,0,5100,0,0,1
13,2,6,0,1,63,2,2600,0,1,1
11,0,1,0,0,95,1,2350,0,1,1
11,1,5,0,1,88,2,2450,0,1,1
12,22,0,0,0,81,1,5110,0,1,1
11,21,5,0,0,55,2,5110,0,0,1
9,4,6,0,0,79,2,5110,0,1,1
14,19,4,0,0,78,1,30,0,1,1
10,20,4,0,0,77,2,5110,0,1,1
8,3,6,0,0,79,0,5110,0,1,1
10,3,1,0,0,99,1,5110,0,1,1
9,20,2,0,0,51,0,5110,0,1,1
12,23,1,0,1,60,2,2380,0,1,1
11,21,0,0,0,76,0,5110,0,1,1
10,3,0,0,0,84,1,5100,0,1,1
10,21,6,0,0,67,2,5110,0,1,1
12,20,4,0,0,92,0,5110,0,0,1
12,19,6,0,0,95,2,5110,0,1,1
9,1,1,0,1,79,2,2170,0,0,1
10,2,0,0,0,52,2,5110,0,1,1
3,15,3,0,0,15,1,30,0,0,0
10,5,4,0,0,70,1,5110,0,1,1
12,20,2,0,0,89,1,5100,0,1,1
13,3,4,0,0,52,0,5110,0,1,1
2,10,2,0,1,3,2,40,0,0,0
11,1,0,0,1,78,2,1940,0,1,1
12,1,1,0,0,68,0,5100,0,1,1
10,22,2,0,0,51,1,2410,0,0,1
11,2,5,0,0,70,2,5110,0,1,1
11,23,0,0,0,60,1,5110,0,1,1
11,20,1,0,0,51,0,2340,0,1,1
5,5,0,0,0,65,0,5110,0,0,1
5,14,0,0,1,2,0,180,0,0,0
12,19,3,0,0,60,1,5110,0,1,1
13,1,3,0,0,59,1,4580,0,1,1
3,4,1,0,0,95,2,5110,0,1,1
13,2,6,0,0,77,2,5110,0,1,1
12,20,6,0,0,99,1,130,0,1,1
11,5,1,0,1,58,0,2620,0,0,1
11,3,0,0,0,88,1,2880,0,0,1
10,0,6,0,0,66,0,1090,0,0,1
5,22,5,0,0,58,1,1460,0,1,1
3,16,2,0,1,2,2,30,0,0,0
2,10,2,0,1,13,1,140,0,0,0
2,10,3,0,0,7,1,40,0,0,0
13,22,2,0,0,99,2,5110,0,1,1
7,21,5,0,0,96,0,5110,0,1,1
7,20,0,0,0,55,2,5110,0,1,1
13,23,0,0,0,52,1,5100,0,1,1
13,21,0,0,0,85,2,4770,0,1,1
10,20,5,0,0,63,2,1330,0,0,1
9,20,3,0,0,83,2,5100,0,1,1
13,4,2,0,0,55,1,5110,0,0,1
11,22,0,0,0,52,0,1380,0,1,1
9,3,0,0,0,61,1,5110,0,1,1
3,10,3,0,1,3,1,60,0,1,0
12,20,5,0,0,82,2,2700,0,0,1
1,18,0,0,1,14,2,300,0,0,0
3,11,3,0,1,15,0,180,0,0,0
9,21,1,0,0,75,2,5110,0,1,1
11,0,0,0,0,94,1,2060,0,1,1
3,14,2,0,1,4,2,10,0,0,0
9,5,3,0,0,88,0,5110,0,0,1
11,5,2,0,0,79,2,5110,0,1,1
13,3,5,0,0,88,0,5100,0,0,1
10,4,5,0,0,65,0,4460,0,1,1
13,5,2,0,0,54,2,5110,0,1,1
9,3,3,0,0,84,1,5110,0,0,1
3,14,0,0,0,5,2,10,0,0,0
5,12,0,0,0,13,0,40,0,0,0
13,1,0,0,0,53,1,5110,0,1,1
12,1,6,0,0,85,2,5110,0,1,1
4,15,3,0,0,10,0,10,0,0,0
3,8,0,0,1,18,1,10,0,0,0
13,1,4,0,0,79,2,5110,0,1,1
3,17,1,0,1,7,0,10,0,0,0
5,3,0,0,0,83,0,10,0,1,1
6,4,5,0,0,50,0,4900,0,1,1
12,22,3,0,0,60,1,2890,0,1,1
8,20,5,0,0,71,2,5110,0,1,1
9,23,3,0,0,91,0,1320,0,1,1
2,9,1,0,1,14,2,180,0,0,0
12,22,5,0,0,73,1,5110,0,1,1
9,22,2,0,0,65,2,5100,0,1,1
9,19,3,0,1,73,0,2840,0,1,1
13,20,0,0,0,63,2,1160,0,1,1
9,23,5,0,0,55,0,5100,0,1,1
11,5,3,0,0,65,1,5110,0,1,1
11,1,0,0,0,51,0,5110,0,0,1
5,9,2,0,1,16,2,300,0,0,0
5,12,4,0,1,18,2,140,0,0,0
9,18,6,0,1,59,2,2490,0,1,1
11,0,2,0,0,97,1,1230,0,1,1
10,21,5,0,0,70,1,4820,0,1,1
4,17,2,0,1,6,1,10,0,0,0
13,20,2,0,0,80,2,5110,0,1,1
1,13,1,0,1,5,1,150,0,0,0
12,5,5,0,0,83,0,2380,0,0,1
4,15,1,0,0,11,0,60,0,0,0
10,18,5,0,0,75,2,5110,0,1,1
8,3,1,0,0,74,0,2220,0,1,1
4,16,4,0,1,6,0,50,0,0,0
9,21,4,0,0,74,2,5110,0,1,1
5,9,1,0,0,14,1,40,0,0,0
9,0,4,0,0,83,0,5110,0,1,1
2,13,3,0,1,19,1,150,0,0,0
13,3,3,0,0,57,0,2050,0,1,1
9,23,3,0,0,56,0,5110,0,1,1
13,21,5,0,0,79,2,4610,0,1,1
9,19,1,0,0,77,2,1320,0,1,1
9,3,5,0,0,79,2,5110,0,0,1
13,3,6,0,0,87,0,5110,0,1,1
11,0,6,0,0,65,2,5110,0,1,1
10,2,5,0,0,70,2,5110,0,0,1
13,1,3,0,0,81,2,5110,0,1,1
2,8,4,0,1,9,1,10,0,0,0
12,1,5,0,0,63,0,4770,0,0,1
12,4,0,0,0,54,0,5110,0,1,1
13,5,3,0,0,68,0,5110,0,1,1
9,0,4,0,0,99,0,5110,0,1,1
3,8,1,0,1,15,2,130,0,0,0
9,20,5,0,0,95,0,5110,0,1,1
1,17,3,0,1,14,1,10,0,0,0
8,3,3,0,0,53,1,5110,0,0,1
11,18,0,0,0,96,2,2240,0,1,1
11,23,2,0,0,66,2,5110,0,1,1
10,5,6,0,0,74,2,5110,0,1,1
5,8,4,0,1,12,1,30,0,0,0
11,23,2,0,0,83,0,2540,0,0,1
13,2,4,0,0,88,1,5110,0,0,1
10,4,2,0,0,53,2,5110,0,1,1
9,0,2,0,0,83,2,5110,0,1,1
9,18,0,0,0,81,2,5110,0,1,1
6,22,6,0,1,94,1,1340,0,0,1
5,17,4,0,1,14,2,70,0,0,0
13,22,5,0,0,70,0,5110,0,1,1
10,19,5,0,0,85,2,5110,0,0,1
13,18,3,0,0,58,1,5110,0,1,1
9,22,3,0,0,55,0,5110,0,1,1
12,21,4,0,1,87,2,2590,0,1,1
9,3,6,0,0,74,0,5110,0,0,1
7,21,2,0,0,55,1,5110,0,1,1
11,18,3,0,0,78,2,5110,0,0,1
12,21,2,0,0,55,2,5110,0,1,1
11,0,0,0,0,89,0,5110,0,0,1
4,10,1,0,1,5,1,20,0,0,0
13,0,5,0,0,74,2,4450,0,1,1
9,12,2,0,1,13,1,20,0,0,0
3,11,0,0,1,7,2,20,0,0,0
5,18,0,0,0,80,1,5110,0,0,1
13,5,5,0,1,73,0,10,0,1,1
7,22,6,0,0,61,2,1400,0,1,1
7,19,4,0,0,78,0,5110,0,1,1
9,5,4,0,0,55,2,5110,0,1,1
11,2,6,0,0,64,1,5110,0,1,1
11,1,5,0,0,77,1,5110,0,1,1
13,1,3,0,0,70,2,5110,0,1,1
5,22,4,0,0,67,0,5110,0,1,1
12,3,0,0,0,82,2,5100,0,0,1
7,18,5,0,0,82,1,5110,0,1,1
12,5,5,0,0,63,0,5090,0,1,1
9,0,2,0,0,63,1,5110,0,1,1
12,21,0,0,0,65,2,5110,0,1,1
1,14,2,0,0,2,0,10,0,0,0
13,5,1,0,0,53,1,5110,0,1,1
9,19,4,0,0,92,1,5110,0,1,1
2,11,4,0,1,10,1,10,0,0,0
11,20,4,0,0,83,2,5110,0,0,1
11,20,4,0,0,94,1,5110,0,1,1
10,4,6,0,0,84,1,4580,0,1,1
10,19,6,0,0,84,1,2230,0,1,1
10,19,4,0,0,58,1,5110,0,1,1
9,18,1,0,0,53,0,1300,0,1,1
9,18,5,0,0,50,0,5110,0,1,1
9,1,2,0,0,73,0,5110,0,1,1
9,18,6,0,0,78,0,5100,0,1,1
1,14,0,0,1,13,2,50,0,0,0
13,5,3,0,0,86,2,5110,0,1,1
4,18,1,0,0,4,1,20,0,0,0
3,9,1,0,1,17,2,10,0,0,0
9,4,6,0,1,61,0,2160,0,1,1
3,5,6,0,0,64,1,1420,0,1,1
12,18,1,0,1,76,2,2350,0,1,1
8,19,6,0,0,76,0,2650,0,1,1
9,22,4,0,1,53,0,1360,0,1,1
11,18,0,0,0,87,0,5110,0,1,1
10,2,1,0,0,62,2,5110,0,0,1
12,20,5,0,0,79,1,1140,0,0,1
10,19,2,0,0,71,1,5110,0,0,1
13,4,3,0,0,94,2,5110,0,1,1
13,19,0,0,0,65,0,5110,0,1,1
12,18,3,0,0,59,0,1290,0,1,1
4,20,5,0,0,73,2,5100,0,1,1
12,21,6,0,0,64,0,4430,0,1,1
11,7,3,0,1,9,2,20,0,0,0
9,4,6,0,0,76,2,5110,0,1,1
6,21,3,0,0,83,1,5110,0,1,1
4,8,0,0,0,18,0,10,0,0,0
2,8,2,0,1,16,2,10,0,0,0
3,10,0,0,0,16,2,120,0,0,0
12,19,3,0,0,76,2,5110,0,1,1
5,22,6,0,0,81,1,5110,0,1,1
5,17,3,0,1,18,1,20,0,0,0
10,3,5,0,0,72,2,5110,0,1,1
5,10,4,0,0,8,2,310,0,0,0
13,21,4,0,0,73,0,5110,0,1,1
11,18,5,0,0,59,2,5110,0,0,1
2,8,4,0,1,0,2,20,0,0,0
5,18,3,0,1,4,2,80,0,0,0
13,0,0,0,0,80,0,5110,0,0,1
5,7,2,0,1,2,0,120,0,0,0
10,23,4,0,0,59,2,2120,0,1,1
6,18,4,0,0,55,2,2480,0,1,1
13,2,4,0,0,60,2,5110,0,1,1
12,22,3,0,0,51,1,1800,0,0,1
9,1,0,0,0,89,0,5110,0,1,1
12,22,3,0,0,51,0,5110,0,1,1
9,2,1,0,0,61,2,2240,0,1,1
10,3,5,0,0,69,2,5110,0,1,1
12,22,0,0,1,54,2,2920,0,1,1
9,2,6,0,0,92,0,5110,0,1,1
9,0,1,0,0,75,0,4560,0,0,1
4,20,3,0,0,82,0,2200,0,1,1
3,9,3,0,1,14,1,10,0,0,0
12,1,2,0,0,83,2,5100,0,0,1
8,0,4,0,1,86,1,2680,0,1,1
12,21,0,0,0,51,1,220,0,1,1
10,1,5,0,0,84,0,5110,0,0,1
5,2,3,0,0,50,2,4560,0,0,1
12,0,0,0,0,52,0,5110,0,1,1
11,0,1,0,0,69,0,5100,0,1,1
11,5,1,0,0,66,0,1440,0,0,1
12,21,2,0,0,68,1,5110,0,1,1
13,3,3,0,0,68,0,1140,0,1,1
1,10,2,0,1,3,0,10,0,0,0
12,20,2,0,0,76,2,5110,0,1,1
6,12,4,0,1,14,1,40,0,0,0
9,22,4,0,0,82,2,5110,0,1,1
10,22,5,0,0,91,0,5110,0,1,1
1,18,3,0,1,13,0,360,0,0,0
11,21,2,0,0,76,2,5110,0,0,1
9,21,4,0,0,92,0,5110,0,1,1
12,2,4,0,0,97,0,5110,0,0,1
12,4,6,0,0,73,0,5110,0,1,1
11,2,6,0,0,70,1,1040,0,1,1
9,0,2,0,0,86,1,5110,0,1,1
10,5,6,0,0,55,0,5110,0,1,1
11,23,6,0,1,81,2,2960,0,1,1
10,18,3,0,0,62,2,2000,0,1,1
5,15,2,0,1,2,0,10,0,0,0
8,10,4,0,0,13,1,20,0,0,0
13,1,5,0,0,86,1,5110,0,1,1
10,4,2,0,1,54,2,1190,0,0,1
11,23,4,0,0,68,0,5110,0,0,1
7,4,3,0,0,65,0,1170,0,1,1
11,20,0,0,0,88,2,5090,0,0,1
5,10,2,0,0,16,1,230,0,0,0
11,4,0,0,0,75,0,5110,0,0,1
13,3,1,0,0,52,1,2030,0,1,1
7,3,5,0,0,51,2,5110,0,1,1
9,5,3,0,0,58,0,5110,0,0,1
11,18,6,0,0,75,1,5110,0,1,1
13,2,5,0,0,85,0,5110,0,0,1
11,20,2,0,0,52,0,2860,0,1,1
9,23,2,0,0,58,0,5110,0,1,1
11,3,0,0,1,67,0,900,0,1,1
1,9,1,0,0,10,0,10,0,0,0
13,1,6,0,0,89,0,1070,0,0,1
4,22,3,0,0,51,1,5100,0,1,1
5,21,6,0,0,78,2,4580,0,0,1
3,12,0,0,0,7,0,10,0,0,0
10,23,0,0,0,59,1,5110,0,1,1
10,1,2,0,0,95,2,2630,0,0,1
3,12,2,0,1,11,2,10,0,0,0
11,22,6,0,0,59,2,5110,0,1,1
10,20,5,0,0,78,1,5110,0,1,1
1,18,2,0,1,12,0,240,0,0,0
9,23,1,0,0,56,1,5100,0,0,1
13,22,1,0,0,71,2,2810,0,1,1
13,20,0,0,0,79,1,2880,0,1,1
7,2,1,0,0,67,2,5110,0,1,1
14,0,2,0,0,95,1,50,0,1,1
10,19,6,0,0,63,2,2790,0,1,1
12,1,3,0,1,74,0,2400,0,1,1
9,2,6,0,0,89,2,5110,0,1,1
10,19,0,0,0,88,0,5110,0,1,1
9,18,2,0,0,3,1,20,0,0,0
4,12,1,0,1,6,0,220,0,0,0
1,17,1,0,1,14,1,50,0,0,0
5,11,3,0,0,3,2,10,0,0,0
12,2,3,0,0,65,2,2110,0,1,1
12,4,4,0,0,80,2,5110,0,1,1
10,4,5,0,0,78,2,5110,0,1,1
3,15,3,0,1,17,0,40,0,0,0
12,2,6,0,0,59,0,5110,0,0,1
9,20,6,0,0,72,1,5110,0,0,1
5,21,2,0,0,55,0,2910,0,1,1
12,19,3,0,0,92,2,4500,0,1,1
11,4,6,0,0,81,0,5110,0,1,1
13,21,6,0,0,59,0,5090,0,0,1
10,23,0,0,0,52,1,5110,0,1,1
12,1,4,0,0,69,0,2410,0,0,1
10,20,2,0,0,62,2,5110,0,1,1
9,19,4,0,0,90,1,5110,0,1,1
12,1,1,0,0,70,0,5100,0,0,1
12,0,3,0,0,52,1,5110,0,0,1
5,21,2,0,1,69,0,2640,0,1,1
13,20,4,0,1,84,1,1420,0,1,1
3,8,2,0,1,17,2,10,1,0,0
4,1,1,0,0,90,2,4820,0,1,1
12,22,5,0,0,89,2,5110,0,1,1
1,14,0,0,1,4,2,10,0,1,0
5,8,4,0,1,1,0,80,0,0,0
3,16,2,0,0,12,2,30,0,0,0
13,4,4,0,0,53,2,1210,0,1,1
10,5,4,0,0,63,0,2260,0,1,1
12,3,0,0,0,65,0,4440,0,1,1
13,2,0,0,0,84,0,5110,0,1,1
13,5,1,0,1,59,1,2060,0,1,1
8,0,1,0,0,92,2,5090,0,1,1
1,9,3,0,1,13,1,10,0,0,0
10,20,5,0,0,88,2,1480,0,1,1
12,21,3,0,0,93,1,5110,0,1,1
9,3,4,0,0,65,1,5110,0,1,1
13,22,5,0,0,58,2,5110,0,1,1
13,4,2,0,0,51,1,2030,0,0,1
12,21,4,0,0,81,1,1370,0,1,1
9,3,5,0,0,65,0,5110,0,1,1
10,21,6,0,0,82,0,5110,0,0,1
9,19,5,0,0,54,2,5110,0,0,1
4,8,2,0,1,17,0,10,0,0,0
13,19,4,0,0,92,2,5100,0,0,1
9,0,2,0,0,60,0,5110,0,1,1
10,18,5,0,0,95,2,5110,0,0,1
13,3,4,0,0,89,2,5110,0,0,1
6,21,3,0,0,81,1,5100,0,1,1
11,2,6,0,0,84,2,5110,0,0,1
4,11,2,0,1,0,1,1190,0,0,0
12,4,1,0,0,86,0,5110,0,1,1
4,15,0,0,1,2,2,60,0,0,0
11,23,5,0,0,88,1,1010,0,0,1
2,16,2,0,1,12,2,190,0,0,0
11,18,5,0,0,97,2,1310,0,1,1
12,0,3,0,0,54,1,5110,0,1,1
4,17,4,0,1,9,1,10,0,0,0
9,3,5,0,0,68,0,5100,0,1,1
10,19,4,0,0,54,0,5110,0,1,1
7,19,0,0,0,60,1,5110,0,1,1
9,18,3,0,0,80,1,5110,0,1,1
3,3,4,0,0,91,1,5110,0,1,1
13,1,5,0,0,79,2,5110,0,0,1
9,4,2,0,0,86,1,5110,0,1,1
9,2,3,0,0,64,2,5110,0,1,1
13,3,2,0,0,71,2,4520,0,1,1
11,2,5,0,0,74,2,5110,0,1,1
13,21,2,0,0,93,1,5110,0,0,1
2,9,1,0,0,2,2,40,0,0,0
3,8,1,0,0,8,2,20,0,0,0
9,11,3,0,1,7,1,100,0,0,0
12,4,1,0,0,72,0,5110,0,1,1
1,16,2,0,1,3,0,30,0,0,0
11,19,0,0,0,67,2,5100,0,0,1
1,16,1,0,1,4,1,40,0,0,0
9,21,1,0,0,64,1,5110,0,1,1
6,5,4,0,0,64,1,5110,0,1,1
1,14,4,0,0,5,2,10,0,0,0
2,7,4,0,1,19,1,130,0,0,0
10,18,2,0,0,94,1,5110,0,0,1
1,12,0,0,1,8,0,10,0,0,0
12,3,3,0,0,74,1,1300,0,0,1
12,2,3,0,0,79,0,5110,0,1,1
3,19,5,0,0,59,2,5110,0,1,1
13,3,0,0,0,92,0,1890,0,0,1
9,0,4,0,0,62,0,5110,0,1,1
12,19,4,0,0,78,0,5110,0,1,1
10,5,6,0,0,81,1,1120,0,1,1
9,21,1,0,0,92,1,5110,0,0,1
13,21,0,0,0,77,2,2510,0,1,1
13,23,0,0,0,58,1,5100,0,1,1
3,15,4,0,0,1,1,10,0,0,0
9,20,5,0,0,83,0,5110,0,1,1
5,23,5,0,0,61,2,5110,0,1,1
4,10,1,0,1,19,2,260,0,0,0
9,21,2,0,0,75,0,10,0,0,1
9,5,4,0,0,78,1,5110,0,1,1
1,18,2,0,0,0,0,10,0,0,0
2,11,3,0,1,4,0,10,0,0,0
10,20,0,0,0,83,2,910,0,1,1
13,20,4,0,0,74,2,5110,0,0,1
13,0,5,0,0,72,2,5110,0,1,1
12,0,5,0,0,80,1,5110,0,0,1
12,5,4,0,0,72,2,5110,0,1,1
13,3,6,0,0,67,1,5110,0,1,1
5,21,6,0,0,52,0,4820,0,1,1
9,5,4,0,1,89,1,1230,0,1,1
9,1,0,0,1,80,0,1090,0,1,1
12,0,6,0,0,77,2,4500,0,1,1
10,20,3,0,0,63,2,5110,0,0,1
12,19,6,0,0,68,0,5110,0,0,1
10,2,6,0,0,97,0,920,0,0,1
11,0,3,0,0,72,1,5110,0,1,1
11,23,4,0,1,61,1,210,0,1,1
10,20,5,0,0,98,2,5110,0,1,1
12,3,5,0,0,81,2,5110,0,1,1
4,12,0,0,1,16,1,150,0,0,0
11,22,2,0,0,55,0,2040,0,0,1
12,19,5,0,0,82,1,5100,0,1,1
11,20,0,0,0,53,2,5110,0,1,1
11,1,5,0,1,96,1,2580,0,1,1
2,9,0,0,1,5,2,190,0,0,0
9,1,4,0,0,56,2,5100,0,1,1
11,22,1,0,0,93,1,5100,0,1,1
12,2,0,0,0,77,0,5110,0,1,1
3,8,0,0,1,8,1,20,0,0,0
13,23,2,0,0,85,2,5100,0,1,1
11,20,4,0,0,63,2,2670,0,1,1
13,3,6,0,0,72,0,5110,0,1,1
11,18,1,0,0,81,0,5110,0,1,1
9,1,3,0,0,54,0,4370,0,0,1
7,11,4,0,1,1,2,20,0,0,0
9,23,6,0,0,72,2,4460,0,0,1
9,20,4,0,0,58,0,5110,0,1,1
2,12,3,0,1,16,2,10,0,0,0
12,4,5,0,0,97,1,2530,0,0,1
1,13,1,0,1,16,1,10,0,0,0
9,4,6,0,0,83,0,5110,0,1,1
7,2,3,0,0,94,2,5110,0,1,1
11,23,2,0,0,66,2,480,0,1,1
5,18,0,0,1,0,0,10,0,0,0
13,20,3,0,0,68,0,890,0,1,1
4,8,4,0,1,4,0,10,0,0,0
12,20,3,0,0,92,1,5100,0,1,1
10,2,1,0,0,70,2,5110,0,1,1
12,22,6,0,0,88,1,5110,0,1,1
13,2,3,0,0,56,0,4800,0,1,1
13,5,1,0,0,87,0,5110,0,1,1
4,7,3,0,1,16,2,50,0,0,0
13,21,4,0,0,88,2,5110,0,1,1
11,2,1,0,1,78,2,1200,0,0,1
4,23,2,0,0,96,1,1460,0,1,1
10,21,0,0,0,68,0,2310,0,1,1
10,20,4,0,0,77,0,5040,0,0,1
10,21,3,0,0,57,2,5110,0,1,1
12,18,3,0,0,19,2,30,0,0,0
14,5,1,0,0,62,2,20,0,1,1
9,4,4,0,0,87,1,5090,0,1,1
4,3,2,0,0,93,2,5110,0,1,1
11,0,2,0,1,55,0,2210,0,1,1
13,3,1,0,0,86,1,5110,0,1,1
7,0,2,0,0,99,1,5110,0,1,1
8,22,0,0,0,67,1,1360,0,0,1
9,4,6,0,0,87,2,5110,0,1,1
2,10,0,0,1,3,2,50,0,0,0
13,3,2,0,0,71,2,5110,0,1,1
8,22,6,0,0,56,0,5110,0,1,1
10,2,3,0,0,92,0,5100,0,1,1
10,23,4,0,0,61,1,5110,0,1,1
10,20,0,0,0,98,2,5110,0,0,1
9,22,1,0,0,92,2,5110,0,1,1
11,22,2,0,0,86,2,5110,0,1,1
5,10,0,0,0,13,2,50,0,1,0
11,2,2,0,0,92,2,5110,0,1,1
10,0,6,0,0,70,2,5110,0,1,1
3,23,6,0,0,78,2,5110,0,1,1
3,5,3,0,0,51,2,5110,0,1,1
12,18,6,0,0,86,2,2130,0,1,1
13,22,1,0,0,79,0,5110,0,1,1
11,3,5,0,0,51,2,2070,0,0,1
12,0,6,0,0,52,0,4510,0,1,1
9,18,1,0,0,85,1,5100,0,1,1
1,8,0,0,1,9,2,40,0,0,0
12,3,2,0,0,81,0,5110,0,0,1
12,0,3,0,0,76,2,2230,0,0,1
12,23,1,0,0,93,0,1390,0,1,1
8,12,2,0,1,1,2,200,0,0,0
3,10,2,0,1,18,2,290,0,0,0
5,20,5,0,0,81,1,1890,0,1,1
12,0,1,0,0,85,2,4790,0,1,1
9,20,6,0,0,51,2,5010,0,1,1
12,22,3,0,0,64,1,5110,0,0,1
9,19,6,0,0,83,0,4530,0,1,1
9,2,5,0,0,92,0,5110,0,1,1
4,2,0,0,0,96,1,4820,0,1,1
13,5,0,0,0,96,1,5110,0,1,1
11,2,5,0,0,63,2,5110,0,1,1
12,22,5,0,0,73,2,4800,0,1,1
10,22,4,0,1,68,2,10,0,1,1
11,22,6,0,0,96,0,5110,0,1,1
10,21,1,0,0,86,2,1220,0,1,1
11,5,1,0,1,80,2,1100,0,1,1
10,1,4,0,0,63,2,5110,0,0,1
3,8,3,0,1,13,0,250,0,0,0
10,20,0,0,0,53,0,5110,0,0,1
3,12,0,0,1,11,1,110,0,0,0
10,3,1,0,1,86,2,1370,0,0,1
12,22,3,0,1,91,2,2600,0,1,1
10,3,2,0,0,55,1,610,0,1,1
10,2,2,0,0,60,2,5110,0,1,1
10,1,3,0,0,85,2,5110,0,0,1
13,5,1,0,0,52,2,5110,0,0,1
2,16,4,0,1,8,0,80,0,0,0
9,23,0,0,0,62,1,2580,0,1,1
12,1,5,0,0,52,2,5100,0,0,1
13,1,2,0,0,59,2,5110,0,0,1
9,4,6,0,0,72,2,5100,0,0,1
12,2,6,0,0,94,2,5110,0,1,1
12,1,3,0,0,97,1,5110,0,1,1
1,9,4,0,0,4,2,20,0,0,0
10,18,1,0,0,57,2,5110,0,1,1
10,21,3,0,0,56,1,4510,0,1,1
10,20,3,0,0,88,0,5110,0,1,1
11,22,2,0,0,55,0,5110,0,1,1
9,5,6,0,0,78,1,2250,0,1,1
1,14,1,0,1,13,2,2940,0,0,0
13,1,3,0,0,65,1,5110,0,1,1
4,7,4,0,1,3,1,60,0,0,0
9,19,0,0,0,81,1,5110,0,1,1
14,2,6,0,1,87,2,30,0,1,1
3,14,3,0,1,1,1,160,0,0,0
12,1,2,0,1,70,2,1310,0,1,1
9,21,5,0,0,80,2,2480,0,1,1
1,18,2,0,1,14,0,130,0,0,0
13,23,5,0,0,63,0,5110,0,0,1
12,5,0,0,0,79,2,2030,0,1,1
10,5,0,0,0,55,1,5100,0,1,1
5,7,1,0,1,2,0,180,0,0,0
4,4,2,0,0,77,0,5100,0,1,1
1,17,3,0,1,1,0,180,0,0,0
13,20,6,0,0,58,0,5110,0,1,1
11,21,6,0,0,68,2,5090,0,1,1
9,18,6,0,0,53,0,5110,0,1,1
4,11,1,0,1,11,0,60,0,0,0
10,5,6,0,0,74,0,1270,0,1,1
13,0,6,0,0,82,1,2420,0,1,1
12,22,6,0,0,75,0,5110,0,0,1
11,18,0,0,0,80,2,5110,0,0,1
10,3,6,0,0,93,2,5110,0,0,1
8,16,3,0,1,14,1,10,0,0,0
11,3,6,0,0,61,1,5110,0,0,1
9,22,3,0,0,80,1,1380,0,1,1
6,4,1,0,0,97,1,5100,0,0,1
12,2,6,0,0,62,2,5110,0,1,1
2,13,4,0,1,5,0,10,0,0,0
13,2,6,0,0,95,1,5110,0,1,1
13,23,6,0,0,57,0,5110,0,1,1
9,2,4,0,0,63,2,2340,0,1,1
11,18,5,0,0,57,0,1380,0,1,1
10,22,0,0,0,75,0,4490,0,1,1
5,10,1,0,1,18,2,10,0,0,0
10,23,2,0,0,96,0,5090,0,1,1
12,4,6,0,0,77,1,1160,0,1,1
10,22,2,0,0,50,2,4750,0,1,1
2,16,4,0,1,6,1,40,0,0,0
10,19,6,0,0,50,1,5110,0,1,1
8,19,0,0,0,70,1,4860,0,0,1
3,7,1,0,1,10,2,140,0,0,0
13,0,2,0,0,98,2,5080,0,1,1
10,20,1,0,0,90,2,1250,0,1,1
10,21,5,0,0,57,1,1370,0,1,1
5,23,5,0,1,94,2,1140,0,0,1
4,14,2,0,1,1,1,20,0,0,0
13,19,0,0,0,70,0,5110,0,1,1
8,22,2,0,0,93,1,2300,0,1,1
5,4,1,0,0,83,2,5110,0,1,1
10,0,1,0,0,98,0,2740,0,0,1
12,5,3,0,0,56,2,5110,0,1,1
10,18,3,0,0,54,0,1130,0,0,1
13,18,4,0,0,90,2,5110,0,1,1
11,23,6,0,0,69,0,5100,0,1,1
1,7,0,0,1,8,2,170,0,0,0
8,17,3,0,0,6,1,80,0,0,0
2,7,1,0,1,5,0,100,0,0,0
5,14,1,0,1,12,1,10,0,0,0
11,23,6,0,1,81,1,2510,0,0,1
1,12,1,0,1,11,2,10,0,0,0
1,14,2,0,1,14,1,330,0,0,0
1,18,3,0,1,8,1,460,0,0,0
6,2,5,0,0,72,0,5110,0,0,1
14,0,4,0,1,89,2,30,0,1,1
10,5,1,0,0,78,1,4460,0,1,1
10,21,5,0,0,57,1,1360,0,1,1
13,18,2,0,0,86,2,5110,0,1,1
7,19,1,0,1,51,1,1220,0,0,1
9,22,6,0,0,64,2,5110,0,0,1
1,7,2,0,1,16,1,30,0,0,0
13,18,1,0,0,52,0,5110,0,1,1
5,2,2,0,0,51,1,5110,0,1,1
9,1,3,0,0,82,0,5110,0,1,1
5,22,1,0,0,92,1,1460,0,1,1
5,18,4,0,1,2,2,10,0,0,0
13,20,6,0,0,71,1,5110,0,1,1
13,21,5,0,0,98,2,1500,0,1,1
5,2,6,0,0,66,2,5110,0,0,1
12,20,6,0,0,62,0,2550,0,0,1
12,20,1,0,0,53,2,5110,0,0,1
1,16,2,0,1,7,0,90,0,0,0
13,2,5,0,0,78,1,5110,0,1,1
9,0,4,0,0,86,2,5110,0,0,1
11,5,6,0,0,53,2,2740,0,1,1
12,18,3,0,0,99,0,5110,0,1,1
9,21,0,0,0,55,2,2760,0,0,1
3,15,4,0,1,11,1,120,0,0,0
13,2,0,0,0,92,1,2660,0,1,1
10,19,3,0,1,96,1,1170,0,1,1
12,19,2,0,0,81,2,2720,0,1,1
10,23,1,0,0,78,0,5110,0,1,1
13,20,6,0,0,86,1,5110,0,1,1
3,14,3,0,1,3,2,160,0,0,0
9,2,0,0,0,56,0,2680,0,0,1
10,23,2,0,0,54,2,4770,0,1,1
12,2,5,0,0,54,0,5110,0,1,1
11,20,6,0,0,88,0,4800,0,1,1
13,22,6,0,0,93,0,5110,0,1,1
8,4,1,0,0,52,0,5110,0,0,1
13,21,5,0,0,84,1,5110,0,0,1
7,0,6,0,0,84,2,1490,0,1,1
7,5,6,0,1,64,2,1050,0,1,1
13,1,1,0,0,64,1,1950,0,0,1
9,5,6,0,0,94,2,2820,0,1,1
9,3,0,0,0,70,2,5100,0,0,1
11,20,0,0,0,90,1,5110,0,1,1
10,22,1,0,0,68,1,5110,0,1,1
9,4,4,0,0,68,0,4740,0,1,1
9,5,1,0,0,63,2,5110,0,0,1
9,19,6,0,0,75,2,5110,0,1,1
2,7,4,0,1,7,1,10,0,0,0
11,22,3,0,0,84,1,5100,0,1,1
12,23,4,0,1,98,1,2810,0,0,1
3,17,1,0,1,9,0,40,0,0,0
10,2,6,0,0,63,0,5110,0,0,1
1,14,0,0,1,8,0,20,0,0,0
7,0,4,0,0,63,1,5110,0,1,1
11,20,2,0,0,99,0,5110,0,0,1
11,23,0,0,0,53,0,1370,0,1,1
12,1,2,0,0,88,1,5110,0,0,1
5,13,4,0,0,9,2,80,0,0,0
4,12,0,0,0,9,2,270,0,0,0
13,21,4,0,0,57,2,5110,0,1,1
12,4,4,0,0,95,1,5110,0,1,1
9,3,2,0,0,61,1,1490,0,1,1
12,23,5,0,1,86,0,1050,0,1,1
3,10,3,0,1,3,2,80,0,0,0
13,3,5,0,0,72,0,5100,0,0,1
5,20,5,0,0,93,0,1860,0,1,1
6,16,3,0,1,17,1,10,0,0,0
11,0,5,0,0,77,0,5110,0,1,1
5,10,1,0,1,9,2,90,0,0,0
10,1,5,0,0,65,2,5110,0,0,1
10,4,5,0,1,58,2,2640,0,1,1
5,0,1,0,0,72,1,2430,0,1,1
2,7,4,0,0,17,1,10,0,0,0
13,19,6,0,0,84,0,5100,0,1,1
9,19,6,0,0,90,2,5110,0,0,1
11,0,3,0,1,65,1,1150,0,1,1
11,4,0,0,0,99,0,5110,0,0,1
10,5,0,0,0,55,0,5110,0,1,1
11,21,5,0,0,58,0,5110,0,0,1
2,10,3,0,1,7,2,30,0,0,0
11,22,3,0,0,77,1,5110,0,1,1
11,20,4,0,0,72,1,5110,0,0,1
13,0,6,0,0,62,1,5110,0,1,1
13,23,6,0,0,78,1,5110,0,0,1
11,18,1,0,1,84,1,5110,0,0,1
11,5,2,0,0,79,0,5110,0,1,1
13,3,1,0,0,51,1,5110,0,0,1
10,2,6,0,0,84,1,2790,0,1,1
2,17,0,0,1,15,2,40,0,0,0
11,1,0,0,0,54,1,5100,0,1,1
9,19,2,0,1,58,2,2100,0,1,1
12,19,1,0,0,84,2,5110,0,1,1
4,4,4,0,0,93,2,5110,0,1,1
11,4,1,0,0,90,0,5110,0,1,1
11,5,6,0,0,88,0,5110,0,1,1
12,22,3,0,0,72,0,5110,0,1,1
11,22,6,0,0,96,0,1440,0,1,1
10,18,0,0,0,91,0,5110,0,1,1
13,3,6,0,0,94,2,70,0,1,1
11,0,2,0,0,66,1,5110,0,1,1
12,3,6,0,0,99,0,2080,0,1,1
6,19,2,0,0,53,1,5110,0,1,1
4,10,4,0,1,13,2,10,0,0,0
11,3,2,0,0,66,0,5110,0,1,1
6,22,2,0,0,87,1,5110,0,1,1
9,3,1,0,1,61,2,1020,0,1,1
5,17,3,0,1,18,1,300,0,0,0
12,21,4,0,0,70,1,5110,0,0,1
12,0,2,0,0,78,0,5110,0,1,1
11,19,1,0,0,77,1,5110,0,1,1
11,5,0,0,0,86,0,5110,0,1,1
6,4,2,0,0,59,2,2960,0,1,1
9,20,5,0,0,50,0,5110,0,1,1
11,4,2,0,0,96,2,5110,0,0,1
10,0,5,0,0,83,0,5110,0,1,1
10,2,4,0,0,68,2,5100,0,0,1
5,3,2,0,0,50,1,5110,0,1,1
11,1,3,0,0,82,0,5110,0,1,1
5,4,6,0,1,74,1,2130,0,1,1
8,4,4,0,0,73,2,5110,0,1,1
10,19,1,0,0,99,0,5110,0,1,1
12,20,0,0,0,57,2,4610,0,1,1
3,18,4,0,0,65,2,1290,0,1,1
4,12,0,0,1,2,1,20,0,0,0
12,22,4,0,0,79,2,5110,0,1,1
13,21,3,0,0,80,2,2260,0,1,1
7,0,2,0,0,57,1,5110,0,0,1
13,23,6,0,0,50,2,5110,0,1,1
3,15,3,0,1,16,1,280,0,0,0
9,1,0,0,0,65,1,5110,0,1,1
9,20,6,0,0,84,2,5110,0,1,1
1,7,4,0,1,6,2,10,0,0,0
11,3,4,0,0,57,0,5110,0,1,1
11,20,5,0,0,51,0,5110,0,1,1
13,0,3,0,0,78,1,5110,0,1,1
13,4,1,0,0,65,1,5100,0,1,1
12,1,6,0,0,71,1,5110,0,1,1
12,0,4,0,0,63,2,5110,0,1,1
11,0,2,0,1,70,2,2100,0,1,1
10,21,3,0,0,94,1,4630,0,1,1
7,22,0,0,0,52,2,1250,0,1,1
11,19,6,0,0,85,0,5110,0,1,1
3,8,1,0,1,6,0,30,0,0,0
7,19,0,0,0,52,2,5110,0,1,1
13,19,3,0,0,77,2,5110,0,0,1
10,19,2,0,0,60,1,5100,0,1,1
13,18,1,0,0,91,1,5110,0,0,1
9,2,5,0,0,56,2,2790,0,1,1
3,17,0,0,1,2,0,10,0,0,0
10,21,6,0,0,60,0,5110,0,0,1
12,5,1,0,0,70,1,5110,0,0,1
10,19,0,0,0,66,0,5100,0,0,1
5,2,3,0,0,51,1,5110,0,1,1
12,0,0,0,0,83,1,5110,0,1,1
11,0,6,0,0,91,2,5110,0,0,1
9,1,6,0,0,88,0,5110,0,1,1
12,22,3,0,0,95,2,2050,0,0,1
3,11,1,0,0,0,0,10,0,0,0
2,13,0,0,1,16,1,70,0,1,0
10,19,4,0,0,89,2,2050,0,1,1
10,0,5,0,0,83,2,5110,0,1,1
6,20,4,0,0,93,0,5110,0,1,1
9,19,3,0,0,84,1,1280,0,1,1
11,3,1,0,1,71,2,2350,0,0,1
9,3,1,0,0,52,2,5110,0,1,1
9,20,3,0,0,56,2,5110,0,0,1
11,23,0,0,1,58,1,1900,0,0,1
13,0,3,0,0,82,2,5110,0,1,1
12,19,3,0,0,70,2,5110,0,1,1
2,17,0,0,1,11,2,10,0,0,0
1,14,1,0,0,0,2,110,0,0,0
10,19,3,0,0,56,2,5110,0,1,1
4,10,2,0,1,13,2,10,0,0,0
10,23,0,0,0,50,1,5110,0,0,1
12,1,0,0,1,51,1,1040,0,1,1
11,20,6,0,0,71,1,5110,0,1,1
9,5,3,0,0,62,2,1390,0,1,1
12,21,0,0,0,54,2,5110,0,1,1
12,21,0,0,0,75,0,2460,0,1,1
9,23,6,0,0,65,0,5110,0,1,1
13,19,0,0,0,94,0,5110,0,1,1
12,3,0,0,0,60,2,5110,0,1,1
11,21,6,0,0,98,1,5110,0,1,1
12,20,6,0,0,97,0,4560,0,0,1
9,2,6,0,0,54,0,5100,0,1,1
11,18,6,0,0,97,1,5110,0,1,1
13,18,5,0,0,61,1,1320,0,1,1
10,0,5,0,0,63,0,5110,0,1,1
12,19,3,0,0,71,1,5110,0,0,1
5,18,1,0,1,19,1,250,0,0,0
10,2,0,0,0,90,1,5110,0,1,1
9,22,1,0,0,73,1,5110,0,0,1
9,1,5,0,0,55,2,5110,0,0,1
4,9,4,0,1,14,2,70,0,0,0
11,4,1,0,0,50,1,5110,0,1,1
9,1,3,0,0,67,1,5110,0,1,1
9,0,4,0,0,67,2,2340,0,1,1
10,18,5,0,0,78,0,5110,0,0,1
4,12,1,0,1,12,1,160,0,0,0
10,0,3,0,0,52,2,5110,0,1,1
12,2,0,0,0,64,0,5110,0,1,1
10,18,2,0,0,73,1,2560,0,0,1
5,8,4,0,1,1,0,30,0,0,0
7,4,0,0,0,97,1,5110,0,0,1
3,7,1,0,1,10,2,10,0,0,0
11,1,0,0,0,80,1,5110,0,0,1
10,23,3,0,0,55,2,5110,0,1,1
9,4,5,0,0,85,2,5110,0,1,1
12,18,0,0,0,62,1,5110,0,1,1
3,13,2,0,0,11,0,60,0,0,0
11,19,1,0,0,88,2,350,0,1,1
2,14,2,0,0,5,1,170,0,0,0
10,1,1,0,0,94,1,5110,0,1,1
11,23,3,0,0,79,2,5110,0,1,1
13,0,0,0,0,87,0,5110,0,1,1
9,20,3,0,0,58,1,5110,0,1,1
1,16,2,0,1,10,2,130,0,0,0
12,2,0,0,0,90,0,5100,0,1,1
3,17,0,0,1,16,1,10,0,0,0
11,1,4,0,0,88,1,5110,0,0,1
11,20,3,0,0,61,0,5110,0,0,1
10,17,0,0,0,0,2,60,0,0,0
11,4,1,0,0,99,1,2270,0,0,1
5,15,1,0,1,8,2,30,0,0,0
9,22,1,0,0,94,1,5110,0,1,1
2,16,4,0,1,4,2,20,0,0,0
10,18,4,0,0,76,0,5110,0,1,1
1,9,1,0,1,18,1,230,0,0,0
5,18,2,0,0,74,0,5110,0,0,1
10,18,1,0,0,86,2,5110,0,0,1
5,3,4,0,0,54,0,2770,0,1,1
3,18,2,0,1,2,1,20,0,1,0
12,3,3,0,0,98,0,5110,0,0,1
4,20,1,0,0,53,1,5110,0,0,1
11,0,3,0,0,86,2,1040,0,0,1
4,12,3,0,0,6,0,110,0,0,0
10,23,5,0,0,84,2,5110,0,0,1
11,23,1,0,0,86,1,5100,0,1,1
11,1,2,0,0,62,0,5110,0,1,1
11,0,2,0,0,55,0,5110,0,1,1
10,23,4,0,0,77,2,5110,0,1,1
10,19,0,0,1,93,1,1430,0,1,1
14,19,2,0,0,58,2,20,0,1,1
11,21,3,0,0,94,2,1990,0,1,1
9,4,3,0,1,95,1,2670,0,1,1
4,18,4,0,1,18,0,70,0,0,0
1,13,0,0,0,17,1,170,0,0,0
5,16,1,0,1,1,2,10,0,0,0
3,5,3,0,0,73,1,5110,0,1,1
10,5,5,0,0,68,2,5110,0,0,1
9,21,5,0,0,64,1,1170,0,1,1
9,1,4,0,0,95,0,5110,0,1,1
13,22,4,0,0,88,1,5110,0,1,1
9,20,1,0,0,81,2,20,0,1,1
5,0,0,0,0,69,1,4850,0,1,1
13,2,3,0,0,91,0,5110,0,0,1
12,20,3,0,0,51,1,5110,0,0,1
11,18,0,0,0,56,2,5110,0,0,1
5,20,4,0,0,61,2,4530,0,1,1
2,15,0,0,1,0,1,20,0,0,0
3,18,2,0,1,17,2,140,0,0,0
13,19,0,0,0,86,0,5110,0,1,1
10,23,5,0,0,67,0,1180,0,1,1
4,23,3,0,0,60,2,5110,0,1,1
8,18,3,0,0,96,1,5110,0,1,1
12,3,5,0,0,88,0,5110,0,1,1
13,3,0,0,0,85,0,5110,0,1,1
9,5,0,0,0,73,2,5110,0,1,1
9,17,4,0,1,7,2,10,0,0,0
8,4,4,0,0,95,0,5110,0,1,1
11,3,5,0,0,89,2,5110,0,1,1
1,17,2,0,1,15,2,70,0,0,0
13,22,5,0,0,83,2,5110,0,1,1
3,8,2,0,1,10,1,10,0,0,0
1,14,3,0,1,15,1,110,0,0,0
10,21,2,0,0,65,2,5110,0,1,1
13,23,0,0,0,72,2,5110,0,0,1
11,1,0,0,0,66,1,2760,0,1,1
11,2,0,0,0,83,2,2510,0,1,1
8,21,0,0,0,93,2,5110,0,1,1
11,21,3,0,0,81,2,5110,0,0,1
9,20,5,0,0,54,0,5110,0,1,1
6,10,4,0,1,13,1,10,0,0,0
3,1,4,0,0,80,2,5110,0,0,1
13,4,3,0,0,59,1,5110,0,1,1
13,18,6,0,0,91,2,5110,0,0,1
10,22,5,0,0,50,1,5110,0,0,1
10,2,0,0,0,69,2,5080,0,0,1
9,0,1,0,0,55,1,5110,0,1,1
10,3,4,0,0,83,2,1270,0,1,1
13,0,1,0,0,82,0,5110,0,1,1
12,3,3,0,1,67,2,1320,0,1,1
13,0,5,0,0,97,1,5110,0,0,1
10,5,5,0,0,93,1,5110,0,1,1
4,20,3,0,0,79,1,2770,0,1,1
1,14,1,0,1,11,2,90,0,0,0
11,23,5,0,0,72,2,5110,0,1,1
5,9,0,0,1,15,1,10,0,0,0
9,19,0,0,0,65,0,5110,0,1,1
4,15,2,0,1,5,0,30,0,0,0
12,19,2,0,0,77,2,2890,0,1,1
9,20,1,0,0,58,0,5110,0,0,1
12,5,4,0,0,85,2,5110,0,0,1
9,22,6,0,0,64,2,5110,0,1,1
13,0,5,0,0,91,1,5110,0,1,1
12,5,5,0,0,51,2,5110,0,1,1
5,14,1,0,1,12,0,180,0,0,0
9,0,3,0,0,94,1,5110,0,0,1
10,22,0,0,0,74,0,5110,0,1,1
5,11,3,0,1,17,2,10,0,0,0
5,10,2,0,1,14,0,110,0,1,0
13,0,2,0,0,96,0,5110,0,1,1
14,5,3,0,1,92,2,10,0,0,1
10,1,6,0,0,72,1,5090,0,1,1
9,22,4,0,0,77,2,1200,0,1,1
11,4,1,0,0,65,2,5110,0,1,1
11,18,0,0,0,56,0,5110,0,0,1
11,1,0,0,0,90,0,5100,0,1,1
10,4,1,0,0,52,0,5110,0,1,1
11,4,1,0,0,91,0,5110,0,1,1
12,2,6,0,0,66,2,5110,0,1,1
7,2,3,0,0,76,1,5110,0,1,1
10,23,3,0,0,61,0,5110,0,1,1
13,20,3,0,0,71,0,5110,0,1,1
9,20,0,0,0,71,2,5110,0,1,1
7,18,1,0,0,55,2,1090,0,1,1
10,20,4,0,0,82,0,4380,0,0,1
10,18,5,0,0,76,1,4780,0,1,1
9,5,2,0,1,65,0,1280,0,1,1
5,4,4,0,0,74,0,5110,0,1,1
9,23,5,0,0,68,0,5110,0,1,1
13,5,1,0,0,65,1,5100,0,1,1
5,22,6,0,0,87,2,4420,0,1,1
13,23,3,0,0,58,1,5110,0,1,1
9,1,1,0,0,58,2,5110,0,0,1
9,1,2,0,0,50,2,2960,0,1,1
4,21,0,0,1,80,2,2070,0,1,1
5,0,2,0,0,90,2,4780,0,1,1
3,8,0,0,1,16,1,80,0,0,0
8,23,0,0,0,58,0,5110,0,1,1
6,22,2,0,0,87,1,1130,0,1,1
4,13,1,0,1,3,0,90,0,0,0
13,0,0,0,0,74,2,1440,0,1,1
13,19,0,0,1,67,2,230,0,0,1
12,21,6,0,0,92,1,5110,0,1,1
5,17,1,0,1,13,1,60,0,0,0
6,2,4,0,0,53,0,4710,0,0,1
13,0,6,0,0,72,2,5110,0,1,1
5,23,2,0,0,66,2,5110,0,1,1
10,22,1,0,0,61,2,5110,0,1,1
4,16,3,0,0,7,1,80,0,0,0
13,0,1,0,1,77,1,2110,0,1,1
11,12,0,0,1,7,0,10,0,0,0
13,0,6,0,0,50,2,5110,0,1,1
9,22,3,0,0,60,2,5110,0,1,1
5,18,0,0,1,12,1,30,0,0,0
6,3,2,0,0,50,2,5110,0,1,1
11,20,0,0,0,88,1,2110,0,1,1
10,3,6,0,0,82,1,2640,0,1,1
9,19,1,0,1,94,2,1140,0,1,1
9,1,0,0,0,93,0,5110,0,0,1
10,5,3,0,0,66,0,1130,0,1,1
6,4,6,0,0,50,1,5110,0,1,1
9,21,4,0,0,97,1,2760,0,1,1
9,20,6,0,0,72,2,1060,0,0,1
12,5,0,0,0,95,2,5110,0,1,1
5,11,4,0,1,3,1,30,0,0,0
10,3,2,0,0,72,0,5110,0,1,1
12,23,5,0,0,73,2,5100,0,0,1
10,4,6,0,0,72,1,5100,0,1,1
12,20,0,0,0,63,0,5110,0,0,1
10,18,1,0,0,69,0,5110,0,0,1
9,21,2,0,0,95,0,5110,0,1,1
3,5,0,0,0,61,1,5110,0,1,1
9,19,1,0,0,97,2,5110,0,1,1
13,0,2,0,0,91,0,2440,0,1,1
12,23,6,0,0,97,0,5110,0,1,1
10,3,5,0,0,55,2,5110,0,1,1
12,4,6,0,0,80,2,5080,0,1,1
1,12,0,0,1,16,1,10,0,0,0
12,22,1,0,0,64,0,5100,0,0,1
4,18,1,0,1,14,0,10,0,0,0
12,4,3,0,0,97,1,1040,0,0,1
9,21,4,0,0,68,2,5110,0,1,1
13,22,3,0,0,75,1,5110,0,1,1
11,18,1,0,0,70,0,5110,0,1,1
9,18,5,0,0,65,1,5110,0,1,1
4,8,2,0,0,14,0,20,0,0,0
11,19,5,0,0,94,2,5110,0,0,1
11,1,0,0,0,56,0,10,0,1,1
7,3,0,0,0,94,0,1400,0,1,1
11,4,1,0,1,88,0,590,0,1,1
12,22,5,0,1,51,0,1190,0,1,1
9,19,5,0,0,66,2,1050,0,1,1
5,22,4,0,0,79,1,5110,0,0,1
7,19,5,0,0,70,1,5110,0,1,1
12,2,0,0,0,88,2,5110,0,1,1
5,5,2,0,0,73,1,5110,0,0,1
6,18,0,0,0,80,1,5110,0,1,1
6,19,6,0,0,86,2,2890,0,1,1
4,11,3,0,1,10,2,30,0,0,0
11,21,2,0,0,71,2,5100,0,0,1
10,23,1,0,0,59,1,1340,0,1,1
1,7,3,0,1,13,1,20,0,0,0
10,1,5,0,0,73,2,5110,0,1,1
10,5,2,0,0,80,0,5110,0,0,1
5,10,0,0,1,13,1,350,0,0,0
5,18,1,0,1,16,2,50,0,0,0
10,3,5,0,0,87,2,5110,0,1,1
11,22,1,0,0,60,2,5110,0,1,1
13,0,4,0,0,62,0,5110,0,1,1
13,18,5,0,0,90,1,5110,0,1,1
10,19,5,0,0,91,1,5110,0,0,1
10,22,3,0,0,87,1,5110,0,0,1
10,3,3,0,0,62,1,4900,0,1,1
9,21,2,0,0,97,1,5110,0,0,1
14,3,6,0,1,75,1,40,0,0,1
13,21,5,0,0,55,2,960,0,0,1
12,1,2,0,0,98,0,5110,0,1,1
1,17,0,0,1,7,2,40,0,0,0
10,20,6,0,0,56,1,5110,0,1,1
11,19,1,0,0,67,1,5110,0,1,1
3,17,2,0,0,2,2,150,0,0,0
3,8,3,0,0,11,2,210,0,0,0
11,4,3,0,0,89,1,1140,0,0,1
2,16,0,0,1,5,2,10,0,0,0
6,5,0,0,0,66,2,5110,0,1,1
9,1,2,0,0,57,1,2500,0,1,1
1,12,1,0,1,16,1,80,0,0,0
10,1,0,0,1,66,0,1210,0,1,1
11,3,1,0,0,95,1,5110,0,0,1
1,9,2,0,1,3,0,60,0,0,0
13,23,6,0,0,71,1,2400,0,1,1
12,19,2,0,0,53,1,1440,0,1,1
11,22,4,0,0,66,2,5110,0,0,1
10,22,3,0,0,95,1,5110,0,0,1
1,18,3,0,0,12,1,80,0,0,0
11,4,5,0,0,85,0,5110,0,0,1
11,22,3,0,0,77,2,2900,0,1,1
13,5,6,0,0,98,2,5110,0,1,1
10,22,6,0,0,60,1,5110,0,1,1
12,0,4,0,0,61,1,5110,0,1,1
10,1,6,0,0,87,2,5110,0,1,1
13,2,3,0,0,56,1,2130,0,1,1
10,19,1,0,1,56,1,2060,0,1,1
3,2,0,0,0,77,1,5110,0,1,1
13,4,2,0,0,51,0,5110,0,1,1
12,21,4,0,0,89,1,1320,0,1,1
10,5,1,0,0,83,2,5110,0,0,1
1,15,2,0,1,16,2,40,0,0,0
10,2,0,0,0,85,1,4800,0,0,1
5,1,0,0,0,81,2,5110,0,1,1
4,8,0,0,1,1,1,10,0,0,0
5,19,4,0,0,63,0,2170,0,1,1
11,21,1,0,0,63,2,5110,0,0,1
12,5,1,0,0,94,1,1010,0,1,1
11,20,0,0,0,64,2,5110,0,1,1
12,20,1,0,0,70,2,5100,0,0,1
10,3,0,0,0,93,1,5110,0,0,1
12,21,2,0,0,55,2,4540,0,1,1
9,18,5,0,0,90,1,1340,0,0,1
13,20,1,0,0,82,1,2730,0,1,1
9,22,0,0,0,91,1,5110,0,1,1
5,10,4,0,1,4,0,30,0,0,0
9,2,1,0,0,70,0,1340,0,1,1
9,18,0,0,0,91,1,5110,0,0,1
9,2,1,0,0,85,1,5110,0,1,1
9,19,5,0,0,95,1,5100,0,1,1
13,1,6,0,0,61,0,4810,0,1,1
9,13,4,0,0,18,2,10,0,0,0
10,4,6,0,0,53,1,5110,0,1,1
9,23,1,0,0,65,2,5110,0,1,1
12,2,1,0,0,54,2,5110,0,0,1
7,1,6,0,0,74,1,2540,0,1,1
4,11,1,0,1,17,1,130,0,0,0
10,2,3,0,0,77,1,5110,0,1,1
4,12,4,0,1,4,2,120,0,0,0
1,13,2,0,1,6,0,90,0,0,0
2,18,4,0,1,8,0,10,0,0,0
13,21,2,0,0,71,1,5110,0,1,1
10,0,0,0,0,70,1,5110,0,1,1
5,0,5,0,0,78,1,5110,0,0,1
11,4,4,0,0,55,1,1250,0,1,1
12,19,6,0,0,74,1,5110,0,1,1
13,18,0,0,0,58,1,5110,0,1,1
11,2,3,0,0,84,2,5110,0,1,1
5,13,3,0,0,2,0,160,0,0,0
13,4,1,0,0,80,1,4750,0,1,1
13,19,5,0,0,88,0,5110,0,1,1
13,23,6,0,0,65,1,5110,0,1,1
10,23,4,0,0,84,2,5110,0,1,1
5,16,2,0,0,12,2,230,0,0,0
9,21,4,0,0,60,0,5100,0,1,1
11,4,3,0,0,68,0,1400,0,1,1
13,19,4,0,0,86,2,5110,0,1,1
2,18,3,0,1,14,1,10,0,0,0
11,1,5,0,0,52,0,1320,0,1,1
12,23,5,0,1,55,0,2510,0,1,1
3,15,1,0,1,5,2,60,0,1,0
14,2,6,0,0,60,1,30,0,1,1
3,10,1,0,1,13,1,2830,0,0,0
11,3,3,0,1,92,2,1050,0,1,1
9,18,5,0,0,73,1,5110,0,1,1
3,7,1,0,1,18,2,40,0,0,0
9,2,4,0,0,67,2,5100,0,0,1
9,18,0,0,0,73,1,5110,0,0,1
13,21,1,0,0,94,0,2220,0,0,1
12,4,6,0,0,95,0,5110,0,1,1
13,0,5,0,0,60,0,5080,0,1,1
11,22,0,0,0,98,0,5110,0,1,1
12,23,4,0,0,90,2,5110,0,1,1
10,22,4,0,0,89,2,5110,0,0,1
3,14,2,0,1,10,2,140,0,0,0
7,22,2,0,0,65,0,5110,0,1,1
5,9,3,0,1,13,0,100,0,0,0
11,18,1,0,0,89,0,4760,0,1,1
11,22,3,0,0,84,2,5110,0,1,1
10,2,1,0,0,72,1,5110,0,0,1
5,17,3,0,1,9,2,10,0,0,0
13,22,3,0,0,78,1,5110,0,1,1
2,10,2,0,1,14,2,340,0,0,0
12,22,0,0,0,58,1,1470,0,0,1
12,3,1,0,0,91,1,5110,0,1,1
13,20,6,0,0,90,2,5110,0,1,1
1,15,1,0,1,11,1,10,0,0,0
1,7,1,0,0,15,0,160,0,0,0
11,22,3,0,0,91,1,5110,0,1,1
12,0,6,0,0,97,0,5110,0,1,1
13,22,4,0,0,76,1,5110,0,0,1
11,21,2,0,0,61,1,2770,0,1,1
4,18,3,0,1,14,2,80,0,0,0
10,22,2,0,1,97,0,1130,0,0,1
7,18,1,0,0,69,2,5100,0,1,1
4,3,0,0,0,53,2,5110,0,0,1
13,20,5,0,0,61,0,4680,0,1,1
12,21,3,0,0,50,0,4530,0,1,1
13,0,4,0,0,90,0,2870,0,0,1
13,21,1,0,0,72,2,5110,0,1,1
9,20,6,0,0,75,0,5100,0,1,1
6,1,2,0,0,62,1,4490,0,1,1
9,1,5,0,0,93,1,70,0,1,1
13,5,6,0,1,68,1,2520,0,1,1
11,22,5,0,0,61,0,5090,0,1,1
9,3,2,0,0,66,2,1270,0,1,1
2,13,2,0,1,6,2,320,0,0,0
13,19,5,0,0,78,1,5110,0,1,1
4,3,2,0,1,95,0,1900,0,0,1
12,22,5,0,0,94,2,1120,0,1,1
3,11,1,0,1,19,1,40,0,0,0
4,17,2,0,1,13,2,10,0,0,0
12,23,3,0,0,98,1,5110,0,0,1
12,23,0,0,0,71,2,1340,0,1,1
6,23,0,0,0,87,0,1490,0,1,1
12,3,3,0,0,52,0,5110,0,1,1
11,22,5,0,0,93,0,5110,0,1,1
12,22,5,0,0,55,1,5110,0,1,1
13,2,3,0,0,94,0,2260,0,1,1
13,5,3,0,0,75,1,1270,0,1,1
11,5,4,0,0,67,1,5110,0,1,1
1,7,4,0,1,14,2,340,0,0,0
9,2,3,0,0,90,1,2640,0,0,1
6,19,2,0,0,84,0,5110,0,1,1
5,20,4,0,0,89,2,5110,0,1,1
10,19,5,0,0,96,1,5110,0,1,1
3,18,4,0,1,3,1,20,0,0,0
12,22,4,0,1,56,2,2870,0,1,1
12,20,4,0,0,80,1,5110,0,0,1
10,23,0,0,0,75,0,2540,0,1,1
10,23,5,0,0,77,0,5110,0,1,1
1,13,3,0,1,10,1,90,0,0,0
13,2,6,0,0,55,1,5110,0,1,1
12,20,4,0,0,98,1,5110,0,1,1
3,17,0,0,1,12,0,20,0,0,0
12,1,0,0,0,73,2,2410,0,1,1
2,11,0,0,1,18,2,10,0,0,0
9,1,0,0,0,68,2,5110,0,1,1
10,5,4,0,0,90,0,5110,0,1,1
6,22,6,0,0,95,2,1930,0,1,1
10,1,1,0,0,69,2,2160,0,1,1
10,20,3,0,0,71,0,5110,0,1,1
7,2,0,0,0,76,0,2260,0,0,1
9,5,1,0,0,64,1,5100,0,1,1
12,21,2,0,0,50,1,5110,0,0,1
11,4,1,0,0,63,0,5110,0,1,1
9,19,2,0,0,68,0,5110,0,0,1
12,2,4,0,0,69,0,2550,0,1,1
8,19,0,0,0,70,2,1330,0,1,1
2,9,2,0,1,18,0,110,0,0,0
3,3,0,0,0,76,0,2180,0,0,1
13,4,3,0,0,83,2,5110,0,1,1
9,19,0,0,0,75,0,5110,0,0,1
11,21,2,0,0,65,1,5110,0,1,1
5,8,0,0,1,19,2,10,0,0,0
9,5,3,0,0,66,1,5110,0,0,1
8,18,2,0,0,74,1,5110,0,1,1
12,1,1,0,0,91,1,5110,0,0,1
12,18,2,0,0,59,0,5110,0,1,1
11,19,0,0,0,97,1,1440,0,0,1
5,15,0,0,1,13,1,110,1,0,0
5,18,2,0,0,2,0,20,0,1,0
10,20,0,0,0,75,2,2580,0,1,1
11,23,2,0,0,99,1,2400,0,1,1
2,15,0,0,1,0,2,250,0,0,0
9,18,2,0,0,99,0,5110,0,1,1
1,15,0,0,1,3,1,350,0,0,0
3,12,3,0,1,16,2,10,0,0,0
10,21,0,0,0,64,2,5110,0,1,1
13,0,3,0,0,50,2,5110,0,1,1
9,19,4,0,0,88,1,5110,0,1,1
11,23,5,0,0,68,2,5110,0,1,1
10,22,1,0,0,50,1,5100,0,1,1
10,4,3,0,0,60,0,5110,0,1,1
12,21,4,0,0,78,2,5110,0,1,1
4,9,0,0,0,6,2,10,0,1,0
10,21,3,0,1,72,2,1030,0,1,1
11,5,2,0,0,95,0,5110,0,1,1
12,23,6,0,0,68,2,5110,0,1,1
11,20,1,0,0,86,0,5110,0,0,1
9,3,4,0,0,74,1,5110,0,1,1
12,4,5,0,0,85,1,5110,0,0,1
12,1,5,0,0,85,1,5110,0,1,1
11,4,5,0,0,57,0,5110,0,1,1
12,5,3,0,0,99,0,5100,0,1,1
11,1,3,0,0,99,1,5110,0,1,1
10,4,4,0,0,98,2,5110,0,1,1
3,12,1,0,0,18,0,120,0,0,0
9,2,5,0,0,99,1,5110,0,1,1
10,3,0,0,0,93,1,1090,0,1,1
12,2,3,0,0,73,1,5110,0,1,1
9,21,1,0,1,94,1,1310,0,1,1
12,22,4,0,0,65,0,4760,0,1,1
13,22,1,0,0,91,2,5110,0,1,1
11,19,3,0,1,74,0,3000,0,1,1
10,1,4,0,0,91,0,5110,0,1,1
11,23,2,0,0,99,0,4530,0,1,1
11,1,1,0,0,88,1,5110,0,1,1
12,20,5,0,0,55,0,5110,0,1,1
8,11,0,0,1,5,1,60,0,0,0
12,22,3,0,0,94,1,5110,0,1,1
2,18,1,0,0,7,0,70,0,0,0
12,4,1,0,0,95,0,5110,0,0,1
9,20,0,0,0,57,0,2570,0,0,1
11,1,2,0,0,84,2,5110,0,0,1
13,0,0,0,0,90,0,1740,0,1,1
11,21,1,0,0,63,2,5110,0,1,1
13,1,3,0,0,99,1,5110,0,1,1
12,18,2,0,0,97,1,5110,0,1,1
12,4,6,0,0,87,1,2020,0,1,1
11,23,5,0,0,84,0,5110,0,0,1
6,9,2,0,1,0,1,90,0,1,0
9,22,4,0,0,65,2,5110,0,1,1
11,22,0,0,0,59,0,5110,0,0,1
9,20,0,0,0,78,1,5110,0,1,1
2,15,1,0,1,3,1,80,0,0,0
9,1,6,0,1,97,1,1260,0,0,1
13,3,0,0,1,58,2,1670,0,0,1
11,1,0,0,0,59,2,5110,0,1,1
5,4,1,0,0,61,2,4770,0,1,1
12,2,6,0,0,79,2,5110,0,1,1
10,23,6,0,0,57,0,5110,0,0,1
10,0,3,0,0,55,1,2050,0,1,1
13,1,3,0,0,65,1,5110,0,0,1
10,4,2,0,0,78,0,5110,0,0,1
10,23,6,0,0,59,0,5100,0,1,1
4,22,5,0,0,53,1,5110,0,1,1
9,22,0,0,0,73,0,5080,0,0,1
2,12,2,0,1,10,1,10,0,0,0
11,4,4,0,0,82,2,1950,0,1,1
12,23,1,0,0,79,0,5110,0,1,1
3,9,1,0,1,7,1,10,0,1,0
11,23,6,0,1,91,0,790,0,1,1
10,21,6,0,0,68,2,5110,0,1,1
10,3,1,0,0,58,0,5110,0,1,1
9,1,4,0,0,83,1,1030,0,1,1
4,13,2,0,1,10,2,10,0,0,0
8,17,1,0,1,13,2,50,0,0,0
4,8,3,0,1,15,1,20,0,0,0
5,13,4,0,1,2,1,160,0,0,0
1,11,0,0,1,12,1,60,0,0,0
13,18,1,0,1,74,0,1410,0,0,1
12,19,6,0,0,56,0,5110,0,0,1
10,23,6,0,0,62,1,5110,0,1,1
12,5,0,0,0,78,1,5110,0,0,1
10,2,2,0,0,52,2,5090,0,0,1
6,21,4,0,0,91,0,5110,0,0,1
12,20,5,0,0,66,2,5110,0,1,1
13,2,6,0,0,55,2,4820,0,1,1
8,19,6,0,0,83,0,10,0,1,1
11,18,5,0,0,87,0,5110,0,1,1
11,19,5,0,0,99,1,5110,0,1,1
12,0,5,0,0,62,2,2010,0,1,1
3,5,4,0,0,74,2,5110,0,1,1
5,8,3,0,1,7,0,10,0,0,0
10,5,5,0,0,88,1,5110,0,1,1
13,3,0,0,0,77,2,1210,0,1,1
13,1,3,0,0,85,2,5110,0,0,1
10,4,3,0,0,96,1,5110,0,1,1
13,19,4,0,0,73,0,5110,0,1,1
13,3,2,0,1,95,2,2140,0,1,1
13,18,0,0,0,57,1,5110,0,1,1
10,0,6,0,0,90,2,5110,0,1,1
4,14,2,0,1,10,0,10,0,0,0
12,20,6,0,0,72,2,5110,0,1,1
5,16,2,0,1,3,1,20,0,0,0
9,5,0,0,0,64,2,5110,0,1,1
11,5,2,0,0,89,2,2900,0,0,1
3,5,0,0,0,66,0,5110,0,1,1
12,21,2,0,0,65,0,5110,0,0,1
10,18,2,0,0,84,2,5100,0,1,1
1,7,3,0,1,11,1,120,0,0,0
5,0,3,0,0,69,2,4320,0,1,1
4,12,1,0,1,14,1,10,0,0,0
9,3,3,0,0,76,2,5110,0,1,1
10,22,6,0,0,76,1,5100,0,1,1
11,2,1,0,0,63,0,5110,0,1,1
1,10,2,0,1,12,0,380,0,0,0
7,22,2,0,0,74,0,5110,0,1,1
2,7,4,0,1,2,2,20,0,0,0
13,18,3,0,0,68,0,2680,0,1,1
9,21,5,0,0,51,2,5110,0,1,1
11,20,4,0,0,86,2,5110,0,1,1
13,18,1,0,0,91,1,5110,0,1,1
12,20,5,0,0,67,2,5090,0,0,1
8,13,2,0,1,0,2,210,0,0,0
10,18,1,0,0,74,1,2660,0,0,1
11,0,0,0,0,80,2,1290,0,1,1
12,4,3,0,0,56,2,5110,0,1,1
10,18,2,0,0,74,2,5110,0,1,1
10,21,2,0,0,65,0,2790,0,1,1
5,14,0,0,1,4,2,10,0,0,0
4,12,3,0,1,14,1,10,0,0,0
12,21,4,0,0,85,1,5110,0,1,1
9,4,2,0,0,64,2,5110,0,1,1
6,18,1,0,0,83,1,5110,0,1,1
10,3,0,0,1,89,0,2880,0,1,1
13,2,3,0,0,73,0,5110,0,0,1
1,13,4,0,1,7,0,10,0,0,0
4,11,1,0,1,19,1,110,0,0,0
12,22,3,0,0,92,1,5110,0,1,1
4,23,4,0,0,60,2,1030,0,1,1
7,21,1,0,0,81,0,5110,0,1,1
3,18,4,0,0,78,2,5110,0,1,1
13,1,0,0,0,88,0,5110,0,0,1
3,8,3,0,1,10,1,20,0,1,0
13,1,4,0,0,50,0,5110,0,1,1
6,0,3,0,0,80,2,1220,0,0,1
2,18,3,0,1,5,1,50,0,0,0
9,18,0,0,0,58,2,5110,0,1,1
12,18,3,0,0,88,2,5110,0,1,1
9,4,5,0,0,96,1,5110,0,1,1
11,4,2,0,0,77,0,5110,0,1,1
12,19,1,0,0,81,0,250,0,0,1
9,23,2,0,0,73,2,2180,0,0,1
4,16,2,0,1,16,1,210,0,0,0
11,23,4,0,0,52,0,1140,0,0,1
10,20,0,0,0,67,1,5110,0,0,1
4,22,1,0,0,57,0,2340,0,1,1
11,3,5,0,0,68,0,5110,0,1,1
12,0,3,0,0,99,0,5110,0,0,1
9,2,0,0,0,80,0,5110,0,0,1
5,0,2,0,0,85,2,5110,0,1,1
9,19,5,0,0,77,2,5110,0,1,1
9,23,3,0,1,62,1,1070,0,0,1
9,23,3,0,0,78,1,5110,0,1,1
5,21,6,0,0,94,0,1490,0,1,1
9,4,4,0,1,85,1,310,0,1,1
11,1,4,0,0,99,2,5100,0,1,1
11,18,0,0,0,59,2,5110,0,1,1
9,18,5,0,0,89,0,5110,0,1,1
7,19,3,0,0,72,0,5110,0,1,1
11,19,0,0,0,91,0,5080,0,0,1
10,0,2,0,0,76,0,5110,0,1,1
12,21,6,0,0,66,2,5110,0,1,1
1,15,1,0,1,15,2,10,0,0,0
11,20,2,0,0,69,2,5110,0,1,1
13,4,0,0,0,64,2,1030,0,1,1
13,3,1,0,0,83,0,5110,0,1,1
10,3,4,0,0,82,1,5110,0,1,1
4,4,3,0,0,96,2,5110,0,1,1
13,4,5,0,0,81,0,5110,0,1,1
10,22,5,0,0,76,0,4490,0,1,1
9,4,3,0,0,73,2,1270,0,1,1
13,5,4,0,0,91,1,1180,0,1,1
1,7,2,0,1,18,0,20,0,0,0
10,5,5,0,0,66,2,5110,0,1,1
4,7,0,0,1,4,1,10,0,0,0
1,17,3,0,1,3,2,80,0,0,0
10,0,3,0,0,50,2,5110,0,1,1
4,20,4,0,1,93,0,1210,0,1,1
11,20,6,0,0,66,2,5110,0,1,1
2,15,4,0,1,13,2,30,0,0,0
12,5,6,0,0,99,2,5110,0,1,1
11,5,4,0,0,91,1,5110,0,1,1
4,3,1,0,0,91,2,5110,0,0,1
10,2,1,0,0,85,2,5110,0,0,1
10,18,2,0,0,94,1,2600,0,0,1
5,7,3,0,0,6,1,10,0,0,0
4,8,1,0,1,16,1,10,0,0,0
11,4,5,0,0,68,2,1240,0,0,1
12,19,4,0,0,86,1,5110,0,0,1
11,20,5,0,0,97,0,1360,0,1,1
11,14,0,0,1,15,0,10,0,0,0
7,20,4,0,0,73,2,5110,0,1,1
10,19,3,0,0,93,1,5110,0,1,1
2,15,1,0,1,14,1,260,0,0,0
10,3,2,0,0,79,0,5110,0,1,1
11,5,4,0,0,73,0,4470,0,1,1
10,19,0,0,0,83,2,4530,0,1,1
12,1,0,0,0,57,0,1500,0,0,1
9,1,3,0,0,84,2,5110,0,1,1
13,5,3,0,0,59,1,1520,0,1,1
12,3,4,0,0,52,1,1930,0,1,1
10,0,3,0,0,84,2,5110,0,0,1
4,9,2,0,1,8,0,190,0,0,0
5,12,1,0,1,17,0,20,0,0,0
8,22,6,0,0,82,1,5110,0,1,1
11,3,2,0,0,89,0,1210,0,0,1
9,5,3,0,0,87,1,5100,0,1,1
9,18,1,0,0,77,2,5110,0,0,1
5,14,2,0,1,7,2,30,0,0,0
2,12,0,0,0,9,0,10,0,0,0
4,2,6,0,0,55,0,2130,0,1,1
13,19,1,0,1,76,1,750,0,1,1
8,5,2,0,0,58,1,5110,0,0,1
10,22,0,0,0,78,0,5110,0,1,1
13,21,4,0,0,62,1,1160,0,1,1
9,23,3,0,0,74,0,5110,0,1,1
10,2,4,0,0,66,0,5100,0,1,1
9,23,1,0,0,98,2,2690,0,0,1
12,22,1,0,0,90,2,5110,0,1,1
1,11,1,0,1,14,0,80,0,1,0
9,18,3,0,0,69,0,5110,0,1,1
13,0,0,0,1,61,2,2920,0,1,1
10,5,5,0,0,86,1,5110,0,1,1
12,22,4,0,0,51,1,5110,0,1,1
12,2,6,0,0,94,0,5110,0,0,1
13,1,1,0,0,74,2,5110,0,1,1
9,23,3,0,0,89,0,5110,0,0,1
11,3,2,0,0,71,1,5110,0,0,1
9,19,5,0,0,53,2,5110,0,1,1
11,3,6,0,0,80,0,5110,0,1,1
8,5,0,0,0,90,0,5110,0,1,1
3,12,0,0,1,17,2,340,0,0,0
12,3,0,0,0,88,1,5110,0,1,1
11,22,1,0,1,56,2,2260,0,1,1
4,8,3,0,1,11,1,10,0,0,0
10,14,2,0,1,8,2,110,0,0,0
7,5,0,0,0,94,0,5100,0,1,1
9,19,6,0,0,75,2,5110,0,1,1
11,3,1,0,0,67,1,5110,0,1,1
3,16,2,0,1,12,1,70,0,0,0
10,3,4,0,0,63,0,5110,0,1,1
6,4,4,0,0,51,0,5110,0,1,1
10,23,2,0,0,69,0,5100,0,1,1
13,5,6,0,0,83,2,1370,0,1,1
9,5,4,0,0,87,1,2130,0,1,1
12,2,5,0,0,85,0,5110,0,0,1
10,2,4,0,0,96,1,1370,0,0,1
11,23,0,0,0,57,2,5110,0,1,1
9,3,0,0,0,59,2,5110,0,0,1
13,23,5,0,0,82,1,5110,0,1,1
10,1,5,0,0,81,0,4420,0,1,1
12,19,6,0,0,88,0,5090,0,0,1
11,5,2,0,0,76,0,1190,0,0,1
13,20,1,0,0,73,0,5110,0,0,1
11,23,6,0,1,90,1,2630,0,1,1
3,13,3,0,1,0,0,20,0,0,0
12,2,2,0,1,56,1,1030,0,0,1
2,15,1,0,1,10,0,20,0,0,0
13,2,2,0,0,57,2,5110,0,1,1
5,11,4,0,1,14,1,50,0,0,0
6,11,2,0,1,0,0,20,0,0,0
9,5,4,0,0,81,2,5110,0,1,1
13,21,1,0,0,64,2,5110,0,1,1
12,3,3,0,0,89,2,5110,0,0,1
12,21,6,0,0,82,2,5110,0,1,1
1,14,4,0,1,19,2,260,0,0,0
9,2,4,0,0,66,1,5100,0,1,1
10,18,6,0,0,89,1,5110,0,1,1
13,22,4,0,0,52,1,5110,0,1,1
9,21,5,0,0,70,2,5110,0,1,1
8,8,0,0,1,8,0,10,0,0,0
11,2,6,0,0,79,1,5110,0,1,1
11,22,0,0,0,62,0,5110,0,0,1
10,21,0,0,0,82,0,2910,0,1,1
5,10,1,0,1,15,0,10,0,0,0
13,2,6,0,0,69,0,2190,0,1,1
11,23,2,0,0,93,1,5110,0,1,1
11,0,0,0,0,80,0,5110,0,1,1
12,2,0,0,0,54,1,2630,0,1,1
5,8,3,0,1,12,0,10,0,0,0
13,2,4,0,0,85,1,5100,0,0,1
2,13,2,0,1,18,0,230,0,0,0
12,4,5,0,1,89,1,2060,0,1,1
13,5,3,0,0,99,1,5110,0,1,1
2,14,2,0,1,12,1,350,0,0,0
11,1,2,0,0,64,0,1330,0,0,1
2,10,0,0,1,17,1,240,0,0,0
6,5,5,0,0,82,2,5110,0,1,1
6,14,3,0,1,0,1,10,0,0,0
5,18,4,0,0,84,2,1390,0,1,1
9,0,1,0,0,92,1,5110,0,1,1
9,20,2,0,0,91,1,5110,0,1,1
9,18,2,0,1,90,1,1430,0,1,1
10,4,4,0,0,69,2,5110,0,1,1
9,19,4,0,0,62,0,1070,0,1,1
13,3,6,0,0,69,0,5110,0,1,1
9,22,5,0,0,81,2,5080,0,1,1
10,0,6,0,0,70,0,5110,0,1,1
13,18,1,0,0,52,0,5110,0,0,1
12,23,5,0,0,89,0,5110,0,0,1
10,22,2,0,0,98,1,2540,0,1,1
13,3,2,0,0,69,1,4360,0,1,1
11,1,5,0,0,73,2,4820,0,1,1
2,14,4,0,1,11,1,1520,0,0,0
12,19,2,0,1,99,2,2340,0,1,1
10,5,3,0,0,79,0,5110,0,1,1
2,7,1,0,1,16,1,10,0,1,0
9,19,5,0,0,99,1,5110,0,1,1
9,5,0,0,0,90,0,5110,0,1,1
13,22,1,0,0,91,0,2620,0,0,1
7,19,3,0,1,64,1,2400,0,1,1
11,23,4,0,1,50,0,1380,0,1,1
10,3,1,0,0,55,1,2410,0,1,1
13,3,6,0,0,94,1,5110,0,0,1
13,20,2,0,0,60,2,1170,0,0,1
4,8,4,0,0,1,2,10,0,0,0
11,23,5,0,0,82,2,5110,0,1,1
2,18,4,0,1,11,2,140,0,0,0
2,17,2,0,1,8,0,50,0,0,0
3,18,1,0,1,9,2,80,0,0,0
9,21,0,0,0,55,2,5110,0,1,1
12,20,1,0,0,85,2,5110,0,0,1
10,18,1,0,0,96,1,5110,0,1,1
11,23,1,0,0,78,0,5110,0,0,1
5,18,2,0,1,18,0,10,0,0,0
5,12,2,0,1,0,1,140,0,0,0
12,19,0,0,0,52,1,5110,0,1,1
4,17,3,0,1,2,1,230,0,0,0
13,2,1,0,0,58,1,5110,0,1,1
12,1,2,0,0,85,2,1500,0,1,1
12,19,6,0,0,64,2,5110,0,1,1
3,7,1,0,1,0,0,80,0,0,0
4,17,0,0,1,3,0,10,0,0,0
10,4,1,0,0,54,1,2560,0,1,1
2,10,0,0,1,9,0,20,0,0,0
5,12,0,0,1,13,0,10,0,0,0
10,0,0,0,0,60,1,5110,0,1,1
2,9,1,0,1,18,2,20,0,0,0
11,5,2,0,0,85,0,5110,0,1,1
9,20,4,0,0,65,1,5100,0,1,1
13,3,3,0,0,72,0,5110,0,0,1
12,1,0,0,0,79,2,2570,0,0,1
3,13,1,0,0,16,2,10,0,0,0
13,20,4,0,1,84,2,2410,0,0,1
10,4,0,0,0,51,1,5110,0,1,1
4,15,2,0,1,14,1,80,0,0,0
9,0,5,0,0,56,2,5110,0,0,1
12,3,6,0,0,70,0,5110,0,0,1
12,18,2,0,0,68,2,5110,0,0,1
6,0,4,0,0,73,1,5110,0,1,1
11,0,0,0,0,54,1,5100,0,1,1
11,0,5,0,0,94,2,5110,0,1,1
4,15,4,0,1,10,0,230,0,1,0
13,0,2,0,0,68,0,5100,0,1,1
10,22,1,0,0,61,1,5110,0,1,1
13,3,3,0,0,85,1,4800,0,0,1
4,5,5,0,0,81,1,1280,0,1,1
4,15,4,0,1,17,0,50,0,0,0
2,10,0,0,1,2,0,190,0,0,0
13,0,2,0,0,71,2,2660,0,1,1
9,23,4,0,0,75,1,5110,0,0,1
9,23,4,0,0,73,0,5090,0,1,1
4,18,5,0,0,96,2,5110,0,1,1
9,18,1,0,0,66,1,2620,0,1,1
10,19,4,0,0,87,1,5110,0,1,1
12,20,1,0,1,58,1,1970,0,1,1
3,17,1,0,1,10,2,10,0,0,0
4,23,4,0,0,91,0,5110,0,1,1
12,2,6,0,0,99,0,5110,0,1,1
9,18,2,0,0,88,0,5110,0,1,1
11,19,6,0,0,79,0,5100,0,1,1
12,2,2,0,0,77,2,5110,0,1,1
5,19,2,0,0,57,1,1080,0,0,1
12,22,2,0,0,71,0,5110,0,1,1
10,0,6,0,0,93,0,1170,0,1,1
8,4,2,0,0,73,0,5100,0,1,1
1,16,2,0,1,10,2,10,0,0,0
3,7,4,0,1,3,2,10,0,0,0
6,22,3,0,0,72,1,5110,0,1,1
11,4,3,0,0,82,1,5110,0,0,1
11,21,4,0,0,77,0,5110,0,1,1
5,18,4,0,0,18,0,10,0,0,0
12,20,1,0,0,87,2,5110,0,0,1
9,21,5,0,0,78,2,5110,0,1,1
7,0,1,0,1,60,1,1490,0,1,1
14,19,1,0,1,67,0,10,0,1,1
13,5,5,0,0,67,2,1310,0,0,1
2,12,1,0,1,8,0,20,0,0,0
10,22,6,0,0,98,0,10,0,0,1
13,1,3,0,0,57,0,5110,0,0,1
12,19,2,0,0,71,1,5110,0,1,1
12,22,5,0,0,60,0,5110,0,1,1
9,18,2,0,0,59,1,5110,0,1,1
12,3,5,0,0,51,0,5110,0,1,1
9,4,3,0,0,50,2,2710,0,1,1
3,13,3,0,1,6,0,10,0,0,0
11,2,4,0,0,52,0,5110,0,1,1
10,23,0,0,0,76,2,1060,0,0,1
11,4,3,0,0,73,0,5110,0,1,1
12,3,5,0,0,88,0,2370,0,1,1
11,1,4,0,0,77,2,5110,0,1,1
9,20,6,0,0,60,2,5110,0,1,1
11,0,5,0,0,88,0,5110,0,1,1
13,22,2,0,0,59,0,5080,0,1,1
9,19,2,0,0,86,2,5110,0,1,1
10,19,2,0,0,90,2,5100,0,1,1
2,18,3,0,1,10,2,10,0,1,0
13,18,2,0,0,89,1,1190,0,1,1
12,18,1,0,0,78,2,5110,0,0,1
5,1,3,0,0,94,2,4580,0,1,1
10,0,1,0,0,63,0,5110,0,1,1
10,21,6,0,0,78,1,2550,0,1,1
12,17,2,0,0,5,0,10,0,0,0
13,19,5,0,0,93,1,5110,0,1,1
13,20,3,0,0,84,1,2520,0,1,1
7,3,0,0,0,73,0,2730,0,0,1
9,21,6,0,0,92,0,5110,0,1,1
3,8,3,0,0,10,0,20,0,0,0
11,19,5,0,0,87,2,2360,0,0,1
12,5,6,0,0,90,1,5110,0,0,1
1,13,0,0,1,2,0,60,0,1,0
11,22,1,0,0,94,1,2290,0,1,1
6,5,1,0,0,50,1,5100,0,1,1
10,20,1,0,0,89,2,5110,0,1,1
8,3,5,0,0,74,2,5100,0,1,1
9,2,6,0,0,76,1,2640,0,1,1
10,2,1,0,0,96,2,2620,0,1,1
4,15,2,0,1,2,0,10,0,0,0
3,11,4,0,1,16,1,40,0,0,0
13,19,2,0,0,78,0,5110,0,1,1
3,0,6,0,0,73,2,5110,0,0,1
2,7,1,0,1,4,1,170,0,0,0
1,10,2,0,1,6,0,50,0,0,0
1,17,2,0,1,16,1,210,0,0,0
9,19,2,0,0,76,0,5110,0,1,1
9,5,4,0,0,61,1,5110,0,1,1
9,1,1,0,0,74,1,5110,0,1,1
13,1,2,0,0,82,0,5110,0,1,1
10,19,2,0,0,89,1,5110,0,1,1
9,20,0,0,0,91,0,5110,0,1,1
7,18,1,0,1,9,0,10,0,0,0
9,23,3,0,0,83,2,5110,0,0,1
1,17,1,0,1,13,0,10,0,0,0
11,21,5,0,0,55,0,5110,0,1,1
13,5,5,0,0,58,2,5110,0,1,1
9,2,3,0,1,51,1,1030,0,1,1
11,5,6,0,0,76,1,1910,0,1,1
11,1,2,0,0,71,1,5100,0,0,1
11,3,6,0,0,73,1,5110,0,1,1
5,21,1,0,0,92,1,2160,0,0,1
11,23,3,0,0,83,0,5110,0,0,1
10,1,1,0,0,88,2,2720,0,1,1
5,14,4,0,1,15,0,20,0,0,0
11,4,0,0,0,97,2,5110,0,1,1
12,22,3,0,0,56,2,60,0,1,1
12,22,5,0,0,56,1,5110,0,1,1
10,22,2,0,0,55,2,5110,0,1,1
12,19,2,0,0,89,1,5110,0,1,1
3,18,0,0,0,15,0,300,0,0,0
12,18,3,0,0,83,0,1010,0,0,1
1,13,4,0,0,14,0,50,0,0,0
11,4,5,0,0,61,2,5110,0,1,1
6,0,2,0,0,58,2,5110,0,1,1
2,9,3,0,1,4,2,20,0,0,0
8,15,3,0,0,11,1,10,0,0,0
12,2,5,0,0,70,0,5110,0,1,1
11,19,1,0,0,61,0,5110,0,0,1
9,0,2,0,0,53,1,5110,0,1,1
12,20,0,0,0,51,0,5110,0,1,1
3,13,3,0,1,11,1,20,0,0,0
7,4,1,0,0,95,1,5110,0,1,1
10,4,3,0,0,95,0,5110,0,1,1
10,23,6,0,0,93,1,5100,0,1,1
12,22,5,0,0,62,0,4510,0,1,1
12,23,3,0,0,79,2,5110,0,0,1
11,23,0,0,1,60,0,2740,0,0,1
2,17,0,0,1,13,0,10,0,0,0
10,2,6,0,0,90,1,5110,0,1,1
3,3,3,0,0,81,0,5110,0,1,1
7,19,2,0,1,66,1,2220,0,0,1
4,22,2,0,0,85,0,1080,0,1,1
13,19,4,0,0,84,0,5110,0,1,1
12,1,3,0,0,80,0,5110,0,1,1
5,14,4,0,0,11,2,80,0,0,0
13,0,5,0,0,74,2,5110,0,1,1
5,20,0,0,0,81,1,5110,0,1,1
11,21,2,0,0,54,1,5110,0,0,1
11,19,5,0,0,68,1,1170,0,1,1
2,17,2,0,1,18,1,70,0,0,0
13,18,1,0,0,99,0,5110,0,1,1
7,20,6,0,0,97,1,5110,0,1,1
9,5,2,0,0,95,1,5110,0,1,1
9,18,3,0,0,53,0,5110,0,0,1
4,21,2,0,0,78,1,2590,0,1,1
5,17,0,0,0,3,1,70,0,0,0
11,20,0,0,1,55,2,1490,0,0,1
1,8,4,0,1,12,0,50,0,0,0
8,22,0,0,0,94,0,5110,0,1,1
13,4,1,0,0,52,2,2400,0,1,1
13,21,3,0,0,97,2,5110,0,1,1
8,4,4,0,0,69,2,10,0,0,1
2,18,4,0,1,14,1,100,0,0,0
11,3,5,0,0,88,0,1140,0,1,1
9,4,6,0,0,84,2,5110,0,0,1
11,23,6,0,1,92,0,2550,0,0,1
10,22,4,0,0,68,0,4490,0,0,1
1,10,3,0,1,9,2,20,0,0,0
11,20,4,0,0,54,1,5100,0,1,1
13,3,3,0,0,50,0,5110,0,1,1
9,18,2,0,0,69,2,5110,0,0,1
9,4,6,0,0,78,1,5110,0,1,1
10,5,6,0,0,54,0,5110,0,0,1
9,2,0,0,0,56,0,5110,0,0,1
12,3,4,0,0,71,1,5110,0,0,1
11,3,3,0,0,61,1,5110,0,0,1
9,5,1,0,0,73,2,2970,0,0,1
13,0,6,0,0,83,1,5110,0,0,1
10,4,2,0,0,99,2,5100,0,1,1
4,8,2,0,1,8,2,10,0,0,0
11,1,0,0,0,55,1,5110,0,1,1
9,3,1,0,0,78,1,10,0,1,1
10,4,5,0,0,51,2,2340,0,1,1
11,18,6,0,0,54,0,5110,0,1,1
1,18,4,0,1,2,2,10,0,0,0
1,16,0,0,1,1,2,100,0,0,0
12,5,1,0,0,58,2,5110,0,0,1
11,2,3,0,0,96,0,5110,0,1,1
11,0,1,0,0,61,0,5110,0,1,1
5,22,4,0,1,94,2,2960,0,1,1
12,0,4,0,0,62,2,5110,0,1,1
12,18,0,0,0,56,2,5110,0,1,1
12,23,0,0,0,77,1,5110,0,1,1
5,10,4,0,1,1,0,10,0,0,0
10,5,6,0,0,91,1,5110,0,0,1
9,20,0,0,0,74,1,5110,0,0,1
13,23,2,0,0,57,2,5110,0,0,1
10,4,1,0,0,89,0,1270,0,1,1
4,8,1,0,1,16,2,20,0,0,0
9,20,2,0,0,50,1,5110,0,1,1
10,2,0,0,0,82,1,5110,0,1,1
11,22,2,0,0,80,2,5110,0,1,1
5,15,3,0,1,8,0,360,0,0,0
3,11,0,0,1,10,0,10,0,0,0
10,5,5,0,0,58,2,5110,0,1,1
9,15,0,0,0,9,0,10,0,0,0
13,22,2,0,0,84,0,5110,0,1,1
6,20,2,0,0,93,2,5110,0,1,1
9,22,1,0,0,99,2,5110,0,1,1
4,4,1,0,0,81,1,120,0,1,1
10,23,1,0,1,66,2,2830,0,1,1
12,22,2,0,0,86,2,4450,0,1,1
1,13,3,0,1,2,0,30,0,0,0
10,3,3,0,0,53,0,5110,0,1,1
12,21,3,0,0,83,0,2840,0,1,1
9,19,1,0,0,93,2,5100,0,0,1
12,21,1,0,0,88,2,5110,0,1,1
11,20,4,0,0,98,1,5090,0,1,1
2,16,1,0,1,6,0,20,0,0,0
13,22,1,0,0,79,1,5110,0,1,1
11,2,5,0,0,78,2,2080,0,1,1
6,3,4,0,0,57,0,1220,0,1,1
11,14,4,0,1,9,2,210,0,0,0
12,5,0,0,1,92,1,2420,0,1,1
5,13,4,0,1,15,0,10,0,0,0
10,21,3,0,1,75,0,2370,0,1,1
10,1,4,0,0,64,0,5110,0,1,1
10,0,3,0,0,72,2,1920,0,1,1
9,15,3,0,1,5,2,410,0,0,0
11,19,0,0,0,69,2,5110,0,1,1
9,20,2,0,0,86,0,5110,0,0,1
11,19,6,0,0,59,1,5100,0,1,1
10,5,3,0,0,60,1,5110,0,1,1
12,1,2,0,0,62,1,5110,0,1,1
13,21,4,0,0,72,0,5110,0,1,1
4,18,4,0,1,16,1,130,0,0,0
13,18,5,0,0,61,0,5110,0,0,1
12,4,4,0,0,55,1,5110,0,1,1
13,0,5,0,0,83,1,5110,0,1,1
8,1,1,0,0,90,0,930,0,1,1
11,2,1,0,0,67,1,5100,0,0,1
13,4,4,0,0,58,1,5110,0,1,1
12,0,2,0,0,99,0,5110,0,0,1
3,10,2,0,1,5,2,10,0,0,0
4,17,1,0,1,0,1,100,0,0,0
10,18,3,0,0,74,0,2750,0,1,1
4,12,0,0,1,9,0,220,0,0,0
13,19,3,0,0,64,1,5100,0,1,1
9,18,0,0,0,70,1,5110,0,0,1
1,12,4,0,1,14,1,20,0,0,0
4,3,3,0,0,88,2,2940,0,1,1
1,8,2,0,1,15,1,170,0,0,0
13,19,0,0,0,67,0,5110,0,1,1
5,17,1,0,1,13,0,50,0,0,0
11,4,5,0,0,84,2,5110,0,1,1
8,18,3,0,0,73,2,5110,0,0,1
13,21,6,0,0,85,2,10,0,0,1
5,11,0,0,1,18,1,70,0,0,0
9,18,1,0,0,95,0,5110,0,0,1
12,3,6,0,0,60,0,5110,0,0,1
8,8,1,0,1,6,1,20,0,0,0
5,18,6,0,0,98,1,5110,0,1,1
13,22,0,0,1,77,0,10,0,1,1
11,2,2,0,0,85,1,5100,0,0,1
4,15,0,0,1,0,1,60,0,0,0
5,18,2,0,0,52,2,5110,0,1,1
12,0,1,0,0,68,2,1220,0,0,1
11,1,3,0,0,74,2,5110,0,1,1
9,2,5,0,1,73,1,2390,0,1,1
6,0,4,0,0,79,0,5110,0,1,1
9,2,2,0,0,97,0,5110,0,1,1
12,4,1,0,0,75,0,5110,0,0,1
8,1,1,0,0,69,2,5110,0,0,1
1,7,0,0,1,4,1,20,0,0,0
10,3,3,0,0,96,1,4450,0,1,1
10,4,4,0,0,53,0,5110,0,1,1
9,21,4,0,0,88,2,5110,0,1,1
9,23,4,0,0,74,1,360,0,1,1
9,3,2,0,0,72,1,5110,0,1,1
8,20,5,0,0,73,2,5110,0,0,1
10,20,2,0,0,69,2,5110,0,0,1
12,1,4,0,0,60,2,5110,0,0,1
13,21,1,0,0,54,0,5110,0,1,1
9,2,4,0,0,82,0,1260,0,0,1
13,23,6,0,0,96,1,5110,0,0,1
11,20,6,0,0,81,1,5110,0,1,1
5,9,2,0,1,7,1,160,0,0,0
10,19,2,0,0,90,1,5110,0,1,1
9,19,3,0,0,85,1,5090,0,1,1
10,5,0,0,0,79,1,5110,0,1,1
3,14,3,0,1,16,0,10,0,0,0
3,19,1,0,0,71,0,5100,0,1,1
11,5,5,0,1,73,0,2000,0,1,1
13,2,5,0,0,98,1,5110,0,1,1
5,5,0,0,0,50,0,2420,0,0,1
9,3,0,0,0,61,0,5110,0,1,1
11,23,1,0,0,69,0,1440,0,1,1
9,3,1,0,0,81,0,5110,0,0,1
9,0,5,0,0,87,0,5110,0,1,1
4,8,2,0,1,0,0,80,0,0,0
10,18,1,0,0,52,2,5100,0,0,1
13,21,6,0,0,56,0,4450,0,1,1
9,5,2,0,0,63,0,2220,0,1,1
10,0,1,0,0,88,2,5110,0,0,1
3,8,1,0,1,17,2,40,0,0,0
5,0,1,0,0,76,0,20,0,0,1
3,7,2,0,1,13,0,10,0,0,0
1,11,4,0,1,18,0,20,0,0,0
8,17,4,0,0,15,1,130,0,0,0
6,18,2,0,0,56,0,5110,0,1,1
2,9,2,0,1,5,2,10,0,0,0
4,7,3,0,0,6,2,40,0,0,0
10,20,5,0,0,75,0,2330,0,1,1
1,16,2,0,0,18,0,10,0,0,0
1,13,2,0,1,17,1,80,0,0,0
11,18,0,0,0,83,1,5110,0,1,1
12,5,4,0,0,98,1,2740,0,1,1
2,11,3,0,1,18,0,10,0,0,0
13,3,5,0,0,76,0,5090,0,1,1
5,20,1,0,0,58,1,5110,0,1,1
5,9,3,0,0,18,1,10,0,0,0
3,9,2,0,1,8,0,80,0,0,0
10,4,5,0,0,87,0,4510,0,0,1
9,22,6,0,0,84,2,5110,0,1,1
12,0,2,0,0,88,1,5110,0,0,1
2,17,3,0,1,10,0,10,0,0,0
10,3,6,0,1,96,0,1450,0,1,1
9,13,4,0,1,14,2,10,0,0,0
9,19,0,0,1,55,1,2120,0,0,1
12,2,2,0,0,56,2,5110,0,0,1
6,22,2,0,0,71,1,5110,0,1,1
13,19,2,0,0,58,0,5110,0,0,1
13,21,2,0,0,85,0,5110,0,1,1
9,1,5,0,0,98,2,5110,0,0,1
6,10,3,0,1,0,1,30,0,0,0
1,14,1,0,1,6,1,10,0,0,0
3,18,1,0,1,18,0,40,0,0,0
10,2,3,0,0,93,1,1030,0,0,1
9,0,4,0,0,66,1,5110,0,1,1
11,21,3,0,0,82,1,4620,0,1,1
3,16,3,0,1,16,0,10,0,0,0
11,21,4,0,0,81,0,2840,0,1,1
13,23,2,0,0,70,1,5100,0,1,1
12,4,2,0,0,51,1,5110,0,1,1
12,0,6,0,0,56,1,1110,0,1,1
11,22,6,0,0,71,0,5110,0,1,1
11,18,6,0,0,87,2,5100,0,0,1
7,21,0,0,0,59,1,2480,0,1,1
11,2,4,0,1,94,0,2480,0,1,1
9,3,4,0,0,67,0,4490,0,1,1
6,23,2,0,0,96,1,5110,0,1,1
13,4,0,0,0,70,1,5110,0,0,1
11,5,4,0,1,95,1,2440,0,1,1
11,2,2,0,1,69,0,1330,0,0,1
12,18,4,0,0,90,2,5110,0,1,1
13,18,5,0,0,71,0,4730,0,1,1
7,19,5,0,0,78,0,1440,0,0,1
11,21,2,0,0,84,0,5110,0,1,1
11,0,0,0,0,54,2,5110,0,1,1
9,5,5,0,0,75,1,5110,0,1,1
10,3,4,0,1,73,1,2030,0,1,1
10,23,3,0,0,60,0,5110,0,1,1
4,4,4,0,0,55,0,5060,0,1,1
2,8,3,0,1,14,0,10,0,0,0
5,4,6,0,0,53,2,5110,0,0,1
11,1,0,0,0,77,0,2670,0,1,1
13,0,5,0,0,73,1,1260,0,1,1
12,19,0,0,1,86,2,2510,0,0,1
11,23,0,0,0,91,2,5110,0,1,1
9,5,5,0,0,83,2,5110,0,1,1
13,5,4,0,0,56,1,5110,0,1,1
11,0,6,0,1,58,0,1490,0,1,1
13,5,6,0,0,54,1,5110,0,1,1
12,1,6,0,0,50,1,5110,0,1,1
1,17,4,0,0,4,1,50,0,0,0
2,7,1,0,0,0,0,90,0,0,0
13,18,0,0,0,81,1,2400,0,1,1
9,4,0,0,0,68,2,5110,0,1,1
13,20,2,0,1,75,0,2720,0,1,1
1,18,3,0,0,14,0,180,0,0,0
12,0,3,0,0,54,1,5110,0,1,1
10,20,1,0,0,69,0,5100,0,0,1
9,23,1,0,0,62,0,5110,0,1,1
12,21,4,0,0,73,2,1250,0,0,1
9,0,5,0,0,83,0,5110,0,0,1
10,23,2,0,0,82,1,5110,0,1,1
1,18,1,0,1,7,2,100,0,1,0
13,3,1,0,0,86,0,5110,0,1,1
11,21,6,0,0,83,0,5110,0,0,1
13,5,2,0,0,72,0,5110,0,1,1
5,22,1,0,1,60,0,1260,0,1,1
1,13,3,0,1,8,0,60,0,0,0
10,0,2,0,0,78,1,4910,0,1,1
5,15,3,0,1,17,1,10,0,0,0
12,21,6,0,0,64,2,5110,0,1,1
2,8,0,0,1,12,1,10,0,0,0
10,2,1,0,0,79,0,5110,0,1,1
11,18,5,0,0,83,1,5100,0,1,1
13,1,5,0,0,92,2,2800,0,1,1
11,5,6,0,0,87,2,5110,0,1,1
12,5,4,0,0,68,1,10,1,1,1
13,19,4,0,0,79,0,5110,0,1,1
13,21,1,0,0,94,2,5110,0,1,1
12,1,4,0,0,93,2,5100,0,0,1
11,19,4,0,0,94,1,1330,0,1,1
11,20,6,0,0,73,1,5110,0,0,1
13,18,0,0,0,71,2,2840,0,1,1
12,23,6,0,0,99,2,5110,0,0,1
9,21,1,0,0,73,0,5110,0,0,1
9,5,4,0,0,94,2,5110,0,1,1
12,0,2,0,0,67,2,5110,0,1,1
11,21,4,0,0,75,0,2100,0,0,1
5,13,0,0,1,10,2,30,0,0,0
3,15,4,0,1,1,0,10,0,0,0
10,1,0,0,0,86,0,2670,0,1,1
12,5,5,0,0,72,2,1150,0,1,1
10,20,4,0,0,79,1,5110,0,0,1
10,19,2,0,0,91,2,5100,0,1,1
9,22,2,0,0,92,0,5110,0,1,1
6,14,4,0,1,14,2,10,0,0,0
10,1,3,0,0,68,1,5100,0,1,1
6,19,0,0,0,53,0,5110,0,1,1
11,1,1,0,0,62,2,5110,0,0,1
3,13,2,0,1,12,1,40,0,0,0
9,21,5,0,0,74,0,5110,0,1,1
4,17,0,0,1,9,1,20,0,0,0
5,15,3,0,0,17,1,40,0,0,0
4,18,4,0,1,7,0,10,0,0,0
10,5,2,0,0,72,2,5100,0,0,1
9,4,0,0,0,79,0,5110,0,0,1
8,23,2,0,0,72,1,5110,0,1,1
9,23,4,0,0,87,1,890,0,1,1
4,16,2,0,1,17,0,10,0,0,0
11,18,4,0,0,69,1,5080,0,1,1
5,9,3,0,0,18,1,250,0,0,0
9,0,1,0,0,91,0,5110,0,0,1
12,19,0,0,0,50,1,5110,0,1,1
11,21,4,0,0,64,0,5110,0,1,1
3,19,6,0,0,51,0,5110,0,1,1
10,22,5,0,0,71,0,4880,0,1,1
11,21,3,0,0,83,1,5110,0,1,1
10,2,0,0,0,88,1,2400,0,1,1
9,4,3,0,0,88,2,5110,0,0,1
13,1,3,0,0,83,2,5110,0,1,1
10,4,4,0,0,97,1,5110,0,1,1
12,2,0,0,0,64,0,5110,0,1,1
4,4,4,0,0,62,1,5100,0,1,1
10,21,1,0,0,52,1,5110,0,1,1
10,4,1,0,0,59,0,2170,0,1,1
7,3,1,0,0,73,1,5110,0,0,1
4,4,4,0,0,94,2,5110,0,1,1
4,8,2,0,0,6,1,40,0,0,0
7,18,4,0,0,72,2,5090,0,1,1
5,10,2,0,1,14,1,10,0,0,0
13,23,2,0,0,59,1,5110,0,0,1
9,20,4,0,0,73,1,5110,0,0,1
12,23,3,0,0,96,0,5110,0,0,1
9,22,6,0,0,55,2,4760,0,1,1
2,12,1,0,1,1,1,10,0,0,0
12,4,1,0,0,85,2,2670,0,1,1
4,18,6,0,0,65,1,1180,0,1,1
12,18,5,0,0,62,1,5110,0,1,1
5,16,1,0,1,10,2,10,0,0,0
11,23,3,0,0,70,0,2110,0,1,1
11,19,3,0,0,90,0,5110,0,0,1
3,10,1,0,1,9,1,10,0,0,0
3,10,1,0,1,13,0,10,0,0,0
4,7,0,0,1,14,0,140,0,0,0
9,3,5,0,0,58,1,5110,0,1,1
13,21,4,0,0,65,0,2620,0,0,1
9,19,1,0,0,74,2,5110,0,1,1
13,2,6,0,0,62,0,1420,0,1,1
8,22,2,0,0,79,2,5110,0,1,1
4,19,6,0,0,57,2,5100,0,1,1
5,7,3,0,1,17,2,100,0,0,0
10,21,6,0,0,86,0,4500,0,1,1
13,21,0,0,0,86,2,5110,0,1,1
13,4,2,0,1,89,1,10,0,1,1
13,22,2,0,0,95,0,5110,0,1,1
13,5,0,0,0,66,0,2970,0,0,1
5,5,5,0,0,51,1,1110,0,0,1
12,5,2,0,0,94,1,5110,0,1,1
11,2,3,0,0,95,1,5110,0,0,1
9,4,1,0,0,52,0,5110,0,0,1
11,0,3,0,0,78,0,5110,0,1,1
12,2,3,0,0,93,1,1070,0,1,1
10,4,6,0,0,99,2,5110,0,1,1
3,13,4,0,1,3,1,260,0,0,0
3,8,1,0,1,10,0,60,0,0,0
9,19,6,0,0,53,2,5110,0,1,1
8,19,4,0,0,85,0,5110,0,1,1
12,18,3,0,1,0,1,20,0,0,0
9,3,1,0,0,51,0,4560,0,1,1
10,18,0,0,0,65,1,5100,0,0,1
10,18,2,0,1,52,1,2050,0,0,1
11,19,1,0,0,96,2,4490,0,1,1
11,2,2,0,0,57,2,5100,0,1,1
12,1,3,0,0,58,2,5110,0,1,1
9,2,2,0,1,85,2,2840,0,0,1
9,22,4,0,0,61,1,5110,0,1,1
13,3,3,0,0,69,2,5110,0,1,1
13,23,6,0,0,90,2,5110,0,1,1
9,4,4,0,0,91,0,2790,0,1,1
5,14,0,0,1,8,2,20,0,0,0
13,2,2,0,0,60,2,5110,0,1,1
5,22,3,0,0,86,1,2090,0,1,1
9,4,6,0,0,52,0,5110,0,1,1
11,20,2,0,0,51,2,5090,0,1,1
5,10,2,0,1,6,1,40,0,0,0
13,23,1,0,0,70,1,1340,0,1,1
13,19,3,0,0,62,1,5110,0,1,1
9,21,6,0,0,92,2,4530,0,0,1
11,4,6,0,0,69,0,4620,0,0,1
11,5,2,0,0,86,1,5110,0,0,1
7,20,5,0,0,67,1,5110,0,1,1
10,1,4,0,1,69,0,2200,0,1,1
4,16,1,0,1,19,1,20,0,0,0
11,4,5,0,0,83,1,5110,0,0,1
13,4,4,0,0,65,2,5110,0,0,1
4,14,0,0,1,10,0,120,0,0,0
9,19,5,0,0,98,1,5110,0,0,1
2,15,0,0,1,15,2,10,0,1,0
4,14,0,0,1,14,1,10,0,0,0
9,21,6,0,0,95,2,5110,0,1,1
5,10,2,0,1,11,2,10,0,0,0
3,10,3,0,1,15,1,10,0,0,0
10,18,2,0,0,57,2,5110,0,0,1
12,5,0,0,0,83,1,5110,0,1,1
13,1,0,0,1,90,0,2090,0,1,1
11,1,0,0,0,81,0,5110,0,1,1
5,15,2,0,1,14,2,140,0,0,0
11,2,6,0,0,90,2,5110,0,0,1
13,5,1,0,0,84,2,5110,0,1,1
10,0,5,0,0,89,1,5110,0,1,1
3,12,0,0,1,15,0,40,0,0,0
9,21,5,0,0,92,0,5110,0,1,1
13,4,5,0,0,61,2,5110,0,1,1
10,19,6,0,0,80,0,5110,0,1,1
5,12,0,0,1,11,0,80,0,0,0
9,3,0,0,0,63,2,5110,0,0,1
5,12,3,0,1,12,2,20,0,0,0
9,16,0,0,1,7,1,470,0,0,0
3,2,5,0,0,96,2,5110,0,1,1
11,5,2,0,1,87,2,1420,0,1,1
12,21,1,0,0,52,0,5110,0,1,1
11,4,5,0,0,68,0,2200,0,0,1
3,16,1,0,1,13,2,10,0,0,0
13,22,6,0,1,71,1,2380,0,1,1
9,2,4,0,0,56,0,5110,0,0,1
12,18,4,0,0,87,2,5110,0,1,1
12,20,1,0,0,55,0,5110,0,0,1
10,20,3,0,0,90,0,5110,0,1,1
9,1,4,0,0,64,1,5110,0,0,1
12,1,3,0,0,78,1,5090,0,0,1
5,8,1,0,0,6,0,90,0,0,0
13,19,1,0,0,78,1,5110,0,1,1
11,0,5,0,0,74,2,5110,0,1,1
9,22,2,0,1,80,0,1960,0,0,1
4,13,0,0,1,18,1,10,0,0,0
9,22,1,0,0,95,2,5110,0,1,1
13,21,6,0,0,88,1,1480,0,1,1
12,1,4,0,0,80,1,5110,0,1,1
4,11,3,0,1,2,1,130,0,1,0
12,23,2,0,0,62,2,5110,0,1,1
13,19,3,0,0,61,2,5110,0,0,1
12,0,2,0,0,81,1,5110,0,1,1
11,22,6,0,0,89,2,5110,0,1,1
9,20,4,0,0,93,0,5110,0,1,1
10,19,1,0,0,83,1,5110,0,1,1
14,4,1,0,0,69,2,30,0,1,1
5,14,3,0,0,11,0,10,0,0,0
9,21,6,0,0,80,0,5110,0,0,1
13,23,2,0,0,78,0,5110,0,1,1
10,3,4,0,0,75,0,5110,0,1,1
9,5,3,0,0,91,1,4630,0,1,1
2,18,1,0,1,10,2,10,0,0,0
5,13,0,0,1,14,1,10,0,0,0
5,3,1,0,0,65,1,5110,0,1,1
9,23,4,0,0,87,0,5110,0,1,1
13,19,0,0,0,54,2,5110,0,1,1
9,4,5,0,0,50,1,5110,0,1,1
8,4,6,0,0,72,2,5110,0,0,1
13,2,3,0,0,79,2,5110,0,1,1
3,14,1,0,0,13,0,90,0,0,0
12,5,5,0,0,64,2,5110,0,1,1
6,1,0,0,0,95,1,5110,0,0,1
4,13,3,0,1,3,0,30,0,0,0
13,23,3,0,1,92,0,10,0,0,1
10,21,1,0,0,73,2,2930,0,1,1
10,20,3,0,0,79,1,2780,0,1,1
10,5,3,0,0,55,0,5110,0,1,1
7,1,6,0,0,68,1,5110,0,1,1
9,18,2,0,0,63,2,5110,0,1,1
10,3,2,0,0,83,2,5110,0,1,1
4,15,1,0,1,14,1,10,0,0,0
12,22,1,0,0,98,1,5110,0,1,1
13,19,6,0,0,85,2,5100,0,1,1
10,5,4,0,0,92,0,5110,0,1,1
13,20,0,0,0,68,0,1010,0,1,1
13,5,5,0,0,77,0,5110,0,1,1
11,20,2,0,0,74,2,1480,0,0,1
9,20,3,0,0,56,0,5110,0,0,1
10,3,6,0,0,57,2,2920,0,0,1
9,20,1,0,0,93,1,5110,0,1,1
13,21,4,0,0,67,0,2790,0,1,1
13,18,6,0,0,75,1,5110,0,1,1
6,20,4,0,0,95,0,5110,0,1,1
12,0,1,0,0,86,1,5110,0,1,1
8,13,1,0,1,11,1,280,0,0,0
12,22,5,0,0,58,0,5100,0,1,1
11,2,0,0,0,75,0,5110,0,1,1
9,1,0,0,1,78,1,2570,0,1,1
10,22,0,0,0,92,2,5110,0,1,1
10,20,4,0,0,98,1,5110,0,0,1
14,5,1,0,0,56,2,30,0,1,1
12,21,0,0,0,69,2,5110,0,1,1
13,23,4,0,0,98,2,5110,0,1,1
3,14,0,0,1,15,1,100,0,0,0
11,19,0,0,0,55,0,4450,0,1,1
12,22,3,0,0,50,2,5110,0,1,1
8,16,2,0,0,13,0,90,0,0,0
12,20,1,0,0,79,2,5110,0,0,1
9,22,2,0,0,72,2,5110,0,0,1
13,18,1,0,0,70,2,5110,0,0,1
10,22,4,0,0,92,0,5110,0,1,1
12,4,2,0,0,79,0,1230,0,1,1
13,18,1,0,0,98,1,2560,0,1,1
10,1,3,0,0,51,2,5110,0,1,1
11,3,3,0,0,56,1,5110,0,1,1
9,21,0,0,1,67,1,2570,0,1,1
14,20,3,0,0,77,2,40,0,1,1
12,1,0,0,0,92,2,5110,0,0,1
3,7,3,0,1,7,0,10,0,0,0
12,2,5,0,0,81,0,5110,0,1,1
11,0,2,0,0,93,1,5110,0,1,1
12,18,4,0,0,84,0,2790,0,1,1
9,4,6,0,1,76,1,10,0,1,1
9,1,4,0,0,84,0,5090,0,1,1
11,5,1,0,0,81,2,5110,0,1,1
14,20,2,0,1,84,2,30,0,0,1
6,4,5,0,0,94,0,5110,0,1,1
10,5,1,0,0,98,2,1170,0,1,1
11,3,0,0,0,82,0,5090,0,1,1
11,1,5,0,0,95,2,5110,0,0,1
10,23,5,0,0,76,2,5110,0,1,1
5,7,1,0,1,16,1,10,0,0,0
10,7,2,0,1,1,1,20,0,0,0
4,18,1,0,1,14,0,20,0,0,0
4,12,0,0,1,8,2,10,0,0,0
12,22,3,0,0,93,2,5110,0,0,1
12,0,5,0,0,72,1,5110,0,1,1
11,3,6,0,0,82,2,5100,0,1,1
3,12,1,0,1,15,2,30,0,0,0
5,5,5,0,0,87,2,2760,0,0,1
12,23,3,0,1,89,2,1500,0,0,1
13,4,6,0,0,95,1,5110,0,1,1
13,21,0,0,0,65,1,1430,0,1,1
5,5,6,0,0,89,0,4440,0,1,1
4,21,2,0,0,61,1,5110,0,0,1
9,18,1,0,0,66,0,5110,0,1,1
10,3,3,0,1,99,0,2390,0,1,1
2,16,4,0,1,3,0,20,0,1,0
4,17,2,0,1,1,1,10,0,0,0
2,11,1,0,1,19,2,60,0,0,0
9,1,2,0,0,78,2,5100,0,1,1
11,23,5,0,0,92,0,5110,0,1,1
13,20,5,0,0,94,0,5110,0,1,1
4,7,3,0,1,19,2,50,0,1,0
13,19,3,0,0,78,1,5110,0,0,1
1,11,2,0,1,12,2,10,0,0,0
13,21,2,0,0,70,1,5110,0,0,1
9,21,6,0,0,55,2,5110,0,1,1
9,19,1,0,0,98,2,5110,0,1,1
1,12,0,0,1,14,2,10,0,0,0
12,0,5,0,0,54,0,3000,0,0,1
9,22,6,0,0,96,2,5110,0,0,1
12,1,0,0,0,76,0,5110,0,1,1
11,20,3,0,0,92,1,5110,0,1,1
6,1,4,0,1,50,1,1990,0,0,1
13,4,5,0,0,51,2,5110,0,0,1
13,18,0,0,0,58,2,2150,0,1,1
9,21,3,0,0,88,1,5110,0,1,1
2,11,3,0,1,12,0,40,0,0,0
9,21,4,0,0,90,1,2350,0,1,1
11,19,0,0,0,61,0,5110,0,1,1
2,15,0,0,1,13,0,60,0,0,0
12,18,2,0,0,79,1,5110,0,0,1
10,20,2,0,1,63,2,2170,0,1,1
12,22,2,0,0,62,0,5110,0,1,1
5,18,2,0,1,12,0,30,0,0,0
10,1,0,0,0,58,2,5110,0,1,1
9,1,6,0,0,70,0,4390,0,1,1
11,22,5,0,0,63,1,5110,0,1,1
3,7,0,0,1,13,1,170,0,0,0
6,0,4,0,0,79,1,5100,0,0,1
4,18,2,0,0,4,1,10,0,0,0
8,22,5,0,0,68,0,3000,0,1,1
10,22,0,0,0,90,2,5110,0,0,1
12,21,0,0,0,76,0,5110,0,1,1
7,22,1,0,0,91,1,5110,0,1,1
2,8,4,0,1,9,0,10,0,0,0
9,2,2,0,0,54,2,5110,0,1,1
4,15,3,0,0,8,2,130,0,0,0
7,23,2,0,0,50,0,4440,0,1,1
7,22,6,0,0,71,0,5110,0,0,1
9,1,5,0,0,86,1,2700,0,1,1
5,5,2,0,0,69,1,5110,0,1,1
12,0,5,0,0,56,1,5110,0,1,1
3,16,1,0,1,16,1,10,0,0,0
12,23,4,0,0,91,1,5090,0,1,1
8,5,0,0,0,83,1,5110,0,0,1
1,14,3,0,1,3,1,290,0,0,0
11,3,0,0,0,70,2,4730,0,1,1
11,0,4,0,0,64,1,5110,0,1,1
12,1,0,0,0,94,1,5110,0,0,1
11,20,6,0,1,76,2,1430,0,1,1
10,5,5,0,0,95,2,5110,0,0,1
10,1,2,0,0,93,2,5110,0,1,1
11,5,1,0,0,62,1,5110,0,1,1
12,20,0,0,0,91,0,5110,0,1,1
13,21,0,0,0,71,1,5110,0,1,1
8,18,0,0,0,77,1,5110,0,1,1
1,7,4,0,1,12,2,240,0,0,0
9,23,0,0,0,99,2,5110,0,1,1
13,18,6,0,0,60,1,5110,0,1,1
9,23,6,0,0,95,1,5100,0,0,1
13,22,2,0,0,58,2,4630,0,1,1
10,1,2,0,0,50,2,4630,0,1,1
8,5,0,0,0,89,1,5110,0,1,1
12,3,0,0,0,76,1,5110,0,0,1
2,11,2,0,0,9,0,270,0,0,0
13,19,0,0,0,90,0,5110,0,1,1
11,22,1,0,0,86,2,5110,0,0,1
7,11,2,0,1,5,0,20,0,0,0
11,3,2,0,0,99,0,5110,0,1,1
1,15,2,0,1,7,0,10,0,0,0
12,4,1,0,0,51,1,1250,0,1,1
12,18,4,0,0,92,2,2480,0,0,1
13,23,4,0,0,78,0,1420,0,1,1
12,19,4,0,0,93,2,5110,0,1,1
5,4,2,0,0,76,2,5110,0,1,1
9,3,5,0,1,96,2,650,0,1,1
13,5,1,0,0,88,2,2330,0,1,1
8,11,3,0,1,8,2,10,0,0,0
13,20,1,0,0,78,2,5110,0,1,1
10,23,0,0,0,54,2,5110,0,1,1
10,22,1,0,0,57,1,20,0,1,1
1,12,0,0,1,0,0,320,0,0,0
14,1,0,0,0,88,1,10,0,1,1
12,20,1,0,0,99,1,2880,0,1,1
5,20,3,0,0,58,0,5110,0,1,1
11,20,3,0,0,51,2,5080,0,1,1
12,2,2,0,0,60,2,5110,0,1,1
5,12,1,0,0,8,1,10,0,0,0
3,18,3,0,0,82,0,5110,0,1,1
9,3,5,0,0,52,2,5110,0,1,1
10,22,0,0,0,66,0,1300,0,1,1
10,19,4,0,0,67,0,5080,0,1,1
12,21,5,0,0,53,1,2740,0,1,1
11,18,1,0,0,54,2,5110,0,1,1
9,19,4,0,0,83,2,2860,0,1,1
11,18,4,0,1,65,0,1110,0,1,1
12,5,0,0,0,84,1,5110,0,1,1
11,2,3,0,0,55,2,5110,0,1,1
10,23,0,0,0,84,1,1220,0,1,1
7,23,5,0,0,70,0,5110,0,1,1
2,17,0,0,1,4,2,20,0,0,0
13,3,1,0,0,92,1,5110,0,1,1
5,18,0,0,1,7,2,20,0,0,0
13,4,5,0,0,89,0,5110,0,1,1
11,3,3,0,0,88,0,5110,0,1,1
1,16,3,0,0,13,2,10,0,0,0
7,19,3,0,0,85,0,5110,0,1,1
1,15,2,0,0,5,1,40,0,0,0
2,7,4,0,1,18,1,30,0,0,0
5,20,0,0,0,85,2,1040,0,1,1
11,18,6,0,0,58,2,20,0,1,1
13,21,1,0,0,70,2,5110,0,1,1
12,1,0,0,0,65,0,5110,0,1,1
12,3,1,0,0,70,1,5100,0,0,1
5,18,5,0,0,67,2,5110,0,1,1
6,4,4,0,0,94,0,5100,0,1,1
3,17,1,0,1,5,2,10,0,0,0
4,8,0,0,1,14,0,10,0,0,0
5,16,3,0,0,16,2,80,0,0,0
11,5,3,0,0,93,1,5110,0,1,1
3,16,1,0,1,5,2,300,0,0,0
9,1,0,0,0,62,2,1100,0,0,1
11,2,6,0,0,87,1,5110,0,1,1
4,14,4,0,1,9,0,50,0,0,0
13,2,1,0,0,54,2,5110,0,1,1
12,20,2,0,0,79,0,1460,0,1,1
6,0,4,0,0,66,1,5110,0,0,1
10,5,4,0,0,56,2,2060,0,1,1
12,2,0,0,0,60,1,4560,0,0,1
12,1,2,0,0,75,1,1250,0,1,1
13,23,1,0,0,61,1,2940,0,0,1
8,22,2,0,0,62,2,5110,0,1,1
5,10,2,0,1,8,1,70,0,0,0
3,8,2,0,1,15,1,20,0,0,0
10,21,6,0,0,98,0,1480,0,1,1
9,20,2,0,1,53,2,2600,0,1,1
5,15,3,0,0,15,2,80,0,0,0
13,3,4,0,0,51,1,5100,0,0,1
5,11,3,0,1,13,0,10,0,0,0
6,18,2,0,0,64,0,5110,0,1,1
7,22,1,0,0,55,1,5110,0,0,1
10,0,6,0,0,64,1,5110,0,1,1
13,18,1,0,0,71,0,5110,0,0,1
12,21,6,0,0,61,2,2030,0,1,1
11,22,2,0,0,86,1,5100,0,0,1
10,2,6,0,0,65,1,5110,0,1,1
13,0,2,0,0,97,0,5110,0,1,1
12,19,3,0,1,88,1,2700,0,1,1
4,4,3,0,0,83,2,5110,0,0,1
12,1,0,0,0,95,2,5100,0,1,1
10,4,5,0,0,56,1,5110,0,1,1
13,5,2,0,1,71,2,1240,0,1,1
10,23,6,0,0,72,2,5110,0,1,1
11,3,4,0,0,67,2,5110,0,1,1
11,20,2,0,0,61,2,1430,0,1,1
9,21,4,0,0,91,2,5100,0,1,1
4,18,0,0,1,16,1,40,0,0,0
6,1,6,0,0,89,0,20,0,0,1
11,1,5,0,0,79,0,5110,0,1,1
1,10,0,0,1,8,0,10,0,0,0
9,5,4,0,0,51,2,5110,0,1,1
11,0,3,0,0,59,0,4410,0,1,1
10,2,5,0,0,55,0,5110,0,0,1
10,1,5,0,0,87,1,5100,0,1,1
11,22,2,0,0,86,0,5110,0,0,1
13,0,5,0,0,60,0,5110,0,0,1
13,2,4,0,0,68,2,1420,0,1,1
12,5,3,0,0,62,1,5110,0,0,1
11,3,4,0,0,92,1,5110,0,0,1
5,15,0,0,1,1,2,50,0,0,0
10,4,2,0,0,67,0,5110,0,1,1
10,20,6,0,0,82,2,5110,0,0,1
13,19,1,0,0,64,1,5100,0,1,1
11,21,0,0,0,90,0,2080,0,1,1
2,11,4,0,0,4,2,30,0,0,0
9,12,4,0,1,4,0,30,0,0,0
10,5,3,0,0,96,1,1420,0,1,1
12,4,2,0,0,64,1,5110,0,1,1
3,14,0,0,1,9,1,40,0,0,0
5,8,0,0,1,3,1,100,0,0,0
10,19,4,0,0,96,0,2520,0,1,1
6,2,3,0,0,51,0,5110,0,0,1
11,23,1,0,0,99,0,5100,0,0,1
10,21,3,0,0,72,1,5110,0,1,1
9,23,3,0,0,98,2,5110,0,1,1
10,18,1,0,0,90,1,5110,0,1,1
9,21,3,0,1,87,1,2180,0,1,1
9,20,4,0,1,89,1,2740,0,1,1
3,11,0,0,0,4,1,140,0,0,0
9,2,2,0,0,97,1,2320,0,1,1
11,2,5,0,0,77,1,5110,0,1,1
12,4,4,0,0,68,0,1320,0,1,1
7,22,3,0,0,58,0,5110,0,0,1
11,21,0,0,0,76,1,5110,0,0,1
10,5,6,0,1,91,1,1450,0,1,1
12,22,1,0,0,96,0,5110,0,1,1
3,20,4,0,0,66,1,5030,0,1,1
1,17,0,0,1,13,1,100,0,0,0
11,21,1,0,1,84,0,2670,0,1,1
11,18,1,0,0,76,2,5110,0,1,1
12,2,2,0,0,98,1,5110,0,0,1
5,17,1,0,1,3,0,10,0,0,0
3,9,1,0,1,19,2,30,0,1,0
10,2,5,0,0,61,2,5110,0,1,1
11,18,1,0,0,62,1,5110,0,1,1
9,21,6,0,0,56,2,5110,0,1,1
10,23,1,0,0,55,1,1500,0,1,1
5,0,2,0,0,93,1,5110,0,1,1
13,22,6,0,0,80,2,2760,0,1,1
11,15,0,0,1,1,2,10,0,0,0
13,19,1,0,0,86,0,5110,0,0,1
3,13,1,0,1,1,0,10,0,0,0
9,18,1,0,0,80,2,5110,0,1,1
3,18,1,0,1,3,0,70,0,0,0
11,20,6,0,0,88,2,5110,0,1,1
3,10,1,0,1,5,0,70,0,0,0
3,15,0,0,1,2,0,10,0,0,0
9,18,2,0,0,56,1,5110,0,1,1
6,4,1,0,0,80,2,5110,0,1,1
6,18,1,0,0,73,2,1340,0,1,1
12,1,3,0,0,65,2,5110,0,1,1
9,2,4,0,0,61,2,2460,0,1,1
12,1,0,0,0,68,2,5110,0,1,1
12,4,4,0,0,56,1,5110,0,1,1
1,14,3,0,0,8,0,80,0,0,0
6,1,4,0,0,62,1,5110,0,1,1
10,1,0,0,0,52,2,5110,0,1,1
2,15,0,0,1,6,0,30,0,0,0
12,3,0,0,0,50,1,5110,0,0,1
9,23,0,0,0,96,2,5110,0,1,1
9,20,6,0,0,73,0,5110,0,1,1
12,22,6,0,1,88,0,10,0,1,1
9,0,5,0,0,63,0,5110,0,0,1
11,18,4,0,1,65,2,2700,0,1,1
9,19,4,0,0,67,1,1430,0,1,1
13,21,2,0,0,64,1,5100,0,1,1
1,7,1,0,1,0,1,130,0,0,0
10,18,4,0,0,78,1,5100,0,1,1
10,3,2,0,0,69,1,5110,0,1,1
1,14,0,0,1,11,2,10,0,0,0
11,3,3,0,1,79,2,1190,0,1,1
9,2,2,0,1,55,0,730,0,0,1
4,16,3,0,1,11,1,200,0,0,0
13,18,4,0,0,84,0,5110,0,0,1
9,1,5,0,0,50,2,5110,0,1,1
12,2,2,0,0,52,1,5110,0,0,1
11,1,2,0,1,90,1,1200,0,0,1
13,5,6,0,0,91,1,5110,0,0,1
2,10,0,0,1,3,1,170,0,0,0
10,22,5,0,0,86,0,5110,0,1,1
9,4,0,0,0,63,1,2160,0,1,1
12,5,6,0,0,59,1,5100,0,1,1
2,17,0,0,1,9,0,120,0,0,0
14,22,1,0,0,86,2,10,0,1,1
12,2,6,0,0,77,0,5110,0,1,1
10,2,2,0,0,78,1,5110,0,1,1
11,3,4,0,0,59,0,5110,0,1,1
12,21,3,0,0,52,2,5110,0,1,1
5,20,3,0,0,93,2,5110,0,1,1
11,18,0,0,0,92,1,5110,0,1,1
3,16,1,0,1,11,0,220,0,0,0
12,18,0,0,0,98,2,5110,0,1,1
12,19,3,0,0,61,0,5110,0,1,1
10,22,0,0,0,98,0,5110,0,0,1
2,7,3,0,0,5,2,10,0,0,0
4,18,4,0,0,15,1,30,0,0,0
9,2,6,0,0,69,1,5110,0,1,1
10,2,2,0,0,83,1,5110,0,1,1
10,19,2,0,0,69,2,4520,0,0,1
9,20,1,0,0,96,1,4590,0,1,1
10,1,2,0,0,67,1,5110,0,1,1
12,22,3,0,0,69,2,5110,0,1,1
9,18,0,0,0,52,2,5110,0,1,1
3,15,0,0,1,16,1,10,0,0,0
6,21,4,0,0,67,2,5110,0,1,1
5,22,5,0,0,98,1,1220,0,1,1
5,23,0,0,0,54,0,5110,0,1,1
11,21,2,0,0,93,2,1370,0,1,1
9,21,4,0,0,63,1,5100,0,1,1
7,4,5,0,0,63,2,5100,0,1,1
13,5,3,0,0,93,2,1230,0,1,1
1,18,4,0,1,12,2,120,0,0,0
9,22,6,0,0,62,0,5100,0,1,1
13,4,0,0,0,54,0,5110,0,0,1
9,20,3,0,0,60,2,5110,0,1,1
5,7,2,0,0,10,1,10,0,0,0
7,2,4,0,0,55,1,5110,0,1,1
11,5,4,0,0,95,0,5110,0,1,1
13,2,0,0,0,74,0,5110,0,0,1
9,1,3,0,0,55,2,2790,0,1,1
13,3,0,0,0,83,1,5110,0,0,1
11,20,3,0,0,99,1,5110,0,1,1
1,15,3,0,1,4,0,10,0,0,0
10,19,4,0,0,80,0,2610,0,1,1
5,10,4,0,1,19,2,10,0,0,0
9,4,6,0,0,68,1,2380,0,0,1
9,4,2,0,0,79,1,5110,0,1,1
4,16,0,0,1,10,2,20,0,1,0
2,14,1,0,1,14,2,110,0,0,0
5,15,3,0,1,18,0,10,0,0,0
5,9,0,0,1,16,0,60,0,0,0
10,2,2,0,0,68,0,5110,0,1,1
1,7,4,0,1,2,1,10,0,0,0
2,8,2,0,1,2,0,20,0,0,0
11,0,4,0,0,85,0,5110,0,1,1
10,1,0,0,0,61,0,5110,0,1,1
12,4,6,0,0,51,2,5110,0,1,1
2,17,0,0,1,11,1,50,0,0,0
7,22,5,0,0,81,0,5110,0,0,1
7,23,6,0,1,83,0,1390,0,1,1
1,10,3,0,0,10,0,60,0,0,0
1,14,4,0,0,0,1,10,0,0,0
8,10,0,0,1,2,2,140,0,0,0
11,1,2,0,0,77,1,5100,0,1,1
11,1,5,0,0,97,1,5110,0,1,1
4,8,0,0,0,5,2,10,0,0,0
11,21,2,0,0,75,0,2500,0,0,1
12,1,3,0,0,57,2,5110,0,0,1
11,2,3,0,0,90,2,2380,0,0,1
11,4,1,0,0,71,0,5110,0,1,1
12,5,0,0,0,58,2,5110,0,0,1
3,15,3,0,1,12,0,70,0,0,0
12,19,0,0,1,82,1,2010,0,1,1
12,3,2,0,0,80,0,5110,0,1,1
13,18,4,0,0,67,1,2060,0,1,1
11,5,1,0,0,50,2,1050,0,0,1
3,14,0,0,1,3,1,100,1,0,0
9,22,5,0,0,91,1,5110,0,1,1
9,1,5,0,0,69,2,5110,0,1,1
11,21,6,0,0,93,2,5110,0,1,1
4,2,5,0,0,87,2,5110,0,1,1
13,5,4,0,0,91,2,5100,0,0,1
10,14,4,0,1,4,0,40,0,0,0
12,21,5,0,0,67,1,5110,0,1,1
8,20,1,0,0,50,1,2410,0,1,1
1,7,2,0,0,16,1,10,0,0,0
13,18,2,0,0,52,0,5110,0,0,1
9,5,2,0,0,97,0,5110,0,1,1
9,23,5,0,0,95,0,5100,0,1,1
12,22,5,0,0,68,1,4610,0,0,1
13,19,5,0,0,58,1,5110,0,1,1
8,20,0,0,0,50,1,5110,0,0,1
9,0,0,0,0,62,1,2550,0,1,1
9,19,2,0,1,51,2,1380,0,1,1
5,8,0,0,1,15,0,30,0,0,0
13,0,6,0,0,95,1,1080,0,1,1
4,0,5,0,0,63,0,4780,0,1,1
9,18,5,0,0,72,2,5110,0,1,1
6,18,1,0,0,72,1,5100,0,1,1
9,1,6,0,0,59,0,5110,0,1,1
10,23,5,0,1,81,2,1100,0,1,1
6,18,1,0,0,98,2,5110,0,0,1
1,7,2,0,1,19,2,180,0,0,0
9,1,2,0,0,50,1,5110,0,1,1
10,19,5,0,0,71,2,5110,0,1,1
5,9,0,0,1,11,0,210,0,0,0
4,18,3,0,1,19,2,40,0,0,0
10,22,0,0,0,63,2,1160,0,1,1
13,19,5,0,0,74,0,2860,0,1,1
10,0,5,0,0,92,0,5110,0,1,1
4,11,4,0,0,18,1,10,0,0,0
4,10,4,0,0,15,1,10,0,0,0
12,21,0,0,0,95,1,5110,0,0,1
12,23,1,0,0,65,2,5110,0,1,1
9,21,0,0,0,94,2,5110,0,0,1
13,0,0,0,0,77,1,2010,0,0,1
11,5,6,0,0,78,2,5110,0,0,1
11,2,1,0,0,83,0,5110,0,1,1
9,22,6,0,0,50,1,5100,0,1,1
13,21,2,0,0,88,2,5110,0,0,1
13,21,2,0,0,88,2,5110,0,1,1
11,22,1,0,0,51,1,5110,0,1,1
3,0,6,0,0,94,2,2680,0,1,1
4,3,6,0,0,94,1,5110,0,1,1
9,19,6,0,0,66,0,5110,0,1,1
2,7,0,0,1,2,1,320,0,0,0
5,17,1,0,1,7,2,160,0,0,0
13,3,1,0,1,95,1,1230,0,0,1
10,4,3,0,0,78,1,2190,0,1,1
5,10,1,0,1,15,0,50,0,0,0
1,15,2,0,0,17,1,20,0,0,0
10,3,1,0,0,77,1,5110,0,1,1
4,13,4,0,1,18,0,60,0,0,0
14,5,6,0,0,75,2,50,0,1,1
9,0,3,0,0,92,2,5110,0,0,1
3,18,3,0,1,9,0,220,0,0,0
13,1,6,0,0,68,0,5100,0,1,1
5,4,3,0,1,92,1,2960,0,1,1
13,3,1,0,0,96,2,5110,0,0,1
5,14,3,0,1,6,0,10,0,0,0
10,18,1,0,0,96,0,5110,0,1,1
5,16,3,0,0,7,2,10,0,0,0
12,21,6,0,0,52,0,4900,0,1,1
3,14,4,0,1,15,1,10,0,0,0
6,1,4,0,0,51,0,5090,0,0,1
12,18,1,0,0,50,1,2920,0,1,1
13,18,1,0,0,94,0,5110,0,1,1
4,3,3,0,0,62,0,5100,0,1,1
10,21,2,0,0,89,2,5110,0,0,1
12,18,2,0,0,85,2,2820,0,0,1
5,22,5,0,0,68,0,5110,0,1,1
3,9,0,0,1,17,1,610,0,0,0
7,19,4,0,0,53,0,5110,0,1,1
9,5,0,0,0,55,1,5110,0,0,1
12,22,0,0,0,82,1,5110,0,1,1
10,1,3,0,0,73,1,5100,0,1,1
9,0,3,0,0,99,0,5100,0,0,1
4,10,0,0,0,18,2,30,0,0,0
4,12,0,0,1,15,1,50,0,0,0
12,2,0,0,0,76,0,5110,0,1,1
10,19,1,0,0,66,2,4840,0,0,1
4,10,1,0,1,14,2,20,0,0,0
9,5,6,0,0,75,1,5110,0,1,1
10,2,4,0,0,94,0,2750,0,1,1
2,10,1,0,1,1,2,80,0,0,0
2,18,3,0,1,11,0,530,0,0,0
9,20,3,0,0,65,0,2420,0,0,1
3,3,3,0,0,91,2,5110,0,1,1
11,3,5,0,0,50,0,5110,0,1,1
10,19,4,0,0,54,1,4800,0,0,1
9,21,1,0,0,58,0,2500,0,0,1
6,3,1,0,0,85,2,5110,0,0,1
10,21,4,0,0,56,1,5100,0,1,1
13,18,6,0,0,97,1,5080,0,1,1
11,2,1,0,0,80,0,5110,0,1,1
10,0,1,0,0,95,0,5100,0,1,1
9,3,0,0,0,75,0,5030,0,1,1
6,0,4,0,0,94,1,5110,0,1,1
10,20,3,0,0,76,1,5110,0,1,1
10,1,4,0,0,99,2,1210,0,1,1
11,3,6,0,0,83,1,5110,0,1,1
13,0,5,0,0,77,1,5110,0,1,1
10,22,1,0,0,82,2,5110,0,1,1
9,22,2,0,0,89,0,5110,0,1,1
1,15,4,0,1,10,2,140,0,0,0
13,0,6,0,0,94,1,2790,0,1,1
9,22,1,0,0,88,1,5110,0,1,1
11,18,0,0,0,92,0,2000,0,1,1
6,4,6,0,0,66,0,4530,0,1,1
9,3,6,0,0,92,0,5110,0,1,1
12,1,4,0,0,61,0,2640,0,0,1
13,19,0,0,0,66,2,5110,0,1,1
1,16,2,0,1,2,2,260,0,0,0
13,23,0,0,0,96,0,5110,0,1,1
13,4,3,0,0,66,2,2370,0,1,1
4,8,4,0,1,10,1,260,0,0,0
5,15,4,0,0,1,1,10,0,0,0
6,23,1,0,0,54,1,5090,0,0,1
9,21,0,0,0,70,1,5110,0,0,1
10,0,4,0,0,68,1,5110,0,1,1
2,16,3,0,1,13,1,10,0,0,0
12,23,5,0,0,99,0,5100,0,0,1
4,13,1,0,0,12,2,130,0,0,0
2,10,4,0,1,17,0,20,0,0,0
9,5,2,0,0,98,1,5110,0,1,1
13,1,5,0,0,70,1,5110,0,1,1
2,10,4,0,0,8,1,210,0,0,0
2,10,2,0,1,16,2,140,0,0,0
5,8,4,0,1,8,0,40,0,0,0
7,2,0,0,0,93,1,4820,0,1,1
11,18,4,0,0,59,1,5110,0,1,1
11,5,5,0,0,96,0,5110,0,1,1
1,15,0,0,1,11,1,30,0,0,0
5,18,4,0,1,9,1,70,0,0,0
1,18,4,0,1,4,1,50,0,0,0
12,4,3,0,0,65,1,5110,0,1,1
3,18,2,0,1,14,2,10,0,0,0
10,18,3,0,0,57,1,2910,0,0,1
3,7,2,0,1,18,2,10,0,0,0
9,1,6,0,0,53,2,5110,0,1,1
3,9,1,0,0,8,0,30,0,0,0
12,8,3,0,0,13,2,20,0,0,0
13,21,6,0,0,73,2,5110,0,1,1
9,8,3,0,1,8,1,30,0,0,0
8,4,0,0,0,55,2,5110,0,1,1
10,18,1,0,0,57,1,5110,0,1,1
13,1,2,0,0,67,0,5110,0,1,1
10,19,5,0,1,54,0,2370,0,1,1
7,9,2,0,1,12,2,10,0,0,0
10,23,2,0,0,99,1,5110,0,1,1
12,21,3,0,0,62,0,1100,0,1,1
4,1,4,0,0,57,2,10,0,0,1
9,3,3,0,1,67,1,2070,0,1,1
13,0,1,0,0,61,1,5110,0,1,1
2,9,2,0,0,18,2,290,0,0,0
2,15,0,0,1,4,2,10,0,0,0
2,7,3,0,1,0,2,60,0,0,0
12,5,6,0,0,53,2,5110,0,1,1
5,10,2,0,1,16,1,10,0,0,0
9,5,6,0,1,64,0,2340,0,0,1
3,15,1,0,1,0,0,10,0,0,0
12,0,1,0,0,51,0,4460,0,1,1
7,4,5,0,1,85,2,2760,0,0,1
2,17,3,0,1,2,2,10,0,0,0
5,12,1,0,1,16,1,10,0,0,0
5,21,1,0,0,79,2,1370,0,1,1
11,3,3,0,0,55,1,5110,0,1,1
12,4,3,0,0,74,1,5110,0,1,1
11,23,6,0,0,61,1,5100,0,1,1
5,13,3,0,1,6,1,90,0,0,0
12,4,1,0,1,60,1,1440,0,1,1
11,21,5,0,0,51,0,5110,0,1,1
13,21,2,0,0,51,2,5110,0,1,1
9,22,1,0,0,75,2,5110,0,1,1
6,19,5,0,1,54,1,1020,0,1,1
10,19,0,0,0,95,2,4620,0,1,1
13,21,1,0,0,89,1,2410,0,1,1
4,14,1,0,1,14,1,130,0,0,0
1,7,2,0,1,11,0,60,0,0,0
10,19,3,0,0,55,0,2690,0,1,1
10,18,3,0,0,59,2,5110,0,1,1
11,4,0,0,0,68,2,1190,0,1,1
10,0,2,0,0,82,0,1780,0,1,1
13,3,3,0,0,70,2,1030,0,1,1
1,12,0,0,0,12,0,10,0,0,0
5,1,4,0,0,97,0,5110,0,1,1
5,7,2,0,1,18,2,20,0,0,0
10,3,5,0,0,91,2,5110,0,0,1
10,5,4,0,0,55,0,5110,0,0,1
5,18,0,0,0,52,2,80,0,0,1
5,18,1,0,1,3,1,10,0,0,0
5,15,3,0,1,8,2,30,0,0,0
4,13,4,0,1,7,2,320,0,0,0
4,9,0,0,1,9,0,20,0,0,0
5,11,1,0,1,15,2,180,0,0,0
3,18,2,0,0,3,0,10,0,0,0
4,14,1,0,1,0,2,10,0,0,0
5,2,2,0,0,84,1,2080,0,1,1
10,22,3,0,0,69,1,5110,0,1,1
11,0,1,0,1,78,0,1310,0,0,1
12,5,2,0,1,69,1,2040,0,1,1
9,0,3,0,0,88,2,1180,0,1,1
12,21,6,0,0,57,1,5110,0,1,1
11,4,2,0,0,62,2,1430,0,1,1
8,22,2,0,0,62,1,5110,0,1,1
9,4,3,0,0,72,2,5110,0,1,1
13,21,4,0,0,83,2,5100,0,1,1
5,15,4,0,1,8,2,20,0,0,0
11,20,5,0,1,94,2,2290,0,1,1
2,8,1,0,1,5,2,40,0,0,0
13,22,3,0,0,89,1,5110,0,1,1
4,23,2,0,0,88,0,2410,0,0,1
1,10,2,0,1,0,0,260,0,0,0
9,0,0,0,0,84,0,5110,0,1,1
3,18,2,0,1,10,0,80,0,1,0
11,3,5,0,0,92,0,5110,0,1,1
10,18,2,0,0,90,0,2260,0,1,1
4,5,4,0,0,90,0,5110,0,0,1
13,0,5,0,0,76,2,5110,0,0,1
12,1,5,0,0,60,2,4810,0,1,1
11,3,0,0,0,84,0,5110,0,0,1
2,10,0,0,0,0,2,10,0,0,0
10,21,3,0,0,66,0,10,0,1,1
13,0,5,0,0,75,2,5110,0,1,1
9,23,1,0,0,57,2,5110,0,1,1
10,1,6,0,0,65,2,5110,0,1,1
9,22,5,0,0,98,1,5110,0,1,1
10,19,3,0,0,92,0,5110,0,1,1
13,3,0,0,1,86,0,2790,0,1,1
12,19,6,0,0,97,2,5110,0,1,1
5,13,2,0,0,5,1,10,0,0,0
4,15,2,0,1,15,1,20,0,0,0
11,4,5,0,0,50,2,5110,0,1,1
12,22,6,0,0,92,0,2960,0,1,1
10,21,5,0,0,51,2,4530,0,1,1
13,23,0,0,0,93,0,5110,0,1,1
12,21,4,0,0,99,0,5110,0,1,1
9,19,0,0,0,59,0,5100,0,1,1
13,18,2,0,0,66,1,2140,0,0,1
2,12,2,0,1,12,1,10,0,0,0
9,2,6,0,0,90,0,1340,0,1,1
1,14,3,0,1,19,1,30,0,0,0
4,13,0,0,1,0,1,70,0,0,0
13,2,0,0,0,66,2,5110,0,1,1
4,19,3,0,0,64,1,5110,0,1,1
13,2,2,0,0,68,0,5110,0,1,1
1,18,3,0,1,19,0,20,0,0,0
5,12,1,0,1,17,2,10,0,1,0
9,23,6,0,0,51,0,5110,0,1,1
7,21,5,0,0,55,1,5110,0,1,1
11,1,5,0,0,90,2,4760,0,0,1
3,8,0,0,1,3,2,10,0,0,0
4,15,4,0,1,7,0,20,0,0,0
13,22,3,0,0,82,1,5110,0,1,1
9,2,5,0,0,86,2,1200,0,0,1
10,19,1,0,0,84,1,5110,0,1,1
1,8,4,0,1,5,0,110,0,0,0
7,0,5,0,0,89,1,4610,0,0,1
3,13,3,0,1,10,1,60,0,0,0
11,0,4,0,0,78,1,5110,0,1,1
4,0,0,0,0,63,2,5110,0,1,1
9,3,4,0,0,69,1,5110,0,1,1
12,3,6,0,0,94,1,5110,0,0,1
11,21,5,0,1,71,1,1880,0,0,1
4,15,2,0,1,1,2,20,0,0,0
8,21,4,0,0,73,1,2320,0,1,1
3,17,3,0,1,4,0,10,0,0,0
9,18,5,0,1,63,1,1030,0,0,1
11,18,4,0,0,70,2,5110,0,1,1
13,21,1,0,0,85,1,5110,0,1,1
10,3,4,0,0,82,2,5110,0,1,1
12,1,5,0,0,86,0,4460,0,1,1
4,17,0,0,1,16,0,20,0,0,0
10,21,3,0,0,77,2,5110,0,0,1
13,20,1,0,0,83,0,5110,0,1,1
4,10,3,0,1,5,1,10,0,0,0
11,20,5,0,0,83,1,5110,0,1,1
10,1,6,0,0,93,0,5110,0,1,1
5,22,4,0,0,61,1,5110,0,1,1
3,14,4,0,1,3,0,10,0,0,0
9,18,0,0,0,58,1,5110,0,1,1
11,23,3,0,0,51,1,5110,0,1,1
10,19,1,0,0,86,2,5100,0,0,1
10,23,5,0,0,62,2,5110,0,1,1
9,22,0,0,0,83,1,5110,0,0,1
10,3,2,0,0,58,2,5110,0,0,1
11,4,4,0,0,79,1,2680,0,1,1
12,5,2,0,0,95,2,5110,0,1,1
2,15,1,0,1,1,2,80,0,0,0
9,0,6,0,1,87,1,2790,0,1,1
11,22,6,0,0,80,1,4820,0,1,1
8,5,5,0,0,79,0,5110,0,1,1
12,1,5,0,0,69,0,5100,0,1,1
12,18,0,0,0,74,1,5110,0,0,1
12,22,4,0,0,50,0,5110,0,0,1
14,3,3,0,0,90,0,50,0,1,1
12,0,5,0,0,81,2,4730,0,1,1
9,21,2,0,0,88,1,5110,0,1,1
12,18,1,0,0,88,0,5110,0,1,1
10,23,3,0,0,90,1,5110,0,1,1
9,23,2,0,0,71,2,5110,0,1,1
13,19,3,0,0,88,1,5110,0,1,1
5,8,4,0,1,16,1,50,0,0,0
13,2,0,0,0,54,1,5110,0,1,1
13,19,1,0,0,54,1,5090,0,1,1
9,0,4,0,0,83,2,2810,0,1,1
12,23,4,0,0,86,0,4580,0,0,1
13,19,0,0,0,71,1,1960,0,1,1
10,18,0,0,0,79,0,5100,0,1,1
11,5,1,0,0,96,2,5110,0,1,1
12,2,1,0,0,94,2,5100,0,1,1
13,5,1,0,0,76,1,5110,0,1,1
13,5,1,0,0,87,1,5110,0,1,1
13,0,1,0,0,96,1,5110,0,1,1
5,21,3,0,0,98,1,5110,0,1,1
13,3,5,0,1,64,0,2260,0,1,1
4,14,0,0,1,7,0,10,0,0,0
10,5,0,0,0,61,1,5110,0,0,1
5,16,0,0,1,16,0,50,0,0,0
12,20,4,0,0,83,2,1340,0,0,1
13,20,2,0,1,59,2,1390,0,1,1
2,10,3,0,1,18,1,10,0,1,0
10,18,4,0,0,74,0,5110,0,1,1
6,23,6,0,0,67,1,5110,0,1,1
7,7,3,0,0,13,2,220,0,0,0
7,23,0,0,0,81,2,5100,0,1,1
9,20,0,0,0,75,1,5110,0,1,1
12,21,6,0,0,91,0,5110,0,1,1
12,0,6,0,0,64,2,5110,0,1,1
9,21,5,0,0,94,0,5110,0,1,1
9,2,0,0,0,98,0,5110,0,1,1
4,18,1,0,0,11,0,170,0,0,0
10,2,6,0,0,60,0,5110,0,1,1
13,4,2,0,0,78,0,4560,0,1,1
5,20,3,0,1,59,1,2510,0,0,1
3,7,2,0,1,10,1,70,0,0,0
11,19,4,0,1,98,0,2840,0,1,1
4,15,0,0,1,0,2,30,0,0,0
10,20,0,0,0,64,2,5110,0,1,1
10,19,0,0,0,55,2,5110,0,0,1
11,22,4,0,0,62,0,5110,0,1,1
11,22,6,0,0,98,2,2530,0,1,1
7,1,4,0,0,90,1,1080,0,1,1
5,10,4,0,1,4,1,330,0,0,0
10,21,5,0,0,67,0,1920,0,1,1
5,16,4,0,1,15,2,10,0,0,0
11,22,1,0,0,92,0,5100,0,1,1
12,5,4,0,0,80,1,5110,0,1,1
10,2,0,0,0,80,0,10,0,1,1
13,3,5,0,0,83,2,5110,0,1,1
10,0,3,0,0,56,1,5100,0,1,1
11,21,4,0,0,98,0,5110,0,1,1
11,4,4,0,0,53,0,4790,0,1,1
7,21,4,0,1,81,2,2360,0,1,1
9,22,2,0,1,61,2,2090,0,1,1
9,1,6,0,0,67,0,5110,0,1,1
6,2,6,0,1,97,0,1310,0,1,1
13,4,0,0,0,73,2,2860,0,1,1
9,22,4,0,0,68,1,5110,0,1,1
10,23,1,0,0,74,1,5110,0,1,1
3,7,1,0,1,4,2,10,0,0,0
12,2,1,0,0,66,0,1030,0,1,1
11,2,4,0,0,98,2,5110,0,1,1
12,5,0,0,0,94,1,5000,0,1,1
13,1,2,0,0,81,1,5100,0,1,1
10,20,5,0,0,78,0,5110,0,1,1
1,17,0,0,0,0,2,310,0,0,0
4,22,3,0,0,91,0,5110,0,1,1
7,4,0,0,0,66,2,4810,0,1,1
10,4,0,0,0,67,1,5110,0,1,1
4,7,0,0,1,1,0,70,0,0,0
12,4,2,0,0,69,1,5110,0,1,1
4,7,2,0,1,16,0,190,0,0,0
2,8,4,0,1,16,2,10,0,0,0
12,23,1,0,0,95,1,5080,0,1,1
12,3,3,0,0,51,2,5110,0,1,1
13,4,3,0,0,73,2,5110,0,1,1
11,5,4,0,0,59,2,5110,0,1,1
2,7,3,0,1,3,0,10,0,0,0
5,14,0,0,1,8,1,240,0,0,0
2,9,4,0,0,17,0,220,0,0,0
3,4,1,0,0,59,1,4780,0,1,1
3,17,2,0,1,7,1,10,0,0,0
5,2,4,0,0,96,2,5110,0,1,1
13,20,2,0,0,68,0,5110,0,1,1
9,23,3,0,0,91,0,5110,0,1,1
9,0,1,0,0,87,1,5110,0,0,1
11,19,4,0,0,60,2,5110,0,1,1
6,21,1,0,0,65,1,5100,0,0,1
12,3,6,0,0,52,2,5110,0,0,1
9,3,6,0,0,96,0,5110,0,1,1
10,20,0,0,1,94,0,2570,0,1,1
9,19,0,0,0,83,1,5110,0,1,1
11,19,6,0,0,72,1,10,0,1,1
10,21,6,0,0,81,2,5110,0,1,1
9,5,5,0,0,56,0,5110,0,1,1
10,19,0,0,0,50,0,4770,0,1,1
10,21,5,0,0,84,1,4820,0,1,1
11,19,3,0,0,92,0,5110,0,0,1
13,21,0,0,1,76,1,1020,0,1,1
10,3,3,0,0,75,1,5090,0,1,1
13,1,0,0,1,91,1,1930,0,1,1
10,5,2,0,0,53,2,10,0,1,1
9,23,6,0,0,70,1,2170,0,1,1
2,9,2,0,0,10,0,10,0,0,0
7,0,4,0,0,63,1,1320,0,1,1
11,16,3,0,1,8,0,410,0,0,0
5,20,0,0,0,66,2,5110,0,1,1
6,0,3,0,0,78,1,5100,0,0,1
13,0,5,0,0,77,0,2570,0,1,1
9,5,4,0,0,78,1,5110,0,0,1
13,0,0,0,0,51,2,4460,0,1,1
13,3,6,0,0,84,1,5110,0,1,1
11,1,3,0,0,97,2,5110,0,1,1
10,2,1,0,0,69,1,5100,0,1,1
12,19,6,0,0,96,2,5110,0,1,1
13,22,1,0,0,76,1,5110,0,1,1
6,21,1,0,0,66,2,5110,0,1,1
11,4,3,0,0,85,2,5110,0,1,1
11,4,4,0,0,82,2,5110,0,1,1
6,18,0,0,0,63,2,5110,0,1,1
10,2,2,0,1,69,0,2310,0,0,1
10,1,0,0,0,87,1,1320,0,0,1
11,19,4,0,0,76,1,5110,0,1,1
11,19,3,0,0,83,1,1320,0,0,1
12,18,4,0,0,64,1,5110,0,1,1
5,16,1,0,1,3,1,150,0,0,0
9,23,2,0,0,53,1,5110,0,1,1
11,3,5,0,1,62,0,1990,0,1,1
13,20,6,0,1,94,0,2680,0,1,1
9,9,3,0,1,1,1,80,0,0,0
12,0,5,0,0,81,1,1460,0,1,1
6,22,2,0,0,92,1,5110,0,1,1
13,5,0,0,0,82,1,5100,0,1,1
6,2,0,0,0,95,1,2410,0,1,1
9,18,6,0,0,82,2,4570,0,1,1
9,20,5,0,1,55,0,2300,0,1,1
13,4,5,0,0,86,2,1360,0,0,1
1,12,4,0,1,10,0,10,0,0,0
10,19,0,0,0,69,0,5110,0,0,1
12,22,6,0,1,56,1,2650,0,1,1
2,12,0,0,1,6,0,30,0,0,0
12,5,0,0,0,79,1,5100,0,0,1
11,19,6,0,1,98,0,2910,0,1,1
9,18,0,0,0,68,0,5110,0,0,1
10,5,0,0,0,60,1,5090,0,1,1
12,23,5,0,0,56,2,5110,0,0,1
8,22,3,0,0,68,1,30,0,1,1
10,3,4,0,1,70,2,2330,0,0,1
11,3,6,0,0,94,1,5110,0,1,1
8,3,5,0,0,69,0,5110,0,1,1
4,18,4,0,0,2,1,10,0,0,0
11,2,0,0,0,87,2,5110,0,1,1
10,3,4,0,0,77,1,5090,0,1,1
10,0,2,0,0,60,0,5110,0,1,1
11,2,2,0,0,58,2,5110,0,1,1
11,15,1,0,1,18,1,30,0,0,0
12,21,0,0,0,92,1,5110,0,1,1
9,0,5,0,0,51,0,5110,0,0,1
10,19,6,0,0,84,2,5110,0,1,1
9,5,0,0,0,53,2,5110,0,1,1
12,21,3,0,0,85,2,5110,0,1,1
9,21,3,0,1,87,1,1090,0,1,1
1,18,0,0,1,17,2,40,0,0,0
4,15,1,0,1,18,2,20,0,0,0
10,1,0,0,0,60,2,5110,0,1,1
9,5,6,0,0,90,1,5100,0,1,1
10,19,0,0,0,59,0,1190,0,1,1
11,18,0,0,0,54,0,5110,0,1,1
10,18,1,0,0,85,0,5110,0,1,1
12,2,0,0,0,93,1,5110,0,0,1
13,19,6,0,0,63,1,2710,0,1,1
8,19,6,0,0,90,0,1210,0,1,1
7,3,0,0,0,64,0,5110,0,0,1
13,2,6,0,1,85,0,1190,0,1,1
9,20,3,0,0,55,1,50,0,1,1
13,0,5,0,0,59,1,5110,0,1,1
11,4,5,0,0,99,2,5110,0,1,1
10,18,5,0,0,78,2,5110,0,0,1
9,1,0,0,0,59,1,4800,0,1,1
9,21,2,0,0,97,1,5110,0,1,1
11,19,3,0,0,91,2,5110,0,1,1
1,13,3,0,1,9,1,50,0,0,0
10,5,0,0,0,86,2,1190,0,1,1
11,5,6,0,0,55,0,5110,0,0,1
12,19,2,0,0,77,0,5110,0,1,1
13,18,3,0,0,96,0,5110,0,1,1
7,5,0,0,0,57,1,5110,0,1,1
9,4,5,0,0,67,0,5110,0,1,1
13,1,0,0,0,81,0,5110,0,0,1
6,22,6,0,0,51,2,1120,0,1,1
6,2,5,0,0,92,0,5110,0,0,1
2,7,0,0,0,11,1,20,0,0,0
1,14,0,0,1,5,0,20,0,0,0
8,3,5,0,0,79,2,2840,0,0,1
8,15,2,0,1,18,0,60,0,0,0
5,18,6,0,0,91,0,1450,0,0,1
6,4,6,0,0,83,2,5110,0,1,1
4,18,3,0,1,11,0,20,0,0,0
10,1,1,0,0,75,2,1330,0,1,1
11,20,4,0,0,88,1,5110,0,1,1
11,21,0,0,1,83,1,1280,0,1,1
9,21,3,0,0,90,2,5110,0,1,1
12,23,4,0,0,83,0,5110,0,1,1
5,21,1,0,0,67,1,2190,0,1,1
3,11,4,0,1,12,2,10,0,0,0
5,7,3,0,1,5,0,330,0,0,0
11,19,6,0,0,69,0,5110,0,0,1
12,23,2,0,1,99,0,2360,0,1,1
11,0,4,0,0,56,0,5110,0,0,1
4,11,3,0,1,19,1,10,0,0,0
11,1,1,0,0,89,0,5110,0,1,1
1,7,0,0,0,3,0,30,0,0,0
9,18,1,0,0,86,1,5110,0,1,1
9,3,3,0,0,89,0,4740,0,1,1
13,19,4,0,0,72,1,5100,0,1,1
3,9,4,0,1,12,2,20,0,0,0
13,3,4,0,0,86,2,5110,0,0,1
14,4,4,0,0,56,2,40,0,1,1
12,4,3,0,0,57,0,5110,0,0,1
12,1,5,0,0,58,0,5110,0,1,1
13,1,6,0,0,79,1,5110,0,1,1
11,19,1,0,0,50,1,2610,0,1,1
13,2,3,0,0,73,2,5110,0,1,1
13,20,2,0,0,99,1,5110,0,1,1
13,18,5,0,0,94,1,5110,0,0,1
3,12,0,0,1,3,0,20,0,0,0
9,18,1,0,0,83,2,1050,0,1,1
12,19,1,0,1,93,2,1020,0,1,1
11,0,0,0,0,85,0,5100,0,1,1
12,22,1,0,0,87,0,5110,0,1,1
13,23,5,0,0,60,0,1370,0,0,1
10,2,1,0,0,84,0,5110,0,1,1
5,5,2,0,0,72,2,1410,0,1,1
7,22,1,0,0,73,0,5110,0,1,1
10,19,2,0,0,59,1,4610,0,1,1
1,7,1,0,1,11,0,40,0,0,0
5,4,5,0,0,72,1,5110,0,0,1
3,15,3,0,1,19,2,190,0,0,0
3,18,3,0,1,8,1,10,0,0,0
13,20,3,0,0,55,2,1100,0,1,1
13,20,6,0,1,95,0,1120,0,1,1
5,11,3,0,0,3,1,340,0,0,0
9,22,6,0,0,73,1,10,0,1,1
3,16,3,0,1,18,0,20,0,0,0
12,0,5,0,0,87,1,5110,0,1,1
5,21,1,0,0,65,1,5110,0,1,1
9,2,2,0,0,80,0,5110,0,1,1
12,4,6,0,0,97,2,5110,0,1,1
10,3,6,0,0,72,0,5110,0,1,1
11,1,4,0,0,51,1,5110,0,1,1
9,18,1,0,0,65,2,5110,0,1,1
7,18,2,0,1,3,0,270,0,0,0
8,18,4,0,0,96,2,2750,0,1,1
6,20,1,0,1,61,1,2330,0,1,1
9,19,4,0,0,80,0,5110,0,1,1
9,21,6,0,0,86,1,5110,0,1,1
10,0,2,0,0,50,1,5110,0,1,1
13,22,2,0,0,70,0,5110,0,1,1
10,1,5,0,0,66,0,5110,0,1,1
2,14,2,0,1,7,0,20,0,0,0
3,2,2,0,0,68,0,5110,0,1,1
11,19,1,0,0,97,2,5110,0,1,1
13,4,6,0,0,91,1,10,0,0,1
13,18,3,0,0,71,0,5110,0,0,1
11,9,4,0,1,4,0,120,0,0,0
11,21,0,0,0,56,0,2910,0,1,1
13,4,3,0,0,71,0,5110,0,1,1
1,17,1,0,1,4,1,10,0,0,0
5,11,2,0,1,2,2,210,0,0,0
9,2,0,0,0,97,2,5100,0,0,1
7,0,5,0,0,82,0,5110,0,1,1
1,14,0,0,1,11,1,10,0,0,0
6,23,3,0,0,89,0,5110,0,1,1
12,20,3,0,0,58,1,2500,0,1,1
5,14,3,0,1,11,2,190,0,0,0
9,22,2,0,0,50,2,1110,0,1,1
3,18,1,0,1,53,1,2490,0,1,1
6,4,0,0,0,76,1,2600,0,1,1
10,21,5,0,0,65,2,5090,0,1,1
12,23,1,0,0,87,0,5110,0,1,1
13,0,5,0,0,65,1,5110,0,1,1
11,19,2,0,0,81,2,5110,0,1,1
4,12,0,0,1,9,1,10,0,0,0
10,21,2,0,0,96,1,5100,0,0,1
10,0,0,0,0,79,2,1070,0,1,1
3,11,3,0,1,1,2,20,0,0,0
1,14,2,0,1,1,1,70,0,0,0
4,21,5,0,0,57,2,5110,0,1,1
13,22,4,0,0,74,0,1260,0,1,1
9,20,1,0,1,67,2,1020,0,1,1
11,21,2,0,0,60,2,5110,0,1,1
12,2,0,0,0,69,2,5110,0,1,1
3,11,1,0,1,10,1,20,0,0,0
4,20,2,0,0,96,0,5100,0,1,1
10,20,2,0,0,55,1,5110,0,0,1
11,19,5,0,0,84,2,5110,0,1,1
3,19,4,0,0,87,0,5090,0,1,1
10,19,4,0,0,62,0,5110,0,0,1
7,17,2,0,1,2,1,40,0,0,0
12,4,1,0,0,87,1,5100,0,0,1
13,3,3,0,0,64,0,5110,0,1,1
10,23,3,0,0,84,1,5110,0,0,1
7,18,0,0,1,12,0,10,0,0,0
11,1,6,0,0,56,1,5110,0,1,1
12,23,2,0,0,88,2,5110,0,1,1
13,3,2,0,0,53,1,5110,0,0,1
13,18,0,0,0,57,1,2240,0,0,1
4,0,0,0,0,91,0,2360,0,1,1
11,0,2,0,0,55,2,5110,0,1,1
12,3,1,0,1,65,2,1040,0,0,1
10,21,6,0,0,79,0,5110,0,1,1
5,15,0,0,1,11,0,10,0,0,0
11,5,0,0,0,78,2,5110,0,0,1
5,21,2,0,0,77,2,5110,0,0,1
9,20,2,0,0,97,2,5110,0,1,1
2,18,2,0,1,1,0,50,0,0,0
10,0,5,0,0,99,0,5110,0,0,1
9,20,1,0,0,90,1,5110,0,1,1
6,22,3,0,0,97,0,5110,0,0,1
12,20,6,0,0,57,0,5110,0,1,1
13,3,2,0,0,94,0,5110,0,1,1
4,7,3,0,0,10,1,10,0,0,0
4,15,1,0,1,3,1,40,0,0,0
5,23,0,0,0,67,2,5110,0,1,1
6,15,4,0,0,13,1,230,0,0,0
12,18,1,0,0,74,2,5110,0,0,1
10,5,5,0,0,70,1,1140,0,1,1
9,3,5,0,0,64,0,4800,0,1,1
11,22,1,0,0,64,1,5110,0,0,1
5,12,4,0,1,11,0,10,0,0,0
12,22,5,0,0,50,1,2760,0,1,1
9,22,6,0,0,50,0,5110,0,0,1
13,4,1,0,0,99,0,5110,0,0,1
4,11,2,0,1,10,2,90,0,0,0
12,21,0,0,0,51,0,2070,0,1,1
13,0,3,0,0,70,0,2610,0,0,1
13,4,0,0,1,76,0,2380,0,0,1
1,17,0,0,1,0,0,10,0,0,0
12,22,2,0,0,87,2,5100,0,1,1
6,5,2,0,0,87,2,4650,0,1,1
13,0,5,0,0,52,2,5110,0,1,1
13,22,2,0,1,75,1,2930,0,0,1
13,2,2,0,0,52,1,5110,0,0,1
13,21,1,0,0,90,1,5110,0,1,1
9,20,1,0,0,64,0,1460,0,1,1
3,18,3,0,1,11,1,1130,0,0,0
11,1,5,0,0,69,0,5110,0,0,1
12,18,1,0,0,63,2,5110,0,1,1
4,19,5,0,0,68,0,5100,0,0,1
10,21,5,0,0,84,0,5110,0,1,1
3,9,3,0,1,2,0,90,0,0,0
10,5,6,0,0,63,2,5110,0,1,1
3,11,0,0,1,9,1,280,0,0,0
12,23,0,0,0,79,2,5110,0,0,1
9,18,6,0,0,71,1,5110,0,0,1
3,14,4,0,1,10,1,10,0,0,0
10,19,1,0,0,67,0,5110,0,0,1
3,14,4,0,1,11,2,220,0,0,0
7,20,5,0,0,69,0,5110,0,0,1
1,8,4,0,1,3,0,10,0,0,0
10,1,3,0,0,79,1,5110,0,1,1
6,2,6,0,0,56,1,5110,0,1,1
7,3,4,0,0,92,0,5100,0,1,1
12,23,4,0,0,65,2,5110,0,1,1
12,3,2,0,0,59,0,5110,0,1,1
3,20,0,0,1,78,2,2820,0,0,1
9,20,1,0,0,84,1,2100,0,1,1
4,12,1,0,0,18,1,10,0,0,0
10,23,6,0,0,96,2,5110,0,1,1
11,4,0,0,0,85,2,2860,0,0,1
13,20,2,0,0,82,2,5110,0,1,1
11,1,4,0,0,60,2,2410,0,1,1
1,12,3,0,1,16,1,10,0,0,0
9,22,3,0,1,89,2,1110,0,1,1
12,20,3,0,1,50,0,2260,0,1,1
5,0,5,0,0,94,2,4580,0,1,1
4,12,3,0,1,10,1,100,0,0,0
12,5,6,0,1,94,1,1130,0,0,1
6,0,0,0,0,63,2,5110,0,1,1
11,3,0,0,0,85,2,5110,0,1,1
9,3,1,0,0,86,1,5110,0,1,1
13,5,1,0,1,68,1,2340,0,1,1
10,3,5,0,0,83,1,5110,0,1,1
4,16,3,0,1,3,2,470,0,0,0
4,15,3,0,0,3,1,360,0,0,0
5,22,2,0,0,84,0,5110,0,1,1
13,20,2,0,0,84,2,5110,0,1,1
8,1,2,0,0,58,0,5110,0,0,1
12,0,2,0,0,55,2,5090,0,1,1
5,0,3,0,0,95,2,4570,0,1,1
9,18,5,0,0,96,2,2850,0,1,1
12,18,4,0,0,93,2,5110,0,1,1
9,0,6,0,0,72,1,1110,0,1,1
9,23,0,0,0,64,1,1030,0,1,1
11,18,2,0,0,68,0,5110,0,1,1
11,20,1,0,0,55,2,5100,0,0,1
9,3,5,0,0,51,0,5110,0,0,1
13,23,1,0,0,82,0,5110,0,1,1
13,19,1,0,0,85,1,5110,0,1,1
11,21,0,0,0,99,0,5110,0,0,1
13,3,4,0,0,80,2,5110,0,1,1
12,21,3,0,0,93,0,2240,0,1,1
11,3,5,0,0,95,2,5110,0,1,1
10,20,1,0,0,65,0,5110,0,1,1
9,1,1,0,0,79,2,2540,0,0,1
7,21,6,0,0,67,0,5110,0,1,1
12,23,4,0,0,80,1,5110,0,1,1
8,18,1,0,0,54,2,2610,0,1,1
9,0,6,0,0,71,2,5110,0,1,1
4,11,0,0,1,1,2,230,0,0,0
9,14,0,0,0,16,2,80,0,0,0
11,3,1,0,0,72,0,2760,0,1,1
10,23,2,0,0,89,1,5110,0,1,1
5,16,1,0,1,9,0,10,0,0,0
5,4,0,0,0,82,1,2010,0,1,1
12,19,6,0,0,69,2,5100,0,1,1
11,5,2,0,0,92,0,5110,0,1,1
11,5,6,0,0,59,2,5110,0,0,1
11,5,0,0,0,81,0,5110,0,0,1
9,18,6,0,0,70,2,610,0,1,1
9,19,1,0,0,75,1,5110,0,1,1
2,14,4,0,1,8,1,10,0,0,0
2,10,3,0,0,9,2,130,0,0,0
11,19,0,0,0,75,0,5110,0,1,1
10,21,5,0,0,54,0,5100,0,1,1
9,18,3,0,0,59,0,1310,0,1,1
13,22,2,0,0,86,1,5110,0,0,1
7,19,3,0,0,62,0,5110,0,1,1
11,1,0,0,0,70,1,4360,0,1,1
12,5,6,0,0,61,1,5110,0,1,1
5,19,5,0,0,51,0,5100,0,1,1
10,21,5,0,0,91,0,5110,0,1,1
13,22,5,0,0,93,1,5100,0,1,1
9,21,6,0,0,81,2,5110,0,0,1
5,0,0,0,0,56,1,5110,0,1,1
3,9,0,0,0,14,0,10,0,0,0
11,3,6,0,0,51,0,1060,0,1,1
12,21,4,0,0,77,0,1220,0,1,1
11,22,6,0,0,77,2,2500,0,1,1
12,2,0,0,0,96,2,5110,0,0,1
11,19,1,0,0,67,1,5110,0,1,1
11,21,3,0,0,93,1,5110,0,1,1
9,1,0,0,0,98,2,5110,0,0,1
5,2,2,0,0,99,1,5110,0,1,1
12,21,3,0,0,72,0,5110,0,1,1
9,23,4,0,0,89,1,5090,0,0,1
11,20,0,0,0,55,0,5100,0,0,1
14,1,2,0,1,95,2,20,0,1,1
4,17,2,0,1,19,1,10,0,0,0
12,19,6,0,0,98,0,5110,0,1,1
4,18,0,0,0,5,1,10,0,0,0
3,14,4,0,1,10,2,60,0,0,0
10,22,2,0,0,56,1,4840,0,0,1
11,23,5,0,0,88,0,5110,0,1,1
11,5,3,0,0,95,1,5100,0,0,1
2,11,4,0,1,5,0,130,0,0,0
11,2,5,0,0,59,1,2780,0,0,1
10,23,2,0,0,51,1,5100,0,1,1
5,15,0,0,1,6,1,10,0,0,0
3,11,3,0,1,6,1,100,0,0,0
4,16,0,0,1,15,2,10,0,0,0
13,18,2,0,1,71,1,2980,0,1,1
13,23,0,0,0,53,0,5110,0,1,1
1,14,4,0,1,7,0,110,0,0,0
9,2,2,0,0,74,0,2130,0,1,1
10,1,6,0,0,50,2,5110,0,1,1
2,14,3,0,0,7,0,90,0,1,0
4,12,1,0,1,8,0,10,0,0,0
10,5,6,0,1,58,1,1150,0,1,1
9,4,1,0,0,50,1,5110,0,0,1
12,20,5,0,0,66,0,5100,0,1,1
7,20,1,0,0,58,0,2070,0,1,1
13,23,5,0,1,84,0,2630,0,0,1
8,23,5,0,0,91,1,5110,0,1,1
10,0,2,0,1,94,0,2330,0,1,1
10,1,6,0,0,98,2,2850,0,1,1
10,1,2,0,0,60,1,5110,0,1,1
2,14,4,0,1,15,2,100,0,1,0
12,22,1,0,0,83,1,4370,0,1,1
12,0,2,0,0,82,2,5100,0,0,1
3,9,3,0,1,5,0,10,0,1,0
10,19,5,0,0,92,1,5110,0,1,1
12,23,1,0,0,54,2,5110,0,0,1
11,4,3,0,0,56,0,1310,0,1,1
11,5,4,0,0,76,1,5110,0,1,1
12,3,3,0,0,80,0,5100,0,1,1
10,21,4,0,0,84,2,5110,0,0,1
12,22,6,0,0,82,1,5100,0,1,1
12,1,6,0,0,97,2,1370,0,1,1
13,18,0,0,1,61,2,2390,0,0,1
10,19,4,0,1,69,0,1200,0,1,1
8,21,0,0,0,77,1,750,0,1,1
10,21,2,0,0,67,0,5110,0,1,1
13,2,4,0,0,60,0,1430,0,1,1
8,1,0,0,0,86,0,5110,0,1,1
9,21,3,0,0,51,1,4440,0,1,1
11,18,6,0,0,73,1,5110,0,1,1
5,17,3,0,1,4,1,60,0,0,0
13,1,2,0,0,62,0,5110,0,1,1
11,1,2,0,0,60,2,4950,0,0,1
12,3,6,0,0,91,1,5110,0,1,1
11,0,1,0,0,93,2,5110,0,0,1
9,21,3,0,0,92,2,5110,0,1,1
4,12,1,0,1,7,1,10,0,0,0
12,19,3,0,0,62,1,5110,0,1,1
11,20,6,0,0,79,0,5110,0,1,1
9,5,1,0,1,84,1,2270,0,1,1
11,2,1,0,0,54,2,5110,0,1,1
1,11,4,0,1,2,2,120,0,0,0
11,23,6,0,0,95,0,5100,0,1,1
13,18,5,0,0,79,0,5110,0,1,1
13,0,4,0,0,57,0,5110,0,1,1
9,21,4,0,0,83,0,5110,0,1,1
10,18,2,0,0,86,1,5110,0,1,1
13,2,2,0,0,59,1,5110,0,1,1
13,22,2,0,0,97,2,1470,0,1,1
13,0,3,0,0,75,0,5110,0,1,1
9,3,5,0,0,95,0,2710,0,0,1
13,4,2,0,0,85,1,5110,0,0,1
11,3,4,0,0,62,0,5110,0,1,1
11,2,0,0,0,65,1,4820,0,0,1
10,0,6,0,0,95,1,5110,0,1,1
13,0,2,0,0,61,0,5110,0,0,1
13,1,1,0,0,77,0,5110,0,0,1
12,21,5,0,1,63,1,1050,0,1,1
3,13,2,0,1,17,1,150,0,0,0
10,2,2,0,0,58,1,5110,0,1,1
13,19,1,0,1,95,2,470,0,0,1
9,5,4,0,0,63,1,5110,0,1,1
11,18,3,0,0,63,1,730,0,1,1
9,23,3,0,0,55,0,5110,0,1,1
10,20,3,0,0,76,2,1200,0,1,1
11,0,1,0,0,98,2,5110,0,1,1
11,23,5,0,1,84,1,2640,0,1,1
12,20,2,0,0,82,1,4830,0,1,1
9,1,4,0,0,92,1,5110,0,1,1
9,4,5,0,1,66,2,1190,0,0,1
10,18,0,0,0,75,0,5110,0,1,1
10,3,4,0,0,83,1,5110,0,1,1
13,4,5,0,0,77,1,5100,0,1,1
11,23,4,0,0,93,1,4790,0,0,1
10,23,5,0,0,61,2,5110,0,1,1
2,11,1,0,1,14,1,10,0,0,0
12,23,4,0,0,54,2,5110,0,1,1
13,4,4,0,0,71,0,1410,0,1,1
6,19,1,0,0,81,2,20,0,1,1
11,5,2,0,0,62,2,5110,0,0,1
9,18,3,0,0,99,2,5110,0,0,1
11,0,2,0,0,85,1,5110,0,0,1
8,22,1,0,0,58,1,5110,0,0,1
1,12,1,0,0,2,2,20,0,0,0
2,12,0,0,1,12,2,20,0,0,0
10,18,0,0,0,51,2,5110,0,1,1
1,14,1,0,1,16,0,40,0,0,0
13,21,1,0,0,74,1,5100,0,1,1
11,5,2,0,0,55,2,5110,0,0,1
10,1,2,0,0,50,0,1450,0,1,1
11,4,3,0,0,74,0,2020,0,0,1
4,18,1,0,0,0,2,10,0,0,0
1,17,4,0,1,18,1,370,0,0,0
13,4,3,0,0,72,0,5110,0,1,1
12,4,1,0,0,72,1,5110,0,1,1
9,3,4,0,0,55,1,5110,0,1,1
9,23,6,0,0,65,2,5110,0,0,1
7,20,4,0,0,80,1,5110,0,1,1
12,18,6,0,0,75,2,5110,0,1,1
11,1,2,0,0,79,0,2580,0,0,1
10,19,1,0,0,59,1,1330,0,1,1
12,21,4,0,1,85,1,1430,0,1,1
12,18,6,0,0,50,2,5100,0,0,1
11,19,3,0,0,78,0,2460,0,1,1
9,21,6,0,1,64,0,1360,0,0,1
5,20,0,0,0,92,0,5110,0,0,1
1,8,4,0,1,12,0,150,0,0,0
3,13,0,0,1,8,1,10,0,0,0
11,3,4,0,0,69,0,1310,0,1,1
7,19,0,0,0,83,0,5110,0,1,1
7,20,5,0,0,77,0,5110,0,0,1
1,16,2,0,1,12,0,110,0,0,0
12,5,4,0,0,60,2,5110,0,0,1
10,0,3,0,0,89,0,340,0,1,1
10,19,1,0,0,96,2,10,0,1,1
12,18,1,0,0,82,0,5100,0,1,1
13,23,4,0,0,51,2,5110,0,0,1
12,22,4,0,0,96,2,5110,0,1,1
9,2,2,0,0,73,2,5110,0,1,1
5,3,6,0,1,93,0,960,0,1,1
9,2,3,0,0,70,0,5110,0,1,1
11,1,6,0,0,50,2,5110,0,1,1
10,1,4,0,1,79,1,1460,0,1,1
11,2,3,0,0,57,1,5110,0,0,1
9,1,5,0,1,67,1,2220,0,1,1
8,1,2,0,0,98,2,1330,0,1,1
12,3,6,0,0,96,2,5110,0,1,1
5,23,6,0,0,66,2,5110,0,1,1
11,5,0,0,0,50,0,5110,0,1,1
1,17,0,0,0,19,0,10,0,0,0
11,19,0,0,0,69,2,5110,0,1,1
8,8,4,0,1,9,2,80,0,0,0
5,23,1,0,0,82,0,5110,0,1,1
12,2,0,0,0,79,1,5110,0,0,1
4,22,2,0,1,85,1,1170,0,1,1
13,0,2,0,0,71,2,5110,0,1,1
9,21,6,0,0,99,2,2680,0,1,1
11,3,5,0,0,66,0,5110,0,1,1
9,4,0,0,0,73,0,5110,0,1,1
10,19,0,0,0,73,0,5100,0,1,1
12,5,4,0,0,73,1,2940,0,1,1
13,22,5,0,0,75,2,5110,0,1,1
12,0,5,0,0,91,1,5110,0,1,1
11,19,3,0,1,58,2,2560,0,1,1
2,15,4,0,1,16,1,40,0,0,0
2,17,4,0,1,13,0,10,0,0,0
9,20,5,0,0,56,0,5110,0,0,1
7,18,6,0,0,89,2,5110,0,0,1
6,18,1,0,0,63,0,5110,0,1,1
13,19,5,0,0,72,2,5110,0,1,1
5,4,0,0,0,98,2,5110,0,1,1
1,7,1,0,1,17,2,10,0,0,0
9,19,3,0,0,92,2,2700,0,1,1
5,1,0,0,0,72,0,5110,0,1,1
10,20,3,0,0,76,0,5110,0,0,1
9,22,5,0,0,88,2,5110,0,0,1
4,10,3,0,0,8,1,20,0,0,0
1,12,4,0,0,16,1,10,0,0,0
10,2,5,0,0,50,0,5110,0,1,1
4,15,0,0,1,0,1,10,0,0,0
4,3,3,0,1,61,2,2440,0,1,1
12,20,6,0,0,54,0,5110,0,1,1
9,3,0,0,0,52,1,2530,0,0,1
9,2,3,0,0,85,1,5100,0,1,1
13,19,0,0,0,80,2,5110,0,1,1
8,23,4,0,0,65,1,5090,0,1,1
1,18,0,0,1,11,0,290,0,0,0
12,3,0,0,0,57,2,5110,0,1,1
13,3,1,0,0,62,2,2910,0,1,1
12,21,5,0,0,68,1,5110,0,1,1
9,4,4,0,0,89,1,5110,0,1,1
5,9,4,0,1,19,1,30,0,0,0
7,3,2,0,0,71,2,5110,0,1,1
13,1,0,0,0,90,1,5110,0,1,1
11,19,3,0,0,83,0,5110,0,1,1
11,21,3,0,0,81,1,5110,0,1,1
7,3,4,0,0,85,0,5110,0,0,1
10,19,4,0,0,75,2,5110,0,1,1
9,1,1,0,0,79,1,2340,0,1,1
9,18,2,0,0,75,2,5110,0,1,1
9,20,6,0,0,84,2,5100,0,1,1
2,18,0,0,1,12,1,200,0,0,0
5,8,0,0,1,4,0,50,0,0,0
8,19,3,0,0,60,1,1380,0,1,1
13,0,5,0,0,55,1,10,0,1,1
13,2,2,0,0,79,0,5110,0,1,1
9,0,3,0,0,53,1,5100,0,1,1
5,12,2,0,1,7,2,10,0,0,0
5,12,2,0,1,17,1,10,0,0,0
9,23,2,0,0,97,0,5110,0,0,1
9,0,5,0,0,95,2,4630,0,1,1
10,19,0,0,0,72,1,5110,0,0,1
12,19,1,0,0,92,1,5110,0,1,1
4,18,4,0,0,2,0,60,0,0,0
4,0,6,0,0,54,2,2630,0,1,1
13,23,4,0,0,64,2,5100,0,1,1
10,21,2,0,0,63,0,5110,0,0,1
10,5,1,0,0,53,1,5110,0,0,1
10,22,4,0,0,60,1,5090,0,1,1
11,19,5,0,0,63,2,2830,0,1,1
7,4,4,0,0,83,1,5110,0,1,1
13,1,0,0,0,80,1,5110,0,1,1
11,22,1,0,0,63,0,5100,0,1,1
9,2,5,0,0,90,0,2020,0,0,1
10,4,1,0,0,99,0,4520,0,1,1
13,18,6,0,0,60,2,5110,0,1,1
13,0,6,0,0,54,2,5110,0,1,1
12,5,5,0,0,72,0,2080,0,1,1
13,23,0,0,1,72,0,2660,0,0,1
13,21,3,0,0,71,1,5110,0,1,1
7,22,1,0,0,68,0,5110,0,0,1
10,3,2,0,0,62,1,1330,0,1,1
10,21,3,0,0,50,2,5110,0,1,1
9,0,5,0,0,86,0,5110,0,1,1
12,18,4,0,1,79,2,2960,0,0,1
10,18,3,0,0,55,2,1200,0,1,1
13,22,3,0,0,80,2,2060,0,0,1
3,14,4,0,1,14,2,10,0,1,0
7,22,6,0,0,85,0,5110,0,1,1
9,20,0,0,0,74,0,5110,0,1,1
4,22,3,0,1,90,2,2890,0,1,1
12,3,2,0,0,50,2,1220,0,1,1
10,23,1,0,0,92,0,4510,0,1,1
10,18,0,0,0,66,2,5100,0,1,1
7,19,6,0,1,67,1,2130,0,1,1
1,9,2,0,1,2,2,10,0,0,0
12,3,3,0,0,62,0,5110,0,0,1
9,23,5,0,0,50,1,5110,0,1,1
9,1,1,0,0,99,2,1990,0,1,1
3,11,1,0,1,0,2,140,0,0,0
10,1,1,0,0,97,2,1330,0,0,1
10,1,2,0,0,54,0,2860,0,0,1
12,2,4,0,0,62,2,5110,0,1,1
11,0,4,0,0,90,1,5100,0,0,1
10,4,1,0,0,71,0,1320,0,1,1
13,19,5,0,1,57,2,2030,0,1,1
12,20,0,0,0,73,1,4620,0,1,1
10,19,0,0,0,89,0,5110,0,1,1
12,2,5,0,0,77,1,2200,0,1,1
10,20,5,0,0,97,2,1220,0,1,1
10,20,5,0,0,88,2,5110,0,1,1
5,9,1,0,1,12,2,350,0,0,0
13,23,0,0,0,93,1,2200,0,1,1
12,1,6,0,0,72,2,5110,0,0,1
12,0,2,0,0,93,0,5110,0,1,1
10,3,0,0,0,93,2,5100,0,1,1
10,21,0,0,0,59,1,5100,0,0,1
10,4,1,0,0,53,0,5110,0,1,1
12,4,5,0,0,99,2,5110,0,1,1
9,2,3,0,0,78,1,5110,0,1,1
1,8,4,0,1,13,0,70,0,0,0
12,5,4,0,0,82,1,5110,0,1,1
11,2,0,0,0,98,0,5110,0,1,1
11,4,5,0,0,79,1,2340,0,1,1
12,19,1,0,0,94,2,5110,0,1,1
5,3,2,0,0,84,2,2650,0,1,1
10,3,4,0,0,70,2,2010,0,0,1
11,8,4,0,1,4,0,20,0,0,0
12,2,5,0,0,91,0,5100,0,0,1
12,1,1,0,0,79,0,5110,0,1,1
10,3,3,0,0,61,0,5110,0,0,1
12,5,5,0,0,77,2,5110,0,1,1
2,18,2,0,0,10,0,10,0,0,0
12,1,1,0,0,99,2,4530,0,1,1
13,0,1,0,0,93,1,5110,0,1,1
10,18,0,0,0,51,1,5110,0,1,1
3,13,3,0,0,19,1,300,0,0,0
10,3,5,0,0,81,1,60,0,0,1
13,2,6,0,0,65,1,4900,0,1,1
12,19,6,0,0,50,2,5110,0,1,1
12,20,1,0,0,73,1,5110,0,1,1
4,3,6,0,0,93,2,5110,0,0,1
9,18,2,0,0,81,0,5110,0,1,1
10,5,3,0,0,67,0,1360,0,1,1
14,22,0,0,0,72,1,10,0,0,1
11,20,2,0,0,78,2,5110,0,0,1
12,19,6,0,0,66,2,5100,0,0,1
12,21,4,0,0,63,1,1380,0,1,1
13,3,0,0,0,77,0,5110,0,1,1
5,14,2,0,0,16,0,20,0,0,0
10,22,6,0,1,58,1,2340,0,0,1
12,4,3,0,0,78,2,5110,0,0,1
12,4,6,0,0,55,0,2780,0,1,1
11,23,4,0,0,97,2,5110,0,0,1
11,2,0,0,0,95,1,4580,0,1,1
11,23,4,0,0,73,2,4570,0,1,1
11,22,0,0,0,95,2,5110,0,1,1
10,19,2,0,0,71,1,5110,0,1,1
9,5,6,0,0,91,1,5110,0,1,1
13,3,4,0,0,92,0,4490,0,1,1
13,18,1,0,0,66,0,5110,0,1,1
10,21,6,0,0,67,1,2380,0,1,1
11,23,3,0,0,82,1,5110,0,1,1
11,3,4,0,0,84,2,5110,0,1,1
10,19,2,0,0,51,0,5110,0,0,1
13,3,2,0,0,68,0,5110,0,1,1
5,3,4,0,0,58,1,5100,0,0,1
11,22,5,0,0,59,0,5110,0,1,1
1,11,2,0,1,3,2,50,0,0,0
11,22,1,0,0,74,1,5110,0,1,1
9,23,1,0,0,51,1,5110,0,1,1
13,20,4,0,0,85,2,5110,0,1,1
2,12,4,0,1,8,0,10,0,0,0
10,2,6,0,0,57,0,5110,0,1,1
7,21,4,0,0,91,1,4590,0,1,1
10,21,2,0,0,80,2,5080,0,0,1
12,1,1,0,0,87,1,5110,0,1,1
1,17,2,0,0,7,0,10,0,0,0
9,23,0,0,0,80,1,5110,0,0,1
13,4,1,0,0,92,0,10,0,1,1
4,23,5,0,1,78,2,1100,0,1,1
9,4,2,0,0,84,1,5110,0,1,1
7,8,3,0,1,6,0,120,0,0,0
9,18,2,0,0,90,0,5110,0,1,1
10,5,1,0,0,64,1,5110,0,1,1
10,5,1,0,0,90,2,5110,0,1,1
4,22,4,0,0,89,2,4820,0,1,1
13,23,3,0,0,61,1,1470,0,1,1
12,22,6,0,1,96,0,2210,0,1,1
9,3,6,0,0,53,1,5110,0,1,1
12,19,1,0,0,53,1,5110,0,1,1
7,19,4,0,0,52,2,1420,0,1,1
12,4,6,0,0,50,2,1300,0,1,1
12,20,2,0,0,59,0,1110,0,1,1
9,2,4,0,0,66,1,5110,0,1,1
8,19,0,0,0,92,1,1310,0,0,1
12,1,6,0,0,75,1,5110,0,1,1
9,4,6,0,0,65,2,5110,0,1,1
4,1,2,0,0,57,0,5110,0,0,1
9,1,2,0,0,63,0,5110,0,1,1
13,3,1,0,0,89,1,5110,0,1,1
4,14,1,0,1,9,1,100,0,0,0
10,21,3,0,0,70,1,5110,0,1,1
13,18,6,0,0,51,2,5110,0,1,1
2,10,3,0,1,19,0,50,0,0,0
9,4,6,0,0,79,2,5110,0,1,1
1,17,3,0,0,11,2,30,0,0,0
5,10,4,0,0,14,2,10,0,0,0
10,21,4,0,0,99,0,5110,0,0,1
9,23,1,0,0,62,1,5110,0,1,1
10,5,4,0,0,82,1,5110,0,1,1
11,5,6,0,0,71,1,2700,0,1,1
9,4,4,0,0,60,1,5110,0,0,1
9,19,5,0,0,87,0,5110,0,1,1
7,5,3,0,0,54,1,5110,0,1,1
11,21,3,0,0,92,2,1410,0,1,1
9,0,6,0,1,71,2,1260,0,1,1
1,17,4,0,1,15,2,70,0,0,0
4,18,0,0,1,1,1,20,0,1,0
13,0,1,0,0,62,1,2170,0,1,1
9,4,4,0,0,97,1,5110,0,1,1
9,21,2,0,0,79,1,5110,0,1,1
9,21,2,0,0,65,2,2660,0,1,1
11,0,1,0,0,89,1,5110,0,1,1
4,12,3,0,0,12,0,400,0,0,0
11,21,6,0,0,88,1,5080,0,1,1
6,21,2,0,0,88,0,5110,0,1,1
1,11,1,0,1,19,1,200,0,0,0
1,11,4,0,1,17,0,10,0,0,0
11,20,6,0,0,86,0,5110,0,0,1
13,4,6,0,0,94,2,1380,0,1,1
11,21,3,0,0,69,2,5110,0,0,1
11,3,6,0,0,67,0,2230,0,0,1
9,2,6,0,0,93,2,5110,0,1,1
5,11,2,0,1,19,1,1970,0,0,0
10,2,4,0,0,75,2,5110,0,1,1
12,20,2,0,0,83,1,5110,0,0,1
7,20,4,0,0,60,1,5110,0,1,1
3,20,2,0,0,66,2,4580,0,1,1
13,3,2,0,0,76,1,1300,0,0,1
10,3,5,0,0,87,0,5110,0,1,1
3,10,4,0,1,13,1,60,0,0,0
11,19,3,0,0,68,1,1110,0,1,1
4,11,1,0,1,1,0,60,0,0,0
12,0,2,0,0,74,2,5110,0,0,1
11,2,4,0,0,54,2,5110,0,1,1
9,3,5,0,0,97,0,1130,0,1,1
11,21,3,0,0,52,1,5110,0,1,1
8,23,5,0,0,72,0,5110,0,1,1
10,18,6,0,1,60,2,2160,0,1,1
3,10,1,0,1,6,2,30,0,0,0
2,16,2,0,1,18,1,20,0,0,0
1,14,3,0,1,1,0,230,0,0,0
1,14,0,0,0,15,2,220,0,0,0
9,18,2,0,0,59,0,5110,0,1,1
3,17,0,0,1,5,1,180,0,0,0
6,19,5,0,0,58,2,5110,0,1,1
9,18,3,0,0,76,1,5110,0,1,1
8,15,1,0,1,15,1,50,0,0,0
11,3,6,0,0,73,1,2660,0,1,1
11,5,5,0,0,55,0,5110,0,1,1
11,4,2,0,0,95,2,5110,0,0,1
13,21,2,0,0,71,1,5110,0,1,1
12,19,3,0,0,86,2,5110,0,1,1
6,2,6,0,0,88,1,5110,0,0,1
5,22,2,0,0,98,2,5110,0,0,1
11,2,5,0,0,55,1,5110,0,0,1
10,18,4,0,0,64,1,5110,0,1,1
13,4,0,0,0,53,2,5110,0,0,1
9,0,1,0,1,79,1,2360,0,1,1
9,21,5,0,0,78,0,5100,0,0,1
3,17,4,0,1,3,1,160,0,0,0
10,19,4,0,0,69,0,5110,0,0,1
9,21,2,0,0,91,1,5110,0,1,1
2,13,2,0,1,8,2,20,0,0,0
9,4,2,0,0,96,1,5110,0,1,1
11,5,0,0,1,91,0,2440,0,0,1
6,5,0,0,0,67,2,5110,0,1,1
7,2,5,0,0,66,2,5110,0,0,1
12,4,0,0,0,66,2,5110,0,1,1
11,0,2,0,0,74,2,5110,0,0,1
8,4,1,0,0,87,1,5110,0,1,1
12,4,2,0,0,75,1,5110,0,1,1
10,20,3,0,0,81,1,5110,0,1,1
12,20,5,0,0,75,0,5110,0,1,1
12,20,5,0,0,50,2,5110,0,1,1
10,20,4,0,0,65,2,2240,0,1,1
12,2,2,0,0,66,2,5110,0,1,1
10,20,5,0,0,90,0,2100,0,1,1
4,0,3,0,0,84,1,5110,0,1,1
12,4,2,0,0,51,0,5110,0,1,1
13,4,0,0,0,60,1,5110,0,1,1
10,0,0,0,0,91,0,5110,0,1,1
12,21,5,0,0,85,2,5110,0,1,1
11,3,6,0,0,75,0,4530,0,1,1
11,21,4,0,0,89,0,5110,0,1,1
9,0,1,0,0,79,1,4790,0,1,1
11,1,0,0,0,62,2,2560,0,1,1
4,1,3,0,0,71,0,5110,0,1,1
12,4,0,0,0,66,1,5110,0,1,1
11,19,6,0,0,55,1,5110,0,1,1
6,14,2,0,0,6,1,120,0,0,0
10,0,3,0,0,95,1,5080,0,1,1
12,20,4,0,0,98,1,5110,0,1,1
5,2,2,0,0,79,2,5110,0,1,1
11,2,1,0,0,97,2,5110,0,1,1
13,23,3,0,0,82,0,5110,0,1,1
12,18,0,0,0,72,1,2770,0,1,1
1,10,1,0,1,4,2,10,0,0,0
9,2,1,0,0,86,1,5110,0,1,1
1,10,2,0,1,8,0,10,0,0,0
12,20,6,0,0,74,2,5100,0,1,1
10,2,6,0,0,58,2,5100,0,0,1
11,20,6,0,0,89,0,5110,0,1,1
10,5,2,0,0,50,1,5110,0,1,1
12,22,5,0,0,72,2,5110,0,1,1
10,23,5,0,0,87,2,2090,0,1,1
5,15,0,0,1,17,2,110,0,0,0
12,19,1,0,0,51,1,4590,0,0,1
11,23,4,0,0,63,1,5110,0,1,1
9,4,5,0,0,84,2,5100,0,1,1
9,20,5,0,0,70,0,5110,0,0,1
10,21,6,0,0,63,0,4580,0,1,1
12,19,4,0,0,53,0,5110,0,1,1
13,0,6,0,1,57,0,3000,0,1,1
13,18,0,0,0,57,2,2120,0,1,1
1,12,1,0,0,7,2,10,0,0,0
5,12,0,0,1,4,2,10,0,0,0
5,9,0,0,1,6,0,10,0,0,0
9,21,6,0,0,63,1,5110,0,1,1
10,23,6,0,0,52,2,30,0,1,1
11,18,5,0,0,64,1,5110,0,1,1
11,22,5,0,0,58,1,5110,0,1,1
9,0,1,0,0,55,2,5110,0,1,1
9,23,4,0,0,82,2,5110,0,1,1
13,5,5,0,0,61,0,5110,0,1,1
11,18,6,0,0,96,2,2220,0,0,1
10,2,4,0,0,52,0,2020,0,1,1
11,18,0,0,0,86,1,5110,0,0,1
9,22,5,0,0,59,2,5110,0,0,1
3,15,3,0,1,7,0,10,0,0,0
9,18,0,0,0,80,0,1440,0,1,1
3,16,2,0,1,7,2,40,0,0,0
13,5,6,0,0,52,1,5110,0,1,1
12,20,6,0,0,71,1,1440,0,1,1
13,1,1,0,0,53,0,5110,0,1,1
11,4,3,0,0,93,0,5110,0,1,1
12,22,4,0,0,94,2,5110,0,1,1
12,3,1,0,0,96,2,5110,0,1,1
12,1,5,0,0,50,2,5110,0,0,1
5,10,4,0,1,6,1,180,0,0,0
11,3,2,0,0,51,1,5110,0,0,1
13,18,2,0,0,91,1,1020,0,0,1
11,22,0,0,0,98,1,5110,0,0,1
10,19,5,0,0,73,0,5110,0,0,1
2,9,3,0,1,3,0,90,0,0,0
3,18,4,0,1,5,2,10,0,1,0
11,18,0,0,0,91,0,5110,0,0,1
7,22,6,0,0,60,0,5110,0,1,1
2,10,4,0,1,8,2,40,0,0,0
9,5,4,0,0,84,0,5110,0,1,1
8,0,1,0,0,66,0,5090,0,1,1
13,0,0,0,0,63,1,5110,0,1,1
13,2,0,0,0,62,1,2110,0,1,1
13,23,4,0,0,71,1,5110,0,1,1
3,8,3,0,1,10,0,200,0,0,0
12,18,0,0,0,64,1,1220,0,0,1
13,1,5,0,0,64,0,5110,0,0,1
9,18,0,0,0,95,1,5110,0,1,1
11,22,1,0,0,61,2,5110,0,0,1
10,20,0,0,0,55,2,4530,0,0,1
9,2,3,0,0,99,2,5110,0,1,1
5,18,4,0,1,17,1,10,0,0,0
13,21,4,0,0,86,1,5110,0,1,1
13,2,3,0,0,56,0,5110,0,1,1
3,10,3,0,1,8,0,20,0,1,0
5,17,1,0,1,7,1,50,0,0,0
4,16,1,0,0,15,2,10,0,0,0
4,14,3,0,1,13,2,170,0,1,0
13,3,1,0,0,97,0,5110,0,1,1
13,23,5,0,0,56,0,5100,0,1,1
13,2,5,0,0,85,1,1010,0,0,1
10,0,6,0,0,77,1,5110,0,1,1
1,16,0,0,0,9,2,10,0,0,0
12,1,2,0,0,50,2,5110,0,1,1
12,4,1,0,0,84,0,5110,0,1,1
4,11,0,0,1,10,2,10,0,0,0
11,20,1,0,0,75,0,5110,0,1,1
9,16,4,0,1,7,2,100,0,0,0
13,0,6,0,0,72,0,2580,0,0,1
6,19,5,0,0,69,1,970,0,1,1
10,22,2,0,0,50,1,5110,0,1,1
5,9,0,0,1,12,1,10,0,0,0
10,5,6,0,0,87,2,5110,0,0,1
10,20,1,0,1,83,2,1410,0,1,1
4,1,3,0,0,67,0,5110,0,0,1
10,22,5,0,0,51,2,5110,0,1,1
12,18,2,0,0,93,2,5110,0,1,1
9,9,2,0,1,7,1,10,0,0,0
10,3,2,0,0,83,0,5110,0,1,1
12,18,1,0,0,91,1,5110,0,1,1
6,5,6,0,0,59,0,5050,0,1,1
7,19,1,0,0,59,2,1050,0,1,1
13,2,4,0,1,55,2,10,0,0,1
10,19,3,0,0,53,2,5100,0,0,1
3,17,3,0,1,16,0,300,0,0,0
13,4,1,0,0,98,0,5100,0,1,1
13,22,2,0,0,61,0,5030,0,1,1
11,18,0,0,0,54,1,5110,0,0,1
10,1,2,0,0,78,0,5100,0,1,1
9,19,3,0,0,63,2,2040,0,0,1
6,1,4,0,0,76,1,5110,0,1,1
11,2,0,0,0,94,1,5110,0,1,1
5,7,0,0,1,1,0,30,0,0,0
9,5,0,0,0,99,2,2220,0,1,1
13,20,3,0,0,59,0,5110,0,0,1
6,4,6,0,1,81,1,2200,0,1,1
9,5,1,0,0,84,2,5110,0,1,1
10,22,6,0,0,86,1,2850,0,1,1
12,22,5,0,0,85,0,5110,0,0,1
10,3,6,0,0,80,2,1940,0,0,1
4,19,6,0,0,98,1,870,0,1,1
9,23,6,0,0,81,2,5110,0,1,1
4,15,3,0,1,5,0,40,0,1,0
1,13,4,0,1,10,2,10,0,0,0
9,0,0,0,0,61,2,5110,0,1,1
11,18,6,0,0,74,2,5110,0,1,1
7,23,5,0,0,67,2,5110,0,1,1
12,22,4,0,1,98,2,10,0,1,1
11,18,1,0,0,84,1,5100,0,1,1
11,1,3,0,0,74,0,5110,0,0,1
10,4,2,0,0,93,2,5110,0,0,1
10,21,5,0,0,71,0,5110,0,1,1
10,20,3,0,0,94,2,5110,0,0,1
9,3,1,0,0,91,2,5110,0,1,1
9,4,5,0,0,56,0,2040,0,0,1
9,21,5,0,0,52,2,5110,0,0,1
5,12,0,0,1,9,1,20,0,0,0
1,15,3,0,1,10,1,10,0,0,0
12,2,1,0,0,60,2,2400,0,1,1
12,20,5,0,0,94,2,1270,0,1,1
12,2,0,0,0,95,1,5110,0,1,1
9,19,4,0,0,52,1,5110,0,1,1
1,16,0,0,1,18,1,150,0,0,0
9,4,6,0,0,83,1,5110,0,1,1
4,9,1,0,1,7,0,790,0,1,0
7,4,5,0,0,83,1,5110,0,1,1
6,18,2,0,0,88,2,5110,0,1,1
9,21,1,0,0,87,0,4610,0,1,1
10,5,6,0,0,96,2,2620,0,1,1
11,5,1,0,0,91,0,5090,0,0,1
5,5,1,0,1,93,2,2280,0,1,1
12,21,4,0,0,71,1,2010,0,1,1
13,21,2,0,0,62,2,5100,0,1,1
3,20,5,0,0,55,0,2500,0,1,1
11,1,0,0,0,69,2,5110,0,1,1
8,2,0,0,0,72,2,2740,0,1,1
12,5,3,0,0,61,1,5110,0,1,1
9,20,0,0,1,59,2,1380,0,0,1
12,0,1,0,0,99,1,5090,0,0,1
9,4,2,0,0,86,1,2960,0,1,1
4,11,0,0,0,5,1,10,0,0,0
9,2,0,0,1,70,0,1300,0,1,1
11,22,2,0,0,92,1,2190,0,1,1
10,21,1,0,0,70,2,5110,0,1,1
13,21,1,0,0,94,1,5110,0,1,1
9,20,2,0,0,55,2,4460,0,1,1
9,2,6,0,0,99,1,5110,0,1,1
11,3,4,0,0,52,2,5110,0,1,1
11,0,2,0,0,75,0,5110,0,1,1
11,20,2,0,0,69,2,5110,0,1,1
8,20,0,0,1,76,1,1100,0,1,1
4,0,4,0,0,78,1,5110,0,1,1
13,21,1,0,0,70,1,5110,0,1,1
9,3,1,0,1,90,2,1020,0,1,1
11,5,0,0,0,95,0,5110,0,1,1
3,14,2,0,1,11,0,60,0,0,0
10,0,6,0,0,88,2,5110,0,1,1
10,19,2,0,1,78,1,1140,0,0,1
13,22,1,0,0,85,2,5110,0,1,1
10,4,5,0,0,72,1,5110,0,1,1
12,5,3,0,0,90,2,5110,0,1,1
9,0,1,0,0,86,2,2980,0,1,1
9,3,3,0,0,53,0,5110,0,1,1
10,20,1,0,0,50,0,5110,0,1,1
12,22,2,0,0,75,0,5110,0,1,1
10,21,0,0,1,91,1,1120,0,1,1
12,4,0,0,1,53,2,2610,0,1,1
2,8,4,0,1,4,0,10,0,0,0
11,2,1,0,0,50,1,4790,0,1,1
12,22,3,0,0,97,0,5110,0,1,1
11,23,0,0,0,62,1,5110,0,1,1
8,4,3,0,0,99,0,2010,0,0,1
13,5,2,0,0,73,1,5100,0,0,1
6,23,2,0,0,64,0,5110,0,1,1
3,20,2,0,1,85,0,2050,0,0,1
9,3,1,0,0,51,0,5100,0,1,1
12,18,1,0,0,95,0,5110,0,0,1
9,22,1,0,0,55,0,5110,0,1,1
11,2,0,0,0,73,1,5110,0,1,1
1,15,3,0,0,13,2,90,0,0,0
12,3,4,0,0,64,1,5110,0,0,1
4,16,2,0,1,9,0,10,0,0,0
7,18,0,0,0,82,0,5100,0,1,1
1,10,3,0,0,0,0,10,0,0,0
11,20,6,0,0,88,1,5110,0,0,1
13,18,0,0,1,79,1,1370,0,1,1
4,0,2,0,0,78,1,5110,0,0,1
11,2,3,0,0,59,0,5110,0,1,1
9,19,3,0,0,90,1,5110,0,1,1
13,4,0,0,0,77,0,5110,0,1,1
10,20,3,0,0,63,2,5110,0,1,1
9,4,0,0,0,82,2,5110,0,1,1
13,21,3,0,1,62,1,10,0,0,1
12,0,2,0,0,56,1,4760,0,1,1
12,1,3,0,0,96,1,5110,0,0,1
2,9,0,0,1,13,1,50,0,0,0
13,22,3,0,0,66,1,5110,0,1,1
13,3,1,0,0,55,1,5110,0,1,1
10,23,5,0,0,81,1,5110,0,1,1
5,22,4,0,0,81,1,5110,0,1,1
3,5,3,0,0,84,2,110,0,0,1
2,11,1,0,1,0,0,10,0,0,0
4,7,2,0,1,18,1,10,0,1,0
4,14,4,0,1,16,0,80,0,0,0
11,1,3,0,0,75,1,4490,0,1,1
11,2,6,0,0,71,2,4360,0,1,1
13,5,2,0,0,79,2,5100,0,1,1
8,7,2,0,0,2,1,10,0,0,0
12,0,3,0,0,72,0,5110,0,0,1
5,14,1,0,1,8,1,10,0,0,0
9,22,2,0,0,52,2,5110,0,1,1
9,18,4,0,0,67,0,5110,0,1,1
11,21,3,0,0,67,2,5110,0,1,1
1,14,2,0,1,19,0,80,0,0,0
11,19,2,0,0,67,1,5110,0,0,1
10,19,0,0,0,57,2,5110,0,1,1
13,3,3,0,0,65,0,5110,0,1,1
7,19,5,0,0,92,2,2580,0,1,1
8,4,1,0,0,75,1,5110,0,1,1
13,20,1,0,0,91,1,2900,0,1,1
10,23,4,0,0,97,0,5110,0,1,1
13,18,4,0,0,74,2,2160,0,0,1
10,23,3,0,0,68,2,5110,0,1,1
9,23,4,0,0,58,2,5110,0,0,1
6,4,1,0,0,90,1,5110,0,1,1
13,2,1,0,0,67,0,4350,0,1,1
10,3,5,0,0,96,0,5110,0,1,1
13,5,6,0,0,54,0,5110,0,1,1
1,12,2,0,0,15,1,50,0,0,0
10,2,0,0,0,89,1,5110,0,1,1
3,14,4,0,1,4,2,10,0,1,0
4,9,1,0,1,4,2,60,0,0,0
11,22,1,0,0,85,1,2500,0,1,1
11,4,0,0,0,84,0,5110,0,1,1
12,3,5,0,0,80,1,2290,0,1,1
12,5,2,0,1,77,0,2590,0,1,1
10,23,4,0,0,66,1,5110,0,1,1
4,8,3,0,1,3,0,20,0,0,0
9,19,0,0,0,71,1,5110,0,0,1
12,21,3,0,0,61,2,2390,0,1,1
12,18,0,0,1,75,1,950,0,1,1
11,2,4,0,0,87,1,5110,0,1,1
9,18,4,0,0,71,2,5110,0,0,1
7,19,5,0,1,79,2,2160,0,0,1
11,1,3,0,0,70,2,5110,0,1,1
12,22,2,0,1,52,0,2620,0,1,1
9,2,2,0,0,55,1,1240,0,0,1
13,0,4,0,0,69,2,1170,0,0,1
12,19,4,0,0,62,2,5110,0,1,1
9,4,5,0,0,51,0,4800,0,1,1
11,0,6,0,0,73,0,2880,0,0,1
12,23,3,0,0,76,2,5110,0,1,1
9,2,2,0,0,87,0,5100,0,1,1
11,5,3,0,0,69,2,5110,0,1,1
10,2,2,0,0,61,0,5110,0,1,1
1,8,1,0,1,10,2,10,0,0,0
11,5,0,0,0,79,2,5110,0,1,1
10,19,2,0,0,73,0,5100,0,1,1
9,2,6,0,1,70,2,1420,0,1,1
1,10,4,0,1,4,1,10,0,0,0
3,10,2,0,1,2,1,10,0,0,0
4,13,2,0,0,15,0,50,0,0,0
12,5,5,0,0,60,1,5110,0,1,1
11,19,3,0,0,59,0,5110,0,0,1
5,13,1,0,0,2,2,10,0,0,0
13,21,3,0,1,51,2,830,0,1,1
10,4,4,0,0,98,1,5100,0,0,1
9,4,5,0,0,53,0,5110,0,1,1
10,5,2,0,0,98,0,5110,0,1,1
9,19,1,0,0,67,1,5110,0,1,1
9,5,5,0,0,52,0,2850,0,0,1
11,2,3,0,0,70,2,5110,0,1,1
9,23,1,0,1,96,2,2770,0,1,1
3,17,4,0,1,8,2,170,0,0,0
2,9,0,0,1,4,1,10,0,0,0
9,2,3,0,0,54,0,5110,0,1,1
13,4,5,0,0,91,2,5110,0,1,1
9,18,4,0,0,88,2,5110,0,1,1
9,20,1,0,0,74,0,5110,0,1,1
9,21,4,0,0,62,2,5110,0,1,1
9,20,1,0,0,91,0,5110,0,1,1
10,0,3,0,0,62,0,5110,0,1,1
12,21,0,0,0,61,1,5110,0,1,1
12,2,3,0,0,94,2,4630,0,1,1
10,22,4,0,0,65,2,2300,0,1,1
12,2,0,0,0,86,2,1170,0,1,1
12,19,0,0,0,55,1,2930,0,1,1
8,20,2,0,0,54,0,2860,0,1,1
10,0,1,0,1,61,1,2850,0,1,1
2,12,2,0,1,6,2,10,0,0,0
12,4,5,0,0,94,0,5080,0,1,1
9,20,0,0,0,66,1,5110,0,1,1
10,0,2,0,0,81,1,1060,0,0,1
7,4,5,0,0,64,1,2700,0,1,1
10,20,0,0,0,57,2,5110,0,1,1
4,3,1,0,0,98,1,2060,0,0,1
13,23,1,0,0,51,0,5110,0,1,1
7,20,0,0,1,70,2,1270,0,1,1
3,15,4,0,0,4,1,190,0,0,0
11,3,4,0,0,62,1,5110,0,1,1
12,20,0,0,0,90,0,2820,0,1,1
13,18,5,0,0,85,2,5110,0,1,1
13,5,1,0,0,76,1,4790,0,1,1
11,4,0,0,0,93,2,5110,0,0,1
8,20,0,0,0,91,2,5110,0,0,1
10,21,6,0,0,57,2,5110,0,1,1
11,2,3,0,0,50,2,5110,0,0,1
11,1,3,0,0,80,0,5110,0,1,1
14,5,0,0,0,76,1,10,0,0,1
13,18,3,0,0,50,2,5110,0,1,1
11,1,4,0,0,72,1,2380,0,1,1
4,17,3,0,1,17,0,10,0,0,0
2,10,0,0,1,1,0,120,0,0,0
10,4,3,0,0,73,1,5100,0,0,1
13,19,6,0,0,58,0,4810,0,1,1
2,7,0,0,1,10,2,20,0,0,0
10,18,0,0,0,94,1,5110,0,0,1
12,3,6,0,0,57,0,5110,0,1,1
1,7,4,0,1,10,1,110,0,0,0
10,18,0,0,0,93,1,5110,0,1,1
3,12,0,0,1,15,1,30,0,0,0
11,5,6,0,0,61,0,5110,0,1,1
10,0,0,0,0,59,0,5110,0,1,1
13,21,5,0,0,59,0,5110,0,0,1
3,9,4,0,0,3,1,50,0,0,0
10,4,5,0,0,84,0,4540,0,1,1
5,14,4,0,0,10,1,10,0,0,0
5,15,4,0,1,3,2,50,0,0,0
4,23,1,0,0,86,2,5110,0,1,1
11,3,6,0,0,82,0,5110,0,0,1
11,19,4,0,0,92,2,5110,0,1,1
10,20,6,0,0,65,2,5100,0,0,1
11,3,5,0,0,72,0,4570,0,1,1
10,20,1,0,0,76,0,5110,0,1,1
2,17,2,0,1,4,2,40,0,0,0
12,0,5,0,0,86,2,5110,0,1,1
13,19,4,0,0,55,0,5110,0,1,1
3,7,1,0,0,0,2,80,0,0,0
11,3,0,0,0,93,0,4720,0,1,1
11,22,1,0,0,80,1,5100,0,1,1
13,0,5,0,0,80,1,2780,0,1,1
13,19,6,0,0,91,1,5110,0,1,1
9,18,1,0,0,70,0,5110,0,1,1
5,2,2,0,0,58,0,4820,0,1,1
13,2,5,0,0,74,1,5110,0,1,1
12,4,6,0,0,64,1,1950,0,1,1
13,3,6,0,1,57,2,2620,0,1,1
9,1,6,0,0,71,0,5110,0,1,1
3,14,2,0,1,11,0,70,0,0,0
13,5,3,0,0,96,0,5100,0,1,1
11,19,4,0,0,50,0,5110,0,1,1
4,14,4,0,1,18,2,170,0,0,0
13,23,1,0,0,50,2,1300,0,1,1
11,2,2,0,0,73,2,5110,0,1,1
9,23,2,0,0,80,0,4840,0,1,1
12,19,2,0,0,82,1,5110,0,0,1
11,1,2,0,0,71,1,5110,0,1,1
1,8,0,0,0,3,1,280,0,0,0
13,1,3,0,0,82,0,5110,0,1,1
9,18,2,0,0,73,0,5110,0,1,1
11,20,5,0,0,84,2,5100,0,1,1
2,18,0,0,1,9,1,50,0,0,0
13,0,2,0,0,74,1,2080,0,1,1
10,3,5,0,0,58,2,5110,0,1,1
7,22,4,0,0,98,0,2680,0,1,1
12,21,0,0,0,66,0,5110,0,1,1
12,0,0,0,0,77,2,5110,0,1,1
5,17,4,0,1,0,0,10,0,0,0
9,21,1,0,0,86,2,1930,0,1,1
9,18,4,0,0,85,2,5110,0,1,1
12,22,6,0,1,87,0,1190,0,1,1
10,20,0,0,0,70,2,5100,0,1,1
9,18,1,0,0,87,1,5110,0,1,1
10,4,6,0,1,58,0,1030,0,1,1
11,2,2,0,0,99,1,5110,0,0,1
12,0,4,0,0,54,1,5110,0,1,1
13,0,5,0,0,90,1,5110,0,1,1
13,21,2,0,0,76,1,5110,0,1,1
9,20,2,0,0,75,2,5110,0,1,1
8,12,1,0,1,7,0,90,0,0,0
1,17,0,0,1,8,0,200,0,0,0
10,4,3,0,0,84,2,5110,0,1,1
12,0,2,0,0,84,2,5110,0,1,1
11,3,2,0,0,72,0,5110,0,1,1
3,1,2,0,0,93,1,5110,0,1,1
9,3,1,0,0,95,0,5110,0,0,1
12,3,3,0,0,59,1,2560,0,0,1
3,21,3,0,0,51,1,5110,0,0,1
10,18,6,0,0,93,0,5110,0,1,1
4,9,2,0,0,4,1,40,0,0,0
12,1,6,0,0,72,0,5110,0,1,1
4,15,4,0,1,15,1,1470,0,0,0
13,18,1,0,0,95,1,1500,0,1,1
10,2,2,0,0,76,0,4460,0,0,1
9,23,6,0,0,54,0,2260,0,1,1
11,22,6,0,0,72,0,2120,0,1,1
10,19,0,0,0,62,1,5080,0,1,1
10,22,6,0,0,71,2,5110,0,1,1
10,2,0,0,0,52,1,5110,0,1,1
5,3,0,0,0,58,2,2380,0,1,1
2,9,2,0,1,15,0,40,0,0,0
4,18,6,0,0,97,2,5110,0,0,1
11,22,5,0,0,97,1,4560,0,1,1
9,19,2,0,0,50,1,5110,0,1,1
10,21,0,0,0,60,1,5100,0,1,1
6,4,0,0,0,72,1,5090,0,1,1
9,3,5,0,0,86,0,5110,0,1,1
13,0,5,0,0,70,1,5110,0,1,1
13,5,6,0,1,69,1,1070,0,0,1
3,12,1,0,0,19,1,80,0,0,0
9,1,2,0,0,91,2,2020,0,1,1
14,22,4,0,0,94,0,40,0,1,1
13,5,5,0,0,69,2,5110,0,1,1
10,2,2,0,1,89,0,2330,0,1,1
13,22,4,0,0,93,1,2460,0,1,1
12,23,3,0,0,68,0,5110,0,0,1
7,5,6,0,0,60,1,5080,0,0,1
2,11,2,0,1,15,2,10,0,0,0
8,3,5,0,0,97,2,5080,0,1,1
12,5,0,0,0,62,1,4540,0,1,1
4,16,1,0,1,11,2,30,0,1,0
5,13,4,0,1,9,2,120,0,0,0
9,4,6,0,0,50,1,5110,0,1,1
9,21,4,0,0,97,0,1140,0,1,1
4,7,0,0,1,1,1,390,0,0,0
12,19,2,0,0,64,2,5110,0,1,1
10,4,4,0,0,75,2,5110,0,1,1
13,23,4,0,0,57,1,5110,0,1,1
11,4,6,0,0,70,2,2710,0,1,1
13,19,1,0,0,60,1,5100,0,1,1
10,21,6,0,0,71,0,5110,0,0,1
11,19,0,0,0,99,2,5110,0,1,1
14,2,6,0,0,83,1,10,0,1,1
12,21,4,0,0,57,2,5110,0,0,1
7,20,1,0,0,84,1,5110,0,1,1
10,20,0,0,0,96,1,5110,0,0,1
9,3,2,0,0,65,1,5110,0,1,1
11,22,5,0,0,50,2,2020,0,1,1
10,0,3,0,0,98,1,4570,0,1,1
8,22,5,0,0,81,0,4930,0,0,1
12,3,4,0,0,77,2,2030,0,1,1
11,21,5,0,0,50,0,5100,0,1,1
11,18,1,0,0,97,2,2050,0,0,1
12,0,5,0,0,99,1,2250,0,1,1
10,19,5,0,0,72,2,5110,0,0,1
9,4,6,0,0,99,1,5100,0,0,1
11,4,3,0,0,88,2,5110,0,1,1
13,4,3,0,0,63,1,5110,0,0,1
1,12,1,0,1,4,2,10,0,0,0
12,19,0,0,0,55,2,5110,0,1,1
12,1,0,0,0,90,2,5110,0,0,1
7,5,4,0,0,93,0,1010,0,1,1
4,8,0,0,1,12,0,30,0,0,0
9,18,0,0,0,76,2,4580,0,1,1
9,18,6,0,0,51,2,20,0,1,1
11,22,5,0,0,74,1,5110,0,1,1
12,21,0,0,0,67,2,2740,0,1,1
10,5,0,0,0,60,1,5110,0,0,1
9,22,1,0,0,51,1,5110,0,0,1
2,11,4,0,1,16,1,10,0,0,0
5,21,3,0,0,61,1,5110,0,1,1
12,0,1,0,0,91,2,5110,0,1,1
7,2,4,0,0,82,0,2140,0,1,1
13,5,5,0,0,59,1,5110,0,0,1
7,0,4,0,0,81,0,5110,0,0,1
9,20,5,0,0,71,0,5110,0,1,1
13,0,0,0,0,88,1,5110,0,0,1
13,4,2,0,0,91,2,5110,0,1,1
13,5,4,0,0,89,1,5110,0,1,1
4,17,4,0,1,9,0,120,0,0,0
12,1,0,0,0,97,1,5110,0,0,1
7,4,5,0,0,97,1,5110,0,1,1
10,23,0,0,0,78,0,4750,0,1,1
2,16,0,0,0,6,2,20,0,0,0
12,21,3,0,0,58,1,5110,0,1,1
12,19,4,0,0,81,1,5100,0,1,1
12,5,2,0,0,85,0,5110,0,1,1
11,3,6,0,0,80,0,5110,0,1,1
12,18,1,0,0,61,1,5110,0,0,1
5,20,1,0,0,53,2,2520,0,0,1
9,23,5,0,0,65,1,5110,0,1,1
10,21,4,0,0,51,1,4410,0,1,1
5,18,2,0,1,5,2,30,0,1,0
10,0,1,0,0,84,1,5110,0,1,1
12,22,3,0,0,70,2,5110,0,1,1
2,15,3,0,0,14,0,10,0,0,0
13,0,1,0,0,56,1,5110,0,0,1
8,21,6,0,0,72,0,5110,0,1,1
12,4,5,0,0,61,0,1240,0,1,1
3,15,4,0,0,11,1,120,0,0,0
10,21,2,0,0,56,0,5110,0,1,1
9,23,0,0,0,63,0,5110,0,1,1
11,5,2,0,0,94,0,5110,0,1,1
13,4,4,0,0,54,1,5110,0,1,1
13,18,1,0,0,94,2,5110,0,1,1
11,0,4,0,0,53,1,10,0,0,1
11,21,4,0,0,71,1,5100,0,1,1
9,21,2,0,0,85,0,5110,0,1,1
6,4,1,0,0,90,2,5110,0,0,1
9,3,3,0,0,71,0,5110,0,0,1
9,19,5,0,0,93,1,5110,0,0,1
2,16,4,0,1,3,1,10,0,0,0
11,20,2,0,0,74,2,5090,0,1,1
5,9,1,0,1,2,0,10,0,0,0
8,19,4,0,0,85,1,5110,0,1,1
9,18,4,0,0,69,0,5110,0,1,1
13,21,1,0,0,91,2,1190,0,1,1
3,10,4,0,0,10,0,130,0,0,0
11,22,6,0,0,97,0,5110,0,1,1
10,19,2,0,0,58,2,5110,0,0,1
13,3,3,0,0,89,1,4510,0,1,1
9,3,0,0,0,91,2,5110,0,1,1
7,12,2,0,1,19,1,50,0,0,0
9,23,1,0,0,56,1,5110,0,0,1
11,18,5,0,0,51,2,5110,0,1,1
11,21,1,0,0,79,0,5110,0,1,1
10,2,5,0,0,75,1,5110,0,1,1
10,23,0,0,0,98,2,1060,0,1,1
9,21,4,0,0,51,1,5110,0,1,1
7,7,2,0,1,2,2,250,0,0,0
10,1,6,0,0,91,0,5110,0,1,1
9,3,2,0,0,51,2,5110,0,1,1
6,5,0,0,0,80,0,5110,0,0,1
13,0,2,0,0,75,2,5110,0,1,1
9,5,4,0,1,62,2,1320,0,1,1
2,10,2,0,0,14,0,10,0,0,0
9,0,4,0,0,70,1,5110,0,1,1
10,0,2,0,0,78,1,5110,0,1,1
3,16,3,0,1,19,1,10,0,0,0
5,17,2,0,1,12,2,150,0,0,0
2,13,2,0,1,16,0,10,0,1,0
11,20,0,0,0,88,2,1450,0,1,1
9,19,5,0,1,94,1,1030,0,1,1
11,19,4,0,0,95,0,4460,0,1,1
12,2,0,0,0,88,1,5110,0,1,1
5,13,1,0,1,1,1,100,0,0,0
2,17,3,0,1,10,0,10,0,0,0
7,2,4,0,0,74,1,5110,0,0,1
11,19,4,0,1,58,2,2380,0,1,1
3,14,4,0,1,12,0,160,0,0,0
12,23,4,0,0,95,2,5110,0,0,1
10,0,4,0,0,54,2,5110,0,0,1
2,14,3,0,1,12,1,20,0,0,0
11,1,1,0,0,84,2,5110,0,1,1
12,2,4,0,0,97,0,5110,0,1,1
12,0,6,0,0,56,0,5110,0,1,1
6,20,1,0,0,95,2,5110,0,1,1
5,8,4,0,1,10,1,190,0,0,0
12,2,2,0,0,56,0,5110,0,1,1
7,0,3,0,0,73,2,5110,0,1,1
9,5,6,0,0,70,0,1240,0,0,1
10,0,0,0,0,82,2,2240,0,0,1
13,19,6,0,0,59,2,5110,0,1,1
8,9,1,0,1,13,0,20,0,0,0
1,18,1,0,1,14,0,10,0,0,0
3,12,3,0,1,0,2,10,0,0,0
9,5,3,0,0,94,0,5110,0,1,1
12,4,0,0,0,56,1,5110,0,0,1
6,12,0,0,0,14,1,10,0,0,0
11,20,6,0,0,69,0,5110,0,1,1
12,20,0,0,0,79,0,4820,0,1,1
9,20,0,0,0,57,1,5110,0,1,1
2,13,1,0,1,6,2,80,0,1,0
10,0,2,0,0,51,1,5110,0,1,1
10,5,0,0,0,50,1,5080,0,1,1
11,19,4,0,0,64,2,5110,0,1,1
10,0,6,0,0,85,2,2250,0,0,1
11,0,2,0,0,53,1,5110,0,1,1
11,2,1,0,1,75,2,990,0,1,1
9,0,0,0,0,57,0,240,0,1,1
12,18,3,0,0,86,0,5090,0,0,1
9,4,1,0,0,78,2,5100,0,0,1
10,2,2,0,0,62,1,5110,0,1,1
12,1,5,0,0,98,0,5110,0,1,1
13,22,0,0,0,81,0,5110,0,1,1
13,20,2,0,1,69,1,20,0,1,1
12,0,5,0,1,65,2,2580,0,1,1
3,9,2,0,1,2,0,10,0,0,0
7,2,6,0,1,76,0,2610,0,1,1
11,20,0,0,0,60,2,5110,0,1,1
13,2,3,0,1,61,0,1200,0,1,1
3,18,2,0,1,8,0,10,0,0,0
1,13,3,0,1,12,1,20,0,0,0
1,12,0,0,1,8,2,10,0,0,0
2,16,2,0,1,14,1,10,0,0,0
10,3,6,0,0,66,0,5110,0,1,1
12,22,5,0,0,72,0,5110,0,1,1
9,4,6,0,0,89,2,1230,0,0,1
11,23,2,0,0,79,2,1430,0,1,1
4,10,0,0,1,0,2,10,0,0,0
9,4,6,0,0,83,2,1060,0,1,1
4,0,1,0,0,62,2,2730,0,1,1
9,0,1,0,0,67,0,5110,0,1,1
10,3,2,0,0,93,2,2750,0,0,1
6,18,2,0,0,59,2,5110,0,1,1
1,18,4,0,0,4,1,10,0,0,0
13,19,1,0,0,92,0,5110,0,1,1
12,1,1,0,1,68,1,2900,0,0,1
11,3,3,0,0,73,1,5100,0,1,1
5,4,0,0,0,71,2,1650,0,1,1
9,2,2,0,0,69,2,5110,0,1,1
5,20,5,0,1,81,2,2120,0,1,1
11,19,2,0,0,60,0,5110,0,1,1
13,5,5,0,0,57,2,5110,0,1,1
5,21,6,0,1,58,2,1200,0,1,1
9,2,0,0,0,90,0,5100,0,1,1
2,15,4,0,1,13,2,10,1,0,0
13,3,0,0,0,61,0,2060,0,0,1
9,22,5,0,0,85,0,170,0,1,1
5,7,0,0,1,17,0,110,0,0,0
9,19,3,0,0,54,1,5110,0,1,1
11,0,0,0,0,58,0,5110,0,0,1
10,4,2,0,0,69,2,5100,0,1,1
6,1,6,0,0,54,0,5110,0,1,1
9,2,4,0,0,98,1,5100,0,1,1
13,4,0,0,0,58,2,5110,0,1,1
13,22,4,0,0,90,0,5110,0,1,1
9,22,3,0,0,62,1,5110,0,1,1
4,12,0,0,1,12,2,10,0,0,0
4,18,4,0,0,89,0,5100,0,1,1
13,4,3,0,0,67,0,1060,0,1,1
8,2,0,0,0,76,0,510,0,0,1
10,20,6,0,0,88,0,5110,0,1,1
12,23,5,0,0,72,0,5110,0,0,1
11,5,4,0,0,80,2,1140,0,1,1
3,17,3,0,1,7,0,10,0,0,0
8,21,6,0,0,95,1,2820,0,1,1
12,18,4,0,0,97,1,5110,0,1,1
10,16,4,0,1,11,2,30,0,0,0
13,22,6,0,0,55,1,4810,0,1,1
5,10,3,0,1,2,1,40,0,0,0
11,5,1,0,0,73,0,5110,0,0,1
9,20,3,0,0,67,1,5110,0,1,1
3,12,0,0,0,7,2,20,0,0,0
1,17,3,0,1,9,0,10,0,0,0
1,8,3,0,0,14,1,40,0,0,0
11,4,5,0,0,96,0,5110,0,1,1
9,0,0,0,0,88,1,4810,0,1,1
9,3,4,0,0,68,2,5100,0,1,1
3,16,3,0,1,5,1,40,0,0,0
1,14,4,0,1,11,1,100,0,0,0
5,4,1,0,0,68,1,5110,0,1,1
1,7,1,0,0,6,2,10,0,0,0
3,14,4,0,1,7,0,150,0,0,0
11,4,6,0,0,61,0,2520,0,1,1
9,4,5,0,0,90,0,5110,0,1,1
13,19,6,0,0,62,1,1580,0,0,1
10,22,5,0,0,88,0,5110,0,1,1
12,21,4,0,0,60,1,5110,0,1,1
9,4,1,0,0,59,1,5110,0,0,1
10,5,4,0,0,50,2,5110,0,1,1
3,13,1,0,0,10,1,70,0,0,0
9,23,3,0,0,64,1,5110,0,1,1
9,23,4,0,0,61,0,2340,0,1,1
9,18,3,0,1,90,1,310,0,1,1
10,1,5,0,0,83,1,5100,0,1,1
8,18,1,0,0,63,1,1060,0,1,1
1,12,4,0,1,10,1,10,0,0,0
13,23,5,0,0,74,0,5110,0,1,1
8,22,1,0,1,73,1,2460,0,1,1
12,5,2,0,0,52,1,5100,0,0,1
12,22,1,0,0,67,2,1150,0,1,1
9,5,5,0,0,81,2,4760,0,1,1
9,5,6,0,0,74,0,2560,0,1,1
8,20,0,0,0,59,2,5110,0,1,1
1,8,1,0,0,16,2,10,0,0,0
11,21,0,0,0,89,2,2460,0,0,1
12,1,3,0,0,53,0,5110,0,1,1
13,19,0,0,0,50,1,5110,0,1,1
9,5,1,0,0,61,1,5110,0,0,1
13,19,3,0,0,74,0,4530,0,1,1
10,22,2,0,1,61,0,1210,0,1,1
12,18,4,0,0,86,0,5110,0,1,1
10,18,2,0,0,79,0,2550,0,1,1
11,21,0,0,0,72,0,5110,0,1,1
13,23,1,0,0,98,0,2340,0,1,1
13,21,4,0,0,96,2,5110,0,1,1
9,5,5,0,0,99,0,5110,0,1,1
12,3,1,0,0,96,1,5100,0,1,1
11,19,4,0,0,78,0,2510,0,1,1
9,2,4,0,0,52,0,5110,0,1,1
13,23,1,0,0,56,2,1970,0,1,1
10,19,3,0,0,98,0,2890,0,1,1
2,15,2,0,1,10,2,30,0,0,0
10,22,6,0,0,99,0,2940,0,1,1
4,15,3,0,0,19,0,50,0,0,0
3,12,2,0,0,0,1,950,0,0,0
5,1,0,0,0,95,2,5100,0,1,1
7,2,2,0,0,82,2,5110,0,0,1
9,18,0,0,0,99,2,5110,0,0,1
11,21,6,0,0,61,2,5110,0,0,1
13,22,1,0,0,77,1,5110,0,1,1
5,8,4,0,1,14,2,110,0,0,0
13,19,3,0,0,90,2,1430,0,1,1
2,15,1,0,1,8,0,270,0,0,0
8,2,2,0,0,90,1,1230,0,1,1
9,22,4,0,0,71,2,5110,0,1,1
12,21,1,0,0,72,2,5110,0,1,1
10,4,3,0,0,82,2,5110,0,1,1
13,23,5,0,0,77,2,5100,0,1,1
13,20,0,0,0,57,1,5110,0,0,1
10,2,5,0,0,62,2,5110,0,0,1
13,4,0,0,0,98,0,5110,0,1,1
13,23,5,0,0,96,2,5110,0,1,1
13,23,3,0,0,53,1,5110,0,0,1
9,18,6,0,0,53,1,5100,0,1,1
9,2,0,0,0,77,0,5110,0,0,1
10,21,3,0,0,57,0,5110,0,0,1
12,0,1,0,0,72,0,5110,0,0,1
9,5,2,0,0,91,1,5110,0,1,1
13,0,1,0,0,83,1,1050,0,0,1
10,0,6,0,0,74,2,5110,0,0,1
10,1,6,0,0,81,0,5110,0,0,1
2,13,0,0,1,1,0,20,0,0,0
9,3,5,0,0,95,0,5110,0,1,1
3,21,0,0,0,70,0,5110,0,1,1
11,23,5,0,0,85,0,5110,0,1,1
13,21,1,0,0,78,1,1130,0,1,1
3,12,3,0,1,9,1,30,0,0,0
9,22,2,0,0,82,2,5110,0,1,1
12,23,0,0,0,82,1,5110,0,1,1
9,3,6,0,0,64,0,5110,0,1,1
11,4,6,0,0,58,0,5110,0,0,1
4,16,4,0,1,14,2,40,0,0,0
12,20,2,0,0,52,0,5110,0,1,1
9,20,4,0,0,85,1,5110,0,1,1
13,3,2,0,0,74,2,5110,0,0,1
12,22,1,0,0,60,2,1120,0,1,1
10,21,5,0,0,93,2,5110,0,0,1
13,1,4,0,0,86,0,2800,0,1,1
4,8,4,0,1,14,1,10,0,0,0
13,2,4,0,0,81,0,5110,0,1,1
3,1,5,0,0,62,2,5100,0,1,1
9,21,1,0,0,63,0,5100,0,1,1
11,3,3,0,0,75,2,1190,0,1,1
11,23,1,0,0,93,0,5110,0,0,1
12,2,1,0,0,81,1,2650,0,0,1
10,20,4,0,0,89,0,4820,0,0,1
2,13,1,0,1,4,2,10,0,0,0
10,5,0,0,0,79,0,4510,0,1,1
14,4,0,0,0,54,0,20,0,0,1
10,3,6,0,0,69,2,1080,0,1,1
6,4,0,0,0,94,0,5110,0,1,1
13,3,1,0,0,90,2,5110,0,1,1
13,18,3,0,0,78,0,5110,0,1,1
10,5,5,0,1,62,2,1040,0,1,1
5,19,0,0,0,96,0,5110,0,1,1
12,18,3,0,0,60,0,5110,0,1,1
5,14,4,0,1,3,2,140,0,0,0
13,2,0,0,0,73,0,1080,0,1,1
9,18,2,0,0,92,0,5110,0,1,1
10,0,3,0,0,84,2,5110,0,1,1
11,5,3,0,0,88,1,5110,0,1,1
13,1,1,0,0,85,1,5080,0,1,1
9,0,0,0,0,82,1,5110,0,1,1
13,1,2,0,0,50,1,5110,0,1,1
9,22,2,0,0,68,2,5110,0,1,1
10,23,1,0,0,68,2,5110,0,0,1
11,0,3,0,0,66,2,5100,0,1,1
9,1,5,0,0,83,1,5110,0,0,1
11,21,0,0,0,96,2,5110,0,0,1
13,2,1,0,0,52,0,5110,0,0,1
11,19,6,0,1,52,1,2410,0,1,1
13,5,5,0,0,65,2,4630,0,1,1
12,23,2,0,0,76,2,5110,0,1,1
11,0,0,0,0,84,1,5110,0,0,1
1,7,1,0,1,9,1,230,0,0,0
12,5,3,0,0,64,1,5110,0,0,1
10,19,5,0,0,86,0,5110,0,1,1
13,1,1,0,0,53,2,5110,0,1,1
9,19,4,0,0,98,0,5110,0,1,1
4,5,1,0,0,85,2,5110,0,0,1
13,3,0,0,0,73,0,5110,0,1,1
11,22,4,0,0,84,2,5090,0,0,1
11,3,1,0,0,50,1,4520,0,1,1
11,18,1,0,1,66,1,1010,0,0,1
13,20,1,0,0,72,1,5110,0,1,1
9,21,3,0,0,88,1,2760,0,1,1
6,19,6,0,1,62,2,2860,0,1,1
2,8,1,0,1,13,1,20,0,0,0
11,21,3,0,0,71,1,5110,0,1,1
9,2,6,0,0,85,2,5110,0,1,1
4,11,4,0,1,17,2,120,0,0,0
10,4,1,0,0,81,2,5110,0,1,1
2,13,3,0,1,6,1,160,0,0,0
10,4,5,0,0,97,1,1320,0,1,1
11,18,4,0,0,90,0,1390,0,1,1
5,13,4,0,1,6,0,200,0,0,0
13,5,2,0,0,50,0,2080,0,0,1
12,3,4,0,1,89,2,2730,0,0,1
12,1,2,0,0,67,2,5110,0,1,1
12,2,0,0,0,59,0,5110,0,1,1
2,10,3,0,1,6,2,370,0,0,0
6,18,0,0,0,82,2,5110,0,1,1
9,5,6,0,1,95,0,1070,0,0,1
11,21,2,0,0,50,2,5110,0,1,1
12,2,6,0,0,74,1,5110,0,1,1
11,18,4,0,0,66,0,5110,0,1,1
11,5,2,0,0,96,1,5110,0,0,1
2,14,1,0,0,13,0,190,0,0,0
10,3,4,0,0,74,1,5110,0,1,1
11,23,2,0,1,54,0,2720,0,0,1
9,3,5,0,0,88,0,5110,0,1,1
10,5,0,0,0,73,2,2660,0,1,1
7,0,6,0,0,52,1,5110,0,1,1
11,4,4,0,0,60,2,5110,0,1,1
2,12,1,0,1,2,0,70,0,0,0
5,12,3,0,1,10,1,80,0,0,0
5,1,6,0,0,63,1,5100,0,1,1
9,0,0,0,1,84,2,960,0,1,1
7,10,4,0,0,18,0,40,0,0,0
12,23,1,0,0,93,1,5110,0,1,1
12,1,3,0,0,56,2,5110,0,0,1
9,19,0,0,0,54,2,5110,0,0,1
4,17,1,0,1,8,2,10,0,1,0
1,8,4,0,1,12,2,240,0,0,0
11,18,4,0,0,84,2,5110,0,0,1
10,22,6,0,0,60,1,5100,0,1,1
4,9,4,0,1,17,1,10,0,0,0
10,1,5,0,0,96,1,5110,0,1,1
11,5,3,0,0,96,1,5100,0,1,1
13,3,6,0,0,86,2,5110,0,1,1
2,18,4,0,1,6,0,180,0,0,0
11,4,1,0,0,66,0,5110,0,1,1
1,11,3,0,0,14,1,120,0,0,0
10,20,3,0,0,95,2,5110,0,1,1
13,3,1,0,0,81,2,5100,0,1,1
9,20,4,0,0,51,2,5110,0,1,1
3,13,0,0,1,2,0,20,0,0,0
13,0,0,0,0,90,2,2120,0,1,1
10,1,1,0,0,73,0,5110,0,1,1
10,19,0,0,0,94,1,5110,0,1,1
5,10,2,0,1,7,0,110,0,0,0
5,16,2,0,1,3,0,70,0,0,0
1,17,2,0,1,4,0,30,0,0,0
12,19,4,0,0,97,2,5110,0,0,1
12,2,6,0,1,78,1,1280,0,1,1
9,5,4,0,0,70,2,5110,0,1,1
1,15,4,0,1,5,2,10,0,0,0
5,5,0,0,0,68,0,5110,0,0,1
13,3,5,0,1,84,1,2280,0,1,1
10,3,6,0,0,80,1,5100,0,1,1
10,2,2,0,0,71,1,320,0,1,1
2,7,1,0,1,0,0,10,0,0,0
10,22,1,0,0,59,1,5100,0,1,1
9,2,3,0,0,82,2,2890,0,1,1
11,21,2,0,0,84,1,5110,0,1,1
9,4,0,0,0,65,1,2580,0,0,1
13,19,4,0,0,75,1,5110,0,1,1
11,21,2,0,0,72,0,5110,0,1,1
3,18,2,0,1,13,2,10,0,0,0
3,8,1,0,0,10,1,10,0,0,0
13,1,2,0,0,56,0,2420,0,1,1
1,15,2,0,1,1,1,80,0,0,0
2,15,3,0,1,11,1,10,0,0,0
10,22,5,0,0,83,1,5090,0,0,1
9,22,6,0,0,60,1,2570,0,1,1
9,4,2,0,0,79,1,5110,0,0,1
9,5,6,0,0,92,0,5100,0,0,1
3,15,4,0,1,11,0,310,0,0,0
2,7,1,0,1,6,1,120,0,0,0
9,23,1,0,0,61,1,5100,0,1,1
13,4,4,0,1,89,1,2040,0,1,1
13,20,2,0,0,90,2,5110,0,1,1
10,20,3,0,0,83,1,5110,0,1,1
13,22,2,0,0,73,1,5110,0,1,1
12,3,0,0,0,60,1,5110,0,1,1
13,22,1,0,0,54,0,5110,0,0,1
11,4,1,0,0,99,0,5110,0,1,1
7,21,4,0,0,54,1,2290,0,0,1
9,4,0,0,0,56,2,5110,0,1,1
12,0,1,0,0,86,1,5110,0,1,1
5,11,0,0,0,9,1,200,0,0,0
5,12,4,0,1,16,2,30,0,0,0
9,1,1,0,0,86,1,5110,0,1,1
11,21,5,0,0,50,2,5110,0,1,1
1,11,4,0,1,18,0,280,0,0,0
6,18,1,0,0,72,0,5100,0,1,1
11,4,1,0,0,67,2,5110,0,0,1
10,5,0,0,1,73,2,1350,0,0,1
12,22,2,0,0,83,2,1480,0,1,1
12,2,3,0,0,72,2,5110,0,1,1
7,18,4,0,0,8,0,10,0,0,0
13,20,5,0,0,54,2,1110,0,0,1
1,9,4,0,1,4,1,40,0,0,0
3,8,4,0,1,2,1,20,0,0,0
10,22,6,0,0,97,2,5110,0,1,1
12,19,0,0,0,67,0,5110,0,0,1
3,10,4,0,1,15,2,10,0,0,0
11,4,3,0,0,55,1,5110,0,1,1
3,10,2,0,0,3,2,130,0,0,0
11,22,5,0,0,90,2,1110,0,1,1
12,22,5,0,1,63,0,1320,0,0,1
8,0,4,0,0,89,2,5110,0,1,1
13,21,6,0,0,60,1,1070,0,1,1
10,4,4,0,0,68,1,5110,0,1,1
12,2,3,0,0,83,2,5110,0,0,1
1,11,1,0,1,3,2,320,0,0,0
11,20,4,0,1,61,2,1070,0,1,1
5,18,4,0,0,78,0,1050,0,1,1
5,12,0,0,1,12,2,10,0,0,0
11,19,1,0,0,55,1,5100,0,0,1
12,21,4,0,0,80,0,5110,0,1,1
14,2,5,0,0,54,2,10,0,1,1
12,5,6,0,0,50,2,2420,0,1,1
13,0,2,0,0,67,0,5110,0,1,1
9,0,6,0,0,87,0,4840,0,1,1
5,9,2,0,0,15,1,10,0,0,0
13,18,5,0,1,81,0,1130,0,1,1
13,3,0,0,0,51,0,5110,0,1,1
12,21,0,0,0,69,0,5110,0,1,1
4,17,3,0,1,3,1,100,0,0,0
5,18,4,0,1,13,1,160,0,0,0
12,1,6,0,0,87,1,2170,0,1,1
6,2,6,0,0,74,1,5110,0,1,1
4,8,3,0,1,10,2,10,0,0,0
1,17,2,0,1,6,1,50,0,0,0
5,5,5,0,0,54,0,5110,0,1,1
5,16,4,0,0,11,2,10,0,0,0
11,1,0,0,0,77,2,5110,0,1,1
9,2,4,0,0,51,0,1330,0,0,1
13,5,3,0,0,78,0,5110,0,0,1
11,21,1,0,0,68,2,5110,0,1,1
9,2,6,0,0,60,0,5110,0,0,1
9,5,0,0,0,74,0,1050,0,1,1
4,8,4,0,0,4,0,140,0,0,0
2,9,3,0,0,14,1,10,0,0,0
12,0,2,0,0,54,1,490,0,1,1
6,18,2,0,1,52,0,2940,0,1,1
11,5,1,0,0,76,1,1850,0,1,1
11,5,2,0,0,81,2,5100,0,1,1
11,20,6,0,0,54,0,5110,0,1,1
11,22,5,0,0,77,2,5110,0,1,1
8,4,1,0,0,70,1,5110,0,1,1
13,21,0,0,0,58,0,5110,0,1,1
8,5,5,0,0,91,0,2500,0,1,1
5,7,1,0,1,10,1,10,0,0,0
7,2,6,0,0,72,0,5110,0,0,1
11,20,3,0,0,96,2,4580,0,1,1
10,19,6,0,0,62,1,5110,0,1,1
12,1,0,0,0,76,2,5110,0,0,1
13,18,0,0,0,75,2,5110,0,1,1
10,21,1,0,0,51,0,5110,0,1,1
6,4,3,0,0,55,1,5110,0,1,1
10,0,4,0,0,94,0,5110,0,1,1
11,1,6,0,0,64,1,5110,0,1,1
11,2,4,0,0,78,0,5110,0,0,1
9,23,3,0,0,72,2,5110,0,0,1
12,22,3,0,0,50,0,5110,0,1,1
12,19,2,0,0,80,1,5110,0,1,1
8,20,0,0,0,61,2,5110,0,1,1
13,4,0,0,0,90,1,5110,0,0,1
12,20,1,0,0,68,1,5110,0,1,1
10,1,1,0,0,94,2,5110,0,0,1
12,18,1,0,0,64,0,5110,0,0,1
9,22,3,0,0,85,1,5110,0,1,1
11,21,1,0,0,85,0,5110,0,1,1
8,23,6,0,0,61,1,5110,0,1,1
9,19,0,0,0,55,1,5110,0,1,1
4,19,3,0,0,97,2,4510,0,1,1
7,18,2,0,0,80,1,2870,0,1,1
13,22,5,0,0,67,1,5110,0,0,1
5,1,4,0,0,83,2,5110,0,1,1
13,19,6,0,0,60,2,5110,0,1,1
9,19,3,0,0,59,2,5110,0,0,1
10,23,5,0,1,51,2,950,0,1,1
7,18,2,0,0,94,2,5110,0,1,1
2,12,2,0,1,0,1,10,0,0,0
7,18,4,0,0,68,1,5110,0,0,1
10,1,2,0,0,60,0,5110,0,1,1
11,22,1,0,0,64,0,5110,0,0,1
9,2,5,0,0,82,1,5100,0,1,1
13,23,2,0,0,82,1,5110,0,1,1
9,23,0,0,0,63,2,2480,0,0,1
10,1,5,0,0,74,0,5110,0,1,1
13,0,2,0,0,73,2,2610,0,1,1
4,21,1,0,0,96,1,5110,0,1,1
8,0,4,0,0,50,0,2700,0,1,1
9,22,0,0,0,82,2,5110,0,1,1
12,20,0,0,0,92,0,5100,0,1,1
12,21,3,0,0,78,1,1410,0,1,1
5,21,4,0,1,98,2,1040,0,0,1
11,20,5,0,0,74,1,5110,0,1,1
5,0,0,0,0,52,2,5050,0,1,1
10,3,6,0,0,92,2,5110,0,0,1
4,2,2,0,0,64,0,1340,0,1,1
9,19,3,0,0,50,2,2900,0,1,1
5,9,4,0,1,1,1,20,0,0,0
10,2,3,0,0,63,0,5110,0,0,1
13,19,0,0,0,53,2,5110,0,1,1
4,14,3,0,0,9,0,10,0,0,0
1,15,3,0,0,2,1,2190,0,0,0
11,15,2,0,1,19,0,3150,0,0,0
11,3,5,0,0,97,1,5110,0,1,1
9,18,1,0,0,89,1,1020,0,0,1
12,3,1,0,0,80,0,10,0,1,1
13,22,5,0,1,77,1,1350,0,1,1
10,18,4,0,0,78,2,5110,0,0,1
9,0,0,0,0,61,2,5100,0,0,1
4,10,1,0,1,15,2,10,0,0,0
9,1,6,0,0,82,0,5110,0,1,1
12,0,4,0,0,72,1,5110,0,0,1
10,23,2,0,0,50,0,5110,0,1,1
6,22,6,0,0,76,2,5110,0,1,1
11,22,5,0,0,91,1,5100,0,1,1
11,22,6,0,0,91,0,4780,0,1,1
13,5,0,0,0,59,0,1070,0,1,1
10,22,0,0,0,77,0,1090,0,1,1
4,11,1,0,1,3,2,40,0,0,0
12,1,1,0,0,53,1,5110,0,1,1
5,11,2,0,1,6,2,30,0,0,0
13,3,6,0,0,64,1,1240,0,1,1
2,18,3,0,1,10,0,10,0,0,0
11,20,5,0,0,86,2,1030,0,1,1
13,1,1,0,0,92,1,5090,0,1,1
10,22,6,0,0,66,2,5110,0,0,1
11,18,2,0,0,90,0,5110,0,1,1
4,16,4,0,1,7,1,10,0,0,0
11,5,4,0,0,65,2,5110,0,0,1
10,5,3,0,0,58,2,5110,0,1,1
13,21,3,0,1,99,1,1280,0,1,1
13,19,3,0,0,83,0,2600,0,0,1
9,20,6,0,0,63,1,2440,0,1,1
12,21,0,0,0,67,2,1180,0,0,1
13,22,6,0,0,63,2,4710,0,0,1
12,18,6,0,0,62,0,5110,0,1,1
13,18,1,0,0,61,2,5110,0,0,1
11,18,1,0,1,92,1,2400,0,0,1
4,2,6,0,0,83,2,5110,0,0,1
13,23,1,0,0,66,2,5110,0,1,1
11,5,2,0,0,70,1,5110,0,1,1
12,22,6,0,0,82,1,5110,0,0,1
13,5,4,0,0,52,0,5110,0,1,1
8,16,4,0,1,13,0,40,0,0,0
12,18,0,0,0,75,1,5110,0,1,1
2,14,3,0,1,0,1,320,0,0,0
13,4,1,0,0,66,2,5110,0,1,1
9,22,3,0,0,51,2,1020,0,1,1
13,2,2,0,0,69,1,5110,0,1,1
5,20,1,0,0,87,1,5110,0,1,1
13,21,5,0,0,70,1,5110,0,1,1
2,8,4,0,1,18,2,10,0,0,0
10,5,2,0,0,92,1,5110,0,0,1
11,21,4,0,0,97,1,5110,0,1,1
12,19,5,0,0,63,1,5110,0,1,1
10,0,2,0,0,82,2,5110,0,1,1
3,13,0,0,0,19,2,30,0,0,0
10,23,5,0,0,70,1,5090,0,1,1
9,1,3,0,1,67,2,1270,0,1,1
10,21,1,0,0,53,2,5110,0,1,1
10,0,5,0,0,72,1,5110,0,0,1
12,22,4,0,0,65,0,5110,0,1,1
1,8,4,0,1,0,1,10,0,0,0
10,3,2,0,0,85,2,4510,0,1,1
1,13,3,0,1,15,0,50,0,0,0
1,18,4,0,1,9,0,80,0,0,0
12,22,1,0,0,61,1,5110,0,1,1
13,19,2,0,0,63,1,5110,0,0,1
10,22,0,0,0,95,2,4870,0,0,1
11,3,2,0,0,72,1,5110,0,1,1
4,11,4,0,1,3,2,200,0,0,0
13,19,6,0,0,88,2,950,0,1,1
4,15,3,0,1,13,2,10,0,1,0
9,5,3,0,0,52,2,5110,0,1,1
9,19,0,0,0,62,2,5110,0,1,1
1,11,2,0,1,8,2,20,0,0,0
10,1,3,0,1,58,0,2880,0,0,1
7,20,2,0,0,58,1,5110,0,1,1
5,18,1,0,0,9,1,30,0,0,0
12,23,2,0,0,85,1,5110,0,1,1
11,4,2,0,1,73,1,2850,0,1,1
1,9,4,0,1,2,2,60,0,0,0
7,0,4,0,0,85,0,5100,0,1,1
11,0,5,0,0,65,0,5110,0,1,1
9,18,5,0,1,98,2,1430,0,1,1
5,8,0,0,1,2,0,90,0,0,0
6,19,2,0,0,79,2,5110,0,1,1
12,20,4,0,0,95,2,5110,0,1,1
11,5,4,0,1,69,0,1270,0,1,1
9,22,0,0,0,92,1,5110,0,1,1
10,1,1,0,0,66,2,5110,0,0,1
13,5,1,0,1,75,2,1090,0,0,1
13,2,0,0,0,53,0,5110,0,1,1
9,21,4,0,0,51,2,2140,0,1,1
9,5,3,0,0,98,1,5110,0,1,1
13,4,6,0,0,99,1,5110,0,1,1
9,2,5,0,0,60,1,5110,0,1,1
12,1,5,0,0,99,2,2600,0,1,1
13,4,6,0,1,50,1,2360,0,1,1
13,19,5,0,0,65,2,5110,0,1,1
12,1,3,0,0,60,2,5110,0,1,1
5,4,1,0,0,64,0,5110,0,1,1
11,4,1,0,0,55,2,5110,0,1,1
9,22,4,0,0,87,2,1440,0,1,1
4,20,3,0,0,59,2,5110,0,1,1
12,23,6,0,0,94,2,5110,0,1,1
13,3,5,0,0,80,1,5110,0,1,1
9,19,5,0,0,64,2,1100,0,1,1
9,23,5,0,0,72,1,5100,0,0,1
9,18,1,0,0,65,2,1000,0,1,1
2,12,2,0,1,4,0,70,0,0,0
9,0,5,0,0,55,1,5090,0,0,1
13,5,1,0,0,60,2,5110,0,1,1
8,21,0,0,0,86,2,5110,0,1,1
1,15,3,0,0,19,1,30,0,0,0
6,19,3,0,0,73,0,5110,0,1,1
9,5,6,0,0,96,1,5110,0,1,1
12,2,5,0,0,91,1,5110,0,0,1
6,21,4,0,0,71,1,5110,0,1,1
13,1,3,0,0,71,1,5100,0,1,1
9,9,4,0,1,14,0,110,0,1,0
11,3,4,0,0,80,1,5110,0,1,1
10,21,6,0,0,96,2,1950,0,1,1
11,5,4,0,0,65,0,5100,0,0,1
10,19,4,0,0,60,2,5110,0,0,1
2,18,2,0,1,17,1,70,0,0,0
13,18,4,0,0,85,2,5110,0,1,1
11,23,4,0,0,65,0,5110,0,1,1
9,1,2,0,0,77,1,5110,0,1,1
12,4,0,0,0,53,0,5110,0,1,1
13,21,6,0,0,76,0,5110,0,1,1
10,3,6,0,1,89,2,2500,0,1,1
9,5,1,0,0,71,1,4830,0,1,1
2,9,2,0,1,10,0,80,0,0,0
11,23,6,0,0,91,2,2680,0,1,1
3,9,0,0,1,11,0,10,0,0,0
2,17,2,0,1,18,0,10,0,0,0
7,2,4,0,0,53,2,5110,0,0,1
7,23,2,0,0,85,2,5110,0,1,1
9,3,2,0,0,73,2,5110,0,1,1
11,2,3,0,0,82,2,5110,0,1,1
13,21,2,0,1,63,2,760,0,0,1
9,0,5,0,0,71,2,5110,0,1,1
10,19,1,0,0,60,2,2290,0,0,1
12,20,6,0,0,66,2,5110,0,0,1
7,3,2,0,0,66,2,5110,0,1,1
12,21,4,0,0,52,2,5110,0,1,1
12,23,1,0,0,95,0,5100,0,1,1
13,0,5,0,0,81,0,770,0,1,1
1,8,4,0,1,17,0,10,0,0,0
10,0,1,0,0,99,1,4530,0,0,1
13,1,0,0,0,51,1,5110,0,1,1
11,0,0,0,0,59,0,5110,0,0,1
13,3,0,0,0,55,1,2730,0,0,1
9,5,5,0,0,83,0,5110,0,0,1
11,3,1,0,0,78,1,2420,0,0,1
11,1,1,0,0,80,1,5110,0,1,1
5,8,1,0,1,13,2,70,0,0,0
11,19,2,0,0,98,0,5100,0,1,1
1,9,2,0,1,1,2,120,0,0,0
9,3,3,0,0,69,2,5110,0,1,1
9,5,5,0,0,73,1,2440,0,1,1
13,20,0,0,0,70,2,5100,0,1,1
5,13,2,0,1,10,2,250,0,0,0
13,22,5,0,0,90,1,10,0,0,1
12,5,1,0,0,84,0,5110,0,1,1
9,23,2,0,0,90,0,5100,0,1,1
5,18,4,0,1,4,2,20,0,0,0
3,11,1,0,0,0,1,60,0,0,0
11,19,0,0,0,83,1,5110,0,0,1
9,2,0,0,0,52,1,5110,0,1,1
12,1,2,0,0,56,1,5110,0,1,1
10,1,4,0,0,76,2,5110,0,1,1
13,21,4,0,1,64,2,900,0,1,1
10,1,2,0,0,89,2,5110,0,0,1
8,22,2,0,0,96,0,5100,0,1,1
13,23,3,0,0,90,0,2520,0,1,1
11,21,3,0,0,66,2,5110,0,0,1
2,17,0,0,1,16,1,100,0,0,0
11,23,1,0,0,69,1,5110,0,1,1
9,18,0,0,1,91,1,2140,0,1,1
5,14,1,0,1,12,0,110,0,0,0
13,0,0,0,0,97,2,5110,0,1,1
2,13,2,0,0,17,1,80,0,0,0
9,22,1,0,0,66,1,5110,0,1,1
3,15,2,0,0,12,1,1640,0,0,0
4,17,0,0,0,19,2,10,0,0,0
9,1,2,0,0,77,1,5110,0,1,1
10,20,6,0,0,88,1,5110,0,1,1
10,20,4,0,0,55,0,5110,0,1,1
10,2,3,0,0,90,2,5110,0,0,1
11,21,3,0,0,72,0,5110,0,1,1
11,23,3,0,0,82,0,4320,0,1,1
9,2,4,0,0,62,1,290,0,0,1
12,2,0,0,0,75,2,5100,0,1,1
9,3,2,0,0,74,0,5110,0,1,1
9,2,1,0,0,77,0,5110,0,0,1
9,0,2,0,0,89,0,2540,0,0,1
12,21,4,0,1,76,1,2210,0,1,1
12,23,6,0,0,54,1,5110,0,0,1
11,0,0,0,0,63,1,5110,0,0,1
5,8,4,0,0,15,0,10,0,0,0
12,23,0,0,0,56,0,5110,0,1,1
11,4,4,0,0,55,1,5110,0,1,1
12,3,4,0,0,98,2,5110,0,1,1
7,23,2,0,0,95,0,5110,0,0,1
3,22,6,0,0,50,2,960,0,1,1
13,3,2,0,0,77,2,2630,0,1,1
10,0,0,0,0,52,1,980,0,1,1
10,4,2,0,1,50,2,2600,0,1,1
9,3,6,0,0,80,1,5110,0,1,1
7,4,1,0,0,96,1,5110,0,1,1
3,18,2,0,1,8,2,30,0,0,0
11,22,6,0,1,55,1,1320,0,1,1
13,23,1,0,0,53,2,5070,0,0,1
10,4,4,0,0,66,0,5110,0,0,1
12,4,3,0,0,60,0,5110,0,1,1
11,1,2,0,0,76,1,5110,0,1,1
10,15,3,0,0,4,0,10,0,0,0
1,12,3,0,0,1,0,20,0,1,0
9,3,2,0,0,83,1,5110,0,1,1
1,17,3,0,1,12,0,120,0,0,0
9,5,5,0,0,95,2,20,0,0,1
12,0,4,0,0,71,0,5110,0,1,1
12,21,0,0,0,90,1,2580,0,1,1
10,20,5,0,0,61,0,5110,0,1,1
9,19,6,0,0,56,0,2760,0,1,1
4,17,3,0,1,5,2,10,0,0,0
11,2,6,0,0,73,1,5110,0,1,1
4,2,2,0,0,53,1,5110,0,0,1
13,23,3,0,0,84,1,1210,0,1,1
12,19,2,0,0,66,2,2740,0,1,1
5,7,4,0,1,5,1,10,0,0,0
9,20,4,0,0,58,0,5110,0,1,1
10,21,0,0,0,79,1,5100,0,1,1
13,21,6,0,0,67,1,1080,0,1,1
12,23,2,0,0,95,1,5110,0,1,1
12,0,0,0,0,78,0,5110,0,1,1
13,23,6,0,0,78,2,980,0,0,1
9,2,6,0,0,89,1,10,0,0,1
1,8,1,0,1,8,2,20,0,0,0
11,0,4,0,0,57,1,5110,0,1,1
2,10,4,0,0,15,0,230,0,0,0
6,18,0,0,0,75,0,2530,0,1,1
9,5,2,0,0,71,0,4970,0,1,1
2,9,4,0,1,15,0,90,0,0,0
11,22,1,0,0,69,2,5110,0,1,1
5,12,3,0,1,19,1,10,0,0,0
11,19,2,0,0,82,0,5110,0,0,1
13,0,5,0,0,87,1,5110,0,1,1
12,22,5,0,0,85,0,1340,0,0,1
12,2,3,0,0,91,1,5110,0,0,1
8,5,2,0,0,59,2,1110,0,0,1
12,19,2,0,0,89,0,5110,0,1,1
9,1,0,0,0,56,2,5110,0,1,1
13,2,1,0,0,68,1,2260,0,0,1
11,1,1,0,0,78,1,5110,0,1,1
7,3,4,0,0,84,1,5110,0,1,1
4,10,1,0,1,5,2,10,0,0,0
9,19,0,0,0,66,1,5110,0,0,1
3,17,2,0,1,15,0,110,0,0,0
12,23,3,0,0,53,1,5090,0,1,1
5,3,0,0,0,71,0,5110,0,1,1
11,19,2,0,0,88,2,5110,0,1,1
9,0,3,0,0,58,2,5110,0,0,1
13,5,0,0,0,74,0,2220,0,1,1
10,3,3,0,0,60,0,5110,0,1,1
11,1,5,0,0,91,1,2720,0,1,1
12,0,3,0,0,52,1,5110,0,1,1
10,19,6,0,0,67,2,5110,0,1,1
13,20,5,0,0,80,0,2120,0,1,1
10,9,4,0,0,14,2,220,0,0,0
9,5,0,0,0,97,1,4820,0,1,1
8,5,2,0,0,95,2,1050,0,1,1
11,4,2,0,0,56,2,5100,0,1,1
9,1,2,0,0,90,2,5110,0,1,1
11,4,3,0,0,90,0,5110,0,1,1
3,18,4,0,1,8,2,10,0,0,0
9,3,1,0,0,66,0,1340,0,1,1
5,8,0,0,1,15,1,90,0,0,0
12,18,0,0,0,97,0,5100,0,1,1
10,22,0,0,0,74,2,5110,0,0,1
11,20,5,0,0,86,0,5110,0,1,1
9,23,5,0,0,81,2,5110,0,1,1
10,4,0,0,0,57,2,5110,0,1,1
9,3,1,0,0,64,1,5110,0,1,1
10,4,2,0,0,61,1,2130,0,0,1
9,0,0,0,0,61,1,5110,0,1,1
11,2,1,0,0,94,1,1200,0,1,1
5,5,6,0,0,63,0,5110,0,1,1
1,16,1,0,1,16,2,20,0,0,0
9,21,6,0,0,97,2,5110,0,1,1
9,2,3,0,1,81,0,2230,0,1,1
9,21,4,0,0,97,2,5110,0,1,1
10,3,5,0,0,69,0,1960,0,1,1
9,4,1,0,0,99,0,5110,0,1,1
9,20,2,0,0,52,1,5110,0,1,1
2,17,0,0,1,11,2,10,0,0,0
9,0,3,0,0,82,2,1080,0,1,1
11,0,1,0,0,72,2,5110,0,1,1
13,23,3,0,0,52,2,5110,0,1,1
10,22,5,0,0,76,0,2800,0,1,1
10,1,5,0,0,85,2,5110,0,1,1
10,2,0,0,0,63,2,5110,0,1,1
12,4,0,0,0,85,1,5110,0,1,1
10,5,6,0,0,97,0,2790,0,1,1
9,19,5,0,0,93,1,5110,0,1,1
5,21,5,0,0,99,0,5110,0,1,1
12,22,1,0,1,93,0,2710,0,0,1
10,1,3,0,0,78,1,5110,0,1,1
4,7,4,0,1,1,2,10,0,0,0
4,2,2,0,0,60,1,5110,0,0,1
10,20,0,0,0,95,1,1130,0,0,1
9,0,1,0,0,96,0,2520,0,1,1
13,22,5,0,0,73,1,5110,0,0,1
12,23,2,0,0,56,0,5110,0,1,1
3,0,6,0,0,87,0,5110,0,1,1
12,22,0,0,0,94,2,5110,0,0,1
13,18,2,0,0,90,0,5110,0,0,1
12,3,5,0,0,69,0,5110,0,1,1
11,4,3,0,0,88,2,5110,0,1,1
12,23,5,0,0,79,0,5110,0,1,1
5,12,3,0,1,14,1,110,0,0,0
1,8,3,0,1,2,1,150,0,0,0
13,2,1,0,0,69,1,5110,0,1,1
9,22,1,0,0,67,2,5110,0,1,1
12,18,0,0,0,84,0,5110,0,0,1
9,1,3,0,0,83,1,5080,0,1,1
11,20,5,0,0,52,2,5110,0,0,1
9,23,1,0,0,53,1,5110,0,1,1
5,2,0,0,0,64,0,4910,0,1,1
9,22,5,0,0,80,0,4490,0,1,1
10,3,0,0,0,86,1,1310,0,0,1
7,5,0,0,0,50,2,5100,0,1,1
3,10,0,0,1,16,0,50,0,0,0
7,2,6,0,0,71,0,5110,0,1,1
10,22,3,0,0,99,2,5110,0,1,1
10,19,6,0,1,94,0,2330,0,1,1
12,22,3,0,0,60,2,5110,0,1,1
10,3,3,0,0,52,0,5110,0,1,1
7,4,1,0,0,78,0,4850,0,1,1
12,3,5,0,0,55,1,5110,0,0,1
5,11,2,0,1,8,0,320,0,0,0
3,15,1,0,1,0,0,40,0,0,0
9,19,0,0,0,86,2,5110,0,0,1
4,8,1,0,1,7,1,10,0,0,0
11,18,6,0,0,93,0,5110,0,1,1
13,1,3,0,1,67,0,1210,0,0,1
4,17,3,0,1,0,0,130,0,0,0
12,18,4,0,0,50,0,5110,0,1,1
11,0,4,0,0,52,0,1240,0,0,1
12,23,6,0,0,99,0,4340,0,1,1
5,10,2,0,0,9,0,100,0,0,0
10,9,3,0,1,2,0,170,0,0,0
12,3,1,0,0,73,1,5100,0,1,1
13,18,3,0,0,93,2,1340,0,0,1
10,18,3,0,0,60,1,5110,0,1,1
4,17,1,0,1,8,1,10,0,0,0
5,16,0,0,0,18,0,250,0,0,0
7,4,3,0,0,92,0,5110,0,0,1
11,20,2,0,0,81,2,5110,0,0,1
3,13,4,0,0,8,1,10,0,0,0
9,22,5,0,0,72,0,5110,0,1,1
9,3,1,0,0,67,1,5110,0,1,1
11,21,3,0,0,87,1,5110,0,0,1
10,0,6,0,0,72,1,5110,0,0,1
12,5,4,0,0,99,1,5100,0,0,1
5,16,3,0,1,18,2,10,0,0,0
9,22,4,0,0,71,1,5110,0,1,1
9,4,1,0,0,51,0,5110,0,0,1
7,0,1,0,0,51,1,5110,0,1,1
4,21,2,0,0,59,0,5080,0,0,1
3,23,3,0,0,75,2,5110,0,1,1
9,4,3,0,0,69,1,2390,0,1,1
5,3,6,0,0,83,0,5110,0,0,1
10,5,2,0,0,69,1,5110,0,0,1
11,18,2,0,0,94,0,5110,0,0,1
7,19,4,0,0,51,0,2640,0,1,1
10,2,2,0,0,85,1,2080,0,1,1
3,10,4,0,1,2,2,10,0,1,0
10,18,6,0,0,60,0,5110,0,1,1
13,5,6,0,0,70,1,5110,0,0,1
5,17,4,0,1,10,2,10,0,0,0
13,4,1,0,0,57,0,5110,0,1,1
6,2,0,0,0,96,1,5110,0,0,1
13,5,5,0,0,51,2,5110,0,1,1
10,2,4,0,1,74,0,1430,0,0,1
9,20,3,0,0,94,2,5110,0,0,1
11,19,6,0,0,75,2,2660,0,0,1
9,19,2,0,1,55,1,2110,0,1,1
10,22,5,0,0,97,1,5110,0,1,1
12,5,1,0,0,59,2,2900,0,1,1
10,5,1,0,0,63,2,1090,0,1,1
13,20,2,0,0,99,0,5110,0,0,1
3,12,3,0,1,14,0,70,0,0,0
11,22,2,0,0,76,1,5110,0,0,1
3,20,0,0,0,91,2,2540,0,1,1
9,1,5,0,0,92,2,5110,0,1,1
4,17,3,0,1,19,1,300,0,0,0
3,15,0,0,1,11,2,100,0,0,0
10,2,0,0,0,76,1,5110,0,1,1
9,4,0,0,0,88,0,5110,0,1,1
2,7,3,0,1,19,0,80,0,0,0
12,1,5,0,0,94,2,20,0,1,1
9,1,1,0,0,79,1,5110,0,1,1
11,21,5,0,1,97,0,1070,0,1,1
9,22,5,0,0,94,0,5110,0,0,1
12,0,0,0,0,52,1,5110,0,0,1
10,2,0,0,0,58,2,5110,0,1,1
1,14,0,0,1,7,1,70,0,0,0
12,21,3,0,0,73,0,5110,0,1,1
9,18,4,0,0,99,1,5100,0,0,1
2,17,4,0,1,0,0,20,0,0,0
10,23,0,0,0,58,0,5110,0,1,1
11,18,2,0,0,52,1,170,0,1,1
12,19,5,0,0,70,1,1270,0,1,1
9,5,6,0,0,88,0,5110,0,1,1
7,5,6,0,0,90,1,5110,0,1,1
4,14,1,0,1,14,0,160,0,0,0
5,15,3,0,0,7,1,100,0,0,0
13,21,0,0,0,52,1,2460,0,1,1
4,23,4,0,0,79,1,5100,0,1,1
12,1,3,0,0,66,0,5110,0,1,1
11,19,0,0,0,64,0,10,0,0,1
10,14,1,0,1,4,2,10,0,0,0
10,4,5,0,0,82,1,5090,0,1,1
11,5,1,0,0,93,2,2440,0,1,1
2,8,0,0,1,15,0,30,0,0,0
13,23,0,0,1,90,2,2780,0,1,1
11,18,2,0,0,98,2,5110,0,1,1
12,20,1,0,1,56,2,2110,0,0,1
9,3,6,0,0,98,0,2160,0,1,1
13,2,2,0,0,76,1,5110,0,1,1
12,2,4,0,0,98,1,5110,0,1,1
1,18,2,0,0,15,1,20,0,0,0
12,0,0,0,0,72,0,5110,0,0,1
1,10,0,0,1,1,1,10,0,0,0
12,5,6,0,0,72,2,5110,0,1,1
6,3,6,0,0,72,2,5110,0,1,1
11,13,2,0,1,19,0,200,0,0,0
9,18,2,0,0,76,2,5110,0,1,1
9,2,3,0,0,84,1,5110,0,1,1
6,3,0,0,0,86,0,1100,0,1,1
13,3,4,0,0,86,2,4910,0,1,1
10,5,2,0,0,67,0,800,0,1,1
13,19,0,0,1,77,1,2060,0,1,1
3,17,4,0,1,16,0,10,0,0,0
6,0,0,0,0,62,2,5110,0,1,1
13,4,5,0,0,55,0,2570,0,1,1
5,3,2,0,0,75,1,5110,0,0,1
11,5,6,0,0,75,0,5110,0,1,1
5,10,2,0,1,3,0,20,0,1,0
1,11,4,0,1,11,2,80,0,0,0
11,22,1,0,0,88,1,2440,0,0,1
10,20,1,0,0,83,1,4430,0,0,1
13,1,5,0,1,66,0,1100,0,1,1
3,18,0,0,0,51,2,5110,0,1,1
5,7,3,0,1,10,1,30,0,0,0
3,17,1,0,1,6,2,90,0,0,0
9,4,2,0,0,65,0,5110,0,1,1
3,14,4,0,0,3,0,140,0,0,0
2,16,2,0,1,2,1,800,0,0,0
10,5,6,0,0,87,1,5100,0,1,1
10,20,6,0,0,85,1,5110,0,0,1
3,9,3,0,1,0,0,20,0,0,0
11,21,6,0,0,59,0,5110,0,1,1
12,2,2,0,0,85,1,5110,0,0,1
11,22,1,0,0,67,2,5110,0,0,1
8,11,2,0,1,10,0,10,0,1,0
12,5,2,0,0,94,2,5110,0,1,1
6,1,3,0,1,60,2,1320,0,1,1
5,18,1,0,1,10,1,10,0,0,0
11,0,2,0,0,68,0,5110,0,0,1
13,20,1,0,0,98,0,10,0,1,1
3,13,3,0,1,7,1,10,0,0,0
11,1,4,0,0,79,0,2460,0,1,1
9,19,1,0,0,79,2,5100,0,1,1
6,15,0,0,1,7,1,150,0,0,0
13,22,6,0,0,63,0,5110,0,0,1
10,4,3,0,0,66,0,2230,0,1,1
11,4,3,0,0,58,0,1150,0,1,1
5,18,3,0,1,6,0,40,0,0,0
13,5,2,0,0,64,1,770,0,1,1
8,21,3,0,0,53,2,1230,0,1,1
10,2,4,0,0,76,2,1170,0,1,1
10,1,6,0,0,94,2,5090,0,1,1
4,7,4,0,1,9,2,20,0,0,0
11,3,0,0,0,87,1,1480,0,1,1
9,4,3,0,0,62,0,5110,0,0,1
11,20,2,0,0,71,0,5100,0,1,1
9,0,3,0,0,68,0,5110,0,1,1
9,19,2,0,0,64,2,5110,0,1,1
9,20,2,0,0,71,1,2040,0,1,1
11,19,4,0,0,87,0,2510,0,1,1
9,20,3,0,0,96,2,5110,0,1,1
8,1,3,0,0,53,2,1050,0,1,1
9,3,4,0,1,91,0,1000,0,1,1
5,18,4,0,0,81,2,5110,0,1,1
12,0,4,0,0,90,2,2670,0,0,1
12,5,4,0,0,76,1,5110,0,1,1
13,18,6,0,0,80,0,5110,0,0,1
12,0,5,0,0,75,0,2510,0,1,1
11,21,5,0,0,96,0,5110,0,1,1
13,2,5,0,0,56,2,5110,0,1,1
9,20,4,0,1,89,1,2570,0,0,1
13,19,2,0,0,94,2,4680,0,1,1
13,0,4,0,0,80,0,5110,0,1,1
12,0,3,0,0,65,0,5110,0,1,1
5,14,0,0,1,2,1,10,0,0,0
7,18,1,0,0,68,0,5110,0,0,1
11,5,1,0,0,77,0,5110,0,1,1
13,5,5,0,1,79,2,1380,0,1,1
13,22,0,0,0,88,2,5110,0,1,1
9,5,3,0,1,69,0,1040,0,0,1
4,11,4,0,0,9,2,70,0,0,0
12,22,2,0,0,81,1,5110,0,1,1
8,18,2,0,0,70,1,5110,0,1,1
12,19,2,0,0,88,2,5100,0,1,1
10,19,6,0,0,73,2,2230,0,1,1
11,5,1,0,0,83,0,5110,0,1,1
12,0,6,0,1,91,2,2250,0,1,1
11,22,4,0,0,59,1,5110,0,1,1
10,21,1,0,0,72,0,1260,0,0,1
13,0,6,0,0,54,0,5110,0,1,1
9,1,3,0,0,60,0,2550,0,1,1
1,9,0,0,1,15,2,40,0,0,0
13,19,0,0,0,84,0,1380,0,1,1
11,22,0,0,1,94,1,1340,0,1,1
10,5,4,0,0,87,2,5110,0,1,1
13,22,1,0,0,85,0,5110,0,1,1
12,22,1,0,0,77,1,1370,0,0,1
4,3,1,0,0,59,0,5110,0,1,1
9,2,2,0,0,78,0,2330,0,0,1
6,1,6,0,0,78,1,10,0,1,1
12,0,0,0,0,55,0,5110,0,1,1
5,9,1,0,0,8,1,150,0,0,0
11,21,1,0,0,79,2,5110,0,1,1
13,23,4,0,0,85,2,4460,0,1,1
9,0,2,0,0,50,0,5110,0,0,1
13,18,1,0,0,67,2,5110,0,1,1
11,18,5,0,1,57,1,1060,0,1,1
4,11,3,0,1,10,2,10,0,0,0
9,18,2,0,0,84,1,20,0,1,1
4,23,4,0,0,72,1,2170,0,1,1
2,16,2,0,1,8,1,10,0,0,0
10,23,0,0,0,93,2,5110,0,1,1
7,3,1,0,1,73,2,2390,0,1,1
11,4,3,0,0,74,2,5110,0,1,1
9,22,3,0,0,75,2,1470,0,1,1
3,15,3,0,1,13,2,10,0,0,0
9,3,5,0,0,60,1,5110,0,1,1
12,19,1,0,0,91,0,2100,0,1,1
11,5,3,0,0,84,1,1240,0,0,1
10,2,1,0,0,52,1,5100,0,0,1
11,1,1,0,0,77,2,1300,0,0,1
1,15,4,0,1,2,2,40,0,0,0
13,2,3,0,0,91,2,1390,0,1,1
5,21,6,0,0,66,1,5110,0,1,1
10,21,0,0,0,82,0,5110,0,1,1
12,22,4,0,0,75,2,5110,0,1,1
5,4,3,0,0,64,0,1410,0,0,1
10,23,5,0,0,69,1,2390,0,0,1
10,2,2,0,0,97,1,5110,0,1,1
4,22,0,0,0,60,1,5110,0,0,1
11,2,4,0,1,72,2,1760,0,1,1
9,4,2,0,0,86,0,5110,0,1,1
13,3,5,0,0,98,1,5110,0,1,1
10,2,2,0,0,93,2,5110,0,1,1
13,18,4,0,0,50,2,5110,0,1,1
10,21,2,0,0,98,1,5110,0,1,1
13,21,6,0,0,89,0,5110,0,1,1
11,2,6,0,0,73,1,5110,0,1,1
13,23,5,0,0,81,1,2780,0,1,1
8,4,0,0,0,87,0,5110,0,1,1
9,4,2,0,1,66,0,1340,0,0,1
12,5,0,0,0,86,2,5110,0,0,1
13,21,1,0,0,53,2,5100,0,1,1
12,2,6,0,0,70,0,5110,0,1,1
5,18,3,0,1,16,0,150,0,0,0
10,3,5,0,0,72,1,5110,0,0,1
12,19,1,0,0,77,2,5110,0,1,1
7,3,1,0,0,79,1,1110,0,1,1
9,4,4,0,0,93,2,5090,0,1,1
4,13,2,0,1,0,0,10,0,0,0
10,23,0,0,0,92,1,5100,0,0,1
2,14,3,0,0,15,0,10,0,0,0
13,4,0,0,0,74,2,2170,0,1,1
9,23,2,0,0,65,2,5110,0,1,1
11,20,2,0,0,56,1,5110,0,1,1
10,23,5,0,1,90,2,2860,0,1,1
12,20,4,0,0,62,2,5110,0,1,1
10,3,1,0,0,75,0,5110,0,1,1
13,21,2,0,0,66,0,5110,0,0,1
12,3,4,0,0,51,2,5110,0,0,1
12,2,0,0,0,93,1,5110,0,1,1
3,3,3,0,0,57,1,5110,0,1,1
11,2,2,0,0,64,1,5110,0,1,1
12,5,5,0,0,72,0,1090,0,1,1
4,19,5,0,0,95,1,5110,0,0,1
11,18,3,0,1,79,0,10,0,1,1
5,2,5,0,0,58,1,5110,0,0,1
2,13,0,0,1,14,2,50,0,0,0
11,18,5,0,0,96,2,5110,0,0,1
3,11,4,0,1,19,0,10,0,0,0
5,2,1,0,0,77,1,5110,0,0,1
5,17,3,0,1,5,1,20,0,0,0
5,13,2,0,1,14,2,20,0,0,0
13,20,1,0,0,72,0,5110,0,0,1
12,19,1,0,0,69,1,5110,0,1,1
10,1,2,0,0,64,1,5110,0,1,1
10,18,2,0,0,86,1,5110,0,1,1
12,0,5,0,0,84,2,2320,0,1,1
12,21,6,0,1,55,1,1500,0,1,1
13,20,2,0,0,89,1,5110,0,1,1
10,20,4,0,0,55,2,5080,0,1,1
11,18,3,0,0,77,1,5100,0,0,1
12,23,2,0,1,75,1,2890,0,0,1
9,21,3,0,0,54,0,5110,0,1,1
1,8,1,0,0,16,0,50,0,0,0
11,4,4,0,0,89,0,5110,0,1,1
1,17,3,0,0,15,2,30,0,0,0
9,2,5,0,1,55,0,1010,0,1,1
10,5,3,0,0,67,2,5110,0,1,1
4,14,0,0,1,13,0,270,0,0,0
3,12,1,0,1,9,0,10,0,0,0
5,16,3,0,1,7,2,10,0,0,0
6,0,5,0,0,77,2,5110,0,0,1
2,16,4,0,1,19,2,120,0,0,0
10,2,0,0,0,96,0,5110,0,0,1
13,3,5,0,0,94,0,5110,0,1,1
9,2,2,0,0,75,0,5110,0,1,1
9,23,6,0,0,98,1,5110,0,1,1
4,12,3,0,0,10,0,10,0,0,0
4,8,0,0,1,5,2,180,0,0,0
8,0,0,0,0,94,2,1090,0,1,1
9,1,6,0,1,80,2,2340,0,1,1
13,20,0,0,0,64,1,5110,0,1,1
4,2,0,0,0,81,2,2790,0,0,1
9,1,6,0,0,57,0,5110,0,1,1
13,3,4,0,0,72,0,5110,0,0,1
10,18,3,0,0,79,0,5110,0,1,1
5,9,0,0,1,3,2,20,0,0,0
4,20,0,0,0,67,1,5110,0,1,1
9,3,0,0,0,91,1,5110,0,0,1
4,9,3,0,0,0,1,10,0,0,0
9,0,6,0,0,50,0,1080,0,1,1
10,5,4,0,0,58,2,5110,0,1,1
11,20,6,0,0,97,0,5110,0,1,1
10,23,0,0,0,91,0,5110,0,1,1
1,11,3,0,1,16,0,20,0,0,0
5,23,0,0,0,71,2,1310,0,1,1
12,19,2,0,0,88,2,5110,0,1,1
9,1,2,0,0,72,0,5110,0,0,1
9,5,2,0,0,90,0,5110,0,1,1
11,5,1,0,1,88,2,2740,0,0,1
11,3,1,0,0,51,1,5110,0,1,1
12,4,4,0,0,83,1,5110,0,1,1
2,7,0,0,0,18,1,40,0,0,0
13,22,6,0,0,79,2,5110,0,1,1
13,0,2,0,0,60,2,5110,0,1,1
12,23,6,0,0,79,2,5110,0,1,1
11,0,6,0,1,69,0,2360,0,1,1
10,22,0,0,0,99,1,5110,0,1,1
11,21,6,0,0,88,1,5110,0,1,1
11,22,3,0,0,55,0,5110,0,1,1
2,18,3,0,1,14,2,10,0,0,0
1,15,1,0,1,0,1,10,0,0,0
9,1,2,0,0,99,0,5110,0,1,1
13,2,5,0,0,90,1,5100,0,1,1
1,15,1,0,0,18,1,10,0,0,0
13,3,6,0,0,52,0,1330,0,1,1
6,8,1,0,1,6,2,10,0,0,0
13,4,2,0,0,90,0,5110,0,0,1
13,20,3,0,0,79,2,5110,0,1,1
9,20,4,0,0,59,1,5110,0,1,1
9,20,6,0,0,70,0,5110,0,1,1
2,15,2,0,1,15,2,30,0,0,0
10,1,0,0,0,51,1,5110,0,0,1
11,23,5,0,0,87,2,5110,0,1,1
11,5,5,0,0,86,1,1250,0,1,1
9,23,2,0,0,70,0,5100,0,1,1
5,21,4,0,0,82,2,5110,0,1,1
7,2,0,0,0,51,1,4770,0,1,1
12,20,4,0,0,94,0,1190,0,1,1
9,2,5,0,1,69,1,2510,0,1,1
11,1,2,0,0,98,0,5110,0,1,1
10,21,1,0,1,56,2,1430,0,1,1
11,22,2,0,0,62,0,2320,0,1,1
7,10,4,0,1,19,1,10,0,0,0
13,2,0,0,0,88,1,5110,0,1,1
5,18,5,0,0,83,2,5100,0,0,1
9,18,6,0,0,86,2,5100,0,1,1
13,5,4,0,0,89,0,5110,0,0,1
11,19,6,0,0,99,0,5110,0,1,1
13,1,6,0,0,77,0,5110,0,1,1
11,4,1,0,0,61,0,5110,0,1,1
10,22,2,0,0,98,1,4420,0,1,1
13,4,6,0,0,97,1,5110,0,1,1
6,21,0,0,0,97,1,5110,0,1,1
9,4,1,0,0,78,0,5110,0,0,1
7,4,2,0,0,91,0,2260,0,0,1
3,10,1,0,1,2,1,10,0,0,0
5,22,5,0,1,88,1,1810,0,1,1
1,13,1,0,1,7,2,60,0,0,0
1,18,3,0,1,6,1,20,0,0,0
2,17,0,0,1,17,2,120,0,0,0
4,16,3,0,1,1,1,190,0,0,0
10,4,5,0,0,89,2,2860,0,0,1
13,23,3,0,0,90,1,5110,0,1,1
10,23,0,0,0,64,1,1130,0,1,1
10,1,5,0,0,98,2,5090,0,1,1
13,18,5,0,0,67,1,5110,0,0,1
2,14,1,0,1,1,2,110,0,0,0
11,0,3,0,0,78,2,5110,0,1,1
7,2,6,0,0,59,2,5110,0,1,1
10,5,3,0,0,90,0,5110,0,0,1
9,2,3,0,0,73,2,1320,0,1,1
5,11,4,0,1,15,1,60,0,0,0
9,18,2,0,0,89,2,2250,0,1,1
8,21,5,0,0,94,1,2520,0,1,1
9,4,2,0,0,99,2,2240,0,0,1
8,5,2,0,0,96,1,5110,0,1,1
5,9,1,0,1,5,2,180,0,0,0
11,0,1,0,0,72,0,2350,0,0,1
5,18,0,0,0,82,0,5110,0,1,1
11,3,3,0,0,99,1,5110,0,0,1
9,0,1,0,0,89,0,2820,0,0,1
9,20,2,0,0,88,2,1150,0,0,1
12,3,1,0,0,50,0,5100,0,1,1
11,18,2,0,0,80,1,5110,0,1,1
11,20,4,0,0,69,0,5110,0,1,1
5,7,2,0,0,18,0,10,0,0,0
10,3,4,0,0,71,2,5110,0,0,1
4,2,1,0,0,90,1,5110,0,0,1
7,0,1,0,0,88,2,1390,0,1,1
5,22,0,0,0,68,1,5110,0,0,1
5,22,4,0,0,54,2,5110,0,0,1
5,11,2,0,1,12,0,90,0,0,0
13,3,2,0,0,76,1,4610,0,1,1
6,0,2,0,0,95,1,5110,0,1,1
9,22,1,0,0,85,0,5110,0,1,1
2,9,2,0,0,14,2,60,0,0,0
9,3,2,0,0,50,0,2460,0,1,1
12,18,0,0,0,89,0,5110,0,0,1
12,3,1,0,1,54,1,1220,0,0,1
13,3,3,0,0,99,0,5110,0,1,1
9,5,3,0,1,81,0,1040,0,1,1
7,3,1,0,1,68,2,1050,0,0,1
12,21,5,0,0,80,1,5110,0,1,1
11,0,4,0,0,95,1,5110,0,1,1
8,22,4,0,0,69,1,4520,0,1,1
9,18,2,0,0,99,1,5110,0,0,1
12,23,1,0,0,96,1,5110,0,1,1
13,22,2,0,1,72,1,1190,0,1,1
11,19,2,0,0,68,0,5110,0,1,1
12,4,0,0,0,52,1,5110,0,1,1
11,0,6,0,0,66,0,4710,0,1,1
11,0,4,0,0,73,0,5110,0,1,1
9,22,1,0,0,69,0,1340,0,1,1
6,22,4,0,0,91,1,5110,0,1,1
13,1,1,0,0,55,1,5110,0,1,1
11,22,1,0,0,54,1,5110,0,1,1
11,22,1,0,0,62,2,5110,0,1,1
13,3,2,0,0,65,1,5110,0,0,1
9,18,4,0,0,67,0,5110,0,1,1
5,22,6,0,0,56,1,5110,0,0,1
10,3,1,0,0,74,2,5110,0,1,1
13,20,3,0,0,71,1,1090,0,0,1
12,18,1,0,0,56,0,5090,0,1,1
9,20,4,0,0,53,0,5110,0,1,1
11,21,5,0,0,84,0,5110,0,1,1
13,22,0,0,1,92,2,1210,0,0,1
13,3,3,0,0,85,1,5110,0,1,1
4,14,2,0,1,5,1,20,0,0,0
13,3,3,0,0,81,0,5100,0,1,1
5,8,1,0,1,11,1,60,0,0,0
12,18,3,0,1,70,0,2870,0,1,1
12,3,3,0,0,74,1,4370,0,0,1
13,20,5,0,0,98,1,5110,0,1,1
2,14,1,0,1,12,2,20,0,0,0
6,23,3,0,0,73,1,5110,0,1,1
7,20,1,0,0,83,0,5110,0,1,1
9,4,4,0,0,90,0,2120,0,0,1
9,2,4,0,0,75,0,2380,0,1,1
1,16,1,0,0,5,2,200,0,0,0
10,3,1,0,1,87,1,1950,0,1,1
3,19,6,0,0,70,0,4820,0,1,1
12,4,6,0,0,96,1,5110,0,1,1
3,8,4,0,1,3,2,10,0,0,0
12,1,2,0,0,70,2,5090,0,1,1
10,2,6,0,0,58,2,5110,0,1,1
9,5,6,0,0,54,0,5110,0,1,1
12,1,1,0,0,97,0,5110,0,0,1
11,21,2,0,0,93,2,2500,0,0,1
9,19,0,0,0,58,2,5110,0,1,1
11,21,4,0,0,76,0,2430,0,0,1
13,19,6,0,0,58,2,5110,0,1,1
9,20,5,0,0,77,2,1470,0,1,1
12,18,5,0,0,81,2,2750,0,1,1
2,15,0,0,1,8,0,10,0,0,0
9,1,4,0,0,94,2,5110,0,1,1
5,17,1,0,1,8,2,90,0,0,0
9,20,0,0,0,54,2,5110,0,0,1
8,3,4,0,1,83,2,1080,0,1,1
5,9,3,0,0,13,2,10,0,0,0
10,19,5,0,0,72,2,2720,0,1,1
12,0,3,0,0,95,1,5110,0,1,1
11,22,2,0,0,56,0,1130,0,1,1
1,12,3,0,1,1,1,10,0,0,0
9,21,2,0,0,54,0,5110,0,1,1
9,23,4,0,0,60,2,5110,0,1,1
4,12,1,0,1,2,2,50,0,1,0
9,2,5,0,0,82,2,2610,0,0,1
11,3,6,0,0,69,1,5110,0,1,1
4,22,3,0,0,59,0,5100,0,1,1
11,2,5,0,0,50,0,4770,0,1,1
5,18,4,0,1,12,0,210,0,0,0
12,5,6,0,0,54,0,5110,0,1,1
4,18,2,0,1,10,0,10,0,0,0
10,21,0,0,0,61,1,5110,0,1,1
12,18,3,0,1,54,1,2530,0,1,1
6,0,1,0,0,55,2,820,0,1,1
13,21,6,0,0,97,2,5110,0,1,1
12,22,3,0,0,56,2,2550,0,1,1
1,8,0,0,1,3,1,10,0,0,0
12,19,3,0,0,59,0,2920,0,1,1
9,0,4,0,0,61,1,4820,0,0,1
4,15,1,0,1,10,0,40,0,0,0
10,18,5,0,0,85,1,5110,0,1,1
10,21,1,0,0,64,2,5110,0,0,1
3,12,0,0,1,6,2,10,0,0,0
11,0,2,0,0,97,2,1720,0,0,1
6,2,0,0,0,64,0,1200,0,1,1
6,20,6,0,0,79,1,1490,0,0,1
6,19,4,0,0,91,2,10,0,0,1
9,2,0,0,0,89,1,5100,0,1,1
7,23,0,0,0,85,2,5110,0,1,1
1,17,3,0,0,12,1,70,0,0,0
10,19,6,0,1,55,0,2190,0,1,1
12,21,1,0,0,85,0,5110,0,1,1
10,23,4,0,1,72,1,2710,0,0,1
12,19,5,0,0,74,0,2520,0,0,1
14,3,1,0,1,63,0,30,0,0,1
10,2,6,0,1,80,2,2340,0,1,1
3,9,3,0,1,7,1,40,0,0,0
10,23,2,0,0,54,1,5110,0,0,1
9,4,5,0,0,68,2,5090,0,1,1
7,20,2,0,0,68,2,1350,0,1,1
9,3,1,0,0,79,0,5100,0,1,1
10,19,3,0,0,94,2,5100,0,0,1
11,1,3,0,0,76,0,4780,0,1,1
11,3,1,0,0,68,0,5110,0,1,1
13,18,5,0,0,84,0,5110,0,1,1
9,2,2,0,0,72,1,5090,0,1,1
1,9,1,0,1,19,2,150,0,0,0
10,19,1,0,0,84,0,5110,0,0,1
11,23,4,0,0,82,1,5110,0,1,1
12,0,5,0,0,90,2,2220,0,1,1
10,5,0,0,0,97,0,5100,0,1,1
5,1,1,0,0,81,1,5110,0,1,1
10,0,3,0,0,85,2,4480,0,0,1
5,7,3,0,0,6,1,80,0,0,0
9,20,2,0,0,69,1,5110,0,1,1
13,4,3,0,0,70,2,4500,0,1,1
6,23,3,0,0,80,1,5110,0,1,1
1,7,3,0,1,18,1,10,0,0,0
13,4,1,0,0,60,1,5100,0,1,1
1,13,3,0,1,7,2,10,0,0,0
1,18,4,0,1,17,2,10,0,0,0
10,23,0,0,0,91,0,5110,0,1,1
10,4,2,0,0,78,1,5100,0,1,1
11,23,4,0,0,70,1,5110,0,0,1
5,7,0,0,1,18,1,20,0,0,0
9,4,2,0,0,69,0,5100,0,0,1
9,19,1,0,0,63,1,1400,0,1,1
2,16,3,0,1,5,0,50,0,0,0
9,22,0,0,1,73,1,3000,0,1,1
1,12,3,0,0,16,2,220,0,0,0
4,12,1,0,1,5,1,110,0,0,0
3,18,3,0,0,71,1,2740,0,1,1
4,8,0,0,1,13,1,30,0,0,0
12,1,1,0,0,82,1,5110,0,0,1
11,20,4,0,0,51,0,5100,0,1,1
11,18,1,0,0,50,1,5110,0,1,1
13,0,2,0,0,68,2,5090,0,1,1
12,23,4,0,0,50,0,5110,0,1,1
4,12,1,0,1,11,1,10,0,0,0
11,3,2,0,0,51,2,5100,0,1,1
12,19,3,0,0,62,1,5110,0,1,1
2,16,3,0,1,2,2,340,0,0,0
10,23,1,0,0,56,0,5110,0,0,1
3,7,0,0,0,15,2,120,0,0,0
13,5,2,0,0,86,2,5110,0,1,1
9,20,5,0,0,55,1,5110,0,0,1
9,4,6,0,0,64,1,1030,0,1,1
12,2,2,0,0,56,2,2220,0,1,1
11,4,1,0,1,85,0,5100,0,1,1
13,2,6,0,0,54,1,5110,0,1,1
13,18,6,0,0,80,1,5110,0,1,1
11,21,4,0,0,96,0,990,0,1,1
12,2,6,0,0,64,1,5110,0,1,1
13,1,3,0,0,51,2,5110,0,0,1
11,1,5,0,0,59,0,5110,0,0,1
13,20,0,0,0,58,0,5070,0,1,1
1,12,3,0,1,16,0,10,0,0,0
9,21,4,0,0,90,2,5100,0,1,1
12,19,4,0,1,82,0,1420,0,1,1
4,12,0,0,1,7,1,30,0,0,0
7,23,6,0,0,61,2,5110,0,1,1
11,3,5,0,0,71,1,4860,0,0,1
12,22,2,0,1,59,0,1440,0,0,1
9,23,2,0,1,77,2,1260,0,1,1
2,12,3,0,1,13,1,740,0,0,0
6,3,1,0,0,72,2,5110,0,1,1
10,19,4,0,0,79,2,5110,0,1,1
9,3,4,0,0,50,2,5110,0,1,1
4,18,1,0,0,79,1,5110,0,0,1
13,18,4,0,0,62,0,5100,0,1,1
1,8,0,0,1,7,0,40,0,0,0
12,3,5,0,0,60,2,1470,0,1,1
12,4,6,0,0,56,1,5110,0,1,1
10,4,2,0,0,63,0,2140,0,1,1
10,18,2,0,0,71,2,5110,0,0,1
10,22,5,0,0,76,1,5110,0,0,1
8,22,6,0,0,51,1,5110,0,0,1
5,22,5,0,0,98,2,5100,0,0,1
1,16,2,0,1,15,2,10,0,0,0
5,20,5,0,0,60,2,5110,0,0,1
11,3,4,0,0,56,2,5110,0,1,1
1,10,4,0,1,1,0,20,0,0,0
11,19,1,0,0,76,1,5110,0,1,1
10,19,2,0,0,82,2,2880,0,0,1
2,10,1,0,0,0,2,170,0,0,0
1,9,2,0,0,10,1,10,0,1,0
9,20,0,0,0,86,1,5110,0,1,1
2,12,4,0,1,1,0,10,0,0,0
12,22,4,0,0,77,1,5110,0,1,1
9,2,3,0,0,84,1,5100,0,1,1
4,21,2,0,0,81,2,5110,0,1,1
9,3,5,0,0,70,1,5080,0,1,1
12,20,4,0,0,91,0,2030,0,1,1
9,4,6,0,0,73,1,5110,0,1,1
10,1,3,0,0,61,1,5110,0,0,1
11,0,4,0,0,83,0,5110,0,1,1
8,19,0,0,0,60,0,5110,0,1,1
4,11,4,0,1,16,1,180,0,0,0
5,9,4,0,1,17,1,120,0,0,0
2,16,4,0,0,6,2,10,0,0,0
9,5,6,0,0,82,0,5110,0,0,1
9,23,3,0,0,66,1,5110,0,1,1
4,4,2,0,0,70,0,5110,0,0,1
2,11,2,0,0,16,1,290,0,0,0
3,8,3,0,1,1,0,50,0,0,0
10,4,3,0,0,97,1,5110,0,1,1
13,2,4,0,0,52,2,5080,0,1,1
9,21,6,0,0,65,0,2540,0,1,1
2,15,2,0,0,0,1,10,0,0,0
12,23,1,0,0,99,2,2910,0,0,1
10,22,3,0,0,76,1,5110,0,0,1
9,3,2,0,0,57,2,5100,0,0,1
2,16,4,0,1,5,2,20,0,0,0
10,20,6,0,0,55,2,5110,0,0,1
4,17,1,0,0,0,1,10,0,0,0
12,22,5,0,0,87,2,5110,0,1,1
3,10,3,0,1,0,0,960,0,0,0
10,3,2,0,1,59,1,2050,0,0,1
5,16,3,0,1,13,2,330,0,0,0
10,21,5,0,0,74,1,5100,0,1,1
10,4,3,0,0,52,0,5110,0,0,1
5,17,2,0,1,13,2,150,0,0,0
9,21,5,0,0,73,1,2220,0,1,1
7,22,3,0,0,82,2,2760,0,1,1
11,18,3,0,0,54,1,5110,0,1,1
5,13,1,0,1,16,2,30,0,0,0
11,19,1,0,1,99,0,1300,0,1,1
13,1,6,0,0,77,0,5100,0,1,1
10,19,4,0,0,92,2,5110,0,0,1
13,23,4,0,0,61,2,5110,0,1,1
12,20,5,0,0,55,1,860,0,0,1
12,22,3,0,0,93,1,1750,0,1,1
5,2,6,0,0,57,0,5110,0,1,1
12,22,0,0,0,94,0,5110,0,0,1
8,7,4,0,1,4,2,130,0,0,0
3,15,3,0,1,17,2,40,0,0,0
11,1,6,0,1,90,2,1700,0,1,1
13,23,2,0,0,90,2,5110,0,1,1
13,5,5,0,1,78,2,2450,0,0,1
11,21,3,0,0,76,0,5110,0,1,1
13,3,3,0,0,83,0,5110,0,1,1
13,18,6,0,0,67,2,5110,0,1,1
10,19,3,0,1,67,0,20,0,0,1
10,21,0,0,0,63,1,5110,0,0,1
9,23,0,0,0,77,0,5110,0,1,1
5,18,2,0,0,59,1,5110,0,0,1
2,14,4,0,1,9,1,40,0,0,0
11,5,1,0,0,66,2,5110,0,1,1
13,3,5,0,0,64,2,5110,0,1,1
12,19,3,0,0,65,1,5110,0,1,1
10,5,0,0,0,76,0,2820,0,1,1
4,7,3,0,1,1,1,130,0,0,0
11,23,1,0,0,87,0,5090,0,1,1
13,23,0,0,0,73,2,5110,0,0,1
10,1,5,0,0,84,2,5110,0,1,1
11,0,1,0,0,53,1,2700,0,1,1
12,23,1,0,0,68,2,5110,0,0,1
11,2,4,0,0,53,2,1230,0,1,1
12,1,4,0,0,71,0,5110,0,1,1
9,0,5,0,0,71,2,5110,0,0,1
7,20,1,0,0,89,1,5110,0,1,1
1,7,4,0,0,6,2,150,0,0,0
12,20,2,0,0,96,0,5100,0,1,1
4,17,4,0,1,11,0,30,0,0,0
10,5,5,0,0,99,2,5110,0,0,1
13,22,4,0,0,89,2,5110,0,1,1
7,4,2,0,0,74,0,5110,0,1,1
9,18,1,0,0,61,1,5110,0,1,1
5,8,3,0,1,6,2,20,0,0,0
2,13,1,0,0,11,1,10,0,0,0
9,23,6,0,0,87,2,5110,0,1,1
9,0,5,0,0,94,0,5110,0,0,1
10,4,6,0,0,93,0,5110,0,1,1
10,3,4,0,0,88,2,5110,0,1,1
5,7,2,0,1,14,2,10,0,0,0
6,7,3,0,1,7,0,60,0,0,0
12,22,6,0,0,62,0,5110,0,1,1
4,13,2,0,0,16,0,10,0,0,0
1,14,1,0,0,17,0,10,0,0,0
14,21,3,0,1,97,2,20,0,1,1
13,0,5,0,0,59,0,5110,0,1,1
10,23,3,0,0,62,1,5110,0,1,1
12,18,0,0,0,50,1,1420,0,0,1
4,9,2,0,1,16,0,10,0,0,0
11,4,3,0,0,83,2,5110,0,1,1
13,21,5,0,0,57,1,5100,0,0,1
9,23,1,0,0,80,0,5110,0,0,1
6,0,1,0,0,67,2,5110,0,1,1
5,1,5,0,0,66,2,5110,0,1,1
3,7,0,0,0,3,1,40,0,0,0
12,22,1,0,1,68,2,2420,0,0,1
9,0,0,0,0,69,2,5110,0,0,1
13,19,6,0,0,77,2,5110,0,1,1
11,18,4,0,0,72,0,2940,0,1,1
10,1,3,0,1,59,0,2250,0,1,1
10,0,4,0,0,74,0,2440,0,1,1
9,0,0,0,0,69,1,4560,0,0,1
9,2,3,0,0,96,0,2310,0,0,1
6,2,6,0,0,51,1,2540,0,1,1
1,17,3,0,1,18,1,50,0,0,0
7,7,4,0,1,14,1,10,0,0,0
9,18,5,0,0,79,2,5110,0,1,1
4,16,3,0,1,12,2,10,0,0,0
9,5,6,0,0,62,0,5110,0,0,1
3,8,4,0,1,0,1,10,0,0,0
9,23,6,0,0,69,0,5110,0,1,1
10,2,4,0,0,99,0,5110,0,1,1
13,1,3,0,0,89,0,2180,0,1,1
5,18,2,0,1,11,2,10,0,0,0
10,0,3,0,0,71,0,5110,0,1,1
12,22,1,0,1,64,0,10,0,1,1
13,4,3,0,0,53,0,5110,0,0,1
12,1,0,0,0,53,1,5110,0,1,1
7,5,6,0,1,82,2,1470,0,0,1
12,1,3,0,0,61,2,1190,0,1,1
11,2,5,0,0,86,0,5100,0,1,1
10,0,5,0,0,75,0,5110,0,0,1
3,14,0,0,1,11,1,20,0,0,0
10,2,0,0,0,59,2,5110,0,1,1
10,1,3,0,0,66,0,5110,0,1,1
13,23,6,0,0,76,2,5110,0,1,1
6,23,4,0,0,98,1,5110,0,0,1
7,21,5,0,0,60,1,5110,0,1,1
10,2,3,0,1,64,0,1150,0,1,1
12,0,3,0,0,75,1,5110,0,1,1
9,3,0,0,0,65,0,5110,0,1,1
3,9,0,0,1,9,1,30,0,0,0
11,1,5,0,0,78,0,5110,0,1,1
10,23,3,0,0,76,2,5110,0,1,1
3,1,4,0,0,63,2,5110,0,1,1
7,21,5,0,0,70,2,5110,0,0,1
10,23,1,0,0,71,0,5110,0,1,1
11,19,3,0,1,63,0,950,0,1,1
1,12,1,0,1,19,2,50,0,0,0
11,20,4,0,0,81,2,5050,0,0,1
12,2,5,0,1,64,1,340,0,1,1
11,18,0,0,0,73,0,5110,0,1,1
9,23,2,0,0,51,2,5110,0,0,1
9,0,5,0,0,52,0,5110,0,1,1
11,20,3,0,0,70,2,2700,0,1,1
12,19,6,0,0,79,0,5110,0,1,1
12,23,6,0,0,56,0,5110,0,0,1
5,1,6,0,0,94,0,5110,0,1,1
3,1,3,0,0,68,1,4550,0,1,1
6,1,6,0,0,63,0,5110,0,0,1
13,1,2,0,0,86,1,5110,0,0,1
7,5,6,0,0,96,0,5110,0,0,1
3,18,4,0,1,6,1,410,0,0,0
4,19,2,0,0,91,0,5110,0,0,1
10,4,5,0,0,67,2,5110,0,1,1
10,2,1,0,0,83,1,5110,0,0,1
13,23,1,0,0,69,1,5110,0,1,1
4,18,1,0,0,78,2,5110,0,1,1
12,3,1,0,0,84,2,2530,0,1,1
11,21,5,0,0,59,0,5110,0,1,1
9,2,0,0,0,73,2,5110,0,1,1
4,20,2,0,0,93,1,2270,0,1,1
14,20,3,0,0,71,0,60,0,1,1
11,21,1,0,0,95,1,2940,0,1,1
13,1,5,0,1,65,2,2460,0,1,1
3,18,0,0,1,18,1,80,0,0,0
4,1,3,0,0,99,0,5110,0,1,1
12,5,5,0,0,91,2,5110,0,1,1
13,0,6,0,0,77,2,2620,0,0,1
9,23,1,0,0,62,2,5110,0,1,1
13,23,3,0,0,77,0,5110,0,1,1
11,0,3,0,0,72,1,3000,0,0,1
12,19,1,0,0,79,0,5110,0,1,1
13,19,5,0,0,65,2,4810,0,1,1
10,0,5,0,0,89,2,5110,0,1,1
12,19,0,0,0,78,2,5110,0,0,1
11,4,1,0,0,58,1,1260,0,1,1
7,22,6,0,0,56,1,1020,0,1,1
13,22,4,0,0,98,1,5110,0,1,1
8,21,5,0,0,60,1,2330,0,1,1
9,21,1,0,1,53,0,2000,0,1,1
11,0,0,0,0,51,1,5100,0,1,1
9,1,2,0,0,94,2,4750,0,1,1
4,5,0,0,0,76,2,5110,0,1,1
11,19,5,0,1,62,0,1940,0,1,1
7,22,3,0,0,68,1,5110,0,1,1
7,0,1,0,0,74,1,2940,0,1,1
12,3,4,0,0,55,2,5110,0,1,1
3,14,1,0,1,18,2,10,0,0,0
9,3,3,0,0,61,1,5110,0,1,1
12,20,0,0,0,75,2,5110,0,1,1
10,21,3,0,0,70,0,5110,0,1,1
9,23,1,0,0,96,2,5110,0,0,1
10,3,0,0,0,80,1,5110,0,0,1
13,22,0,0,0,71,2,5110,0,0,1
11,3,1,0,0,79,2,5110,0,1,1
4,11,3,0,1,15,1,30,0,0,0
13,19,4,0,0,86,1,5110,0,1,1
13,21,5,0,0,74,2,5110,0,1,1
1,11,3,0,1,1,1,10,0,0,0
10,18,0,0,0,74,0,1420,0,1,1
12,20,0,0,0,64,2,5110,0,0,1
12,19,5,0,0,60,2,1940,0,1,1
11,23,4,0,0,92,0,5110,0,1,1
13,23,2,0,1,96,0,2560,0,0,1
12,0,1,0,0,95,0,2140,0,1,1
10,21,1,0,0,94,1,5110,0,1,1
2,16,4,0,1,10,0,60,0,0,0
12,5,1,0,0,68,1,4490,0,1,1
1,12,4,0,0,10,1,50,0,0,0
1,12,2,0,1,8,0,180,0,0,0
10,1,3,0,1,80,0,2870,0,1,1
12,21,5,0,0,74,2,5090,0,1,1
9,0,5,0,0,90,2,5110,0,0,1
10,22,1,0,0,96,1,5110,0,1,1
12,22,2,0,0,97,2,5110,0,0,1
9,1,0,0,0,88,2,5110,0,1,1
6,21,2,0,0,85,0,1490,0,1,1
3,13,4,0,1,16,1,10,0,0,0
10,19,5,0,0,65,2,5110,0,1,1
12,1,4,0,0,77,0,5100,0,1,1
11,3,4,0,0,74,2,5100,0,1,1
4,23,3,0,0,61,2,4670,0,0,1
11,23,2,0,0,66,0,5100,0,1,1
9,18,1,0,0,99,0,5110,0,0,1
4,3,2,0,0,97,0,5110,0,1,1
13,21,1,0,0,92,0,5100,0,0,1
11,19,5,0,1,84,1,1100,0,0,1
12,18,2,0,0,50,0,5090,0,1,1
11,0,3,0,0,87,2,5110,0,0,1
13,19,3,0,0,82,2,5110,0,1,1
6,19,0,0,0,86,0,1270,0,1,1
11,5,0,0,0,60,2,2440,0,0,1
13,0,1,0,0,90,0,5110,0,1,1
12,5,5,0,0,59,0,2660,0,1,1
5,15,1,0,1,1,1,10,0,0,0
11,23,6,0,0,97,2,5110,0,0,1
11,18,5,0,0,55,2,5110,0,1,1
5,4,5,0,0,60,0,2970,0,1,1
12,18,5,0,0,57,1,2230,0,1,1
12,19,4,0,0,96,0,5110,0,1,1
12,20,1,0,0,73,1,5110,0,1,1
6,15,4,0,1,6,2,10,1,0,0
9,21,6,0,0,69,0,5110,0,1,1
1,12,0,0,1,14,1,10,0,0,0
1,14,2,0,1,5,0,50,0,0,0
12,5,4,0,0,58,0,5110,0,0,1
12,23,2,0,0,77,1,5110,0,0,1
3,15,1,0,0,8,1,70,0,0,0
13,18,6,0,0,68,0,5110,0,0,1
9,21,2,0,0,65,0,5110,0,1,1
10,3,1,0,0,99,2,5110,0,0,1
5,11,1,0,1,19,2,10,0,0,0
9,0,3,0,0,57,1,5110,0,1,1
10,2,0,0,1,95,0,2950,0,1,1
8,22,3,0,0,78,1,5110,0,1,1
13,5,4,0,0,96,0,5110,0,1,1
5,18,1,0,1,2,1,140,0,0,0
11,2,3,0,0,63,0,4520,0,1,1
10,0,0,0,0,82,0,4630,0,1,1
12,22,5,0,1,61,0,2340,0,1,1
1,13,4,0,1,11,2,10,0,0,0
11,21,3,0,0,84,0,5110,0,1,1
11,18,6,0,0,97,0,5110,0,1,1
13,20,0,0,0,88,2,2740,0,0,1
10,2,0,0,0,97,0,5110,0,1,1
5,21,2,0,0,57,1,2200,0,0,1
6,15,3,0,1,5,2,2060,0,0,0
6,20,2,0,0,96,0,5110,0,0,1
13,0,0,0,0,61,2,5100,0,1,1
9,22,4,0,0,81,1,5110,0,1,1
3,14,2,0,1,13,0,20,0,0,0
9,22,2,0,0,84,1,5110,0,1,1
5,9,0,0,1,13,2,10,0,0,0
11,5,0,0,0,90,2,2430,0,1,1
9,19,4,0,0,50,1,4810,0,1,1
13,2,1,0,0,78,0,1270,0,0,1
9,21,2,0,0,56,0,2750,0,1,1
9,21,6,0,1,83,0,2020,0,1,1
12,2,2,0,0,85,0,20,0,1,1
13,4,4,0,0,78,2,5110,0,1,1
12,1,1,0,0,96,1,5110,0,1,1
7,4,2,0,0,87,2,5110,0,1,1
10,2,2,0,0,56,2,5110,0,1,1
9,4,1,0,0,93,0,5110,0,1,1
8,18,6,0,0,81,0,5110,0,1,1
9,4,3,0,0,52,0,5110,0,1,1
9,11,1,0,1,19,0,120,0,0,0
12,0,3,0,0,76,2,5110,0,1,1
4,4,1,0,0,67,0,2980,0,1,1
13,3,3,0,0,62,2,5110,0,1,1
3,1,1,0,0,82,2,5110,0,0,1
12,3,6,0,1,66,1,2510,0,0,1
10,2,0,0,0,72,0,1210,0,1,1
10,3,1,0,0,89,1,1430,0,0,1
13,0,1,0,0,56,1,5110,0,1,1
10,5,2,0,0,96,2,5100,0,1,1
5,4,4,0,0,52,1,5110,0,1,1
7,19,2,0,0,86,0,5110,0,1,1
10,0,3,0,0,68,2,5110,0,1,1
9,4,4,0,0,93,2,5110,0,1,1
10,2,4,0,0,73,0,5110,0,1,1
5,18,4,0,0,4,0,50,0,0,0
11,21,1,0,0,66,1,5110,0,0,1
12,22,0,0,0,50,0,1050,0,0,1
7,21,4,0,0,57,0,5110,0,1,1
1,13,4,0,1,13,2,20,0,0,0
10,3,1,0,0,66,1,2160,0,1,1
10,4,0,0,1,59,0,1240,0,1,1
2,11,0,0,1,0,2,60,0,0,0
12,20,4,0,0,63,2,2060,0,1,1
5,3,0,0,0,88,2,5110,0,1,1
11,18,5,0,1,92,2,2040,0,0,1
10,1,3,0,0,88,2,5100,0,0,1
5,14,2,0,1,18,1,30,0,0,0
4,13,2,0,0,10,2,110,0,0,0
11,0,5,0,0,86,2,5110,0,1,1
9,1,3,0,0,85,2,5110,0,1,1
13,4,1,0,0,61,1,2850,0,1,1
4,10,4,0,1,12,0,20,0,0,0
13,22,4,0,0,71,0,5090,0,1,1
12,1,4,0,0,97,0,5110,0,0,1
9,1,3,0,0,96,0,5110,0,1,1
1,13,3,0,1,0,1,80,0,0,0
13,19,0,0,1,94,2,1130,0,0,1
13,22,6,0,1,79,2,2710,0,0,1
9,3,0,0,0,60,2,5110,0,1,1
11,18,5,0,0,67,2,5110,0,0,1
5,5,1,0,0,92,2,2800,0,0,1
10,4,3,0,0,79,1,5110,0,1,1
9,4,3,0,0,65,0,5110,0,1,1
3,20,0,0,0,80,1,5110,0,1,1
11,1,4,0,0,81,1,1210,0,1,1
12,2,1,0,0,61,2,2110,0,0,1
9,2,4,0,0,52,2,2850,0,0,1
9,4,3,0,0,50,0,5100,0,1,1
3,16,2,0,1,14,0,10,0,0,0
1,9,0,0,1,14,1,220,0,0,0
1,8,1,0,1,17,1,450,0,0,0
10,5,6,0,0,67,1,5110,0,1,1
11,2,4,0,0,77,0,1110,0,1,1
12,3,2,0,0,80,0,4490,0,1,1
11,19,1,0,0,61,1,5100,0,0,1
6,19,3,0,1,93,0,1130,0,1,1
10,22,2,0,0,79,0,5110,0,1,1
9,21,6,0,0,66,2,5110,0,0,1
11,5,2,0,1,72,0,140,0,1,1
11,0,3,0,0,83,0,5100,0,1,1
12,0,0,0,0,97,1,5110,0,0,1
12,23,3,0,0,89,2,2650,0,1,1
11,3,2,0,0,66,0,1350,0,1,1
10,2,0,0,0,86,2,2740,0,1,1
11,21,0,0,0,77,0,5110,0,1,1
12,0,0,0,0,83,0,5110,0,1,1
6,22,1,0,0,89,0,2260,0,0,1
7,3,2,0,0,68,1,5110,0,1,1
9,20,0,0,0,61,2,10,0,1,1
9,23,5,0,0,74,0,5110,0,1,1
10,5,2,0,0,60,1,1190,0,1,1
3,18,2,0,1,99,0,2860,0,1,1
12,18,5,0,1,92,2,5100,0,1,1
3,9,3,0,0,2,0,30,0,0,0
10,2,2,0,0,68,1,5110,0,0,1
9,4,0,0,0,61,2,5110,0,1,1
13,21,4,0,0,60,2,1320,0,0,1
8,4,0,0,0,81,1,5110,0,1,1
11,4,4,0,0,56,0,2130,0,0,1
2,7,0,0,1,13,1,80,0,0,0
12,0,3,0,0,80,1,2480,0,0,1
12,23,0,0,0,63,1,5110,0,1,1
1,12,3,0,1,17,0,180,0,0,0
11,4,5,0,0,81,1,1420,0,1,1
2,13,1,0,0,6,1,50,0,0,0
11,21,5,0,0,84,0,5110,0,0,1
13,22,2,0,0,95,2,5110,0,0,1
3,10,0,0,1,12,2,20,0,0,0
11,2,2,0,0,78,1,5110,0,1,1
10,0,4,0,0,85,0,5110,0,1,1
5,7,0,0,1,18,1,190,0,0,0
12,0,3,0,0,99,0,2790,0,0,1
10,19,5,0,0,50,2,5100,0,1,1
3,10,1,0,0,1,1,50,0,0,0
13,4,0,0,0,76,2,1040,0,0,1
12,3,4,0,0,64,0,2450,0,0,1
5,3,2,0,0,61,2,2260,0,1,1
11,18,0,0,0,74,1,5110,0,1,1
9,1,3,0,0,50,1,5110,0,1,1
13,20,2,0,0,99,1,2740,0,1,1
3,21,1,0,0,99,0,1070,0,1,1
1,12,3,0,1,17,1,270,0,0,0
11,19,0,0,0,67,1,5110,0,1,1
1,11,2,0,1,11,0,10,0,0,0
11,19,6,0,0,66,0,5090,0,1,1
12,20,1,0,0,95,0,5110,0,1,1
11,21,0,0,0,73,2,5110,0,1,1
9,18,0,0,0,68,2,5110,0,1,1
6,22,6,0,0,53,0,5110,0,1,1
12,18,0,0,1,69,0,2330,0,0,1
10,1,4,0,0,76,1,5110,0,0,1
10,21,1,0,1,63,0,2620,0,0,1
12,1,1,0,1,68,0,2410,0,1,1
12,20,0,0,0,95,2,5110,0,1,1
13,3,2,0,0,84,1,10,0,1,1
12,23,2,0,0,99,2,5110,0,1,1
4,12,4,0,1,17,2,40,0,0,0
12,22,4,0,0,84,0,5110,0,1,1
5,8,3,0,1,5,2,10,0,0,0
1,13,4,0,1,17,1,100,0,1,0
10,2,3,0,0,72,0,2420,0,1,1
5,7,4,0,1,13,1,10,0,0,0
5,17,0,0,1,11,0,10,0,0,0
5,18,4,0,1,2,0,10,0,0,0
12,1,5,0,1,68,2,1280,0,1,1
9,20,0,0,0,69,0,5110,0,0,1
2,15,3,0,1,19,1,10,0,0,0
9,20,4,0,0,50,2,5110,0,1,1
9,0,0,0,0,91,0,5110,0,1,1
3,12,0,0,1,9,0,210,0,0,0
11,1,4,0,0,55,0,5110,0,1,1
4,18,2,0,0,16,1,430,0,0,0
13,3,1,0,0,70,0,5110,0,1,1
12,2,5,0,0,53,0,1120,0,1,1
5,3,5,0,0,78,0,5110,0,1,1
12,23,5,0,0,59,0,5110,0,1,1
12,5,6,0,0,57,0,1400,0,1,1
9,4,4,0,0,89,2,2100,0,1,1
12,4,0,0,0,82,0,5110,0,1,1
12,5,0,0,0,63,0,5110,0,1,1
12,22,0,0,0,95,1,5110,0,0,1
9,5,0,0,0,99,2,5100,0,1,1
10,20,2,0,0,93,2,5100,0,1,1
13,0,3,0,0,73,1,5110,0,1,1
9,5,5,0,0,79,2,4540,0,1,1
9,18,6,0,0,98,0,5110,0,1,1
10,4,5,0,0,66,2,5110,0,1,1
13,4,4,0,0,95,2,1460,0,1,1
4,0,5,0,0,58,1,5110,0,1,1
9,21,4,0,0,78,1,5110,0,1,1
5,22,0,0,0,90,0,4530,0,1,1
9,18,1,0,1,11,1,50,0,0,0
6,0,0,0,0,57,0,5110,0,1,1
13,3,0,0,0,64,0,5110,0,1,1
9,21,6,0,1,90,0,2320,0,0,1
10,1,2,0,1,81,0,1860,0,1,1
11,5,5,0,0,79,2,5110,0,1,1
3,12,1,0,0,18,0,320,0,0,0
12,5,4,0,1,80,1,900,0,1,1
2,12,0,0,0,8,1,100,0,1,0
13,22,5,0,0,65,1,5110,0,0,1
11,18,5,0,0,50,1,5110,0,1,1
13,4,1,0,0,63,2,5110,0,0,1
3,15,4,0,1,18,2,60,0,0,0
13,23,1,0,0,58,2,5100,0,0,1
9,21,5,0,0,61,0,5110,0,0,1
13,0,2,0,0,78,2,5110,0,1,1
3,18,2,0,0,61,2,5110,0,1,1
8,20,1,0,0,65,1,800,0,0,1
9,23,5,0,0,87,1,1010,0,0,1
13,19,5,0,0,83,0,5110,0,1,1
9,3,0,0,0,99,2,5110,0,1,1
9,22,1,0,0,75,2,1180,0,1,1
11,2,5,0,0,77,2,10,0,1,1
9,20,6,0,0,88,0,5110,0,1,1
10,2,6,0,0,94,1,5110,0,1,1
7,21,0,0,1,83,2,1550,0,0,1
2,16,0,0,1,8,1,30,0,0,0
9,18,3,0,1,64,0,1390,0,1,1
11,5,1,0,0,93,0,5110,0,0,1
12,0,6,0,0,62,2,5110,0,1,1
13,21,1,0,0,73,1,5110,0,1,1
7,2,1,0,0,69,2,5110,0,1,1
1,14,3,0,0,13,0,20,0,0,0
4,23,4,0,0,97,2,5110,0,1,1
11,4,2,0,0,81,1,5110,0,1,1
12,3,3,0,1,68,0,2030,0,1,1
13,5,4,0,0,59,0,4520,0,1,1
12,3,0,0,0,51,0,5100,0,1,1
13,4,0,0,0,61,2,2260,0,1,1
13,21,5,0,1,71,2,2350,0,1,1
1,15,1,0,0,3,1,80,0,0,0
3,11,3,0,1,11,2,40,0,0,0
13,20,6,0,0,50,2,5090,0,1,1
11,18,6,0,0,82,2,1140,0,1,1
3,19,6,0,0,92,0,2520,0,0,1
9,5,5,0,0,77,0,5110,0,1,1
12,22,6,0,0,81,2,5110,0,1,1
1,10,0,0,1,14,2,10,0,0,0
13,19,5,0,0,51,2,5090,0,1,1
11,20,5,0,0,84,1,5110,0,1,1
10,2,0,0,0,53,0,5110,0,1,1
7,20,0,0,0,52,0,5110,0,1,1
10,2,0,0,0,63,2,5110,0,0,1
12,0,0,0,0,64,2,2550,0,1,1
13,19,3,0,0,50,0,5110,0,0,1
11,0,0,0,0,56,1,5110,0,1,1
13,1,6,0,0,84,2,4770,0,0,1
4,18,2,0,1,8,2,10,0,0,0
9,21,5,0,0,96,2,5110,0,1,1
13,4,5,0,1,75,1,1020,0,0,1
7,0,2,0,0,57,0,1200,0,1,1
5,4,4,0,1,58,2,620,0,1,1
12,5,1,0,1,64,0,10,0,1,1
10,0,1,0,0,59,0,2960,0,1,1
11,3,1,0,0,80,2,5110,0,0,1
9,0,2,0,0,51,2,1500,0,1,1
11,0,2,0,0,56,0,860,0,0,1
13,19,2,0,0,67,1,5110,0,1,1
11,0,5,0,1,89,0,10,0,0,1
12,23,3,0,0,83,0,2270,0,0,1
7,1,1,0,0,58,0,5110,0,1,1
11,20,6,0,0,94,1,1630,0,1,1
9,23,0,0,0,64,0,5110,0,0,1
10,1,3,0,0,71,1,5110,0,1,1
2,7,1,0,1,13,0,10,0,0,0
5,18,0,0,0,84,1,5110,0,1,1
5,18,5,0,0,95,2,1170,0,1,1
6,14,3,0,0,9,1,10,0,0,0
12,21,3,0,0,75,0,5110,0,1,1
4,11,2,0,1,5,1,10,0,0,0
12,22,1,0,0,78,1,5110,0,1,1
12,23,3,0,0,74,2,2560,0,0,1
13,18,4,0,0,56,1,4630,0,0,1
10,0,6,0,0,67,2,5110,0,1,1
12,23,4,0,0,71,0,5110,0,1,1
4,4,2,0,0,82,1,5110,0,1,1
12,4,3,0,1,97,0,2830,0,1,1
11,20,0,0,0,58,2,5110,0,1,1
10,22,4,0,0,56,1,5110,0,1,1
13,18,4,0,0,61,0,5110,0,1,1
10,0,3,0,0,51,2,5110,0,1,1
9,22,4,0,0,62,1,5110,0,1,1
12,11,3,0,1,14,0,60,0,0,0
7,4,6,0,0,62,1,1120,0,1,1
11,5,5,0,0,89,2,1480,0,1,1
8,3,2,0,0,56,1,5110,0,1,1
8,20,0,0,0,94,0,2660,0,1,1
9,0,5,0,0,53,2,5100,0,1,1
13,21,6,0,0,72,0,5100,0,1,1
11,20,4,0,0,59,0,2590,0,1,1
9,5,6,0,0,97,2,5110,0,0,1
10,2,1,0,0,74,1,1150,0,1,1
13,23,0,0,0,57,2,4530,0,1,1
7,2,6,0,0,63,2,5110,0,1,1
12,22,4,0,0,87,1,5110,0,1,1
12,4,1,0,0,93,1,5110,0,1,1
11,8,4,0,1,16,1,20,0,0,0
13,19,6,0,0,59,0,5110,0,1,1
2,7,2,0,1,16,2,10,0,0,0
2,18,3,0,0,15,1,170,0,0,0
12,19,0,0,0,99,1,5110,0,1,1
9,4,3,0,0,74,0,5110,0,0,1
8,5,4,0,0,55,1,2360,0,0,1
12,22,1,0,0,95,1,5110,0,1,1
11,23,0,0,0,64,0,5110,0,0,1
5,14,1,0,1,12,0,10,0,0,0
10,2,1,0,1,87,0,2020,0,1,1
11,19,1,0,0,69,0,5110,0,1,1
11,21,4,0,0,83,2,5110,0,1,1
13,4,2,0,0,67,0,5110,0,0,1
7,3,6,0,0,79,2,5100,0,1,1
9,19,3,0,0,96,2,5110,0,1,1
9,20,6,0,1,60,1,2710,0,1,1
9,19,5,0,0,81,0,5110,0,0,1
5,5,2,0,0,91,2,5100,0,1,1
9,4,4,0,0,99,1,5110,0,0,1
6,0,2,0,0,84,2,1450,0,0,1
5,9,0,0,1,6,2,40,0,0,0
8,12,1,0,0,17,2,40,0,0,0
9,22,1,0,0,65,0,1350,0,1,1
10,17,2,0,0,1,2,70,0,0,0
2,15,0,0,1,9,2,10,0,0,0
2,15,4,0,1,16,1,320,0,0,0
11,4,1,0,0,89,2,2940,0,1,1
12,21,6,0,0,80,0,5110,0,1,1
12,21,3,0,0,52,1,5110,0,1,1
10,19,2,0,0,85,2,5110,0,0,1
4,8,2,0,1,6,2,20,0,0,0
3,16,3,0,1,19,2,10,0,0,0
11,22,5,0,0,80,2,5110,0,1,1
13,4,0,0,0,77,2,5110,0,1,1
10,4,4,0,0,57,0,5110,0,0,1
11,23,6,0,0,69,2,5110,0,1,1
9,1,5,0,0,93,2,5090,0,0,1
9,0,4,0,0,77,2,2940,0,1,1
12,4,3,0,0,55,0,1340,0,0,1
13,20,4,0,0,73,0,5110,0,1,1
11,0,1,0,0,56,2,5110,0,1,1
6,21,0,0,0,61,2,2760,0,0,1
9,5,4,0,0,68,2,1440,0,1,1
8,1,5,0,0,86,0,5110,0,0,1
9,18,1,0,0,72,2,1240,0,1,1
9,2,4,0,0,72,2,5110,0,1,1
12,0,6,0,0,51,2,5110,0,1,1
8,0,4,0,0,95,0,5110,0,1,1
2,12,3,0,0,13,0,10,0,0,0
13,20,0,0,0,80,2,5110,0,1,1
13,3,1,0,0,73,2,1280,0,1,1
11,22,5,0,0,63,2,1080,0,0,1
6,0,5,0,0,55,2,5110,0,1,1
8,22,0,0,0,53,0,5110,0,0,1
13,0,0,0,0,63,1,5110,0,1,1
8,20,6,0,0,78,2,5110,0,0,1
5,15,4,0,1,7,1,100,0,0,0
13,21,6,0,0,50,1,5110,0,1,1
7,3,6,0,1,87,2,2440,0,1,1
9,3,4,0,0,78,2,2060,0,1,1
9,3,5,0,0,92,2,5110,0,1,1
10,22,1,0,0,97,0,5110,0,1,1
4,21,0,0,0,91,1,5110,0,0,1
13,1,6,0,0,87,2,5110,0,1,1
10,0,5,0,0,95,2,5100,0,0,1
7,0,0,0,0,78,0,5110,0,1,1
3,14,0,0,1,7,2,10,0,0,0
12,23,3,0,0,93,1,5110,0,1,1
9,4,2,0,0,71,1,5110,0,1,1
12,19,1,0,0,91,2,5100,0,0,1
2,11,0,0,0,4,0,10,0,0,0
11,5,2,0,0,63,0,1120,0,1,1
10,5,0,0,0,73,2,5110,0,1,1
6,22,4,0,0,94,1,5110,0,1,1
3,9,3,0,1,15,0,10,0,1,0
9,19,3,0,1,65,1,1900,0,1,1
12,20,0,0,0,50,0,5100,0,1,1
8,0,2,0,0,67,0,5090,0,1,1
9,22,3,0,0,60,1,5110,0,1,1
5,11,2,0,1,10,0,250,0,0,0
12,1,2,0,0,99,0,5110,0,1,1
1,11,0,0,1,10,0,30,0,0,0
13,23,6,0,0,51,2,300,0,1,1
7,23,1,0,0,75,0,2940,0,1,1
5,13,1,0,1,15,1,40,0,0,0
10,23,5,0,1,83,1,2340,0,1,1
13,19,3,0,0,95,0,5110,0,1,1
9,19,0,0,0,70,2,5110,0,0,1
7,3,5,0,0,67,1,5110,0,1,1
9,22,0,0,0,68,2,5110,0,1,1
2,10,2,0,1,16,1,70,0,0,0
5,10,3,0,1,19,1,80,0,0,0
12,4,1,0,0,91,1,5110,0,1,1
13,22,2,0,0,75,2,1180,0,0,1
13,21,0,0,0,63,0,2070,0,1,1
4,18,5,0,0,83,2,5100,0,1,1
11,22,5,0,0,73,2,5110,0,1,1
11,23,3,0,0,72,0,5110,0,0,1
2,18,2,0,1,2,1,110,0,0,0
11,1,5,0,0,89,0,1580,0,0,1
8,13,3,0,1,12,1,50,0,0,0
10,3,4,0,0,69,2,5110,0,1,1
9,19,3,0,0,75,1,5110,0,1,1
5,10,3,0,1,2,1,30,0,0,0
13,3,6,0,0,73,1,5110,0,0,1
5,5,0,0,0,79,1,4520,0,1,1
10,2,3,0,1,84,2,560,0,1,1
11,4,2,0,0,70,1,5110,0,1,1
5,15,3,0,1,3,2,40,0,0,0
2,16,2,0,1,6,2,260,0,0,0
12,3,2,0,1,58,0,1370,0,1,1
11,19,0,0,0,83,2,5110,0,1,1
11,22,0,0,0,57,2,5100,0,1,1
11,20,0,0,0,92,2,5110,0,0,1
4,18,3,0,0,11,2,160,0,0,0
7,18,1,0,0,95,0,5110,0,1,1
10,18,6,0,1,93,1,2400,0,1,1
5,14,1,0,1,3,0,210,0,0,0
6,12,1,0,0,12,0,20,0,0,0
12,22,4,0,0,73,1,5100,0,1,1
10,19,2,0,0,89,1,1340,0,1,1
9,21,6,0,0,61,0,1370,0,1,1
10,23,5,0,0,78,1,5110,0,0,1
3,18,2,0,0,92,2,5100,0,1,1
11,5,3,0,0,91,2,2490,0,1,1
10,1,5,0,0,64,0,5110,0,1,1
13,3,6,0,0,56,1,5110,0,0,1
8,20,5,0,0,90,2,5110,0,1,1
6,21,2,0,0,90,2,5110,0,1,1
13,23,1,0,0,85,1,5100,0,1,1
11,5,5,0,0,72,2,5110,0,0,1
11,1,5,0,0,92,1,2770,0,1,1
8,3,6,0,0,56,0,5110,0,0,1
12,2,4,0,0,77,0,5100,0,1,1
3,19,4,0,0,77,0,5110,0,1,1
3,15,0,0,1,13,0,40,0,0,0
12,2,3,0,0,64,2,4800,0,0,1
1,10,1,0,0,10,0,200,0,0,0
11,20,1,0,0,70,2,1080,0,1,1
2,10,2,0,0,5,0,180,0,0,0
6,2,6,0,1,69,1,2450,0,1,1
10,2,3,0,0,80,2,5110,0,1,1
11,19,1,0,0,50,2,1120,0,1,1
2,17,0,0,1,0,0,160,0,0,0
4,16,0,0,0,8,1,20,0,0,0
4,2,2,0,0,59,0,5110,0,1,1
9,0,3,0,0,75,0,2870,0,0,1
11,18,1,0,0,61,2,5110,0,1,1
10,4,0,0,0,58,0,5100,0,0,1
13,4,0,0,0,50,0,5110,0,0,1
8,18,0,0,0,92,0,5110,0,1,1
10,19,0,0,1,57,1,1060,0,1,1
10,2,4,0,0,71,2,5110,0,1,1
9,5,1,0,0,52,1,5110,0,0,1
1,13,1,0,1,10,0,730,0,0,0
11,22,0,0,0,51,0,5110,0,1,1
10,2,3,0,0,73,1,5110,0,0,1
11,21,4,0,0,90,0,2420,0,1,1
9,0,5,0,0,77,0,5110,0,1,1
9,3,5,0,0,96,2,5110,0,1,1
10,22,2,0,0,63,1,5110,0,0,1
13,20,4,0,0,66,0,5110,0,1,1
4,10,4,0,1,17,1,50,0,0,0
11,19,5,0,0,89,2,4800,0,1,1
12,19,4,0,0,80,2,1340,0,1,1
11,3,0,0,0,65,1,5110,0,1,1
10,23,1,0,0,78,2,5110,0,0,1
3,11,3,0,1,0,1,120,0,1,0
1,12,3,0,0,18,1,240,0,0,0
13,0,2,0,0,65,2,5110,0,1,1
13,5,2,0,0,64,2,5110,0,1,1
9,4,2,0,0,67,0,5110,0,1,1
12,18,3,0,0,64,1,5110,0,1,1
10,5,3,0,1,97,0,2620,0,1,1
11,2,0,0,0,64,0,4590,0,1,1
1,7,1,0,1,14,1,30,0,0,0
12,19,6,0,1,64,0,2080,0,1,1
10,18,6,0,0,77,1,5110,0,1,1
11,23,5,0,0,58,2,5110,0,0,1
5,12,4,0,0,17,2,20,0,0,0
3,18,1,0,1,1,2,50,0,0,0
4,14,1,0,0,0,0,30,0,0,0
10,2,1,0,0,94,1,5110,0,1,1
13,4,1,0,0,99,0,5110,0,0,1
12,21,1,0,1,83,1,2060,0,1,1
12,23,4,0,0,60,1,5110,0,1,1
2,9,1,0,1,9,1,10,0,0,0
13,23,2,0,0,65,1,5110,0,1,1
3,17,4,0,1,16,1,20,0,0,0
9,19,1,0,0,87,2,5110,0,0,1
9,0,5,0,0,54,1,2640,0,0,1
13,18,1,0,0,99,2,5110,0,1,1
12,2,2,0,0,99,2,5110,0,0,1
12,19,3,0,0,74,0,5110,0,1,1
12,23,3,0,0,79,0,1320,0,1,1
12,3,3,0,0,60,2,5110,0,0,1
13,0,4,0,0,77,0,5110,0,1,1
10,19,3,0,0,81,2,5110,0,0,1
6,4,5,0,0,54,2,5110,0,1,1
3,13,4,0,1,3,0,50,0,0,0
12,22,1,0,0,95,0,5110,0,1,1
10,0,5,0,0,82,2,5110,0,0,1
10,18,3,0,0,68,0,5110,0,1,1
10,3,6,0,0,62,1,5110,0,1,1
2,10,3,0,1,14,1,20,0,1,0
10,1,5,0,0,98,2,4490,0,1,1
3,17,4,0,0,3,1,10,0,0,0
10,1,1,0,0,72,2,5110,0,1,1
12,23,0,0,0,83,1,5110,0,1,1
11,20,4,0,0,94,0,5110,0,1,1
12,19,2,0,0,61,2,5110,0,1,1
13,22,6,0,0,60,2,2130,0,1,1
6,19,3,0,0,68,2,5110,0,1,1
11,22,4,0,0,58,1,2730,0,0,1
7,3,5,0,1,78,2,2420,0,0,1
7,20,6,0,0,82,0,5110,0,1,1
11,0,5,0,0,98,1,5110,0,1,1
11,0,4,0,0,86,1,5110,0,0,1
1,8,2,0,1,13,2,50,0,1,0
11,8,3,0,1,8,0,10,0,1,0
1,14,3,0,1,10,0,40,0,0,0
12,2,0,0,0,93,1,5110,0,0,1
13,23,5,0,0,89,1,2520,0,1,1
9,5,6,0,0,77,2,2390,0,0,1
13,20,1,0,0,68,2,5110,0,1,1
10,5,6,0,0,56,2,2620,0,1,1
5,13,0,0,1,0,2,10,0,0,0
12,19,6,0,0,68,2,5110,0,0,1
13,5,2,0,0,67,1,5100,0,0,1
9,2,3,0,0,78,0,5110,0,1,1
2,8,2,0,1,13,0,10,0,0,0
9,4,6,0,0,86,2,5110,0,1,1
13,2,4,0,0,87,2,5100,0,1,1
2,11,2,0,0,8,1,240,0,0,0
9,23,5,0,0,89,2,5110,0,0,1
10,5,1,0,0,67,2,5110,0,1,1
8,20,1,0,0,97,0,1400,0,1,1
9,3,1,0,0,69,0,5110,0,1,1
10,5,3,0,0,69,1,1070,0,1,1
9,19,0,0,0,78,1,5110,0,1,1
12,21,5,0,0,65,2,2030,0,0,1
10,5,4,0,0,92,0,5110,0,0,1
9,1,5,0,0,69,0,1040,0,1,1
7,4,1,0,0,56,2,5110,0,1,1
12,19,3,0,0,53,2,5110,0,1,1
4,18,1,0,1,4,1,40,0,0,0
12,20,0,0,0,89,0,4630,0,0,1
13,3,3,0,0,65,1,5110,0,1,1
12,5,1,0,0,64,0,5110,0,0,1
11,4,5,0,0,88,1,5110,0,0,1
11,2,2,0,0,57,2,5110,0,1,1
12,18,2,0,0,67,1,5040,0,1,1
9,5,3,0,0,98,2,5100,0,1,1
10,0,4,0,0,78,2,5110,0,1,1
9,5,3,0,0,79,0,4500,0,1,1
12,23,0,0,0,75,0,2270,0,1,1
2,10,3,0,0,17,2,10,0,0,0
12,3,5,0,0,60,1,4470,0,0,1
10,4,6,0,0,81,1,5110,0,1,1
9,18,3,0,0,89,1,5110,0,1,1
9,21,6,0,0,62,0,130,0,1,1
13,5,4,0,0,69,2,5110,0,0,1
1,17,1,0,0,15,0,10,0,1,0
13,20,3,0,1,75,2,2200,0,1,1
3,17,1,0,1,2,1,200,0,0,0
11,18,2,0,0,79,1,5100,0,1,1
12,3,5,0,0,69,1,10,0,1,1
11,19,6,0,1,60,1,2180,0,1,1
9,4,0,0,0,56,1,5110,0,1,1
11,19,6,0,1,74,1,1920,0,1,1
9,0,2,0,0,93,2,5110,0,0,1
9,22,1,0,0,78,2,4630,0,1,1
3,14,0,0,1,2,1,270,0,0,0
13,18,5,0,1,92,1,1370,0,0,1
13,21,1,0,0,92,1,1360,0,1,1
7,22,5,0,0,60,2,5110,0,1,1
10,19,1,0,0,95,0,5100,0,1,1
10,19,4,0,0,61,2,5110,0,0,1
10,5,2,0,0,66,1,5110,0,1,1
13,4,4,0,0,58,1,5110,0,1,1
11,2,4,0,1,93,1,2610,0,0,1
11,5,6,0,0,90,2,5110,0,1,1
12,4,5,0,1,68,0,1150,0,1,1
9,22,4,0,0,87,2,5110,0,1,1
12,3,3,0,0,86,1,5110,0,1,1
11,20,0,0,0,65,1,5110,0,1,1
4,23,5,0,0,66,0,5110,0,1,1
8,12,0,0,1,8,2,80,0,0,0
11,23,1,0,0,62,2,5110,0,1,1
9,18,4,0,0,63,0,5110,0,0,1
10,2,3,0,0,93,0,5110,0,0,1
12,22,1,0,0,92,2,5110,0,0,1
10,0,2,0,0,58,2,1020,0,0,1
11,19,5,0,0,79,2,5110,0,0,1
11,18,0,0,0,56,0,4750,0,1,1
3,11,0,0,1,5,0,10,0,1,0
10,19,1,0,0,68,0,1280,0,1,1
10,2,4,0,0,51,2,5110,0,1,1
9,5,1,0,0,73,0,5110,0,1,1
13,19,6,0,0,73,2,5110,0,0,1
5,3,3,0,0,87,0,2220,0,1,1
4,7,1,0,1,17,1,190,0,0,0
10,5,0,0,0,52,2,5110,0,1,1
10,19,2,0,1,62,2,2020,0,0,1
9,23,0,0,0,68,2,1560,0,0,1
11,19,0,0,0,53,2,5100,0,0,1
13,3,4,0,0,80,2,2750,0,1,1
9,20,6,0,0,64,0,5110,0,1,1
11,22,2,0,0,60,2,5110,0,1,1
11,22,2,0,0,50,1,2360,0,1,1
7,19,1,0,0,86,2,5110,0,1,1
10,20,4,0,0,93,1,5110,0,1,1
13,19,2,0,0,81,0,5040,0,1,1
3,5,1,0,1,70,1,1020,0,1,1
7,0,0,0,0,87,0,5110,0,0,1
10,18,5,0,0,55,2,5110,0,0,1
11,12,1,0,1,4,1,10,0,0,0
12,19,3,0,0,93,1,5100,0,1,1
11,2,4,0,0,52,1,5110,0,1,1
2,13,4,0,1,18,1,10,0,0,0
13,23,2,0,0,62,0,5110,0,1,1
9,19,6,0,0,60,1,2660,0,1,1
13,2,0,0,0,88,2,2400,0,1,1
10,0,3,0,0,58,0,5100,0,1,1
13,3,4,0,0,85,1,5110,0,0,1
10,0,4,0,1,94,2,2180,0,0,1
4,11,2,0,1,4,1,80,0,0,0
10,3,2,0,0,66,0,5110,0,1,1
12,23,4,0,0,99,0,2380,0,1,1
14,22,0,0,0,68,1,20,0,1,1
10,23,4,0,0,76,2,5110,0,0,1
9,3,2,0,0,63,2,5100,0,0,1
13,4,0,0,0,72,2,1230,0,1,1
7,20,6,0,0,73,2,5110,0,1,1
9,1,5,0,1,77,2,2960,0,0,1
12,1,6,0,0,88,2,5110,0,1,1
10,18,0,0,1,81,2,2490,0,0,1
2,17,2,0,1,12,1,10,0,0,0
10,3,0,0,0,75,2,5110,0,1,1
12,19,3,0,0,63,0,2010,0,1,1
6,4,4,0,1,58,2,1090,0,0,1
13,19,4,0,0,85,1,5110,0,1,1
13,1,6,0,0,53,1,5110,0,1,1
11,3,0,0,0,98,2,2130,0,1,1
4,1,3,0,0,84,2,5110,0,1,1
4,1,5,0,0,82,0,5110,0,1,1
9,2,1,0,0,89,1,5100,0,1,1
1,11,3,0,1,19,2,60,0,0,0
13,2,6,0,0,58,0,5110,0,1,1
13,2,0,0,0,67,1,2080,0,1,1
13,4,0,0,0,67,1,5110,0,1,1
13,19,6,0,0,78,0,4490,0,1,1
13,3,1,0,0,93,2,5110,0,1,1
13,18,1,0,0,58,0,5110,0,1,1
9,18,4,0,0,84,1,5110,0,0,1
11,5,1,0,0,62,1,5110,0,0,1
11,2,4,0,0,51,2,5110,0,1,1
12,5,2,0,0,68,2,5110,0,1,1
13,23,3,0,0,86,2,2190,0,1,1
10,18,5,0,0,75,0,5110,0,0,1
11,23,2,0,0,93,0,5100,0,1,1
11,5,0,0,0,75,1,1260,0,1,1
13,3,1,0,0,95,0,2710,0,0,1
6,20,5,0,0,89,0,5110,0,1,1
9,19,2,0,0,87,2,5110,0,1,1
10,20,5,0,0,89,2,5100,0,0,1
13,18,3,0,0,96,2,5110,0,0,1
11,21,6,0,0,80,0,5110,0,0,1
11,1,1,0,0,94,2,2290,0,0,1
9,1,6,0,0,61,0,5110,0,1,1
12,23,4,0,0,56,0,5110,0,0,1
1,17,1,0,1,17,1,10,0,0,0
1,8,4,0,1,4,2,10,0,0,0
2,14,3,0,1,18,2,170,0,0,0
9,3,0,0,0,71,0,5110,0,1,1
10,0,6,0,0,81,0,5100,0,1,1
7,0,0,0,0,70,0,1430,0,0,1
9,18,5,0,0,72,1,5110,0,1,1
5,8,2,0,1,13,0,10,0,0,0
13,22,1,0,0,80,2,5110,0,1,1
5,9,2,0,1,18,2,130,0,0,0
9,18,1,0,1,51,0,2760,0,0,1
9,23,3,0,0,68,1,5110,0,1,1
11,20,1,0,0,56,1,5110,0,1,1
5,12,4,0,1,11,1,190,0,0,0
9,2,3,0,0,89,0,1960,0,1,1
9,22,5,0,0,68,0,2020,0,0,1
11,20,0,0,0,92,1,5110,0,1,1
2,9,0,0,1,3,2,40,0,0,0
1,7,0,0,1,17,2,10,0,0,0
12,0,6,0,0,88,0,5100,0,0,1
9,3,2,0,0,95,2,5110,0,1,1
13,4,5,0,0,74,1,5110,0,1,1
11,19,1,0,0,66,0,5110,0,1,1
4,9,1,0,1,7,0,140,0,1,0
13,19,6,0,0,57,2,5110,0,1,1
12,19,5,0,0,75,1,5110,0,1,1
10,22,3,0,0,78,1,5110,0,0,1
9,5,6,0,0,56,1,5110,0,1,1
12,23,6,0,0,55,1,5100,0,0,1
11,23,2,0,0,92,1,5110,0,0,1
3,13,0,0,1,17,1,10,0,0,0
6,20,0,0,0,79,0,5110,0,1,1
11,4,0,0,0,89,2,2490,0,1,1
8,22,6,0,0,55,0,5110,0,0,1
11,21,6,0,0,72,2,5110,0,1,1
12,22,1,0,0,77,0,2860,0,1,1
4,11,0,0,1,15,0,10,0,0,0
9,5,1,0,0,79,0,5110,0,0,1
10,2,6,0,0,83,0,5110,0,1,1
7,18,2,0,0,60,2,2940,0,0,1
5,10,4,0,1,14,1,30,0,0,0
9,5,6,0,0,85,1,5110,0,1,1
11,4,3,0,0,97,2,5110,0,1,1
10,19,2,0,0,84,2,5110,0,1,1
8,19,6,0,0,68,1,5110,0,1,1
6,19,0,0,0,85,0,5110,0,0,1
5,3,0,0,0,51,0,5090,0,1,1
13,23,0,0,0,61,2,5100,0,0,1
2,16,1,0,1,17,0,230,0,0,0
3,15,4,0,1,1,1,240,0,0,0
13,18,4,0,0,87,0,5110,0,1,1
11,2,6,0,0,76,0,5110,0,0,1
12,20,2,0,0,89,0,5110,0,1,1
11,18,5,0,0,70,0,1220,0,1,1
9,21,6,0,1,85,1,2820,0,1,1
13,21,4,0,0,60,1,5110,0,1,1
10,18,2,0,0,88,1,5100,0,1,1
10,21,5,0,0,98,1,5110,0,1,1
5,22,1,0,0,87,0,5110,0,1,1
10,20,6,0,0,87,0,5110,0,0,1
3,14,2,0,1,4,0,230,0,0,0
9,1,1,0,0,98,1,5110,0,1,1
10,5,5,0,0,50,2,2650,0,0,1
10,5,6,0,0,91,1,5110,0,0,1
12,3,0,0,1,58,2,2320,0,1,1
4,18,0,0,0,78,0,5110,0,1,1
12,2,5,0,0,75,1,5110,0,0,1
11,19,4,0,0,89,2,1300,0,1,1
8,1,2,0,0,67,1,5100,0,1,1
5,16,3,0,1,8,0,310,0,0,0
12,23,5,0,0,80,1,2250,0,0,1
12,3,0,0,0,82,1,5110,0,1,1
14,4,6,0,0,76,0,10,0,1,1
4,22,3,0,0,81,2,5110,0,1,1
12,1,2,0,0,66,0,1460,0,1,1
13,3,2,0,0,87,0,5110,0,0,1
11,0,2,0,0,57,2,5110,0,1,1
9,1,4,0,0,78,2,2820,0,0,1
11,21,1,0,0,56,2,5110,0,0,1
5,18,2,0,0,15,2,260,0,0,0
3,22,1,0,0,86,2,2460,0,0,1
3,16,1,0,1,13,2,10,0,0,0
2,18,3,0,0,17,1,10,0,0,0
9,19,2,0,0,58,0,5110,0,1,1
13,1,4,0,0,57,1,4450,0,0,1
6,20,4,0,0,71,1,5110,0,1,1
11,2,1,0,0,62,1,1320,0,1,1
8,20,3,0,0,50,1,4520,0,1,1
10,18,6,0,0,56,1,5110,0,1,1
11,1,6,0,0,89,0,5110,0,1,1
4,7,4,0,1,6,1,10,0,0,0
11,23,4,0,0,88,1,5110,0,1,1
13,20,6,0,0,57,0,5100,0,1,1
9,20,0,0,0,61,0,5110,0,1,1
12,1,0,0,0,75,1,5110,0,1,1
11,23,5,0,0,66,0,950,0,1,1
3,11,0,0,1,7,1,70,0,0,0
9,22,1,0,0,98,0,2500,0,1,1
11,1,2,0,0,82,0,5110,0,1,1
4,19,3,0,0,83,0,5110,0,1,1
3,9,3,0,1,7,1,340,0,1,0
3,9,2,0,1,18,0,50,0,0,0
11,2,4,0,0,68,0,5110,0,1,1
10,20,3,0,0,62,1,4920,0,1,1
11,20,1,0,0,71,1,5110,0,1,1
1,10,1,0,1,19,1,10,0,0,0
12,19,5,0,0,83,0,5110,0,1,1
9,2,1,0,0,74,1,5110,0,0,1
5,18,2,0,1,5,1,40,0,0,0
10,0,6,0,0,72,1,1060,0,1,1
14,1,5,0,0,53,2,10,0,1,1
11,23,2,0,0,61,2,5100,0,1,1
9,20,4,0,0,80,1,5110,0,1,1
11,23,0,0,0,96,0,5110,0,1,1
5,10,3,0,1,18,2,110,0,0,0
2,11,3,0,0,11,2,50,0,0,0
9,18,2,0,0,58,2,5110,0,1,1
10,3,5,0,0,76,1,5110,0,1,1
2,18,1,0,1,7,2,10,0,0,0
9,23,6,0,0,87,1,1170,0,1,1
1,18,4,0,1,6,2,200,0,0,0
4,22,1,0,0,67,2,5110,0,0,1
9,18,6,0,0,76,2,5110,0,1,1
2,13,0,0,1,4,1,10,0,0,0
11,3,2,0,0,69,1,2250,0,1,1
13,1,1,0,0,69,1,5110,0,1,1
13,5,5,0,0,93,2,5110,0,0,1
13,19,1,0,0,71,0,5100,0,1,1
12,18,0,0,0,58,2,5110,0,1,1
3,12,2,0,0,9,2,230,0,0,0
11,21,6,0,1,99,2,2260,0,0,1
5,15,4,0,1,3,0,50,0,0,0
4,0,3,0,0,76,2,5110,0,1,1
11,2,5,0,0,60,0,5110,0,1,1
10,4,3,0,0,61,1,5110,0,1,1
9,4,5,0,0,91,0,5110,0,0,1
9,21,1,0,0,77,0,5110,0,1,1
13,22,6,0,0,73,1,5110,0,1,1
13,22,5,0,1,61,1,5090,0,0,1
9,19,6,0,0,91,0,5110,0,1,1
6,18,0,0,0,18,2,40,0,0,0
13,1,0,0,0,91,1,5110,0,1,1
10,18,5,0,0,55,0,5110,0,1,1
9,18,5,0,0,51,2,5110,0,1,1
2,8,3,0,1,1,2,110,0,0,0
13,5,0,0,0,50,1,5110,0,1,1
13,23,1,0,0,76,2,2680,0,1,1
11,19,2,0,0,65,1,2800,0,0,1
10,3,2,0,0,83,0,5110,0,1,1
9,23,4,0,1,75,0,2190,0,1,1
12,20,5,0,0,52,0,5110,0,1,1
13,22,0,0,0,65,2,2730,0,1,1
13,4,6,0,0,62,2,4460,0,1,1
1,7,1,0,1,13,0,10,0,0,0
11,22,4,0,0,64,0,4610,0,1,1
7,1,0,0,0,71,0,5110,0,1,1
13,5,1,0,0,57,2,5110,0,0,1
13,19,1,0,0,95,1,5110,0,0,1
10,20,3,0,0,71,1,5110,0,0,1
4,22,0,0,0,64,0,5100,0,1,1
5,17,3,0,1,6,0,20,0,0,0
5,4,4,0,1,58,1,2170,0,1,1
12,21,6,0,0,85,1,5110,0,1,1
12,2,6,0,0,88,2,5110,0,1,1
11,19,5,0,0,52,1,5110,0,1,1
4,20,5,0,0,82,1,5110,0,1,1
12,22,3,0,0,98,2,5110,0,0,1
12,1,3,0,0,51,2,5110,0,0,1
11,20,0,0,0,98,0,360,0,1,1
11,17,2,0,1,10,0,10,0,0,0
9,2,5,0,0,83,0,5110,0,0,1
6,20,2,0,0,79,2,5110,0,0,1
11,0,4,0,0,91,2,5110,0,1,1
9,18,3,0,0,83,1,5110,0,0,1
13,18,0,0,0,61,1,5110,0,1,1
9,20,1,0,0,94,0,1780,0,0,1
13,21,1,0,0,72,0,5110,0,0,1
6,21,3,0,0,86,0,1100,0,1,1
5,18,1,0,0,6,2,40,0,0,0
11,19,4,0,0,98,1,5110,0,1,1
12,20,6,0,0,98,0,5110,0,0,1
5,13,1,0,0,6,0,180,0,0,0
9,19,2,0,0,89,1,4660,0,1,1
12,21,2,0,0,82,1,5110,0,1,1
10,21,0,0,0,71,2,5110,0,1,1
5,11,0,0,1,12,0,10,0,0,0
5,14,1,0,1,11,0,10,0,0,0
14,2,3,0,0,69,2,20,0,1,1
3,18,3,0,1,6,0,10,0,0,0
13,21,3,0,0,69,0,5100,0,0,1
12,0,6,0,0,64,0,5100,0,1,1
11,3,3,0,0,67,2,5110,0,1,1
10,5,4,0,0,95,1,2130,0,1,1
1,8,2,0,1,1,1,110,0,0,0
13,0,3,0,0,90,2,970,0,1,1
9,2,0,0,0,63,2,5110,0,1,1
12,23,5,0,0,94,0,1130,0,0,1
13,19,0,0,0,74,2,5110,0,0,1
9,5,4,0,0,55,0,5110,0,1,1
9,5,2,0,0,70,2,5110,0,0,1
9,2,5,0,0,64,2,5110,0,1,1
13,19,4,0,0,60,2,1230,0,1,1
12,20,3,0,0,88,1,5110,0,1,1
10,23,2,0,1,76,1,2060,0,1,1
11,23,5,0,0,67,0,5110,0,0,1
10,0,0,0,0,69,2,5110,0,1,1
4,13,1,0,1,15,0,10,0,0,0
9,20,5,0,1,96,1,2820,0,1,1
5,19,0,0,0,57,0,1070,0,1,1
9,20,0,0,0,94,0,5110,0,1,1
8,23,2,0,0,81,2,5110,0,1,1
12,21,1,0,0,53,0,5110,0,0,1
13,2,2,0,0,60,1,1250,0,1,1
11,4,0,0,0,83,0,1320,0,1,1
11,2,4,0,0,51,2,5110,0,0,1
9,19,2,0,1,78,0,1120,0,1,1
11,21,3,0,0,64,2,4570,0,1,1
1,17,2,0,1,2,2,10,0,0,0
13,0,1,0,0,93,1,1220,0,1,1
9,18,5,0,0,89,2,4530,0,1,1
12,19,4,0,0,56,2,5110,0,1,1
5,2,0,0,0,68,1,5110,0,1,1
2,18,1,0,1,4,1,270,0,0,0
13,3,5,0,0,72,0,5110,0,1,1
12,19,6,0,0,71,2,1090,0,1,1
11,23,3,0,0,92,1,5110,0,1,1
11,22,1,0,0,51,1,5110,0,1,1
9,20,5,0,1,85,0,990,0,0,1
5,10,0,0,1,3,2,90,0,0,0
2,10,3,0,1,18,0,20,0,0,0
10,2,0,0,0,51,1,5110,0,0,1
11,8,3,0,1,9,2,10,0,0,0
10,18,0,0,0,83,1,5110,0,1,1
13,23,1,0,0,99,1,4820,0,1,1
12,21,0,0,0,96,0,1240,0,1,1
7,0,1,0,0,68,0,2460,0,1,1
6,18,2,0,0,69,1,5110,0,1,1
9,3,3,0,0,73,1,5100,0,1,1
9,18,0,0,0,53,0,5100,0,0,1
10,5,5,0,0,62,2,20,0,1,1
13,20,0,0,0,95,2,5110,0,1,1
12,18,2,0,0,89,0,2240,0,0,1
5,2,3,0,0,92,1,5110,0,0,1
10,21,4,0,0,93,2,5110,0,0,1
9,0,5,0,0,64,1,5110,0,1,1
13,18,3,0,0,81,2,5110,0,1,1
13,2,5,0,0,94,2,2430,0,0,1
6,3,0,0,0,62,0,5110,0,1,1
12,4,0,0,0,90,0,5110,0,1,1
10,23,2,0,0,64,1,4750,0,0,1
11,5,6,0,0,65,2,5110,0,1,1
13,4,4,0,0,56,0,5110,0,0,1
5,8,3,0,1,3,0,10,0,0,0
10,21,5,0,0,85,2,5110,0,1,1
13,3,1,0,0,75,2,2410,0,0,1
10,2,4,0,0,85,2,4590,0,0,1
9,5,0,0,0,72,0,1090,0,0,1
9,5,3,0,0,66,1,5110,0,0,1
13,0,5,0,0,68,0,4460,0,1,1
10,2,5,0,0,82,1,5110,0,1,1
12,3,4,0,0,97,1,5110,0,1,1
5,19,3,0,0,50,1,5110,0,1,1
13,2,3,0,0,72,1,1430,0,1,1
9,19,4,0,0,75,0,2160,0,1,1
8,2,3,0,0,86,1,2800,0,1,1
4,22,0,0,0,52,1,1050,0,1,1
10,21,2,0,0,95,1,4590,0,1,1
9,20,3,0,0,83,0,5110,0,0,1
9,5,3,0,0,95,0,1150,0,1,1
13,0,5,0,0,53,0,4570,0,1,1
10,0,3,0,0,94,1,5110,0,1,1
10,1,2,0,0,66,1,5110,0,1,1
10,18,3,0,0,85,0,5100,0,1,1
13,18,1,0,0,51,2,5110,0,0,1
13,0,0,0,0,98,1,5110,0,1,1
10,19,1,0,0,86,1,5110,0,1,1
12,4,0,0,0,68,0,5110,0,0,1
9,3,6,0,0,51,2,5090,0,1,1
5,20,0,0,0,71,2,5110,0,1,1
13,21,2,0,0,70,1,5110,0,0,1
13,19,5,0,0,99,1,2630,0,1,1
13,3,0,0,0,62,1,2880,0,1,1
10,18,5,0,0,78,1,5110,0,1,1
2,18,4,0,0,10,2,10,0,0,0
10,5,3,0,0,88,1,5100,0,0,1
12,4,3,0,0,74,1,5100,0,1,1
9,18,3,0,1,94,1,1030,0,1,1
12,0,6,0,0,77,1,5110,0,0,1
2,10,1,0,1,10,2,20,0,0,0
4,21,5,0,0,60,2,2120,0,0,1
11,4,5,0,0,95,2,5100,0,1,1
12,1,5,0,0,79,2,4780,0,1,1
13,21,2,0,1,76,0,2020,0,0,1
9,23,5,0,0,78,1,5110,0,1,1
9,0,2,0,0,92,0,5110,0,0,1
12,1,2,0,0,52,1,5100,0,0,1
13,23,4,0,0,66,1,2500,0,0,1
11,19,6,0,0,78,0,5110,0,1,1
3,16,1,0,0,7,1,100,0,0,0
11,23,0,0,0,93,0,5110,0,1,1
1,7,3,0,1,2,1,20,0,0,0
12,19,4,0,0,54,0,5110,0,0,1
9,21,2,0,0,94,1,5110,0,1,1
13,18,0,0,0,98,1,5110,0,0,1
13,3,4,0,0,92,1,5110,0,1,1
12,22,1,0,0,78,2,5110,0,1,1
10,20,6,0,0,51,2,5110,0,1,1
10,20,4,0,0,72,0,5110,0,1,1
12,22,1,0,0,75,2,5110,0,1,1
9,23,6,0,0,78,2,5110,0,1,1
13,0,2,0,0,81,0,5110,0,1,1
4,12,2,0,1,15,0,10,0,0,0
6,19,5,0,0,97,1,970,0,1,1
3,4,5,0,0,97,0,5110,0,1,1
9,4,1,0,0,96,0,5110,0,0,1
12,21,1,0,0,82,0,2560,0,1,1
3,12,3,0,0,11,2,10,0,0,0
12,23,0,0,0,97,0,5110,0,1,1
8,5,1,0,0,62,0,5110,0,1,1
13,23,5,0,1,64,1,250,0,1,1
11,5,0,0,0,98,1,5110,0,0,1
12,2,4,0,0,63,0,2700,0,1,1
3,17,4,0,1,12,1,10,0,0,0
6,5,3,0,1,54,0,2520,0,1,1
13,4,4,0,0,94,0,5110,0,0,1
12,20,3,0,1,89,1,2540,0,0,1
5,20,3,0,0,60,0,1330,0,1,1
7,23,4,0,0,67,0,5110,0,1,1
3,10,2,0,0,15,2,20,0,0,0
9,0,0,0,0,78,2,5110,0,1,1
11,5,6,0,0,82,1,5110,0,0,1
10,0,4,0,0,67,0,1340,0,1,1
12,5,5,0,0,70,1,2620,0,1,1
13,2,1,0,0,81,0,5110,0,1,1
1,13,1,0,1,9,2,30,0,0,0
13,23,4,0,0,98,1,5110,0,0,1
9,21,1,0,1,62,2,1490,0,1,1
11,2,1,0,0,82,1,2350,0,0,1
9,1,5,0,0,55,2,2320,0,1,1
5,12,0,0,1,19,0,50,0,0,0
9,5,3,0,0,97,2,5100,0,0,1
10,4,6,0,0,86,2,1330,0,1,1
11,23,0,0,0,99,2,5110,0,0,1
12,1,1,0,0,60,1,5110,0,1,1
12,2,4,0,0,74,1,5080,0,1,1
10,4,1,0,0,95,0,5110,0,1,1
5,13,4,0,1,13,2,10,0,0,0
4,17,1,0,1,18,2,70,0,0,0
9,19,2,0,0,64,1,5100,0,0,1
9,5,1,0,0,80,0,5110,0,0,1
12,2,2,0,0,57,1,5110,0,0,1
10,10,0,0,1,19,2,20,0,0,0
12,20,4,0,0,50,0,4480,0,1,1
10,0,3,0,0,85,2,5110,0,0,1
10,19,3,0,0,69,1,5110,0,1,1
10,4,2,0,1,92,1,1050,0,1,1
1,11,0,0,0,19,0,20,0,0,0
10,23,3,0,0,93,1,5110,0,1,1
12,21,0,0,0,78,2,5110,0,1,1
6,19,0,0,0,90,2,5110,0,1,1
11,4,2,0,0,75,2,2220,0,0,1
2,13,4,0,1,6,0,10,0,0,0
13,20,6,0,0,58,0,5110,0,0,1
3,8,0,0,1,12,2,100,0,0,0
13,22,6,0,0,55,2,1880,0,1,1
8,18,3,0,1,9,0,140,0,0,0
6,18,1,0,0,95,2,5110,0,1,1
8,8,3,0,0,1,1,10,0,0,0
12,0,1,0,0,93,2,5110,0,1,1
10,18,4,0,0,51,2,5090,0,1,1
12,20,3,0,0,50,1,4340,0,1,1
13,1,0,0,1,50,0,2720,0,1,1
10,20,0,0,1,62,0,1360,0,0,1
10,18,2,0,0,95,2,5110,0,1,1
12,0,6,0,0,95,1,5100,0,0,1
3,15,3,0,1,14,1,120,0,0,0
4,15,0,0,1,18,2,10,0,1,0
12,4,3,0,0,61,2,5110,0,1,1
10,20,3,0,0,57,2,5110,0,1,1
3,17,4,0,1,3,2,30,0,0,0
13,3,3,0,0,66,2,5110,0,1,1
9,21,4,0,0,75,2,2770,0,1,1
4,22,2,0,0,51,2,1280,0,1,1
13,4,2,0,0,52,1,5110,0,0,1
7,20,4,0,0,92,2,5110,0,1,1
12,1,1,0,0,57,1,2300,0,1,1
12,3,5,0,1,89,1,1740,0,1,1
9,5,0,0,0,76,2,5110,0,1,1
9,3,0,0,0,97,1,5100,0,1,1
2,17,1,0,0,12,0,160,0,0,0
1,13,1,0,1,0,2,50,0,0,0
10,18,0,0,0,67,1,5110,0,1,1
4,18,3,0,0,18,2,10,0,0,0
12,0,5,0,0,76,2,5110,0,1,1
10,18,5,0,1,59,0,2940,0,1,1
12,1,3,0,0,70,2,1390,0,1,1
10,19,0,0,0,73,0,5110,0,1,1
9,23,1,0,0,60,1,5110,0,1,1
9,21,5,0,0,50,1,5110,0,1,1
13,23,6,0,0,56,2,5110,0,1,1
10,22,6,0,0,86,0,5110,0,0,1
13,3,6,0,0,91,2,5100,0,1,1
11,19,2,0,0,53,2,5110,0,1,1
6,1,4,0,0,62,0,1080,0,1,1
13,22,3,0,0,59,0,5110,0,1,1
5,10,3,0,0,1,1,10,0,0,0
10,0,5,0,0,83,0,1500,0,0,1
2,8,2,0,1,12,2,30,0,0,0
5,12,2,0,0,16,2,10,0,0,0
13,19,0,0,0,99,1,5110,0,1,1
9,18,3,0,0,86,2,5110,0,0,1
9,3,5,0,0,98,2,1230,0,0,1
9,4,3,0,0,77,0,5110,0,1,1
11,22,1,0,0,97,2,4430,0,0,1
13,19,1,0,1,92,1,2230,0,1,1
11,22,0,0,1,81,2,1280,0,1,1
13,4,4,0,0,96,0,5110,0,1,1
11,23,2,0,0,71,2,5110,0,0,1
11,18,2,0,0,94,0,5110,0,1,1
9,21,2,0,0,83,1,2220,0,1,1
3,16,0,0,1,17,2,140,0,0,0
9,3,6,0,0,57,0,5110,0,1,1
12,19,4,0,0,97,1,5110,0,1,1
10,7,0,0,1,13,0,10,0,0,0
10,18,6,0,0,75,2,5110,0,1,1
13,23,5,0,0,55,2,2960,0,1,1
4,20,3,0,0,53,2,5110,0,0,1
12,1,3,0,0,57,2,5110,0,1,1
10,20,2,0,0,51,0,5110,0,1,1
12,20,6,0,0,73,0,5110,0,1,1
10,1,2,0,0,96,1,5100,0,1,1
12,19,0,0,0,55,0,5110,0,1,1
1,13,2,0,1,13,2,50,0,0,0
12,5,6,0,0,95,1,5110,0,0,1
12,21,3,0,0,60,1,1070,0,1,1
9,21,2,0,0,58,2,5110,0,0,1
13,20,0,0,0,71,2,5110,0,1,1
4,16,2,0,1,17,2,160,0,0,0
2,9,0,0,1,9,1,10,0,0,0
9,1,4,0,0,77,0,2730,0,1,1
12,4,4,0,0,94,2,5110,0,1,1
13,4,5,0,1,72,1,1310,0,0,1
11,19,3,0,0,53,0,5110,0,1,1
13,19,0,0,0,99,0,5110,0,0,1
12,1,3,0,0,50,2,1490,0,0,1
8,23,3,0,0,61,2,5100,0,1,1
11,5,4,0,0,72,1,5110,0,0,1
9,18,0,0,0,94,2,2590,0,1,1
4,5,2,0,0,72,1,5110,0,1,1
6,2,1,0,0,92,1,5110,0,1,1
3,10,4,0,1,8,2,50,0,0,0
9,2,3,0,0,67,0,5110,0,1,1
9,18,4,0,0,66,1,5110,0,1,1
10,18,4,0,1,64,0,2510,0,1,1
9,21,5,0,0,90,0,5110,0,0,1
11,5,6,0,0,79,2,1220,0,1,1
13,4,3,0,0,95,0,300,0,0,1
10,22,2,0,0,86,0,5110,0,1,1
12,19,3,0,0,51,0,1180,0,1,1
13,20,1,0,0,70,2,5110,0,1,1
12,1,1,0,0,75,0,5110,0,0,1
3,1,3,0,0,70,0,5110,0,1,1
13,3,6,0,0,92,1,5110,0,1,1
13,22,4,0,0,81,2,5110,0,1,1
9,20,1,0,0,90,2,5110,0,1,1
6,23,0,0,0,60,2,1450,0,1,1
10,4,4,0,0,54,1,5110,0,1,1
11,21,3,0,0,94,0,5110,0,1,1
5,4,0,0,0,59,1,5110,0,1,1
11,5,1,0,0,97,1,2810,0,1,1
3,3,3,0,0,92,2,5110,0,1,1
9,2,2,0,1,82,2,2840,0,1,1
10,20,3,0,0,89,1,5110,0,1,1
10,20,4,0,0,59,2,5110,0,0,1
12,0,3,0,0,53,2,2970,0,0,1
10,2,6,0,0,91,0,5100,0,0,1
10,4,2,0,0,64,1,5110,0,1,1
5,16,0,0,1,12,1,210,0,0,0
6,1,4,0,0,75,1,5110,0,1,1
10,18,5,0,0,90,0,5110,0,1,1
10,3,2,0,0,95,1,5110,0,1,1
5,3,2,0,0,56,1,5110,0,1,1
5,18,2,0,0,91,1,5110,0,1,1
11,22,5,0,0,95,0,5110,0,1,1
10,20,2,0,0,91,0,5110,0,1,1
10,2,1,0,0,82,0,2430,0,1,1
13,4,4,0,0,50,1,5110,0,1,1
12,21,6,0,1,93,0,2580,0,1,1
2,14,1,0,0,18,2,10,0,0,0
10,21,5,0,0,51,1,2860,0,1,1
9,1,6,0,0,80,0,5100,0,0,1
13,5,2,0,0,75,1,5110,0,0,1
10,1,0,0,0,50,2,5110,0,0,1
10,20,1,0,0,53,1,5110,0,1,1
5,14,2,0,1,9,0,30,0,0,0
2,8,0,0,1,19,0,30,0,0,0
1,13,4,0,0,19,2,160,0,0,0
12,4,4,0,0,55,1,5110,0,1,1
11,3,1,0,0,71,2,5110,0,1,1
2,12,0,0,1,9,1,30,0,0,0
12,21,1,0,0,64,0,5100,0,1,1
7,23,4,0,0,60,2,2290,0,1,1
11,2,2,0,0,68,0,5110,0,1,1
12,20,4,0,0,72,1,5110,0,1,1
6,20,0,0,0,96,1,5110,0,1,1
13,18,2,0,0,62,1,5110,0,0,1
11,4,3,0,0,92,0,5110,0,0,1
13,23,4,0,0,68,0,5110,0,1,1
12,0,0,0,0,54,1,5110,0,1,1
6,20,5,0,0,62,0,5110,0,1,1
12,20,0,0,0,97,0,5110,0,1,1
2,10,3,0,0,16,2,120,0,0,0
12,22,5,0,0,87,0,5100,0,1,1
13,3,6,0,0,82,0,5110,0,0,1
12,5,1,0,0,82,0,5110,0,1,1
12,3,3,0,0,82,0,5110,0,1,1
13,4,2,0,0,80,1,4860,0,0,1
9,3,0,0,0,81,1,5110,0,1,1
4,7,0,0,0,1,1,10,0,0,0
12,19,4,0,0,93,2,5110,0,0,1
12,4,2,0,0,83,1,5100,0,1,1
10,22,4,0,0,95,0,5110,0,1,1
11,21,3,0,0,59,1,5110,0,0,1
1,13,0,0,1,16,2,10,0,0,0
13,3,2,0,0,55,1,5110,0,1,1
13,23,2,0,0,60,0,5110,0,1,1
11,0,1,0,0,89,0,5110,0,0,1
12,21,1,0,0,55,2,5110,0,0,1
10,4,5,0,0,90,1,5080,0,1,1
13,20,0,0,0,57,0,5110,0,1,1
3,17,1,0,1,15,1,390,0,0,0
13,3,1,0,0,62,0,5110,0,0,1
9,23,6,0,0,67,1,5110,0,1,1
5,5,0,0,0,97,1,5110,0,1,1
9,3,6,0,0,73,1,5110,0,0,1
7,20,2,0,0,57,0,2940,0,0,1
9,3,3,0,0,96,0,5110,0,1,1
11,2,3,0,0,78,2,5110,0,1,1
14,5,2,0,0,67,0,120,0,1,1
11,22,1,0,0,84,2,5110,0,0,1
11,21,0,0,0,77,0,2250,0,1,1
12,18,5,0,0,82,1,5110,0,0,1
9,3,2,0,0,73,1,5100,0,1,1
10,18,5,0,0,50,2,5110,0,1,1
13,19,6,0,0,96,1,5110,0,1,1
9,23,3,0,0,60,0,5110,0,1,1
7,4,6,0,0,56,0,1940,0,0,1
1,13,0,0,1,18,1,30,0,0,0
4,2,6,0,0,78,1,5110,0,1,1
10,22,6,0,0,64,0,2440,0,1,1
10,0,5,0,0,69,2,5110,0,1,1
13,20,0,0,0,80,2,5110,0,0,1
5,12,3,0,1,5,0,80,0,0,0
7,13,0,0,1,14,0,60,0,0,0
11,22,5,0,0,66,2,5110,0,1,1
13,3,6,0,0,83,2,5110,0,1,1
11,3,1,0,0,84,1,5110,0,1,1
5,13,3,0,0,18,1,120,0,0,0
8,22,4,0,0,62,0,5100,0,0,1
9,22,5,0,1,96,0,1770,0,1,1
9,1,3,0,0,86,1,5100,0,1,1
12,0,4,0,0,95,0,2530,0,0,1
3,8,3,0,1,0,1,50,0,0,0
4,20,3,0,0,58,1,5110,0,1,1
12,23,1,0,0,90,2,5110,0,1,1
2,14,3,0,1,4,0,10,0,0,0
10,4,5,0,0,98,2,5110,0,0,1
11,0,3,0,0,96,2,1120,0,1,1
4,12,3,0,1,14,1,10,1,0,0
10,20,1,0,0,82,2,5110,0,1,1
10,17,4,0,0,4,2,10,0,1,0
3,8,3,0,1,5,0,10,0,0,0
9,19,4,0,0,77,0,5110,0,0,1
5,13,2,0,1,10,2,40,0,0,0
5,20,6,0,1,62,2,2710,0,1,1
11,4,1,0,0,97,2,5110,0,1,1
5,10,4,0,0,7,1,40,0,0,0
12,18,5,0,0,97,1,5110,0,1,1
9,23,1,0,1,84,0,1410,0,1,1
7,19,4,0,0,90,2,5110,0,1,1
13,19,0,0,0,97,1,5110,0,0,1
4,13,0,0,1,4,1,110,0,0,0
10,1,4,0,0,74,0,940,0,1,1
13,20,5,0,0,74,1,5110,0,1,1
13,20,2,0,0,66,1,5110,0,0,1
5,2,5,0,0,63,1,5110,0,1,1
13,18,4,0,0,60,1,5110,0,1,1
1,15,1,0,1,9,0,80,0,0,0
11,22,4,0,0,62,0,5110,0,0,1
10,20,6,0,0,60,2,5110,0,0,1
10,1,1,0,0,87,2,2200,0,0,1
13,20,6,0,0,75,2,1310,0,1,1
10,19,1,0,0,99,1,1050,0,1,1
13,20,4,0,1,95,2,1080,0,1,1
11,23,0,0,0,61,1,5110,0,1,1
12,19,6,0,0,81,0,730,0,1,1
12,20,2,0,0,77,2,5110,0,1,1
6,22,2,0,0,86,0,5110,0,0,1
12,0,0,0,0,50,2,5110,0,1,1
9,4,6,0,0,81,2,5110,0,1,1
11,3,6,0,0,89,1,5100,0,0,1
9,19,5,0,1,60,2,2620,0,1,1
2,10,2,0,1,13,1,10,0,0,0
9,1,0,0,1,93,0,20,0,1,1
4,9,4,0,1,13,1,20,0,1,0
9,19,3,0,1,51,2,10,0,1,1
11,21,6,0,0,67,2,5090,0,1,1
13,21,0,0,0,96,2,5110,0,1,1
12,3,5,0,0,53,2,4600,0,0,1
9,18,4,0,0,57,1,5110,0,1,1
1,17,3,0,0,19,1,70,0,0,0
11,0,0,0,0,54,2,5110,0,1,1
5,18,0,0,0,2,0,260,0,0,0
5,5,1,0,0,96,0,2240,0,1,1
12,0,0,0,0,81,2,5110,0,0,1
9,21,3,0,0,90,0,4410,0,0,1
13,1,2,0,0,99,1,1280,0,1,1
11,5,2,0,0,50,1,5110,0,1,1
2,16,3,0,1,6,0,90,0,0,0
9,21,0,0,0,91,1,5110,0,1,1
11,4,2,0,0,88,1,5110,0,1,1
10,21,2,0,0,77,2,5110,0,0,1
11,18,5,0,0,93,0,5110,0,1,1
9,23,4,0,0,61,1,5110,0,1,1
10,2,1,0,0,63,0,1130,0,1,1
12,18,3,0,0,71,0,5110,0,1,1
3,15,1,0,1,11,2,10,0,0,0
9,3,5,0,1,90,2,2020,0,1,1
12,21,3,0,0,91,0,5110,0,1,1
11,20,1,0,0,60,1,5100,0,1,1
3,10,3,0,1,14,0,10,0,0,0
8,3,5,0,0,51,2,5110,0,0,1
12,20,3,0,0,53,2,5110,0,1,1
1,13,0,0,1,18,0,10,0,0,0
12,21,1,0,0,91,1,5110,0,1,1
6,2,5,0,0,73,0,5110,0,1,1
9,20,2,0,1,76,1,1380,0,1,1
13,4,2,0,0,72,2,5110,0,1,1
11,3,5,0,0,76,1,5110,0,0,1
10,18,5,0,0,93,1,4530,0,0,1
12,3,2,0,0,53,2,5110,0,1,1
9,3,4,0,0,56,2,5110,0,1,1
12,21,1,0,0,90,1,5110,0,0,1
6,18,6,0,0,75,1,10,0,1,1
9,18,1,0,0,79,0,2150,0,1,1
9,20,0,0,0,83,1,30,0,0,1
6,5,3,0,0,82,2,2120,0,1,1
13,18,1,0,0,88,2,5110,0,1,1
5,7,2,0,1,16,1,10,0,0,0
4,13,2,0,0,14,1,20,0,0,0
11,3,2,0,0,51,1,5110,0,1,1
3,15,2,0,1,11,1,60,0,0,0
5,10,4,0,1,0,2,10,0,0,0
9,19,3,0,0,91,1,5110,0,1,1
13,19,6,0,0,74,0,5110,0,1,1
13,2,3,0,0,89,0,2090,0,1,1
9,19,3,0,0,59,2,5110,0,1,1
12,20,5,0,0,66,0,5110,0,1,1
9,10,2,0,1,18,1,70,0,0,0
13,5,0,0,0,66,0,5110,0,1,1
11,1,1,0,0,64,1,5110,0,0,1
12,3,3,0,0,59,2,5110,0,1,1
13,3,5,0,0,52,2,2840,0,0,1
12,1,4,0,0,76,1,2750,0,1,1
9,0,0,0,0,63,1,5090,0,1,1
7,10,1,0,0,7,1,30,0,0,0
11,1,1,0,0,87,1,1050,0,1,1
12,1,1,0,0,62,2,5110,0,1,1
13,0,4,0,0,63,0,5110,0,0,1
10,0,5,0,0,85,2,5110,0,1,1
11,22,6,0,0,70,0,5110,0,1,1
5,12,0,0,0,5,2,100,0,0,0
3,17,1,0,0,4,0,80,0,0,0
13,21,2,0,0,66,1,2260,0,0,1
11,3,1,0,0,73,1,5110,0,1,1
10,21,1,0,0,64,1,5110,0,0,1
12,21,1,0,0,51,2,5110,0,1,1
9,22,3,0,0,96,1,5110,0,0,1
10,4,2,0,0,78,2,5110,0,1,1
6,4,1,0,0,61,2,5110,0,0,1
11,1,6,0,0,50,1,5110,0,1,1
12,18,0,0,0,74,1,5110,0,0,1
11,2,5,0,0,73,1,4510,0,1,1
5,19,3,0,0,87,1,5110,0,1,1
12,23,3,0,0,74,1,5110,0,1,1
10,2,6,0,0,98,2,5110,0,0,1
10,18,3,0,0,85,0,5110,0,0,1
9,18,6,0,0,66,1,5110,0,1,1
14,19,2,0,1,60,2,60,0,1,1
9,3,2,0,1,53,1,2440,0,0,1
10,1,4,0,0,75,2,5110,0,1,1
5,16,3,0,1,6,1,10,0,0,0
6,0,6,0,0,89,0,5110,0,1,1
4,5,5,0,0,73,0,5110,0,0,1
10,22,4,0,0,53,2,2780,0,1,1
13,5,3,0,0,99,2,5080,0,1,1
12,23,1,0,0,92,2,5110,0,1,1
13,5,6,0,0,99,2,5110,0,1,1
10,0,6,0,0,61,0,2030,0,1,1
12,21,4,0,0,89,2,5110,0,1,1
9,23,1,0,0,58,0,5110,0,0,1
4,18,2,0,1,18,2,70,0,0,0
10,1,0,0,0,54,1,5110,0,1,1
9,4,4,0,0,83,0,5110,0,1,1
9,19,1,0,0,62,0,5110,0,1,1
4,23,2,0,0,86,1,5110,0,1,1
9,1,6,0,0,69,1,4770,0,1,1
10,20,6,0,0,96,1,5110,0,1,1
11,0,6,0,0,56,1,5110,0,1,1
13,4,0,0,0,79,0,5110,0,0,1
7,23,3,0,0,83,0,5110,0,0,1
7,0,4,0,0,83,2,5110,0,0,1
10,18,3,0,1,80,2,20,0,1,1
9,2,3,0,1,61,1,1210,0,0,1
12,2,0,0,0,72,0,5110,0,0,1
10,23,4,0,0,69,2,5110,0,1,1
11,22,2,0,0,67,2,5110,0,1,1
7,23,2,0,0,77,0,5110,0,1,1
5,17,2,0,1,12,0,20,0,0,0
10,0,1,0,0,99,1,5090,0,1,1
10,1,0,0,0,66,2,5110,0,1,1
8,22,0,0,1,61,0,1130,0,1,1
1,14,3,0,0,8,0,10,0,0,0
10,1,4,0,0,62,1,5110,0,1,1
10,4,4,0,0,74,0,5110,0,0,1
3,18,2,0,0,0,1,20,0,0,0
12,1,1,0,0,51,1,5110,0,0,1
11,19,3,0,0,97,0,5110,0,0,1
14,1,6,0,1,61,1,20,0,1,1
11,0,1,0,0,73,2,1100,0,1,1
1,14,1,0,1,1,1,10,0,0,0
2,12,1,0,1,9,2,20,0,0,0
2,18,0,0,1,10,0,370,0,0,0
4,13,3,0,1,0,1,110,0,0,0
9,4,1,0,0,74,0,5110,0,0,1
12,19,6,0,0,81,0,5110,0,1,1
10,23,0,0,0,68,0,5100,0,1,1
3,12,1,0,1,5,2,50,0,0,0
12,18,5,0,0,94,2,4600,0,0,1
11,0,0,0,0,99,0,4790,0,1,1
9,0,6,0,0,65,2,5110,0,0,1
8,0,2,0,0,55,2,5110,0,1,1
5,10,1,0,0,5,1,10,0,0,0
5,20,6,0,0,95,0,5110,0,1,1
10,3,1,0,1,63,1,2840,0,1,1
12,0,0,0,0,81,0,5110,0,1,1
11,0,6,0,0,88,2,4920,0,1,1
4,18,0,0,0,80,1,5110,0,0,1
7,18,6,0,1,71,0,1080,0,1,1
9,19,0,0,0,87,1,5110,0,0,1
9,18,1,0,0,52,2,5110,0,1,1
11,5,2,0,0,72,2,1430,0,1,1
13,19,6,0,0,78,2,5110,0,1,1
13,0,0,0,0,79,2,4570,0,1,1
12,18,6,0,0,74,0,5110,0,1,1
9,23,4,0,0,54,1,2060,0,1,1
11,5,2,0,0,60,1,5110,0,1,1
9,4,5,0,0,87,2,5110,0,1,1
5,14,4,0,1,0,0,30,0,1,0
5,19,5,0,1,74,1,2220,0,1,1
1,10,1,0,1,18,0,20,0,0,0
3,17,1,0,0,14,2,10,0,0,0
10,23,5,0,0,79,2,5110,0,1,1
13,0,4,0,0,59,1,5110,0,0,1
10,5,2,0,0,50,1,5110,0,1,1
3,14,0,0,0,9,1,120,0,0,0
13,3,0,0,1,95,2,2180,0,1,1
13,4,1,0,0,94,1,5110,0,1,1
9,4,1,0,0,68,1,5110,0,1,1
9,18,2,0,0,51,2,5110,0,1,1
4,13,3,0,1,5,0,20,0,0,0
3,5,2,0,0,58,2,5110,0,1,1
9,21,1,0,0,73,2,2530,0,0,1
12,18,6,0,0,58,0,5110,0,1,1
1,13,4,0,0,17,2,150,0,0,0
9,2,2,0,0,91,2,5110,0,1,1
12,18,2,0,0,83,2,5110,0,0,1
12,20,4,0,0,52,1,5110,0,1,1
6,22,2,0,0,57,2,2070,0,1,1
11,0,2,0,0,88,1,5110,0,0,1
9,4,5,0,0,71,0,5110,0,1,1
9,22,4,0,0,59,2,5100,0,0,1
5,13,2,0,1,1,0,20,0,0,0
11,3,2,0,0,71,0,5100,0,0,1
12,21,5,0,0,74,2,1130,0,0,1
6,1,5,0,0,63,0,1210,0,0,1
10,18,3,0,0,68,0,5110,0,0,1
12,0,5,0,0,60,2,1270,0,1,1
4,18,4,0,1,10,1,60,0,0,0
13,5,4,0,1,83,2,2780,0,1,1
7,1,0,0,0,73,2,5110,0,1,1
6,1,0,0,0,53,0,4470,0,1,1
11,19,5,0,0,70,1,5110,0,0,1
8,21,6,0,0,91,1,5110,0,1,1
5,8,2,0,1,8,0,310,0,0,0
12,0,6,0,0,57,1,5110,0,0,1
12,23,0,0,0,87,1,5110,0,1,1
11,1,1,0,0,91,0,1060,0,0,1
9,22,0,0,0,74,0,5110,0,1,1
4,9,4,0,1,2,2,10,0,0,0
9,2,6,0,0,96,2,5110,0,1,1
13,20,2,0,0,63,0,5110,0,1,1
9,2,0,0,0,73,2,5080,0,1,1
13,5,0,0,0,85,1,5110,0,0,1
4,14,3,0,0,19,1,40,0,0,0
10,19,4,0,0,92,2,2710,0,1,1
5,14,2,0,1,12,2,20,0,0,0
13,2,2,0,0,62,0,2350,0,0,1
9,21,2,0,0,50,1,1380,0,1,1
9,4,5,0,1,72,1,1030,0,1,1
9,21,3,0,0,53,2,5110,0,1,1
13,22,3,0,0,54,1,2760,0,1,1
9,4,4,0,0,82,2,5110,0,1,1
12,21,3,0,0,78,0,4820,0,1,1
13,22,4,0,0,86,1,1110,0,1,1
8,20,2,0,0,57,0,2810,0,1,1
6,1,4,0,0,98,0,5110,0,1,1
12,21,5,0,0,52,1,5110,0,1,1
5,20,1,0,0,67,1,1420,0,0,1
11,1,2,0,0,69,0,5110,0,0,1
5,0,4,0,0,68,2,5110,0,1,1
13,5,0,0,0,63,0,2430,0,1,1
1,8,0,0,1,9,1,20,0,0,0
13,19,0,0,0,71,2,5110,0,1,1
4,16,3,0,0,12,1,150,0,0,0
12,1,0,0,0,99,2,5110,0,1,1
7,17,4,0,0,9,2,10,0,0,0
10,0,3,0,0,73,0,2980,0,1,1
12,2,3,0,0,93,2,4480,0,1,1
10,3,3,0,0,72,2,5110,0,0,1
11,20,6,0,0,71,0,5110,0,1,1
10,5,3,0,0,62,1,5110,0,1,1
11,19,3,0,0,70,1,5110,0,1,1
1,14,2,0,1,1,0,50,0,0,0
11,1,1,0,0,55,1,5110,0,1,1
10,18,2,0,0,98,2,5110,0,0,1
13,18,1,0,0,99,1,5110,0,1,1
10,20,0,0,0,68,2,5110,0,1,1
10,1,4,0,0,68,2,2090,0,1,1
9,23,2,0,0,92,0,5110,0,1,1
1,17,3,0,1,4,0,180,0,0,0
12,21,2,0,0,56,1,2590,0,1,1
9,0,6,0,0,69,2,5110,0,1,1
13,23,4,0,0,64,0,5110,0,0,1
12,1,0,0,1,55,0,1100,0,1,1
5,8,4,0,0,17,2,10,0,0,0
13,2,6,0,0,64,0,1170,0,1,1
10,22,3,0,0,60,0,2110,0,1,1
3,17,4,0,1,12,1,10,0,0,0
7,4,6,0,1,85,2,2730,0,1,1
10,2,3,0,0,57,2,5110,0,1,1
10,18,3,0,0,77,2,5110,0,1,1
5,14,2,0,1,18,0,20,0,0,0
4,20,6,0,0,96,1,1300,0,0,1
4,13,2,0,1,11,1,10,0,0,0
10,23,0,0,0,85,2,1470,0,1,1
4,17,0,0,1,17,0,10,0,1,0
12,5,2,0,0,64,0,5110,0,0,1
13,20,5,0,0,82,1,5110,0,1,1
5,15,2,0,1,17,2,10,0,0,0
5,15,3,0,1,0,2,10,0,0,0
10,2,4,0,0,58,0,5110,0,1,1
10,1,6,0,0,65,0,4600,0,0,1
13,19,3,0,0,86,2,2710,0,1,1
11,19,0,0,0,58,1,5110,0,1,1
10,22,4,0,0,94,2,2480,0,1,1
10,20,0,0,0,78,2,5110,0,1,1
4,15,4,0,1,12,2,190,0,0,0
4,22,3,0,0,72,0,5110,0,1,1
10,1,5,0,0,67,1,5110,0,1,1
6,18,3,0,0,66,0,5110,0,1,1
4,8,0,0,0,12,1,20,0,0,0
11,5,4,0,0,84,1,5110,0,1,1
9,18,1,0,0,76,1,5110,0,1,1
10,23,5,0,0,92,0,5110,0,1,1
13,2,3,0,0,99,1,5110,0,1,1
13,20,6,0,0,53,2,5110,0,1,1
1,14,3,0,1,17,1,220,0,0,0
9,1,6,0,0,92,0,2800,0,1,1
13,19,4,0,0,56,1,5110,0,1,1
5,3,3,0,0,77,0,5110,0,1,1
9,4,5,0,0,94,0,5110,0,1,1
1,16,4,0,1,11,0,10,0,0,0
9,4,4,0,0,87,1,5110,0,0,1
10,3,3,0,0,69,0,4610,0,1,1
10,23,0,0,0,53,2,1380,0,1,1
9,1,6,0,0,63,2,4460,0,1,1
4,17,0,0,1,2,0,320,0,0,0
13,5,3,0,0,94,1,5110,0,1,1
12,18,2,0,0,51,2,5100,0,1,1
5,3,3,0,0,60,0,5110,0,0,1
11,4,4,0,0,83,1,5110,0,0,1
6,4,3,0,0,51,0,2400,0,0,1
13,2,1,0,0,80,2,5110,0,0,1
11,1,0,0,0,73,0,5110,0,1,1
3,17,0,0,1,16,0,10,0,0,0
12,20,6,0,0,99,2,2570,0,1,1
10,0,2,0,1,82,1,2520,0,1,1
12,22,0,0,0,56,2,5100,0,1,1
9,18,2,0,0,75,1,5110,0,1,1
5,16,3,0,1,0,0,10,0,0,0
11,22,3,0,0,93,2,5110,0,1,1
2,13,0,0,1,13,0,30,0,0,0
11,2,1,0,0,96,2,5110,0,1,1
4,18,4,0,1,19,2,10,0,0,0
11,23,6,0,0,64,1,2860,0,1,1
10,0,5,0,0,89,1,1140,0,1,1
11,23,3,0,0,77,1,5110,0,1,1
9,2,2,0,0,97,2,5110,0,0,1
9,5,0,0,0,80,2,2100,0,1,1
11,23,3,0,0,89,2,1160,0,1,1
12,20,0,0,0,87,2,3000,0,0,1
11,0,0,0,0,66,2,5110,0,0,1
9,0,0,0,0,72,1,5110,0,1,1
12,19,4,0,0,89,0,5110,0,1,1
9,2,4,0,0,76,1,5110,0,0,1
12,18,0,0,0,66,1,1460,0,1,1
12,4,3,0,1,82,2,2650,0,1,1
9,19,6,0,0,95,2,5110,0,0,1
10,3,1,0,0,98,1,2570,0,0,1
12,23,5,0,0,85,0,4360,0,1,1
11,22,3,0,0,55,1,5110,0,0,1
4,7,0,0,0,10,2,110,0,0,0
12,19,3,0,0,98,0,5110,0,1,1
4,4,2,0,0,87,2,1380,0,0,1
8,19,4,0,0,89,2,5110,0,0,1
13,2,1,0,0,79,1,1010,0,0,1
11,21,3,0,0,67,2,5110,0,1,1
9,21,4,0,0,65,1,5110,0,1,1
13,1,5,0,0,50,1,5110,0,1,1
11,1,6,0,0,79,0,5110,0,1,1
11,0,1,0,0,68,1,5110,0,0,1
1,8,2,0,0,10,1,10,0,0,0
4,9,3,0,0,0,0,40,0,0,0
1,9,2,0,1,5,1,10,0,0,0
12,5,0,0,0,56,2,5110,0,1,1
9,4,0,0,0,66,1,5110,0,1,1
11,18,1,0,0,51,0,2630,0,0,1
13,21,6,0,1,88,0,1280,0,0,1
9,4,3,0,0,75,1,5110,0,1,1
5,11,3,0,1,5,2,40,0,0,0
12,21,4,0,0,75,0,5110,0,0,1
9,23,0,0,0,52,0,5110,0,1,1
11,1,6,0,0,52,2,5110,0,1,1
9,18,6,0,0,59,2,4440,0,0,1
13,23,5,0,0,91,1,5110,0,1,1
12,20,1,0,0,83,0,5110,0,1,1
11,5,3,0,1,70,1,1180,0,1,1
1,8,1,0,0,16,0,100,0,0,0
12,0,4,0,1,54,2,1930,0,1,1
5,21,1,0,0,91,2,1380,0,1,1
11,0,3,0,0,56,1,5110,0,1,1
9,21,1,0,0,66,0,5110,0,1,1
12,5,3,0,0,64,2,5110,0,1,1
9,20,5,0,0,92,1,5110,0,1,1
11,19,2,0,0,85,0,1060,0,0,1
13,1,6,0,0,92,0,5100,0,1,1
9,19,6,0,0,84,2,4520,0,0,1
11,23,6,0,0,96,1,5110,0,0,1
13,2,2,0,0,79,1,5110,0,1,1
12,0,6,0,0,88,0,5110,0,0,1
10,3,2,0,0,69,1,5110,0,1,1
5,12,0,0,0,5,0,150,0,0,0
9,21,6,0,0,84,0,4560,0,1,1
10,0,5,0,0,64,0,5100,0,0,1
13,19,1,0,0,85,1,5110,0,1,1
9,5,3,0,0,51,2,5100,0,1,1
2,13,4,0,1,3,2,40,0,0,0
3,10,4,0,1,4,1,10,0,0,0
5,12,1,0,1,1,2,10,0,0,0
4,4,6,0,1,58,1,1060,0,1,1
1,10,1,0,1,19,1,40,0,0,0
11,2,4,0,0,73,1,5110,0,0,1
4,16,4,0,1,6,1,30,0,0,0
11,19,5,0,1,69,2,10,0,1,1
4,5,4,0,0,89,0,5110,0,0,1
10,22,6,0,0,65,1,5110,0,1,1
1,18,1,0,1,9,2,10,0,0,0
13,21,3,0,0,91,1,5050,0,1,1
13,0,0,0,0,94,2,5110,0,1,1
10,21,3,0,0,54,1,1260,0,1,1
4,7,1,0,1,12,1,10,0,0,0
4,8,1,0,1,15,1,80,0,1,0
9,18,4,0,0,77,2,2460,0,1,1
13,20,5,0,0,94,1,5100,0,1,1
11,2,6,0,0,83,0,5110,0,1,1
4,13,3,0,1,3,0,10,0,0,0
13,18,6,0,0,66,1,5110,0,1,1
11,4,5,0,0,63,2,5110,0,1,1
11,1,3,0,0,60,1,5110,0,1,1
10,18,3,0,0,57,1,5110,0,1,1
13,18,1,0,0,91,0,5110,0,1,1
9,19,3,0,0,95,2,5110,0,1,1
11,18,5,0,0,87,1,5110,0,1,1
10,0,6,0,0,75,0,5110,0,1,1
13,3,0,0,0,87,2,5110,0,1,1
10,2,4,0,0,77,1,1460,0,0,1
10,4,4,0,0,80,0,5110,0,1,1
12,19,0,0,0,87,0,5110,0,1,1
10,3,5,0,0,82,0,5110,0,1,1
13,0,5,0,0,63,1,5110,0,1,1
9,12,1,0,1,8,1,30,0,0,0
1,12,0,0,1,6,0,170,0,0,0
7,5,6,0,0,74,1,4360,0,1,1
5,14,0,0,1,14,1,10,0,0,0
5,10,2,0,1,7,1,10,0,0,0
12,22,1,0,0,55,1,2180,0,0,1
11,21,6,0,0,88,2,5110,0,1,1
10,18,3,0,0,50,1,1170,0,1,1
12,2,1,0,0,56,2,5100,0,1,1
1,10,0,0,0,6,0,20,0,1,0
9,5,6,0,0,71,1,5110,0,1,1
9,3,5,0,0,85,1,5110,0,1,1
10,0,5,0,1,65,1,1180,0,1,1
8,22,5,0,1,77,2,2440,0,1,1
10,2,4,0,1,97,1,1460,0,1,1
13,23,0,0,0,88,0,5100,0,1,1
12,22,3,0,0,60,1,5110,0,1,1
2,12,4,0,0,9,0,50,0,0,0
9,3,4,0,0,56,2,5110,0,1,1
2,13,3,0,1,8,0,40,0,0,0
12,2,3,0,0,65,1,4540,0,1,1
11,19,2,0,0,73,2,5110,0,1,1
1,9,3,0,1,17,2,260,0,0,0
12,18,2,0,0,66,2,4530,0,1,1
12,2,4,0,0,69,2,5110,0,1,1
9,20,5,0,0,92,2,2160,0,0,1
13,23,3,0,0,70,1,5110,0,1,1
13,22,1,0,0,60,0,5100,0,1,1
9,22,1,0,0,76,1,5110,0,1,1
5,23,5,0,0,64,0,5110,0,1,1
13,3,5,0,0,52,0,4500,0,1,1
12,3,1,0,0,91,1,5110,0,1,1
3,9,4,0,1,19,2,10,0,0,0
10,21,1,0,0,65,0,5110,0,0,1
5,0,2,0,0,80,0,1640,0,0,1
8,20,4,0,0,84,0,5110,0,1,1
12,4,6,0,0,95,2,5110,0,1,1
9,18,0,0,1,55,2,2720,0,1,1
13,18,5,0,0,65,0,2940,0,1,1
9,23,4,0,0,85,0,5110,0,0,1
12,5,0,0,0,75,0,850,0,0,1
10,19,1,0,0,96,1,5110,0,1,1
9,18,4,0,0,64,2,1260,0,1,1
12,18,3,0,0,99,0,5110,0,1,1
11,4,1,0,0,88,0,5090,0,1,1
13,19,1,0,0,71,0,5110,0,0,1
13,19,4,0,0,66,0,5110,0,1,1
13,2,5,0,0,56,1,5110,0,1,1
5,3,5,0,0,71,2,4820,0,1,1
1,13,4,0,1,12,2,10,0,0,0
10,21,5,0,0,77,0,2460,0,1,1
7,18,2,0,1,15,0,20,0,0,0
11,18,3,0,0,93,1,2300,0,1,1
4,3,6,0,0,51,0,5110,0,0,1
13,5,1,0,1,90,1,1140,0,1,1
2,11,0,0,0,5,1,10,0,0,0
9,0,4,0,0,84,2,4790,0,1,1
13,0,3,0,0,86,1,5110,0,1,1
11,23,0,0,1,73,0,1190,0,0,1
13,23,2,0,0,54,2,4860,0,0,1
9,20,1,0,0,64,0,4640,0,0,1
12,21,0,0,0,56,1,1510,0,0,1
5,5,5,0,0,97,2,4910,0,1,1
12,21,4,0,0,98,0,5110,0,0,1
12,21,0,0,0,61,0,950,0,1,1
12,18,0,0,0,78,2,5110,0,0,1
12,23,2,0,0,82,1,5110,0,1,1
10,5,6,0,0,81,2,5110,0,1,1
10,21,1,0,0,60,0,5110,0,1,1
10,3,1,0,0,68,0,2780,0,1,1
13,21,4,0,0,77,2,1770,0,1,1
12,23,2,0,0,76,0,5110,0,0,1
10,20,5,0,0,68,0,5110,0,1,1
12,19,2,0,0,97,1,2180,0,1,1
11,3,6,0,0,64,2,5110,0,0,1
12,0,3,0,0,94,2,5110,0,1,1
10,0,2,0,0,65,0,5090,0,1,1
3,18,0,0,1,10,0,290,0,0,0
9,3,2,0,0,61,0,5110,0,1,1
9,2,4,0,0,62,1,2150,0,1,1
3,8,4,0,1,8,1,30,0,0,0
13,5,4,0,0,71,0,5110,0,0,1
1,15,4,0,1,8,2,30,0,0,0
5,8,0,0,1,16,0,10,0,0,0
7,15,2,0,0,2,1,10,0,0,0
13,5,3,0,0,57,2,5110,0,1,1
8,11,3,0,1,4,0,10,0,0,0
3,4,6,0,0,51,0,2410,0,1,1
13,21,2,0,0,95,2,5110,0,1,1
11,21,3,0,0,90,0,4830,0,0,1
12,21,3,0,0,77,1,980,0,1,1
10,5,5,0,0,62,2,5100,0,1,1
7,3,2,0,0,65,2,5110,0,1,1
10,2,1,0,0,83,2,5110,0,1,1
9,20,5,0,0,56,2,5110,0,1,1
9,1,6,0,0,63,2,5110,0,1,1
13,0,5,0,0,64,0,5110,0,1,1
4,21,5,0,1,78,0,2360,0,1,1
12,1,5,0,0,94,2,5110,0,0,1
6,22,5,0,1,55,1,2780,0,1,1
11,0,5,0,0,71,1,5110,0,1,1
12,23,1,0,0,62,1,2300,0,1,1
11,22,2,0,0,62,0,5110,0,1,1
8,22,4,0,0,72,2,5110,0,0,1
10,21,1,0,0,85,2,5110,0,1,1
13,5,4,0,1,78,2,1140,0,0,1
11,19,3,0,0,51,2,5110,0,1,1
9,5,3,0,0,93,1,5110,0,0,1
11,21,1,0,0,82,1,5110,0,1,1
13,18,6,0,0,64,1,5110,0,0,1
13,2,3,0,0,95,1,2760,0,1,1
12,0,5,0,0,67,0,5110,0,1,1
13,1,4,0,0,67,2,5110,0,0,1
13,21,6,0,0,96,1,5110,0,1,1
10,20,3,0,0,70,1,5110,0,0,1
7,13,1,0,1,8,1,40,0,0,0
12,5,0,0,0,95,0,1130,0,1,1
9,0,5,0,0,95,1,1470,0,1,1
12,18,3,0,0,70,2,5110,0,1,1
13,1,5,0,0,82,1,5110,0,1,1
10,5,3,0,0,83,0,1230,0,1,1
1,8,3,0,1,3,1,230,0,0,0
13,23,6,0,0,56,1,5100,0,1,1
10,21,2,0,0,85,1,5110,0,0,1
10,18,6,0,0,77,0,5110,0,1,1
12,19,4,0,0,89,1,5110,0,1,1
11,4,1,0,0,69,1,1170,0,1,1
11,5,5,0,0,64,1,5110,0,1,1
3,8,4,0,1,15,0,70,0,0,0
5,14,4,0,1,17,1,10,0,0,0
4,12,4,0,1,12,1,10,0,0,0
3,18,4,0,1,7,2,160,0,0,0
10,23,3,0,1,54,0,2790,0,0,1
9,4,1,0,0,85,0,4390,0,1,1
4,7,1,0,0,7,0,10,0,0,0
1,13,2,0,1,10,0,140,0,0,0
11,22,1,0,0,94,0,5110,0,0,1
3,10,4,0,1,19,2,60,0,0,0
9,0,0,0,0,65,1,5110,0,1,1
9,4,6,0,0,86,0,1060,0,1,1
9,19,5,0,0,54,1,1380,0,1,1
3,22,1,0,0,62,2,5110,0,1,1
13,20,4,0,0,54,1,5110,0,1,1
8,18,2,0,1,6,2,10,0,0,0
10,20,3,0,0,76,1,2470,0,1,1
5,11,0,0,0,3,2,60,0,0,0
11,19,3,0,0,72,0,4830,0,1,1
13,22,1,0,0,88,2,5080,0,1,1
5,2,4,0,0,88,2,5110,0,1,1
12,1,3,0,0,97,1,2580,0,0,1
10,21,6,0,0,71,2,1040,0,1,1
13,5,1,0,0,59,1,1480,0,1,1
8,18,0,0,0,64,1,5110,0,1,1
12,21,6,0,0,74,1,2400,0,1,1
12,23,1,0,0,93,1,5110,0,1,1
11,21,3,0,0,91,1,2530,0,1,1
1,16,0,0,1,4,1,10,0,0,0
12,4,3,0,0,69,2,5110,0,0,1
10,1,0,0,0,58,1,5110,0,1,1
2,17,1,0,1,7,1,10,0,1,0
11,1,0,0,0,74,0,2940,0,0,1
10,21,1,0,0,59,0,2980,0,0,1
6,2,6,0,0,93,1,5110,0,1,1
11,0,3,0,0,80,1,5110,0,0,1
3,20,1,0,0,81,0,2520,0,1,1
7,7,0,0,1,9,1,60,0,1,0
12,20,4,0,0,99,2,5110,0,1,1
9,0,0,0,0,93,2,5110,0,1,1
12,23,2,0,0,68,1,5110,0,1,1
13,2,3,0,1,95,0,1120,0,1,1
10,19,3,0,0,98,2,5110,0,1,1
13,22,2,0,0,50,1,5110,0,1,1
12,19,0,0,0,58,2,5110,0,0,1
3,9,4,0,1,18,2,150,0,0,0
9,2,1,0,0,77,1,2980,0,1,1
11,22,4,0,0,51,2,5110,0,1,1
10,23,2,0,0,78,2,5110,0,0,1
13,2,5,0,0,80,1,5110,0,1,1
6,0,0,0,0,91,0,2160,0,1,1
12,20,5,0,0,70,0,4630,0,1,1
12,20,5,0,0,67,0,720,0,0,1
12,22,5,0,0,84,0,2450,0,1,1
13,18,3,0,0,79,0,5110,0,1,1
12,20,1,0,0,96,2,4510,0,1,1
10,19,4,0,0,66,1,5110,0,0,1
11,5,2,0,0,78,2,5110,0,0,1
12,18,1,0,0,98,1,4910,0,1,1
12,3,6,0,0,88,2,5110,0,1,1
13,21,0,0,0,65,0,5110,0,1,1
11,2,6,0,0,87,0,5110,0,1,1
4,15,3,0,1,16,1,20,0,0,0
2,9,0,0,0,6,1,90,0,0,0
9,10,4,0,1,14,0,10,0,0,0
11,5,4,0,1,92,0,2400,0,0,1
9,4,3,0,0,73,0,5110,0,1,1
12,2,1,0,0,85,1,4820,0,1,1
9,0,5,0,0,56,0,5110,0,1,1
12,18,3,0,1,78,1,1150,0,1,1
13,18,5,0,0,76,2,5110,0,1,1
11,5,1,0,1,79,1,1950,0,1,1
9,22,1,0,0,51,2,4780,0,1,1
9,3,5,0,0,54,1,10,0,0,1
9,3,1,0,0,96,2,5110,0,1,1
4,16,0,0,0,11,1,10,0,0,0
9,23,4,0,1,68,2,1280,0,1,1
3,13,1,0,1,4,2,110,0,0,0
13,20,2,0,0,50,2,5110,0,0,1
9,18,1,0,0,70,2,5110,0,1,1
11,4,5,0,0,73,2,1170,0,1,1
11,2,3,0,0,94,1,5110,0,0,1
12,4,1,0,0,62,0,5110,0,1,1
12,21,6,0,0,75,1,5110,0,1,1
11,19,4,0,0,50,2,5110,0,1,1
11,3,4,0,0,58,0,5100,0,1,1
9,4,5,0,0,91,1,5110,0,1,1
13,19,3,0,0,72,0,1030,0,0,1
5,8,3,0,1,7,2,10,0,0,0
10,19,6,0,0,63,1,2360,0,0,1
10,0,4,0,0,56,0,2900,0,0,1
11,2,5,0,0,54,0,5110,0,1,1
9,20,3,0,0,78,1,4810,0,1,1
10,20,6,0,0,58,1,5110,0,1,1
10,5,6,0,0,75,2,5110,0,1,1
13,0,4,0,0,62,2,10,0,1,1
11,1,2,0,0,81,2,5110,0,1,1
1,13,2,0,1,6,0,20,0,0,0
10,19,5,0,0,75,0,5110,0,1,1
10,5,4,0,1,76,1,2180,0,1,1
7,5,6,0,0,84,1,5110,0,1,1
11,19,4,0,1,67,1,2750,0,0,1
11,0,0,0,0,92,0,2890,0,0,1
12,21,2,0,0,89,2,5110,0,1,1
13,2,2,0,1,54,0,1410,0,0,1
12,18,5,0,0,88,0,2350,0,1,1
11,5,1,0,0,94,1,5100,0,1,1
10,1,1,0,0,92,2,5110,0,0,1
9,2,0,0,0,64,0,5110,0,1,1
9,5,5,0,1,72,2,2360,0,0,1
11,4,4,0,0,60,0,5090,0,1,1
8,11,0,0,1,16,2,80,0,0,0
1,15,0,0,0,19,2,130,0,0,0
11,20,3,0,0,64,2,5110,0,1,1
12,18,0,0,0,54,1,5110,0,0,1
9,2,5,0,1,94,1,2610,0,1,1
10,23,2,0,0,88,0,5110,0,0,1
13,2,6,0,0,59,0,4560,0,1,1
3,9,4,0,1,0,2,60,0,0,0
9,4,1,0,0,62,0,5110,0,1,1
11,3,4,0,0,79,1,5110,0,1,1
11,23,4,0,0,92,2,4800,0,1,1
3,8,0,0,0,12,2,150,0,0,0
11,21,0,0,0,78,1,5110,0,1,1
11,4,1,0,0,55,0,5100,0,0,1
10,20,2,0,0,75,1,1110,0,1,1
10,18,1,0,0,94,0,5110,0,1,1
2,14,4,0,1,0,0,10,0,0,0
13,1,6,0,0,74,1,5110,0,1,1
10,5,6,0,0,71,2,5110,0,0,1
10,5,5,0,0,66,1,5110,0,1,1
11,1,2,0,1,58,2,1040,0,0,1
12,4,6,0,0,64,0,5110,0,1,1
13,4,4,0,0,95,0,5110,0,0,1
7,7,2,0,1,9,2,30,0,0,0
11,23,6,0,0,80,0,4790,0,0,1
11,4,2,0,0,82,0,5100,0,0,1
12,19,4,0,0,88,2,2200,0,0,1
3,18,2,0,0,1,1,10,0,0,0
13,20,0,0,0,71,1,5110,0,1,1
11,0,4,0,1,73,1,1430,0,1,1
11,0,1,0,0,90,0,5110,0,0,1
9,23,2,0,1,89,2,2000,0,1,1
6,0,2,0,0,78,0,5110,0,1,1
13,0,3,0,0,78,0,5110,0,1,1
4,15,0,0,1,13,2,250,0,0,0
9,17,0,0,1,7,2,290,0,0,0
13,5,5,0,0,80,1,5110,0,1,1
10,22,4,0,0,91,1,5110,0,1,1
5,14,0,0,1,16,2,20,0,0,0
4,12,4,0,1,16,2,70,0,0,0
11,21,4,0,0,56,0,5110,0,1,1
11,18,5,0,1,80,1,2410,0,1,1
13,20,2,0,0,59,2,5110,0,1,1
11,18,6,0,0,72,0,2480,0,1,1
11,18,4,0,0,91,0,5110,0,1,1
11,19,4,0,1,52,2,2310,0,1,1
10,18,5,0,0,70,1,5110,0,0,1
9,4,4,0,0,75,0,5110,0,1,1
11,18,4,0,0,89,2,5110,0,1,1
10,21,4,0,0,74,0,5110,0,0,1
13,22,2,0,0,83,0,5110,0,1,1
10,3,3,0,0,92,2,2510,0,1,1
13,3,1,0,0,51,2,5110,0,1,1
2,13,0,0,0,12,2,70,0,0,0
11,1,6,0,0,68,2,4490,0,0,1
9,5,3,0,0,90,2,5110,0,1,1
11,21,6,0,0,57,0,5110,0,1,1
4,7,0,0,0,15,0,10,0,0,0
12,5,0,0,0,63,1,5110,0,0,1
5,20,1,0,0,91,0,5110,0,0,1
9,19,4,0,0,81,1,5110,0,0,1
9,19,1,0,0,55,2,2240,0,0,1
13,18,0,0,0,63,2,5110,0,1,1
13,19,0,0,0,77,2,5110,0,1,1
12,2,6,0,1,99,1,1490,0,1,1
11,5,1,0,0,79,2,5090,0,1,1
14,21,4,1,0,99,0,20,0,1,1
13,1,0,0,0,50,0,5110,0,1,1
1,7,3,0,1,8,2,80,0,0,0
11,1,0,0,0,53,1,5110,0,1,1
12,22,2,0,0,78,0,5110,0,0,1
9,21,1,0,0,74,2,5110,0,1,1
9,20,5,0,0,54,0,5080,0,1,1
12,3,1,0,0,93,0,5110,0,0,1
7,11,1,0,0,4,0,20,0,0,0
2,10,1,0,1,7,2,780,0,0,0
6,22,0,0,1,80,1,360,0,0,1
11,23,5,0,0,70,1,5110,0,1,1
9,2,3,0,0,62,2,2300,0,1,1
12,0,6,0,0,52,0,5110,0,1,1
10,18,0,0,0,68,1,5110,0,1,1
9,22,4,0,0,89,2,5110,0,0,1
12,23,1,0,0,71,2,4540,0,1,1
10,5,0,0,0,79,2,5110,0,1,1
9,21,1,0,0,52,1,5110,0,1,1
11,20,0,0,0,80,0,5110,0,1,1
11,0,6,0,0,87,1,5110,0,1,1
3,16,0,0,1,12,0,50,0,0,0
11,21,2,0,0,60,0,5110,0,0,1
9,4,5,0,0,58,0,5110,0,0,1
8,0,1,0,0,98,0,2270,0,1,1
1,9,0,0,1,12,0,20,0,0,0
9,11,4,0,1,8,2,20,0,0,0
6,19,3,0,0,66,0,5110,0,0,1
5,2,3,0,0,79,0,5110,0,1,1
7,3,4,0,0,78,2,5110,0,1,1
9,19,6,0,0,84,1,5110,0,0,1
13,2,0,0,0,93,0,5110,0,0,1
3,12,0,0,1,5,0,10,0,0,0
12,22,5,0,0,66,2,2080,0,1,1
1,14,3,0,0,17,0,10,0,0,0
10,21,3,0,0,91,1,2800,0,1,1
3,17,2,0,1,7,0,20,0,0,0
9,21,6,0,0,91,1,4520,0,0,1
11,19,0,0,0,85,2,5110,0,1,1
9,19,3,0,0,91,2,5100,0,1,1
13,3,5,0,0,92,2,5110,0,1,1
14,22,4,0,0,76,1,20,0,1,1
1,16,4,0,1,15,0,10,0,0,0
11,22,3,0,0,71,0,2130,0,1,1
12,0,1,0,0,70,0,4380,0,1,1
10,18,3,0,0,55,2,5110,0,1,1
9,20,2,0,0,62,1,5110,0,1,1
10,23,6,0,1,77,2,1390,0,0,1
13,0,4,0,0,86,2,5110,0,1,1
1,14,2,0,1,18,1,10,0,0,0
2,15,1,0,1,14,0,20,0,0,0
11,4,1,0,0,67,2,4360,0,0,1
11,4,3,0,0,93,0,5110,0,0,1
4,9,3,0,1,17,1,10,0,0,0
12,18,5,0,0,74,2,3000,0,1,1
9,19,1,0,0,80,2,2810,0,0,1
3,0,1,0,0,95,1,5110,0,1,1
13,1,3,0,0,57,1,2160,0,1,1
13,0,5,0,0,78,2,5110,0,0,1
11,3,1,0,0,69,1,5110,0,0,1
5,11,0,0,1,12,1,30,0,0,0
5,4,0,0,0,53,1,5110,0,1,1
11,2,1,0,0,68,2,5100,0,1,1
12,5,2,0,1,97,1,2570,0,1,1
11,1,4,0,0,77,0,5110,0,1,1
9,5,4,0,0,76,0,5110,0,1,1
11,4,2,0,0,54,1,1300,0,1,1
4,10,4,0,1,3,0,120,0,0,0
9,20,4,0,0,71,0,2360,0,1,1
11,22,2,0,1,72,1,1350,0,0,1
4,9,0,0,0,12,2,10,0,0,0
6,3,6,0,0,79,0,2400,0,1,1
9,18,4,0,0,98,0,5110,0,1,1
11,4,3,0,0,51,2,5110,0,0,1
11,5,5,0,0,66,1,5110,0,1,1
11,20,1,0,0,70,0,5110,0,1,1
13,23,6,0,0,66,1,5110,0,1,1
13,23,3,0,0,92,2,2230,0,0,1
13,19,4,0,0,68,2,2250,0,1,1
13,0,2,0,0,59,2,5110,0,0,1
8,18,0,0,0,68,2,1360,0,1,1
10,3,5,0,0,98,1,1130,0,1,1
11,1,1,0,1,71,1,2820,0,1,1
9,22,3,0,0,54,2,1310,0,1,1
13,18,1,0,0,50,2,5090,0,0,1
11,21,0,0,0,52,2,5110,0,1,1
9,19,2,0,0,89,0,5110,0,1,1
12,19,4,0,0,68,0,670,0,1,1
13,5,4,0,0,76,2,5110,0,1,1
11,23,2,0,0,84,2,2250,0,0,1
7,0,2,0,0,75,0,5110,0,1,1
13,19,4,0,0,62,1,5110,0,1,1
10,3,0,0,0,56,0,5110,0,0,1
13,22,0,0,0,84,0,5110,0,1,1
7,21,6,0,1,93,2,2500,0,0,1
10,22,6,0,0,90,0,5110,0,1,1
13,0,0,0,0,57,1,4760,0,1,1
11,21,2,0,0,85,2,5110,0,1,1
11,20,3,0,0,68,1,5110,0,0,1
11,19,3,0,0,56,2,2540,0,1,1
13,4,1,0,0,56,2,5110,0,0,1
9,3,2,0,0,95,1,4780,0,1,1
10,3,4,0,0,88,2,5110,0,1,1
4,7,1,0,0,11,0,100,0,0,0
13,4,0,0,0,70,2,5110,0,1,1
1,14,0,0,1,1,0,250,0,0,0
11,19,0,0,0,63,1,5100,0,1,1
11,18,0,0,0,70,1,5110,0,0,1
13,3,0,0,0,68,1,1980,0,1,1
9,2,3,0,0,85,0,1440,0,1,1
13,22,1,0,0,81,0,5110,0,0,1
10,0,2,0,0,89,2,5110,0,1,1
6,20,1,0,0,92,2,5110,0,1,1
13,5,5,0,0,64,0,5110,0,1,1
2,11,3,0,0,7,2,10,0,0,0
4,5,3,0,0,81,2,5110,0,1,1
4,2,4,0,0,85,0,5110,0,1,1
11,23,4,0,0,84,1,5110,0,1,1
1,10,0,0,1,12,1,100,0,0,0
12,20,0,0,0,89,0,5110,0,1,1
9,3,3,0,0,89,2,5110,0,1,1
5,12,3,0,1,18,0,60,0,0,0
12,18,1,0,0,86,0,5110,0,0,1
10,20,4,0,0,88,0,5110,0,1,1
13,23,3,0,0,59,2,2390,0,1,1
3,2,1,0,0,78,0,5100,0,1,1
10,4,3,0,0,96,2,1050,0,1,1
4,3,2,0,0,82,0,5110,0,1,1
5,18,1,0,1,53,2,2930,0,1,1
2,16,1,0,1,12,2,20,0,0,0
10,19,5,0,0,78,2,5110,0,1,1
12,4,6,0,0,78,1,5110,0,1,1
9,1,1,0,1,75,2,2280,0,1,1
11,21,5,0,0,52,2,5110,0,0,1
11,5,5,0,0,97,1,4590,0,0,1
9,2,3,0,0,94,0,5110,0,1,1
3,17,1,0,1,14,0,10,0,0,0
12,3,0,0,0,93,2,5110,0,1,1
12,23,3,0,0,65,0,5110,0,0,1
11,20,0,0,0,63,0,5110,0,1,1
3,16,0,0,1,5,0,10,0,0,0
11,3,6,0,0,73,0,4480,0,0,1
11,21,1,0,0,91,1,5110,0,0,1
6,1,0,0,0,98,2,1730,0,0,1
1,15,3,0,1,16,1,10,0,0,0
13,18,2,0,0,99,1,5110,0,1,1
11,19,2,0,1,77,2,10,0,1,1
10,20,0,0,0,91,0,5100,0,1,1
9,18,4,0,0,87,2,5110,0,0,1
5,21,3,0,0,54,0,5100,0,1,1
9,3,3,0,0,96,0,2920,0,1,1
12,21,2,0,0,56,1,5110,0,1,1
9,19,2,0,0,60,0,5110,0,0,1
10,1,4,0,1,50,2,2130,0,1,1
10,20,2,0,0,63,0,5110,0,1,1
11,18,6,0,0,90,1,5110,0,1,1
9,23,0,0,1,91,1,1460,0,0,1
3,18,6,0,0,94,0,5110,0,1,1
12,20,1,0,0,69,1,2410,0,1,1
13,3,4,0,0,55,2,5110,0,1,1
10,22,2,0,1,76,0,1200,0,0,1
13,23,1,0,1,73,0,2900,0,1,1
14,23,3,0,0,52,1,10,1,0,1
11,23,1,0,0,90,2,5110,0,1,1
3,12,2,0,0,4,2,10,0,0,0
9,23,2,0,0,82,2,5110,0,0,1
5,23,5,0,0,93,2,5110,0,0,1
2,17,3,0,1,4,0,90,0,0,0
11,23,0,0,0,91,0,5110,0,0,1
13,5,4,0,0,75,0,5110,0,1,1
5,12,1,0,1,8,1,10,0,0,0
11,1,0,0,1,65,0,2160,0,1,1
6,1,6,0,0,77,0,5110,0,1,1
9,5,2,0,0,67,2,5110,0,1,1
11,22,5,0,0,60,1,5110,0,1,1
9,2,5,0,0,74,2,4410,0,1,1
12,1,3,0,0,55,2,5110,0,1,1
2,9,1,0,1,10,2,1020,0,0,0
11,23,3,0,1,59,1,2190,0,1,1
10,23,2,0,0,75,0,5110,0,0,1
12,21,6,0,0,82,2,5110,0,1,1
10,19,0,0,0,69,0,5100,0,1,1
6,21,0,0,0,95,1,5110,0,1,1
10,23,4,0,0,86,1,5100,0,1,1
13,20,4,0,0,69,0,5110,0,1,1
1,14,3,0,0,2,0,20,0,0,0
4,10,0,0,1,12,2,80,0,0,0
1,8,2,0,1,15,2,10,0,0,0
11,3,3,0,0,99,1,2210,0,0,1
2,7,1,0,1,12,0,100,0,0,0
13,21,0,0,0,57,1,2160,0,1,1
10,23,0,0,0,54,1,5110,0,1,1
10,20,5,0,0,87,0,1370,0,1,1
6,20,3,0,1,90,0,1240,0,0,1
9,18,4,0,0,98,2,5110,0,0,1
3,17,3,0,1,17,2,10,0,0,0
5,16,2,0,1,2,2,250,0,0,0
8,19,6,0,0,87,2,5100,0,0,1
12,1,4,0,0,51,1,5110,0,1,1
10,20,5,0,0,57,1,5110,0,1,1
9,21,6,0,0,55,0,1280,0,1,1
12,1,1,0,0,99,2,5110,0,1,1
6,16,0,0,1,16,0,10,0,0,0
6,11,2,0,1,2,1,130,0,0,0
11,4,5,0,0,58,0,5110,0,1,1
12,2,1,0,0,70,0,2250,0,1,1
9,23,5,0,0,84,2,5110,0,1,1
3,13,1,0,0,18,0,10,0,0,0
12,7,2,0,1,19,1,80,0,0,0
9,22,5,0,0,78,1,5100,0,1,1
13,2,6,0,0,63,2,5110,0,1,1
12,22,3,0,0,70,1,5110,0,1,1
13,23,1,0,0,57,0,5110,0,1,1
12,21,6,0,0,72,2,1910,0,1,1
4,18,1,0,0,88,0,5110,0,0,1
11,1,1,0,1,68,0,5110,0,1,1
2,15,4,0,1,6,2,50,0,0,0
1,14,4,0,0,10,1,200,0,0,0
11,21,5,0,0,84,2,5110,0,1,1
12,20,0,0,1,68,0,2460,0,1,1
9,23,2,0,0,88,2,5110,0,1,1
12,2,4,0,0,80,1,2150,0,1,1
3,11,1,0,1,15,0,160,0,0,0
10,3,2,0,0,89,1,5110,0,1,1
9,18,1,0,0,69,1,5110,0,1,1
1,11,0,0,0,9,0,10,0,0,0
11,23,5,0,0,78,0,1100,0,1,1
11,4,3,0,0,71,2,5100,0,1,1
9,19,3,0,0,71,1,4520,0,1,1
4,12,1,0,1,18,1,50,0,0,0
5,18,4,0,1,2,0,70,0,0,0
10,4,2,0,0,56,0,5110,0,0,1
7,21,6,0,1,74,0,1310,0,0,1
12,21,4,0,0,78,1,5110,0,1,1
9,19,5,0,0,66,0,5110,0,1,1
12,21,4,0,0,67,2,5110,0,0,1
10,18,1,0,0,58,1,5100,0,1,1
9,21,3,0,0,53,1,5110,0,1,1
10,18,5,0,0,76,0,5070,0,1,1
10,19,2,0,0,63,1,2520,0,1,1
12,21,6,0,0,96,1,5110,0,1,1
2,18,0,0,1,9,0,10,0,0,0
9,3,3,0,1,71,1,2160,0,1,1
7,1,5,0,0,69,2,5110,0,1,1
7,12,4,0,1,6,0,10,0,0,0
9,9,3,0,0,10,1,40,0,0,0
10,0,2,0,0,71,0,5110,0,1,1
2,17,0,0,1,19,2,160,0,0,0
10,2,5,0,0,59,2,5110,0,1,1
9,3,0,0,0,72,0,5110,0,1,1
9,18,2,0,0,62,0,5110,0,1,1
4,1,3,0,0,77,2,1060,0,1,1
9,5,6,0,0,99,0,1230,0,1,1
9,3,4,0,0,50,2,5110,0,1,1
11,18,5,0,0,78,0,5090,0,1,1
4,13,1,0,1,4,1,110,0,0,0
11,2,0,0,0,82,1,5110,0,1,1
13,19,3,0,0,59,0,5110,0,0,1
13,23,6,0,0,78,0,5110,0,0,1
2,7,2,0,0,13,2,20,0,0,0
10,22,3,0,0,91,0,5100,0,1,1
3,7,2,0,1,14,1,370,0,0,0
11,18,0,0,0,82,2,1990,0,0,1
9,1,4,0,0,80,1,5110,0,0,1
11,5,0,0,0,79,2,2810,0,1,1
9,2,6,0,1,86,1,1300,0,1,1
9,19,5,0,0,68,0,5110,0,1,1
10,20,5,0,0,94,0,5100,0,0,1
8,23,3,0,1,59,2,1180,0,1,1
13,22,2,0,0,51,1,5110,0,1,1
12,18,3,0,0,54,1,2320,0,0,1
13,1,3,0,0,85,0,5110,0,1,1
9,1,0,0,0,88,0,320,0,0,1
12,19,4,0,0,91,2,2400,0,1,1
10,18,1,0,0,83,1,5090,0,1,1
1,18,3,0,1,13,0,20,0,0,0
4,15,2,0,1,0,2,90,0,0,0
9,20,2,0,0,64,1,5110,0,1,1
9,22,1,0,0,52,0,4530,0,1,1
9,4,5,0,0,91,1,5110,0,1,1
3,13,0,0,0,9,1,10,0,0,0
9,4,0,0,0,64,2,5110,0,1,1
3,17,0,0,0,15,2,80,0,0,0
10,5,2,0,0,75,2,5110,0,1,1
12,19,2,0,0,99,1,2130,0,0,1
11,21,2,0,0,81,1,5110,0,0,1
6,1,4,0,0,63,0,2570,0,1,1
13,20,5,0,0,91,2,5110,0,0,1
11,0,1,0,0,91,0,5110,0,0,1
12,18,1,0,0,96,2,5110,0,1,1
4,15,2,0,1,7,1,90,0,0,0
10,21,0,0,0,74,1,5110,0,1,1
12,20,6,0,0,69,1,5110,0,1,1
6,18,1,0,0,82,1,5110,0,1,1
5,11,0,0,1,15,2,170,0,0,0
10,21,3,0,0,72,0,5110,0,1,1
12,21,6,0,0,83,2,5110,0,1,1
13,0,4,0,0,86,1,5110,0,0,1
9,2,6,0,0,99,2,5100,0,1,1
10,5,4,0,0,84,0,5110,0,1,1
12,2,6,0,0,62,2,5110,0,1,1
5,20,3,0,0,92,1,2400,0,1,1
6,3,2,0,1,86,0,1480,0,1,1
13,22,3,0,0,51,1,5110,0,1,1
5,2,3,0,0,70,1,2760,0,1,1
13,4,1,0,0,51,2,5110,0,1,1
9,22,5,0,0,63,1,2710,0,1,1
9,18,3,0,0,80,1,5110,0,1,1
9,23,0,0,0,54,0,5110,0,1,1
13,0,3,0,0,66,1,5110,0,0,1
11,23,5,0,0,86,2,5110,0,0,1
10,4,4,0,0,85,2,2240,0,1,1
10,5,1,0,0,93,1,2140,0,1,1
5,18,3,0,1,15,2,10,0,0,0
9,5,3,0,0,72,1,1250,0,1,1
6,5,4,0,0,62,1,5090,0,0,1
10,18,5,0,0,52,2,5100,0,1,1
9,2,4,0,0,63,1,5110,0,1,1
13,1,1,0,0,82,2,5110,0,1,1
11,18,5,0,0,85,2,1310,0,1,1
1,11,4,0,0,6,0,10,0,0,0
2,18,0,0,1,3,1,40,0,0,0
13,21,5,0,0,90,1,5110,0,1,1
13,19,5,0,0,77,2,5110,0,1,1
13,3,4,0,0,73,0,5110,0,1,1
4,14,4,0,1,9,1,90,0,0,0
6,22,3,0,0,54,2,5110,0,0,1
2,8,2,0,1,3,2,250,0,0,0
13,20,2,0,1,65,1,2510,0,1,1
3,12,2,0,1,3,0,50,0,1,0
1,7,1,0,1,15,2,20,0,1,0
11,2,3,0,0,64,0,5110,0,1,1
8,23,2,0,0,51,2,5110,0,0,1
11,23,0,0,0,81,2,5110,0,1,1
9,21,2,0,0,92,2,5110,0,1,1
12,20,1,0,0,90,0,2090,0,1,1
4,13,4,0,1,17,0,20,0,0,0
13,20,2,0,0,56,0,5110,0,1,1
13,23,0,0,0,97,0,2120,0,1,1
13,5,5,0,0,94,0,990,0,0,1
9,18,0,0,0,81,0,5110,0,1,1
11,3,1,0,0,82,0,5110,0,1,1
12,0,6,0,0,60,2,5110,0,0,1
5,3,5,0,0,87,1,5110,0,1,1
13,5,3,0,0,51,0,5110,0,0,1
3,12,4,0,1,8,1,60,0,0,0
13,23,2,0,0,66,0,5110,0,1,1
10,1,5,0,0,50,2,5110,0,1,1
13,19,0,0,0,90,1,1230,0,1,1
7,23,5,0,0,59,0,5110,0,1,1
2,7,2,0,1,0,0,10,0,0,0
9,19,2,0,0,65,2,5110,0,1,1
10,4,2,0,0,77,1,2410,0,1,1
4,12,1,0,1,7,0,190,0,0,0
11,21,6,0,0,63,2,5110,0,1,1
1,11,1,0,1,3,1,180,0,0,0
11,4,6,0,0,57,1,1360,0,1,1
13,0,1,0,0,64,0,5110,0,1,1
12,5,6,0,0,65,0,5110,0,1,1
2,11,1,0,0,7,1,90,0,0,0
13,2,1,0,0,65,2,1200,0,1,1
5,15,3,0,1,11,2,10,0,0,0
2,12,4,0,1,14,2,10,0,0,0
9,5,6,0,0,99,2,5110,0,0,1
10,1,0,0,0,74,1,2230,0,0,1
9,22,2,0,0,81,2,3000,0,1,1
9,21,4,0,0,78,2,3000,0,1,1
10,2,2,0,0,50,1,5110,0,1,1
9,1,6,0,0,67,0,5110,0,0,1
13,20,0,0,0,71,0,2800,0,1,1
2,18,3,0,1,15,2,350,0,0,0
10,3,3,0,0,56,1,5110,0,1,1
9,3,5,0,0,90,2,5110,0,1,1
11,4,6,0,0,92,2,5010,0,0,1
1,13,1,0,1,16,0,10,0,0,0
12,15,4,0,1,7,1,400,0,0,0
1,13,0,0,1,15,0,570,0,0,0
9,0,6,0,0,86,2,5110,0,1,1
5,12,2,0,1,13,1,20,0,0,0
3,12,3,0,1,8,1,50,0,1,0
10,3,0,0,1,84,1,2470,0,1,1
9,18,1,0,1,84,2,2910,0,1,1
4,11,3,0,1,9,0,10,0,0,0
5,8,4,0,1,4,2,30,0,0,0
9,5,6,0,0,93,0,5080,0,1,1
10,2,4,0,0,70,2,5100,0,1,1
1,18,3,0,1,15,1,10,0,0,0
11,2,4,0,0,83,0,5110,0,0,1
10,20,3,0,0,73,0,5110,0,1,1
10,2,3,0,1,65,1,1320,0,1,1
12,21,2,0,0,62,2,5100,0,1,1
11,0,1,0,0,71,2,5110,0,0,1
2,9,4,0,1,12,0,10,0,0,0
12,23,2,0,0,54,1,5110,0,1,1
11,1,6,0,0,85,0,5110,0,1,1
12,2,5,0,0,58,2,5110,0,0,1
11,23,4,0,0,85,1,1360,0,1,1
13,21,2,0,0,83,0,5110,0,1,1
11,21,2,0,1,83,0,1600,0,1,1
9,19,2,0,0,61,2,4510,0,1,1
11,4,4,0,0,66,0,5110,0,0,1
4,15,1,0,0,2,1,190,0,0,0
10,4,0,0,0,66,1,2650,0,1,1
12,18,5,0,0,56,0,5110,0,0,1
12,23,6,0,0,90,2,5110,0,1,1
11,20,5,0,0,55,2,5110,0,1,1
9,19,6,0,0,87,2,5110,0,1,1
4,7,3,0,1,6,0,10,0,0,0
10,20,3,0,0,94,0,5110,0,1,1
11,18,5,0,0,65,1,5110,0,1,1
3,8,2,0,0,4,2,20,0,0,0
13,21,0,0,0,72,2,5110,0,0,1
9,2,4,0,0,83,0,5110,0,1,1
9,23,2,0,0,71,1,5110,0,1,1
10,2,4,0,0,59,2,5110,0,1,1
9,0,4,0,0,88,2,5110,0,1,1
8,23,4,0,0,57,2,5110,0,0,1
9,10,4,0,1,5,2,350,0,0,0
9,4,5,0,0,82,2,5110,0,0,1
11,5,2,0,0,67,1,5110,0,1,1
13,19,3,0,0,61,0,5110,0,1,1
7,2,0,0,0,79,2,4380,0,0,1
9,4,5,0,1,55,2,2940,0,0,1
13,19,5,0,0,99,1,5110,0,0,1
4,16,4,0,1,4,0,20,0,0,0
13,19,1,0,0,67,2,5110,0,1,1
9,21,1,0,1,99,0,2120,0,1,1
13,20,2,0,0,95,0,5110,0,1,1
7,4,6,0,0,87,2,5100,0,1,1
10,23,2,0,0,72,1,5110,0,0,1
12,5,4,0,0,60,0,5110,0,0,1
12,1,4,0,0,67,1,5110,0,0,1
3,13,0,0,1,9,2,30,0,0,0
9,20,4,0,0,81,1,5110,0,1,1
11,3,2,0,0,84,1,5110,0,1,1
3,9,0,0,1,9,0,10,0,0,0
12,2,0,0,0,81,2,4780,0,1,1
5,13,0,0,0,18,0,10,0,0,0
9,1,4,0,0,51,2,5110,0,1,1
13,2,6,0,0,77,2,5100,0,1,1
11,20,3,0,0,89,2,1390,0,1,1
9,22,2,0,0,73,1,1120,0,0,1
10,2,0,0,0,77,2,5110,0,1,1
13,0,4,0,0,75,2,1070,0,0,1
12,21,5,0,0,85,1,1050,0,1,1
12,20,3,0,0,54,2,5110,0,1,1
5,16,1,0,0,6,2,10,0,0,0
9,22,1,0,1,80,0,1170,0,0,1
12,20,3,0,0,92,0,5110,0,0,1
5,13,1,0,1,14,0,10,0,0,0
9,3,1,0,0,88,0,5110,0,1,1
11,4,2,0,0,70,1,5110,0,0,1
10,23,5,0,0,78,0,5100,0,1,1
12,23,2,0,0,75,2,5110,0,1,1
10,19,3,0,0,60,1,5110,0,1,1
9,21,2,0,1,56,0,2430,0,1,1
10,19,3,0,0,85,0,5110,0,1,1
11,0,1,0,0,56,0,2100,0,0,1
10,3,2,0,0,60,0,5110,0,1,1
12,19,5,0,0,57,2,5110,0,1,1
9,21,0,0,0,71,0,5110,0,1,1
9,19,2,0,0,87,1,5040,0,0,1
7,23,2,0,0,78,1,5110,0,1,1
9,23,4,0,0,62,1,5100,0,1,1
10,3,0,0,0,68,1,5110,0,1,1
10,21,2,0,0,71,1,5110,0,1,1
11,23,5,0,0,55,1,1130,0,1,1
4,4,1,0,0,94,1,4610,0,1,1
11,2,6,0,0,66,0,1140,0,1,1
12,18,6,0,0,98,1,5110,0,0,1
9,23,5,0,0,73,2,5110,0,1,1
10,4,3,0,0,74,2,5110,0,1,1
10,1,6,0,0,99,0,5110,0,1,1
10,2,2,0,1,92,1,1190,0,1,1
13,0,0,0,0,86,2,5110,0,1,1
11,5,3,0,0,85,1,10,0,1,1
11,21,4,0,0,95,1,5110,0,1,1
12,21,3,0,0,68,1,1110,0,1,1
11,3,4,0,0,61,2,5110,0,0,1
5,13,2,0,0,4,0,20,0,0,0
11,18,1,0,0,68,0,2380,0,0,1
7,5,6,0,0,70,1,2220,0,1,1
9,22,2,0,0,87,2,5110,0,1,1
9,21,5,0,0,57,1,5110,0,0,1
13,21,5,0,0,63,1,5110,0,1,1
9,3,5,0,0,56,2,5110,0,0,1
10,4,1,0,0,79,0,5110,0,1,1
11,22,5,0,0,62,1,4490,0,1,1
11,2,2,0,0,77,1,5110,0,0,1
10,5,4,0,0,67,0,180,0,1,1
10,22,6,0,1,73,1,2490,0,1,1
9,22,4,0,0,59,1,1450,0,0,1
10,4,3,0,0,79,1,4510,0,1,1
7,19,6,0,1,50,0,2780,0,0,1
1,8,1,0,0,5,2,240,0,0,0
12,3,4,0,0,66,1,5110,0,1,1
9,21,0,0,0,56,1,5110,0,1,1
12,18,6,0,0,86,2,5110,0,1,1
12,1,4,0,0,55,1,2100,0,1,1
8,18,4,0,1,62,0,2290,0,1,1
13,4,3,0,0,74,2,2210,0,0,1
13,22,5,0,0,88,0,5110,0,1,1
10,22,3,0,0,69,2,5110,0,1,1
4,12,4,0,0,18,1,120,0,0,0
4,19,4,0,0,87,1,5110,0,1,1
10,22,3,0,0,55,0,2820,0,0,1
9,2,5,0,0,76,1,1320,0,1,1
12,5,2,0,0,69,0,5110,0,1,1
10,2,4,0,0,65,0,5110,0,1,1
3,21,6,0,1,76,0,2740,0,1,1
10,18,1,0,1,13,1,10,0,0,0
10,20,2,0,0,73,0,5110,0,1,1
11,2,4,0,0,88,2,4790,0,0,1
10,0,0,0,0,74,0,5110,0,1,1
11,1,6,0,0,96,0,5110,0,1,1
11,22,4,0,0,82,1,5110,0,1,1
11,23,6,0,0,87,2,5100,0,0,1
12,20,0,0,0,53,2,1220,0,1,1
12,0,6,0,0,63,2,5100,0,1,1
3,16,3,0,1,2,1,40,0,0,0
11,3,1,0,0,64,0,2750,0,1,1
11,22,2,0,0,99,1,5110,0,1,1
13,4,5,0,0,56,2,5110,0,1,1
4,11,1,0,1,13,1,10,0,0,0
13,2,0,0,0,68,0,5100,0,0,1
13,1,0,0,0,67,1,1200,0,1,1
9,0,6,0,0,72,1,4660,0,1,1
1,15,2,0,1,1,1,10,0,1,0
12,20,1,0,0,65,0,5110,0,1,1
4,10,0,0,1,2,2,10,1,0,0
4,13,1,0,0,11,0,70,0,1,0
12,19,4,0,0,88,2,2090,0,1,1
11,1,1,0,0,78,2,5100,0,1,1
4,4,1,0,0,93,0,2880,0,1,1
11,1,5,0,0,86,0,5110,0,0,1
13,4,4,0,0,94,2,5110,0,1,1
11,3,1,0,0,60,1,5110,0,1,1
13,4,2,0,0,75,1,5110,0,1,1
10,20,0,0,1,82,0,2750,0,0,1
11,1,2,0,0,85,1,5110,0,1,1
12,20,3,0,0,84,2,5110,0,1,1
12,20,5,0,1,69,2,2170,0,1,1
4,21,5,0,0,90,2,5110,0,1,1
13,4,0,0,0,88,1,2130,0,1,1
5,7,3,0,1,11,0,50,0,1,0
5,5,1,0,0,58,2,5110,0,1,1
12,22,3,0,0,65,1,5100,0,1,1
11,23,0,0,0,78,1,5110,0,1,1
11,1,2,0,0,55,2,2860,0,1,1
9,2,1,0,0,72,1,2980,0,1,1
11,0,1,0,0,98,0,1160,0,1,1
14,4,3,0,0,94,2,50,0,1,1
1,15,4,0,1,3,1,260,0,0,0
11,5,1,0,0,53,0,5110,0,1,1
13,18,1,0,0,93,1,5110,0,1,1
13,23,5,0,0,72,0,1330,0,1,1
9,1,3,0,0,71,0,2440,0,0,1
13,1,5,0,1,83,2,1070,0,1,1
12,19,2,0,0,83,0,5110,0,1,1
8,19,2,0,0,52,1,4580,0,1,1
13,23,5,0,0,51,2,5110,0,1,1
3,12,0,0,1,9,0,370,0,0,0
10,18,5,0,0,62,0,5110,0,1,1
10,2,2,0,0,55,2,2780,0,0,1
11,0,0,0,0,59,0,5110,0,0,1
3,16,0,0,1,1,0,130,0,0,0
10,4,4,0,0,89,2,5110,0,1,1
1,10,2,0,1,12,0,70,0,0,0
10,5,6,0,0,60,0,5110,0,1,1
14,5,3,0,0,82,1,50,0,1,1
12,3,5,0,1,53,1,1030,0,1,1
9,0,1,0,0,82,2,5110,0,1,1
13,3,5,0,0,62,2,5110,0,1,1
6,4,5,0,0,92,1,5110,0,1,1
11,1,1,0,0,66,2,5110,0,1,1
1,11,3,0,1,19,2,30,0,0,0
9,0,3,0,0,50,2,5110,0,1,1
4,4,4,0,1,76,2,2110,0,1,1
1,16,3,0,1,1,1,130,0,0,0
12,21,6,0,0,72,0,5110,0,1,1
11,2,4,0,1,57,0,1280,0,1,1
3,9,1,0,1,8,0,10,0,0,0
10,23,0,0,1,65,0,1390,0,1,1
9,5,3,0,0,73,0,5110,0,1,1
10,2,2,0,0,93,2,5110,0,0,1
11,0,2,0,0,88,2,5110,0,0,1
12,21,3,0,0,76,0,5110,0,0,1
11,19,4,0,0,80,0,5110,0,0,1
10,20,0,0,0,96,1,5110,0,1,1
4,13,0,0,1,1,1,10,0,0,0
6,4,2,0,0,99,1,5110,0,1,1
6,2,6,0,0,63,0,5110,0,1,1
10,2,2,0,0,66,2,5110,0,1,1
11,5,0,0,0,94,0,1110,0,1,1
10,3,2,0,1,60,0,10,0,0,1
11,21,2,0,0,68,0,5110,0,0,1
5,23,0,0,0,60,0,5110,0,1,1
13,23,5,0,0,56,1,5110,0,1,1
12,20,5,0,0,98,1,5110,0,1,1
12,23,6,0,0,67,1,5110,0,1,1
13,5,0,0,0,93,0,2790,0,1,1
5,4,4,0,0,52,0,5110,0,1,1
9,4,5,0,0,67,2,5110,0,1,1
9,4,0,0,0,65,2,5110,0,1,1
13,23,0,0,0,71,2,5110,0,1,1
2,16,2,0,1,2,2,150,0,1,0
7,2,1,0,0,60,2,5110,0,1,1
13,20,6,0,0,92,2,5110,0,0,1
11,2,4,0,0,68,1,2440,0,1,1
11,19,2,0,0,68,2,5110,0,1,1
7,15,2,0,1,8,1,10,0,0,0
6,23,2,0,1,62,0,1210,0,1,1
10,23,5,0,1,76,0,1100,0,1,1
11,21,0,0,0,81,2,5110,0,0,1
13,2,0,0,0,71,0,1330,0,0,1
12,4,0,0,0,53,1,5110,0,1,1
10,2,4,0,0,57,2,5110,0,1,1
9,0,5,0,1,65,0,1040,0,1,1
6,1,4,0,0,81,1,1180,0,1,1
10,5,6,0,0,76,0,5110,0,1,1
10,5,4,0,0,58,2,5110,0,1,1
9,21,0,0,0,83,2,5110,0,1,1
9,5,1,0,1,52,0,310,0,1,1
11,0,3,0,0,99,1,5110,0,1,1
3,21,5,0,0,78,2,5110,0,1,1
2,7,2,0,1,16,0,10,0,0,0
12,2,1,0,0,88,2,5110,0,1,1
9,20,0,0,0,73,1,5110,0,1,1
1,10,2,0,1,10,0,20,0,0,0
12,23,3,0,0,86,2,2640,0,1,1
13,4,1,0,0,73,0,5110,0,1,1
4,10,2,0,0,11,2,20,0,0,0
11,0,1,0,0,55,2,4810,0,1,1
13,19,5,0,0,76,2,1230,0,1,1
13,3,4,0,0,62,1,5110,0,0,1
7,18,6,0,0,96,1,1330,0,0,1
5,20,0,0,0,72,2,810,0,1,1
10,22,1,0,0,83,2,5110,0,1,1
11,0,5,0,0,65,0,5110,0,1,1
11,1,2,0,1,92,1,2250,0,1,1
13,3,5,0,1,70,2,2560,0,1,1
11,22,1,0,0,89,1,1230,0,1,1
10,22,4,0,0,66,0,5110,0,1,1
11,22,3,0,0,51,0,5090,0,1,1
12,18,4,0,1,64,1,2510,0,0,1
3,14,4,0,0,4,2,90,0,0,0
13,0,3,0,0,50,1,560,0,1,1
3,0,5,0,0,67,0,5100,0,1,1
9,4,3,0,0,78,2,1260,0,0,1
9,2,2,0,0,68,0,5110,0,0,1
13,22,6,0,0,84,1,5110,0,1,1
9,23,2,0,0,99,2,5100,0,0,1
7,20,3,0,0,83,2,2310,0,1,1
4,8,0,0,1,15,1,20,0,0,0
12,1,4,0,0,55,0,5110,0,1,1
4,15,0,0,1,3,0,120,0,0,0
9,1,6,0,1,98,1,2340,0,1,1
13,18,2,0,0,82,2,5110,0,1,1
6,1,3,0,0,71,2,5100,0,1,1
9,22,5,0,0,91,0,2020,0,1,1
11,21,1,0,0,73,1,5110,0,1,1
9,21,2,0,0,87,0,1490,0,0,1
12,18,0,0,0,88,2,5110,0,1,1
13,21,0,0,0,91,2,5110,0,1,1
13,5,4,0,0,99,0,2820,0,1,1
1,10,0,0,1,2,1,150,0,0,0
12,1,1,0,1,73,0,1560,0,1,1
9,21,3,0,0,79,2,4450,0,1,1
10,4,1,0,1,60,2,2920,0,1,1
11,18,0,0,0,77,2,5110,0,0,1
11,19,1,0,0,89,1,5110,0,1,1
3,11,1,0,1,5,1,10,0,1,0
11,18,1,0,0,67,2,5110,0,1,1
13,1,3,0,0,95,2,5100,0,0,1
12,20,0,0,0,77,0,5110,0,1,1
13,23,6,0,0,90,2,5110,0,0,1
13,2,0,0,0,52,0,5100,0,1,1
4,7,3,0,1,15,0,200,0,0,0
5,23,6,0,0,67,1,5110,0,1,1
11,21,2,0,0,61,1,2590,0,1,1
1,8,3,0,0,13,1,30,0,0,0
12,5,2,0,0,77,2,2430,0,1,1
13,1,5,0,0,68,1,5110,0,1,1
7,19,1,0,0,60,0,2640,0,1,1
11,22,6,0,0,79,1,5100,0,1,1
1,11,3,0,1,7,2,10,0,0,0
2,11,3,0,1,0,1,140,0,0,0
10,1,1,0,0,52,2,5110,0,1,1
11,18,0,0,1,59,0,1020,0,1,1
4,20,1,0,0,81,2,2770,0,1,1
3,18,2,0,1,1,0,10,0,0,0
7,1,3,0,0,74,0,5110,0,1,1
10,23,4,0,0,81,0,5110,0,1,1
12,3,0,0,0,73,1,4410,0,0,1
10,18,6,0,1,61,2,10,0,0,1
7,0,2,0,0,77,1,5110,0,0,1
12,0,4,0,0,79,0,5110,0,1,1
9,5,1,0,0,56,0,5110,0,1,1
11,19,1,0,1,77,0,2100,0,1,1
12,4,5,0,0,99,2,5110,0,1,1
13,18,1,0,0,73,1,5110,0,1,1
8,16,2,0,1,19,1,540,0,0,0
12,4,4,0,0,68,1,5110,0,1,1
10,3,4,0,0,90,0,2860,0,0,1
10,20,3,0,0,58,1,5110,0,1,1
4,14,3,0,1,12,1,10,0,0,0
13,20,4,0,0,91,2,5110,0,1,1
12,3,0,0,0,57,1,5110,0,1,1
12,4,3,0,0,63,0,5110,0,1,1
6,20,3,0,0,99,1,1430,0,1,1
10,20,5,0,0,59,1,5110,0,1,1
13,1,1,0,0,79,1,5110,0,1,1
10,0,2,0,0,64,2,1080,0,1,1
13,3,2,0,0,57,1,2220,0,0,1
8,1,5,0,0,79,1,5110,0,1,1
9,17,4,0,1,6,1,10,0,0,0
10,21,4,0,0,75,1,5110,0,0,1
5,15,4,0,1,7,1,230,0,0,0
11,23,5,0,0,97,2,1860,0,1,1
11,5,5,0,0,87,2,5110,0,1,1
5,14,2,0,1,12,2,140,0,0,0
9,23,2,0,0,90,1,10,0,1,1
11,19,6,0,0,50,2,2760,0,1,1
12,19,5,0,0,83,2,1490,0,1,1
11,19,4,0,0,86,1,5110,0,1,1
12,18,3,0,0,71,0,5110,0,0,1
5,14,0,0,1,14,0,170,0,0,0
11,18,1,0,0,89,0,5100,0,1,1
6,5,4,0,0,65,2,5110,0,0,1
13,5,2,0,0,70,1,5110,0,1,1
11,1,0,0,0,80,2,2650,0,0,1
11,3,0,0,0,85,2,5110,0,1,1
6,1,5,0,1,97,2,1070,0,1,1
12,4,2,0,0,57,2,1150,0,1,1
3,7,2,0,1,13,2,10,0,0,0
8,17,2,0,1,11,0,20,0,0,0
12,21,2,0,0,90,1,5110,0,0,1
10,23,1,0,0,68,2,2820,0,1,1
13,0,5,0,0,60,2,2820,0,1,1
13,5,2,0,0,84,2,5110,0,0,1
7,23,6,0,0,89,0,2360,0,0,1
13,22,0,0,0,56,1,5110,0,1,1
1,10,0,0,1,7,0,190,0,0,0
12,19,0,0,0,95,0,1080,0,1,1
10,22,5,0,0,67,0,5110,0,0,1
9,22,2,0,0,97,1,5110,0,1,1
9,2,4,0,0,64,0,5110,0,1,1
9,20,0,0,0,64,1,5110,0,1,1
9,22,3,0,0,68,2,5110,0,1,1
9,5,4,0,0,56,0,5110,0,0,1
11,22,5,0,1,57,2,2680,0,1,1
13,22,3,0,0,58,2,5110,0,1,1
13,22,2,0,0,79,1,5110,0,0,1
12,23,0,0,1,83,0,2290,0,1,1
4,2,5,0,0,73,0,5110,0,1,1
13,20,3,0,0,50,1,5110,0,1,1
13,2,3,0,0,95,0,5110,0,1,1
12,2,1,0,0,84,0,5110,0,0,1
10,22,3,0,1,58,2,2430,0,1,1
9,4,6,0,0,73,1,5110,0,1,1
3,8,4,0,1,13,2,30,0,0,0
3,13,2,0,1,17,0,10,0,0,0
7,22,1,0,0,59,1,5110,0,1,1
9,3,0,0,0,65,2,5110,0,0,1
5,7,2,0,1,19,2,1160,0,0,0
11,4,2,0,0,93,1,5110,0,1,1
12,4,1,0,0,84,1,5110,0,1,1
9,23,4,0,1,67,0,2720,0,1,1
11,20,0,0,0,78,0,5110,0,1,1
12,5,3,0,0,51,2,5110,0,1,1
13,20,5,0,0,93,0,5110,0,1,1
13,3,2,0,0,80,2,5100,0,1,1
12,1,6,0,0,57,0,2510,0,0,1
8,18,1,0,0,59,1,5110,0,1,1
11,16,4,0,1,15,2,150,0,0,0
4,19,4,0,0,85,1,160,0,1,1
8,11,2,0,0,0,1,10,0,0,0
13,21,4,0,0,98,0,5110,0,0,1
9,2,1,0,0,73,2,5110,0,0,1
10,1,0,0,0,50,2,1480,0,0,1
13,21,6,0,0,84,1,2140,0,1,1
12,1,1,0,0,99,1,5110,0,1,1
11,23,6,0,0,91,2,5110,0,0,1
11,1,5,0,0,54,2,5100,0,0,1
11,20,3,0,0,84,1,5110,0,1,1
10,20,6,0,0,80,1,5110,0,1,1
13,3,3,0,0,63,2,5110,0,1,1
5,18,2,0,1,4,0,10,0,0,0
11,22,2,0,1,95,1,1220,0,1,1
4,11,0,0,1,5,0,60,0,0,0
7,4,0,0,0,60,2,5110,0,1,1
12,3,0,0,0,96,0,5110,0,0,1
10,2,1,0,0,91,1,5110,0,0,1
9,23,2,0,0,82,0,5110,0,0,1
13,1,0,0,1,99,1,1090,0,1,1
12,0,5,0,0,97,0,5110,0,0,1
5,1,4,0,0,86,0,2260,0,1,1
13,19,0,0,0,93,2,5100,0,0,1
12,2,2,0,0,82,0,5110,0,1,1
10,1,1,0,0,80,1,5110,0,1,1
13,20,0,0,0,88,0,5110,0,1,1
10,18,5,0,0,84,1,4590,0,1,1
12,3,2,0,0,92,2,5110,0,1,1
5,10,2,0,1,15,0,440,0,0,0
11,20,0,0,0,56,1,5110,0,0,1
11,3,0,0,0,80,0,2060,0,1,1
12,18,5,0,0,52,2,1310,0,1,1
7,22,6,0,1,64,2,2600,0,1,1
3,14,1,0,1,8,0,70,0,0,0
12,23,3,0,0,94,2,1050,0,1,1
2,11,1,0,1,18,1,70,0,0,0
10,20,1,0,0,98,1,5110,0,0,1
1,11,2,0,0,15,1,10,0,0,0
5,17,3,0,1,4,0,20,0,0,0
11,18,5,0,0,52,2,5110,0,0,1
12,0,0,0,0,52,0,4820,0,1,1
12,19,0,0,0,67,1,5110,0,1,1
10,21,4,0,0,63,0,2730,0,0,1
12,1,6,0,0,71,1,2160,0,1,1
13,2,6,0,0,69,1,5100,0,1,1
11,22,3,0,0,96,0,5110,0,1,1
12,5,4,0,1,76,1,2680,0,1,1
13,5,4,0,0,90,0,5110,0,1,1
13,5,2,0,0,86,2,10,0,0,1
3,15,1,0,0,5,0,80,0,0,0
11,18,3,0,0,71,0,5110,0,0,1
11,4,0,0,0,50,1,5110,0,1,1
12,0,0,0,0,64,0,5110,0,1,1
11,1,3,0,0,87,1,5110,0,0,1
12,23,1,0,0,65,0,5110,0,1,1
11,18,1,0,1,68,2,1220,0,1,1
11,9,2,0,1,6,2,10,0,0,0
9,3,4,0,0,56,0,5110,0,1,1
5,14,3,0,1,4,0,30,0,0,0
12,3,2,0,0,69,2,2210,0,1,1
9,20,1,0,0,67,1,5110,0,1,1
10,18,0,0,0,64,1,5110,0,1,1
4,12,3,0,1,6,0,180,0,0,0
11,22,3,0,0,64,2,5110,0,0,1
9,23,2,0,0,70,0,5110,0,1,1
9,19,5,0,0,72,1,5110,0,1,1
9,23,6,0,0,77,1,5110,0,0,1
3,7,2,0,0,13,1,90,0,0,0
7,9,0,0,1,2,0,20,0,0,0
13,19,5,0,0,75,2,5070,0,0,1
10,2,1,0,0,66,2,5110,0,1,1
5,2,6,0,0,58,0,5110,0,1,1
12,3,0,0,0,74,0,5110,0,1,1
11,2,1,0,0,93,0,5110,0,1,1
13,5,3,0,0,71,1,5110,0,0,1
10,5,5,0,0,71,0,5110,0,0,1
9,3,5,0,0,86,1,5110,0,1,1
3,9,3,0,1,0,1,90,0,0,0
9,1,2,0,0,76,2,2900,0,1,1
11,20,2,0,1,81,2,2350,0,1,1
6,0,3,0,0,93,0,5110,0,1,1
11,1,3,0,1,51,0,2390,0,1,1
2,17,1,0,1,2,1,20,0,0,0
5,2,1,0,0,93,2,5110,0,0,1
11,2,4,0,0,89,0,5110,0,1,1
5,15,1,0,1,10,0,20,0,0,0
9,18,1,0,0,94,0,5110,0,1,1
13,23,3,0,0,71,1,5110,0,1,1
12,4,5,0,0,89,2,5100,0,1,1
11,18,2,0,0,98,2,5110,0,0,1
12,0,1,0,0,76,1,5110,0,1,1
7,23,2,0,1,79,0,10,0,1,1
5,1,4,0,0,52,1,5110,0,0,1
9,23,5,0,0,60,0,5110,0,1,1
10,21,2,0,0,50,1,5100,0,1,1
10,22,6,0,0,96,2,5110,0,0,1
9,19,6,0,0,62,1,5100,0,1,1
3,14,2,0,1,17,0,10,0,0,0
11,19,4,0,0,66,0,5110,0,1,1
12,19,4,0,0,80,0,5110,0,1,1
10,19,3,0,0,57,0,5110,0,1,1
5,18,1,0,1,10,0,80,0,0,0
10,3,4,0,0,55,1,1190,0,1,1
9,22,4,0,0,77,1,5110,0,1,1
13,22,2,0,0,66,1,5110,0,1,1
13,2,1,0,1,65,2,1130,0,1,1
9,2,4,0,0,87,0,5110,0,1,1
13,0,5,0,0,87,1,5110,0,1,1
1,8,2,0,1,6,0,10,0,0,0
12,22,4,0,0,95,2,5110,0,1,1
9,22,5,0,0,97,0,5110,0,1,1
6,19,4,0,0,67,1,2760,0,0,1
5,7,3,0,0,1,1,20,0,0,0
13,3,5,0,0,99,2,10,0,1,1
9,20,0,0,0,62,0,5110,0,1,1
12,19,6,0,0,51,2,5110,0,1,1
11,18,0,0,0,79,0,1320,0,1,1
13,1,2,0,0,54,1,5110,0,1,1
10,14,1,0,1,12,0,10,0,0,0
3,10,4,0,1,12,2,10,0,0,0
9,0,4,0,0,82,2,5110,0,1,1
13,22,6,0,0,69,0,5110,0,0,1
10,2,5,0,0,96,1,5110,0,1,1
2,11,0,0,0,12,2,10,0,0,0
2,16,3,0,1,6,2,20,0,0,0
2,14,3,0,1,11,2,10,0,0,0
9,21,0,0,1,65,0,2540,0,0,1
1,9,2,0,1,8,2,30,0,0,0
12,18,1,0,0,58,2,1490,0,0,1
9,21,1,0,0,75,0,5110,0,1,1
11,1,1,0,0,81,2,5110,0,1,1
13,19,5,0,0,85,0,5110,0,1,1
12,23,0,0,0,77,1,2680,0,1,1
4,10,1,0,1,14,2,40,0,0,0
10,3,2,0,0,65,1,5110,0,1,1
9,23,4,0,0,97,2,5110,0,1,1
4,18,3,0,1,3,0,10,0,0,0
13,2,3,0,0,75,2,5110,0,0,1
9,20,6,0,1,98,1,1270,0,1,1
12,21,4,0,1,64,1,1470,0,1,1
11,21,3,0,0,72,1,5110,0,1,1
9,18,2,0,0,56,1,5110,0,0,1
9,1,1,0,0,65,0,5110,0,1,1
4,0,3,0,0,98,1,5110,0,1,1
12,23,2,0,0,88,1,5110,0,1,1
9,21,6,0,0,76,0,1190,0,1,1
4,9,2,0,1,16,1,20,0,0,0
8,23,1,0,0,74,1,2240,0,1,1
4,15,4,0,1,6,1,20,0,0,0
13,18,0,0,0,94,0,5100,0,0,1
5,5,1,0,1,72,0,1330,0,1,1
7,3,2,0,0,68,2,2820,0,1,1
6,19,6,0,0,68,2,5110,0,1,1
13,3,0,0,0,95,0,2960,0,1,1
10,21,3,0,0,91,0,2120,0,0,1
2,7,1,0,1,15,2,10,0,0,0
11,18,5,0,0,73,1,5110,0,1,1
12,22,5,0,0,98,2,5110,0,1,1
12,0,2,0,0,93,2,5110,0,0,1
12,23,3,0,0,59,0,5110,0,0,1
9,18,0,0,0,92,1,5110,0,1,1
12,22,2,0,0,83,1,5110,0,1,1
12,2,4,0,0,59,2,5110,0,1,1
3,14,4,0,1,2,1,10,0,0,0
8,19,2,0,0,77,1,1870,0,0,1
8,4,5,0,0,86,0,2640,0,1,1
12,1,0,0,0,51,2,5110,0,1,1
2,11,1,0,1,19,0,20,0,0,0
10,1,6,0,0,73,0,5110,0,1,1
11,10,3,0,1,10,2,10,0,0,0
9,21,6,0,0,82,0,10,0,1,1
5,5,5,0,0,52,2,5090,0,1,1
10,1,0,0,0,61,2,5110,0,0,1
12,4,3,0,0,50,2,5110,0,1,1
10,1,0,0,0,78,1,1120,0,0,1
1,8,0,0,1,15,2,150,0,0,0
7,18,0,0,0,64,0,5110,0,1,1
1,16,3,0,0,6,0,10,0,0,0
11,2,5,0,0,51,1,4760,0,1,1
10,4,6,0,0,82,1,5110,0,1,1
11,21,1,0,0,51,2,5090,0,0,1
10,5,4,0,0,73,2,5110,0,1,1
13,20,1,0,0,59,1,5110,0,1,1
13,18,0,0,0,61,0,5110,0,0,1
9,2,6,0,0,53,0,5110,0,0,1
10,22,5,0,0,56,1,5110,0,1,1
2,8,2,0,1,10,1,70,0,0,0
11,2,0,0,1,92,1,2780,0,1,1
9,23,4,0,0,56,1,5110,0,0,1
10,23,2,0,0,73,2,5110,0,1,1
4,0,3,0,0,63,2,5110,0,1,1
9,0,2,0,0,70,1,5110,0,1,1
7,19,4,0,0,86,0,5110,0,1,1
8,7,0,0,1,14,1,10,0,1,0
13,3,3,0,0,93,1,5110,0,1,1
4,15,2,0,1,11,1,10,0,0,0
13,5,2,0,1,91,0,1370,0,1,1
12,22,5,0,0,82,1,5110,0,1,1
1,9,3,0,0,13,2,80,0,1,0
11,18,4,0,0,55,1,5110,0,1,1
8,19,1,0,0,98,1,5110,0,1,1
1,8,4,0,0,14,2,10,0,0,0
3,14,0,0,0,18,1,10,0,0,0
12,2,4,0,0,56,1,5110,0,1,1
11,0,2,0,1,59,2,2870,0,1,1
4,12,4,0,0,1,1,180,0,0,0
12,20,5,0,0,82,2,2640,0,0,1
5,22,0,0,0,91,0,5110,0,1,1
12,3,1,0,0,86,2,4610,0,1,1
6,21,1,0,0,85,1,1060,0,1,1
3,11,4,0,1,8,1,10,0,0,0
4,18,3,0,1,74,2,1280,0,1,1
11,23,2,0,0,78,1,2950,0,1,1
12,18,1,0,0,62,0,5110,0,1,1
11,2,3,0,0,60,1,5110,0,1,1
9,0,1,0,0,98,1,5110,0,0,1
10,20,6,0,0,58,1,5110,0,1,1
12,5,0,0,0,64,2,2170,0,1,1
11,20,4,0,0,57,1,5110,0,1,1
9,14,1,0,1,10,1,110,0,0,0
10,1,3,0,0,68,0,5110,0,1,1
13,19,2,0,0,95,1,410,0,0,1
13,21,1,0,0,75,2,5110,0,1,1
13,20,1,0,0,82,1,5110,0,0,1
11,21,2,0,0,70,1,2170,0,0,1
5,2,2,0,0,83,0,5110,0,1,1
13,5,2,0,0,75,0,5110,0,0,1
13,21,0,0,0,65,1,5110,0,1,1
11,2,4,0,0,94,2,2680,0,1,1
11,3,5,0,0,52,0,5100,0,1,1
7,0,1,0,0,61,0,5110,0,1,1
11,2,5,0,0,55,0,4490,0,1,1
1,14,4,0,1,11,1,170,0,0,0
10,2,1,0,0,72,1,2430,0,1,1
12,4,4,0,0,69,2,5110,0,1,1
9,0,1,0,0,64,2,5110,0,1,1
10,23,6,0,0,91,0,2710,0,1,1
9,19,5,0,1,69,1,1240,0,0,1
13,22,2,0,1,89,0,2140,0,1,1
5,5,4,0,0,51,1,5110,0,0,1
11,21,2,0,0,76,2,2020,0,1,1
10,19,2,0,0,85,0,5110,0,1,1
9,22,3,0,0,82,2,5110,0,0,1
4,18,4,0,1,10,1,140,0,0,0
12,3,4,0,0,63,1,5110,0,1,1
9,1,6,0,0,65,1,1410,0,0,1
13,3,1,0,0,87,0,5110,0,1,1
1,14,3,0,0,1,0,20,0,0,0
9,23,6,0,0,77,0,5110,0,1,1
11,21,3,0,0,71,1,5110,0,0,1
5,0,0,0,0,57,1,5100,0,1,1
4,5,5,0,0,55,0,5110,0,1,1
9,5,0,0,0,51,1,5110,0,0,1
11,22,6,0,0,93,2,5110,0,1,1
10,4,6,0,0,64,2,5110,0,1,1
7,21,0,0,0,95,2,5110,0,1,1
5,16,2,0,1,0,1,10,0,0,0
13,23,3,0,0,86,0,5110,0,1,1
13,20,4,0,0,65,0,5110,0,0,1
10,5,2,0,0,97,0,5110,0,0,1
13,20,3,0,0,75,0,2380,0,1,1
12,2,2,0,0,63,0,5090,0,1,1
9,22,5,0,0,65,1,1180,0,1,1
9,18,0,0,0,93,2,5110,0,0,1
7,18,1,0,0,78,2,5110,0,1,1
10,5,5,0,0,70,2,5110,0,1,1
9,19,3,0,1,72,1,2200,0,1,1
12,21,5,0,1,65,2,1280,0,1,1
10,21,5,0,0,98,1,5110,0,1,1
12,0,0,0,1,96,2,390,0,1,1
3,14,4,0,1,2,0,170,0,0,0
13,22,4,0,0,99,1,1280,0,1,1
12,19,0,0,1,65,1,2900,0,1,1
3,14,3,0,1,13,2,10,0,0,0
2,17,4,0,1,0,1,10,0,0,0
12,22,4,0,0,54,1,5110,0,1,1
12,18,4,0,0,53,0,5110,0,1,1
4,18,1,0,0,85,2,4720,0,1,1
4,17,2,0,0,6,2,40,0,0,0
11,23,0,0,0,84,2,5110,0,1,1
10,19,3,0,0,78,1,2560,0,1,1
10,4,2,0,0,93,1,5110,0,0,1
11,19,6,0,0,52,0,5110,0,1,1
11,22,6,0,0,97,1,4800,0,1,1
10,2,3,0,0,90,0,2770,0,1,1
11,21,6,0,0,84,0,5110,0,1,1
4,3,1,0,0,60,0,5100,0,1,1
12,23,6,0,0,58,1,5110,0,1,1
10,20,6,0,0,70,2,5110,0,0,1
1,14,0,0,1,3,0,110,0,0,0
10,23,4,0,0,69,0,5080,0,0,1
13,3,4,0,0,76,2,5110,0,0,1
3,16,3,0,0,2,1,80,0,0,0
3,7,4,0,1,14,1,10,0,0,0
6,19,1,0,0,69,2,5110,0,1,1
12,19,1,0,0,95,1,5110,0,1,1
6,18,0,0,0,66,0,4390,0,0,1
11,3,3,0,0,78,0,5110,0,0,1
1,8,3,0,1,9,2,20,0,0,0
2,16,2,0,1,17,2,20,0,0,0
11,18,1,0,0,72,1,5110,0,1,1
9,22,2,0,0,60,2,5110,0,0,1
10,20,4,0,1,51,1,2160,0,1,1
9,21,1,0,0,56,1,5110,0,1,1
4,12,3,0,1,18,1,80,0,0,0
6,12,4,0,1,0,0,80,0,0,0
9,22,1,0,0,54,1,2260,0,1,1
10,0,5,0,0,75,0,5110,0,0,1
4,12,4,0,1,0,2,10,0,0,0
13,5,0,0,0,54,0,5110,0,1,1
13,20,4,0,0,86,1,5110,0,1,1
12,22,2,0,0,76,2,5110,0,0,1
13,4,0,0,0,63,2,5110,0,1,1
10,3,6,0,1,98,2,2860,0,0,1
10,3,6,0,0,89,0,1330,0,1,1
9,20,4,0,0,61,1,2330,0,1,1
1,9,2,0,0,12,1,10,0,0,0
12,1,5,0,0,52,0,5110,0,1,1
7,3,3,0,0,71,1,5110,0,1,1
11,3,3,0,0,93,2,5110,0,0,1
10,23,1,0,0,84,2,5110,0,0,1
13,23,5,0,0,52,2,5110,0,1,1
13,4,6,0,0,92,1,5110,0,1,1
8,11,1,0,0,9,1,10,0,0,0
3,5,4,0,0,64,1,5110,0,1,1
8,18,0,0,1,83,1,1430,0,1,1
11,1,0,0,0,99,2,5110,0,1,1
5,15,0,0,1,9,1,290,0,0,0
13,3,4,0,0,78,2,5110,0,1,1
10,3,3,0,0,50,1,5100,0,1,1
9,1,5,0,0,77,2,5110,0,1,1
4,9,4,0,1,12,0,20,0,0,0
4,14,1,0,1,5,0,50,0,0,0
10,22,3,0,0,69,2,5110,0,1,1
6,20,0,0,0,67,2,5110,0,1,1
7,16,3,0,1,2,2,640,0,0,0
12,4,5,0,0,88,2,5110,0,0,1
10,18,4,0,0,74,2,5110,0,1,1
1,15,0,0,0,17,2,30,0,0,0
12,22,3,0,0,88,1,5110,0,1,1
4,15,1,0,1,11,2,80,0,0,0
5,8,3,0,1,9,0,10,0,0,0
2,10,4,0,1,14,1,20,0,0,0
6,18,1,0,0,82,1,5110,0,1,1
12,4,1,0,0,56,1,5110,0,1,1
12,18,0,0,0,97,0,5110,0,1,1
10,5,5,0,0,62,0,5110,0,1,1
1,18,3,0,1,7,1,290,0,0,0
12,5,5,0,0,73,0,5090,0,1,1
10,18,5,0,0,65,2,5110,0,1,1
2,16,3,0,1,10,0,30,0,0,0
11,22,5,0,0,82,0,5110,0,1,1
11,0,1,0,0,78,0,1310,0,0,1
11,22,0,0,0,69,1,5110,0,1,1
4,4,3,0,0,94,0,5110,0,0,1
9,3,1,0,0,67,2,5110,0,1,1
4,12,2,0,1,6,0,10,0,0,0
1,17,1,0,1,0,1,40,0,0,0
8,21,6,0,0,81,2,5110,0,1,1
12,23,4,0,0,65,1,2510,0,0,1
10,19,3,0,0,72,0,1800,0,1,1
10,19,1,0,0,98,2,2160,0,0,1
10,23,1,0,0,64,0,5110,0,1,1
4,7,4,0,1,10,1,50,0,0,0
14,3,6,0,0,94,1,40,0,0,1
12,20,5,0,0,89,2,1380,0,1,1
10,23,0,0,0,93,1,5110,0,1,1
10,19,1,0,0,51,1,5110,0,1,1
8,4,5,0,0,94,1,5100,0,1,1
11,23,6,0,0,54,0,5110,0,0,1
5,7,0,0,1,19,0,10,0,0,0
9,23,5,0,0,74,1,5110,0,1,1
5,3,4,0,0,59,1,5090,0,1,1
8,1,2,0,0,56,1,5110,0,1,1
5,5,3,0,0,70,0,5110,0,0,1
11,22,2,0,1,59,2,2290,0,1,1
2,18,3,0,0,16,0,10,0,0,0
12,1,5,0,0,55,1,5110,0,1,1
10,4,2,0,0,84,1,5110,0,1,1
1,17,2,0,1,0,2,10,0,0,0
10,2,1,0,1,74,1,2060,0,0,1
9,4,5,0,0,56,0,5110,0,1,1
10,23,1,0,0,70,2,5110,0,0,1
2,10,3,0,1,7,1,270,0,0,0
12,19,3,0,0,68,0,5100,0,0,1
2,8,1,0,1,5,1,150,0,0,0
10,5,4,0,1,95,1,10,0,0,1
11,2,6,0,1,79,0,2050,0,0,1
11,3,6,0,0,90,0,5100,0,1,1
1,10,0,0,1,9,0,110,0,0,0
9,0,0,0,0,91,2,5110,0,1,1
4,13,2,0,0,18,1,70,0,0,0
11,19,5,0,0,62,2,5110,0,1,1
8,23,4,0,0,87,1,5110,0,1,1
2,7,0,0,1,12,0,10,0,0,0
10,18,5,0,0,80,0,5110,0,1,1
5,23,1,0,0,72,1,5110,0,1,1
3,10,2,0,1,19,1,10,0,0,0
11,21,6,0,0,71,0,5110,0,1,1
12,19,1,0,1,99,1,1350,0,1,1
11,3,6,0,0,68,2,5100,0,0,1
9,3,3,0,0,74,1,1020,0,0,1
4,14,4,0,0,6,0,70,0,0,0
10,2,1,0,0,80,2,5110,0,1,1
9,22,6,0,0,71,1,5110,0,1,1
4,9,0,0,1,2,1,240,0,0,0
3,8,1,0,1,16,0,110,0,0,0
1,15,4,0,1,9,1,140,0,0,0
13,23,1,0,0,89,0,5110,0,1,1
13,0,0,0,0,91,0,5110,0,1,1
7,18,2,0,0,90,2,5110,0,1,1
2,15,4,0,1,3,1,80,0,0,0
3,8,4,0,1,13,0,40,0,0,0
10,3,1,0,1,72,0,1300,0,1,1
13,18,1,0,0,76,2,2890,0,1,1
9,3,0,0,0,94,0,5110,0,1,1
13,2,5,0,0,95,1,5110,0,1,1
13,3,2,0,1,99,1,2670,0,1,1
9,0,5,0,0,83,2,1160,0,1,1
4,14,1,0,1,4,2,40,0,0,0
1,15,1,0,0,13,1,10,0,0,0
4,17,2,0,1,12,1,290,0,1,0
13,1,1,0,0,92,0,5110,0,0,1
10,22,0,0,0,94,1,5110,0,1,1
11,18,3,0,0,72,1,4560,0,1,1
9,1,4,0,1,55,2,1980,0,0,1
12,21,2,0,0,79,2,5110,0,0,1
13,21,6,0,0,53,1,1350,0,1,1
5,21,4,0,0,62,2,5110,0,1,1
6,2,4,0,0,79,0,2030,0,1,1
4,13,3,0,1,13,2,10,0,0,0
5,5,5,0,0,57,2,5110,0,1,1
13,0,5,0,0,81,0,2850,0,1,1
4,19,5,0,0,90,0,4620,0,1,1
9,23,2,0,0,63,1,5110,0,1,1
12,18,0,0,0,77,1,5110,0,1,1
4,16,2,0,1,19,2,20,0,0,0
12,0,6,0,0,78,2,5110,0,1,1
13,22,3,0,0,64,2,5110,0,1,1
7,21,2,0,1,85,1,2860,0,1,1
9,5,3,0,0,53,2,5110,0,1,1
11,22,4,0,0,81,2,1190,0,0,1
11,5,5,0,1,74,0,2490,0,1,1
5,20,4,0,0,71,2,5110,0,1,1
4,1,1,0,0,73,1,5110,0,1,1
4,0,2,0,0,95,1,5110,0,1,1
13,4,4,0,0,62,0,1120,0,0,1
4,0,3,0,0,96,1,5110,0,1,1
6,3,4,0,0,58,1,5100,0,1,1
9,9,2,0,0,2,2,140,0,0,0
9,3,5,0,0,74,0,5110,0,1,1
9,18,0,0,0,86,2,5100,0,0,1
3,15,1,0,1,17,2,10,0,0,0
11,3,2,0,1,59,2,2460,0,0,1
12,5,3,0,0,81,2,5110,0,1,1
12,3,2,0,0,72,1,2910,0,1,1
13,0,0,0,0,55,1,4500,0,0,1
13,21,0,0,0,78,2,5090,0,1,1
11,21,1,0,1,82,1,2480,0,0,1
9,20,3,0,0,75,0,5110,0,1,1
12,19,4,0,0,76,0,5110,0,0,1
12,3,4,0,0,72,1,5100,0,0,1
9,20,1,0,0,65,1,5110,0,1,1
12,0,2,0,1,69,1,2690,0,1,1
1,14,0,0,1,19,1,160,0,1,0
1,16,3,0,0,9,0,10,0,1,0
5,17,1,0,1,3,1,10,0,0,0
13,19,6,0,0,63,1,5110,0,1,1
13,20,4,0,0,87,1,5110,0,1,1
2,8,2,0,1,17,1,80,0,0,0
13,0,1,0,1,53,1,2190,0,1,1
9,5,2,0,0,92,2,5100,0,1,1
2,7,3,0,1,16,0,130,0,0,0
12,5,0,0,0,93,1,5110,0,1,1
12,0,3,0,0,83,0,4470,0,1,1
4,5,1,0,0,88,0,2030,0,0,1
12,20,2,0,0,87,2,5110,0,1,1
12,23,1,0,1,74,0,2140,0,0,1
4,2,2,0,0,58,2,5110,0,0,1
9,23,0,0,0,52,0,5110,0,1,1
11,20,5,0,0,84,0,5110,0,1,1
10,3,0,0,0,65,1,5110,0,1,1
1,11,0,0,1,3,0,10,0,0,0
12,3,6,0,0,69,1,5110,0,1,1
13,2,6,0,0,75,1,5100,0,1,1
8,18,3,0,0,78,2,5110,0,1,1
12,1,0,0,0,57,1,5110,0,1,1
12,5,5,0,0,62,2,5110,0,1,1
11,21,6,0,0,95,1,5100,0,1,1
12,2,4,0,1,54,1,1020,0,1,1
10,5,6,0,0,76,2,5100,0,1,1
12,4,0,0,0,92,1,5100,0,1,1
13,0,6,0,0,72,0,5110,0,0,1
2,13,2,0,1,9,0,110,0,0,0
3,11,0,0,1,1,1,180,0,0,0
3,12,3,0,0,9,1,360,0,1,0
13,18,6,0,0,77,1,5110,0,1,1
9,23,3,0,0,80,1,5100,0,0,1
1,7,0,0,0,8,2,70,0,0,0
4,16,4,0,1,3,0,10,0,1,0
1,17,1,0,1,19,1,60,0,0,0
13,18,6,0,0,55,2,5110,0,1,1
11,19,1,0,0,83,2,5110,0,0,1
12,20,2,0,1,97,0,2980,0,1,1
12,20,1,0,0,71,1,5100,0,1,1
10,20,2,0,0,65,0,5110,0,0,1
13,4,0,0,0,97,2,5110,0,1,1
13,18,5,0,0,96,2,5110,0,1,1
12,20,6,0,0,79,1,2380,0,1,1
9,20,6,0,0,87,0,5110,0,0,1
7,19,5,0,0,94,2,4510,0,1,1
9,19,0,0,0,76,2,5110,0,1,1
11,21,3,0,0,78,0,5110,0,1,1
12,5,2,0,0,54,0,5110,0,1,1
5,5,6,0,0,90,1,5100,0,1,1
10,4,6,0,0,95,0,5110,0,1,1
11,23,5,0,0,63,1,5110,0,1,1
5,22,5,0,0,98,0,5110,0,1,1
13,1,2,0,0,56,0,5110,0,1,1
3,3,2,0,0,70,1,5110,0,0,1
13,23,1,0,0,56,2,5110,0,1,1
10,18,6,0,0,71,1,5110,0,1,1
10,1,0,0,0,50,1,5100,0,1,1
11,3,5,0,0,95,0,2190,0,1,1
2,11,3,0,0,7,1,20,0,0,0
5,3,2,0,0,75,0,5110,0,1,1
1,11,0,0,0,6,2,10,0,0,0
9,1,2,0,0,51,2,5100,0,1,1
10,20,6,0,0,57,0,4480,0,1,1
3,13,4,0,0,2,0,10,0,0,0
13,4,5,0,1,71,0,2160,0,1,1
9,20,3,0,0,82,1,4820,0,1,1
12,4,3,0,0,84,0,2100,0,1,1
13,3,0,0,1,74,0,1400,0,0,1
11,0,1,0,0,66,1,2560,0,1,1
11,18,6,0,0,93,1,5100,0,1,1
6,0,2,0,0,68,1,1060,0,1,1
12,23,2,0,0,87,0,2170,0,1,1
10,23,5,0,0,81,1,5110,0,0,1
14,0,1,0,0,61,1,20,0,1,1
9,23,1,0,0,91,0,5110,0,1,1
11,22,4,0,0,51,0,5110,0,1,1
9,21,4,0,0,63,2,1410,0,1,1
13,0,4,0,0,74,2,2150,0,1,1
12,23,3,0,0,60,1,880,0,1,1
3,9,0,0,1,13,2,10,0,0,0
2,16,4,0,1,14,1,10,0,0,0
1,11,2,0,1,3,2,20,0,0,0
10,2,6,0,0,92,0,5110,0,0,1
3,13,2,0,1,11,1,110,0,1,0
11,3,4,0,0,80,1,5110,0,1,1
11,22,1,0,0,82,1,5100,0,0,1
12,22,1,0,0,80,0,5110,0,1,1
12,22,0,0,0,52,0,5110,0,1,1
7,23,0,0,0,73,2,1320,0,0,1
10,23,1,0,0,73,2,4800,0,1,1
13,5,2,0,0,84,0,5110,0,1,1
11,0,0,0,0,68,1,5110,0,1,1
3,7,0,0,1,2,1,80,0,0,0
5,17,4,0,1,0,0,20,0,0,0
12,19,2,0,0,63,1,5110,0,1,1
12,4,0,0,0,67,0,4460,0,1,1
13,23,1,0,0,51,2,5100,0,1,1
8,7,1,0,1,10,0,130,0,0,0
12,0,0,0,0,69,0,5110,0,1,1
10,2,1,0,0,60,2,5110,0,1,1
12,18,2,0,0,60,0,1840,0,0,1
12,5,5,0,0,63,0,5110,0,1,1
12,5,1,0,0,52,1,1430,0,1,1
13,19,6,0,0,87,0,5070,0,1,1
12,22,2,0,0,91,1,5110,0,1,1
9,22,1,0,0,70,2,1460,0,1,1
9,2,5,0,0,81,2,5110,0,1,1
10,23,6,0,0,72,0,5110,0,1,1
12,1,3,0,1,87,1,2610,0,1,1
13,18,0,0,0,81,0,5110,0,1,1
14,21,2,0,1,59,1,30,0,1,1
12,5,2,0,0,74,2,5110,0,1,1
3,14,3,0,1,15,2,30,0,1,0
10,4,3,0,0,91,0,420,0,1,1
10,2,2,0,0,71,2,5110,0,1,1
4,10,1,0,0,1,1,70,0,0,0
11,18,0,0,0,96,2,5110,0,1,1
2,11,2,0,1,0,2,50,0,0,0
12,19,3,0,0,82,2,5110,0,1,1
13,3,5,0,0,57,2,5100,0,0,1
11,21,1,0,0,76,1,5110,0,1,1
9,19,4,0,0,53,1,4510,0,1,1
12,18,5,0,0,51,2,4560,0,1,1
2,13,2,0,1,5,1,20,0,0,0
11,0,5,0,0,57,0,5090,0,0,1
9,0,4,0,0,71,2,5110,0,1,1
1,14,4,0,1,8,0,10,0,0,0
12,22,1,0,0,87,0,5110,0,0,1
10,4,6,0,0,70,1,5110,0,0,1
5,20,2,0,0,80,1,5110,0,0,1
1,18,1,0,1,2,0,10,0,0,0
11,23,5,0,0,51,2,5110,0,0,1
7,4,1,0,0,86,2,5110,0,1,1
11,20,5,0,0,60,0,5110,0,0,1
12,2,6,0,0,59,0,10,0,1,1
5,11,2,0,1,7,1,10,0,0,0
9,1,2,0,0,62,0,5110,0,1,1
1,14,1,0,1,7,2,30,0,0,0
4,15,1,0,0,6,0,30,0,0,0
12,1,3,0,0,85,1,5110,0,1,1
11,19,1,0,0,68,2,5100,0,1,1
3,17,1,0,1,16,2,290,0,0,0
12,19,2,0,0,78,1,5110,0,1,1
12,21,6,0,0,58,0,5100,0,0,1
10,21,0,0,0,77,2,5110,0,0,1
4,7,1,0,1,15,1,20,0,0,0
6,4,2,0,0,53,1,5110,0,1,1
13,20,2,0,0,86,2,5110,0,1,1
2,8,1,0,0,15,0,10,0,1,0
11,23,3,0,0,94,1,5100,0,1,1
13,0,4,0,0,83,0,4450,0,1,1
13,21,3,0,1,84,2,1200,0,1,1
11,4,1,0,0,63,0,2770,0,0,1
10,18,0,0,0,90,0,5110,0,1,1
9,23,3,0,0,58,1,5110,0,1,1
9,4,0,0,1,95,1,1260,0,1,1
13,18,3,0,0,66,0,5110,0,1,1
12,2,0,0,1,68,1,1180,0,1,1
11,2,3,0,0,79,1,5110,0,1,1
6,18,3,0,0,76,0,1350,0,0,1
9,0,1,0,0,90,1,5110,0,1,1
4,12,4,0,1,5,2,60,0,0,0
12,21,3,0,0,56,1,5110,0,1,1
10,2,3,0,0,80,2,1230,0,1,1
13,19,0,0,0,79,2,5110,0,0,1
9,23,1,0,0,59,2,5110,0,1,1
10,19,3,0,0,83,2,5110,0,1,1
10,23,2,0,0,80,1,4780,0,1,1
12,19,6,0,1,71,1,2710,0,0,1
8,20,2,0,1,55,1,3300,0,0,1
13,0,0,0,0,61,1,5110,0,1,1
8,4,1,0,0,89,1,5110,0,0,1
5,13,0,0,1,19,2,210,0,0,0
13,23,6,0,0,80,1,240,0,1,1
12,23,6,0,0,82,2,4810,0,1,1
11,3,5,0,0,94,2,5110,0,1,1
5,15,4,0,1,16,0,130,0,0,0
5,17,4,0,1,11,2,10,0,0,0
13,20,3,0,0,62,1,4890,0,1,1
12,2,5,0,0,70,2,5100,0,1,1
9,3,1,0,1,86,1,2930,0,1,1
3,22,0,0,0,56,2,5110,0,1,1
5,11,2,0,1,2,2,10,0,0,0
4,1,1,0,1,71,1,1330,0,1,1
13,0,5,0,0,73,2,5110,0,1,1
6,0,0,0,0,85,0,4440,0,1,1
8,9,4,0,0,2,1,10,0,0,0
4,15,0,0,1,9,1,260,0,0,0
9,20,2,0,0,88,2,4540,0,1,1
9,20,6,0,0,82,0,1480,0,1,1
12,1,4,0,0,62,2,5110,0,1,1
6,23,6,0,0,93,0,5110,0,1,1
11,0,0,0,0,57,1,5110,0,1,1
5,1,1,0,0,85,2,5110,0,1,1
3,12,0,0,1,16,1,10,0,0,0
3,15,4,0,1,9,2,10,0,0,0
5,10,4,0,1,2,1,10,0,0,0
12,5,5,0,0,83,1,5080,0,0,1
12,18,1,0,0,70,2,5110,0,1,1
9,18,5,0,0,82,1,5110,0,1,1
11,21,3,0,0,57,1,5110,0,1,1
13,0,4,0,0,58,2,2330,0,1,1
11,1,6,0,0,50,1,5110,0,1,1
11,23,0,0,0,60,0,1260,0,1,1
13,1,0,0,0,86,2,4790,0,1,1
12,19,1,0,0,92,0,5110,0,1,1
5,9,3,0,1,6,2,140,0,0,0
1,11,3,0,1,8,2,10,0,0,0
10,2,0,0,0,90,1,4580,0,1,1
2,9,0,0,1,2,0,130,0,0,0
10,19,4,0,0,51,0,5110,0,1,1
12,1,6,0,0,82,0,4430,0,1,1
10,1,3,0,0,87,2,5110,0,1,1
1,8,2,0,1,0,0,70,0,0,0
9,1,6,0,0,81,1,5110,0,0,1
10,23,5,0,0,50,0,5110,0,1,1
9,3,3,0,0,66,2,3760,0,1,1
11,19,1,0,0,80,2,5110,0,1,1
10,4,6,0,0,86,0,4780,0,1,1
9,5,3,0,0,62,2,5110,0,1,1
12,2,3,0,0,55,2,5110,0,1,1
4,8,1,0,1,7,1,160,0,0,0
12,5,3,0,0,51,0,1250,0,1,1
10,23,4,0,0,77,2,5110,0,1,1
10,0,5,0,1,61,0,2900,0,1,1
10,22,6,0,0,74,2,1380,0,1,1
10,3,1,0,0,93,2,5110,0,0,1
3,7,0,0,1,5,2,10,0,0,0
9,18,0,0,0,88,1,5110,0,1,1
11,18,2,0,0,56,2,5110,0,0,1
11,23,4,0,0,62,1,5110,0,0,1
9,23,6,0,0,95,0,5110,0,1,1
6,18,0,0,1,75,1,1550,0,0,1
12,20,2,0,0,75,1,2960,0,1,1
13,1,4,0,0,84,1,5110,0,0,1
7,1,2,0,0,91,2,5110,0,0,1
5,15,3,0,0,7,0,10,0,0,0
6,23,2,0,0,67,2,2230,0,1,1
13,22,0,0,0,58,2,1410,0,1,1
12,4,5,0,0,97,2,5100,0,0,1
11,21,3,0,0,66,2,1780,0,1,1
12,22,6,0,0,63,1,5110,0,0,1
11,18,5,0,0,83,0,5110,0,0,1
2,13,3,0,0,4,1,120,0,0,0
5,13,2,0,1,12,0,10,0,0,0
12,3,3,0,0,85,0,5110,0,1,1
9,1,6,0,0,77,0,5110,0,1,1
10,18,4,0,0,89,1,5100,0,1,1
9,2,0,0,0,51,0,5110,0,1,1
10,0,5,0,0,77,2,1350,0,1,1
12,19,5,0,0,57,0,5100,0,1,1
12,21,3,0,0,69,0,5110,0,1,1
10,19,0,0,0,83,0,5110,0,1,1
1,7,2,0,1,1,0,560,0,0,0
12,0,5,0,1,53,1,2680,0,0,1
11,4,5,0,0,78,0,5110,0,1,1
10,23,1,0,0,91,0,5100,0,1,1
10,18,4,0,0,88,2,1500,0,1,1
12,15,3,0,1,14,0,30,0,0,0
9,21,2,0,0,73,2,5110,0,1,1
11,4,6,0,0,73,0,5090,0,1,1
5,20,1,0,0,85,2,5110,0,1,1
2,14,2,0,1,8,2,10,0,0,0
11,5,3,0,0,95,1,1370,0,0,1
10,18,4,0,1,70,1,1140,0,1,1
4,11,4,0,0,12,0,70,0,0,0
11,20,4,0,0,54,0,2850,0,1,1
6,19,5,0,0,79,1,5100,0,1,1
12,1,6,0,0,94,1,5110,0,1,1
9,4,5,0,0,91,1,5110,0,1,1
5,8,0,0,1,8,1,10,0,0,0
11,21,1,0,0,67,2,5100,0,0,1
13,22,4,0,0,70,1,5110,0,0,1
10,23,2,0,0,57,0,5090,0,0,1
5,19,0,0,0,86,2,5110,0,1,1
12,20,2,0,0,94,1,720,0,1,1
3,12,3,0,0,1,1,70,0,0,0
10,2,0,0,0,57,0,5110,0,1,1
9,20,6,0,0,87,1,5110,0,0,1
12,2,5,0,0,96,2,5110,0,1,1
3,9,1,0,1,17,0,370,0,0,0
11,18,2,0,0,53,1,5110,0,1,1
5,2,6,0,0,55,1,1480,0,0,1
12,5,1,0,0,57,0,5110,0,1,1
12,4,6,0,1,78,0,1010,0,1,1
12,23,0,0,0,75,1,2350,0,1,1
9,7,0,0,0,14,1,10,0,0,0
6,5,2,0,0,66,1,5110,0,0,1
13,4,3,0,0,60,1,5110,0,1,1
13,18,1,0,0,83,0,1230,0,1,1
9,1,6,0,0,56,2,5110,0,1,1
12,21,0,0,0,89,2,4820,0,1,1
5,14,1,0,1,12,2,120,0,0,0
11,4,1,0,0,72,1,5110,0,1,1
11,21,1,0,0,74,0,5110,0,0,1
3,18,0,0,1,10,2,10,0,0,0
4,15,2,0,1,17,0,10,0,0,0
11,3,3,0,0,96,0,5110,0,1,1
11,21,1,0,0,83,2,5110,0,1,1
9,5,0,0,0,60,1,1120,0,1,1
2,16,4,0,0,19,0,20,0,0,0
13,5,5,0,0,51,0,5110,0,1,1
10,20,1,0,0,60,1,1020,0,1,1
12,19,4,0,0,97,0,4830,0,0,1
3,9,2,0,1,16,1,10,0,0,0
11,23,1,0,0,79,2,5110,0,0,1
3,18,2,0,1,6,1,240,0,0,0
11,4,3,0,0,63,1,5110,0,1,1
12,22,3,0,0,78,1,1230,0,1,1
10,19,1,0,1,54,1,1220,0,0,1
10,2,4,0,0,89,1,5110,0,1,1
9,18,4,0,0,83,1,5100,0,1,1
9,5,0,0,0,81,2,5110,0,0,1
2,11,0,0,1,3,2,190,0,0,0
11,21,5,0,0,72,2,2610,0,1,1
9,3,0,0,0,52,2,5110,0,1,1
2,7,0,0,1,2,1,10,0,0,0
1,16,3,0,1,10,0,10,0,0,0
10,5,2,0,0,60,0,2070,0,0,1
6,23,0,0,0,93,1,5110,0,1,1
9,3,5,0,0,75,0,2330,0,1,1
11,3,6,0,0,83,1,5110,0,1,1
10,21,2,0,0,52,1,5110,0,1,1
9,23,4,0,0,61,2,5110,0,1,1
9,3,0,0,0,79,0,5110,0,1,1
11,4,1,0,0,81,0,5110,0,1,1
12,20,0,0,0,81,1,5110,0,1,1
9,18,6,0,0,76,1,4390,0,1,1
13,22,3,0,0,95,0,1460,0,0,1
9,23,1,0,0,96,2,5110,0,1,1
12,3,6,0,0,78,2,5110,0,0,1
2,9,3,0,1,3,2,10,0,0,0
11,18,0,0,0,92,2,5110,0,1,1
9,22,6,0,0,57,2,5110,0,0,1
5,4,5,0,0,63,1,1020,0,1,1
9,3,3,0,0,81,0,2100,0,0,1
4,7,1,0,1,18,0,2250,0,0,0
11,0,4,0,0,70,1,4600,0,1,1
3,14,4,0,1,0,0,10,0,0,0
3,11,4,0,1,10,2,10,0,0,0
7,17,3,0,1,14,2,40,0,0,0
1,17,4,0,1,10,0,20,0,0,0
1,14,4,0,1,7,2,1540,0,0,0
12,5,0,0,0,61,1,5110,0,0,1
13,21,4,0,0,76,0,4630,0,0,1
7,18,1,0,0,57,0,5110,0,1,1
11,22,1,0,0,70,1,1050,0,1,1
3,2,6,0,0,56,0,5110,0,1,1
2,8,3,0,1,6,2,10,0,0,0
5,4,1,0,0,88,1,2130,0,1,1
5,15,4,0,0,15,2,10,0,0,0
10,23,1,0,0,97,1,1140,0,1,1
7,17,3,0,0,18,0,20,0,0,0
12,0,4,0,0,79,1,5110,0,1,1
6,3,0,0,1,72,0,1180,0,1,1
10,4,3,0,0,65,0,5110,0,1,1
10,23,1,0,0,74,1,5110,0,1,1
11,19,3,0,0,50,2,4810,0,0,1
13,0,3,0,0,81,1,5110,0,1,1
1,16,1,0,1,3,2,100,0,0,0
9,21,2,0,0,57,2,5110,0,1,1
11,1,1,0,0,85,1,5110,0,0,1
6,18,5,0,0,55,2,5110,0,0,1
10,19,4,0,0,69,2,4510,0,1,1
3,8,3,0,1,2,1,10,0,0,0
3,11,1,0,1,19,0,80,0,0,0
10,18,0,0,0,93,1,5100,0,1,1
13,18,3,0,0,55,1,5110,0,1,1
12,19,6,0,0,82,0,5110,0,1,1
5,7,1,0,1,14,1,20,0,0,0
13,0,1,0,0,99,1,2760,0,1,1
13,2,0,0,0,51,0,4400,0,1,1
11,5,0,0,0,84,1,5110,0,1,1
10,4,1,0,1,63,0,2620,0,0,1
12,1,5,0,0,98,1,5110,0,0,1
4,17,4,0,0,13,0,10,0,0,0
12,19,4,0,0,95,0,5100,0,1,1
9,22,3,0,0,92,1,5110,0,0,1
12,23,0,0,0,77,1,2040,0,1,1
11,17,0,0,1,7,0,30,0,0,0
12,2,0,0,0,67,1,5100,0,1,1
13,20,0,0,0,77,0,4800,0,1,1
7,19,2,0,0,96,2,2720,0,1,1
3,8,3,0,1,16,1,30,0,0,0
12,2,3,0,0,84,0,10,0,1,1
4,23,3,0,0,63,2,2260,0,1,1
11,20,0,0,1,90,1,1230,0,0,1
10,3,3,0,0,55,0,5110,0,1,1
9,20,5,0,0,59,1,2940,0,1,1
9,23,4,0,0,73,0,5100,0,1,1
3,11,3,0,1,14,2,10,0,0,0
13,2,1,0,0,54,0,5110,0,0,1
12,22,4,0,0,75,0,5110,0,1,1
7,5,3,0,0,76,1,5110,0,1,1
2,12,4,0,0,5,1,10,0,0,0
11,3,1,0,0,71,2,5110,0,1,1
9,2,3,0,0,60,0,5110,0,1,1
13,20,0,0,0,96,1,5110,0,1,1
10,5,4,0,0,68,0,5110,0,1,1
13,20,0,0,0,90,0,5110,0,1,1
8,1,1,0,0,76,2,5110,0,1,1
9,23,6,0,0,77,0,2870,0,1,1
3,14,4,0,1,15,2,10,0,0,0
10,21,3,0,0,67,2,5110,0,1,1
7,21,2,0,0,67,0,5110,0,1,1
9,21,1,0,0,57,0,5110,0,1,1
11,0,2,0,0,91,0,5110,0,1,1
9,4,3,0,0,66,0,5110,0,1,1
11,4,4,0,1,73,2,2130,0,0,1
13,20,1,0,0,79,0,5110,0,1,1
10,19,6,0,0,70,0,5110,0,1,1
11,22,4,0,0,74,0,1420,0,1,1
7,10,2,0,0,5,2,250,0,0,0
4,18,1,0,1,1,0,140,0,0,0
1,11,2,0,1,17,0,10,0,0,0
9,19,6,0,0,70,1,5110,0,1,1
12,3,2,0,0,91,1,5110,0,1,1
11,22,6,0,0,97,0,2470,0,1,1
10,23,6,0,0,79,0,5110,0,1,1
12,4,3,0,1,60,0,2470,0,0,1
5,1,6,0,0,86,1,1260,0,1,1
7,18,5,0,0,67,1,5110,0,1,1
8,1,0,0,0,54,1,5110,0,1,1
9,23,4,0,0,63,0,2610,0,1,1
9,22,5,0,0,64,0,5110,0,0,1
10,19,4,0,0,55,2,5110,0,1,1
9,21,5,0,0,70,2,5110,0,1,1
2,14,0,0,1,12,2,80,0,0,0
12,21,1,0,0,95,2,2070,0,1,1
4,18,1,0,0,62,1,5110,0,1,1
4,19,3,0,0,97,0,5100,0,1,1
9,23,4,0,0,55,0,5010,0,1,1
10,20,1,0,0,51,2,5110,0,0,1
12,21,3,0,0,73,0,1980,0,1,1
11,23,6,0,0,68,1,5110,0,1,1
5,15,2,0,0,13,0,40,0,0,0
9,3,5,0,0,98,2,5110,0,1,1
11,22,2,0,0,69,0,2650,0,1,1
13,23,2,0,0,86,2,5110,0,1,1
11,19,2,0,0,82,0,5110,0,1,1
10,4,3,0,0,73,1,5110,0,1,1
9,0,3,0,0,66,2,1460,0,1,1
9,22,4,0,0,89,0,2920,0,1,1
11,20,4,0,0,61,0,5110,0,1,1
11,21,2,0,0,95,1,5110,0,1,1
11,0,1,0,0,52,0,5110,0,1,1
9,23,2,0,0,77,2,5110,0,1,1
12,2,4,0,0,53,0,1080,0,1,1
11,0,0,0,0,55,1,2520,0,1,1
9,23,2,0,0,73,2,5110,0,1,1
10,23,6,0,1,56,0,1050,0,1,1
11,18,3,0,0,72,1,5110,0,0,1
13,4,6,0,0,54,0,5110,0,0,1
8,23,0,0,0,93,0,5110,0,1,1
11,5,1,0,0,82,1,5110,0,1,1
10,18,2,0,1,95,2,1890,0,0,1
13,3,6,0,0,57,2,4470,0,0,1
4,12,0,0,1,14,1,10,0,0,0
14,20,3,0,0,71,0,30,0,0,1
10,19,5,0,0,82,2,5110,0,1,1
10,19,0,0,0,53,0,1410,0,1,1
12,19,3,0,0,54,1,5100,0,0,1
11,2,3,0,0,56,2,2620,0,1,1
12,18,3,0,0,83,0,5110,0,0,1
11,19,0,0,0,55,2,5110,0,1,1
12,20,1,0,0,97,0,5110,0,1,1
12,3,2,0,0,50,0,5110,0,0,1
10,3,0,0,0,55,0,5110,0,1,1
4,15,2,0,0,10,1,10,0,0,0
11,1,3,0,0,98,2,5110,0,1,1
12,18,2,0,0,67,0,5110,0,1,1
11,3,0,0,0,86,1,1330,0,1,1
11,1,0,0,0,63,1,5110,0,1,1
13,0,4,0,0,89,2,5100,0,0,1
10,18,0,0,0,90,2,5110,0,1,1
5,13,4,0,1,16,2,10,0,0,0
11,3,5,0,0,72,1,5100,0,1,1
3,14,2,0,0,10,1,170,0,0,0
11,18,1,0,0,72,2,5100,0,1,1
13,18,0,0,0,73,1,4560,0,0,1
6,0,1,0,0,84,2,4520,0,1,1
5,18,0,0,0,16,0,20,0,0,0
13,23,3,0,0,81,2,5110,0,1,1
5,16,3,0,1,16,2,20,0,0,0
11,21,0,0,0,74,1,5110,0,1,1
13,4,0,0,0,79,0,5110,0,1,1
13,3,5,0,0,80,1,5110,0,1,1
9,23,5,0,1,70,2,2240,0,0,1
12,21,3,0,0,60,2,2960,0,1,1
11,23,5,0,0,53,2,1130,0,1,1
9,19,1,0,1,53,0,2850,0,0,1
10,22,6,0,0,67,1,1270,0,1,1
10,17,4,0,0,9,1,90,0,0,0
13,20,3,0,0,59,0,2540,0,0,1
9,23,4,0,0,67,0,5110,0,0,1
13,22,0,0,0,58,0,5110,0,0,1
9,20,0,0,0,76,2,5110,0,1,1
1,14,0,0,1,8,2,90,0,0,0
7,23,4,0,0,94,0,4800,0,1,1
9,3,5,0,0,52,0,5110,0,1,1
4,18,0,0,1,15,1,10,0,0,0
11,3,1,0,0,80,0,5110,0,1,1
13,21,5,0,0,57,2,5110,0,1,1
11,22,4,0,0,87,1,5100,0,1,1
5,21,1,0,0,95,0,5110,0,1,1
12,20,6,0,0,97,1,110,0,1,1
12,3,1,0,0,74,2,5110,0,1,1
8,19,5,0,0,62,1,2500,0,1,1
11,22,4,0,0,81,2,5110,0,1,1
2,11,3,0,1,3,2,340,0,0,0
10,18,2,0,0,93,2,2300,0,1,1
7,4,2,0,0,54,2,5110,0,1,1
5,2,2,0,0,83,1,5110,0,1,1
3,18,2,0,1,19,2,60,0,0,0
11,0,5,0,0,54,2,1460,0,1,1
11,21,3,0,0,54,2,5110,0,0,1
5,1,6,0,0,95,2,5110,0,0,1
6,3,1,0,0,63,0,5110,0,1,1
3,15,0,0,1,18,1,490,0,0,0
3,8,3,0,1,16,1,40,0,0,0
10,1,3,0,0,75,2,5110,0,1,1
9,1,4,0,0,80,2,5110,0,0,1
10,1,0,0,0,90,1,4630,0,1,1
9,23,5,0,0,66,1,5110,0,1,1
12,23,6,0,0,88,1,5100,0,1,1
11,3,4,0,0,81,1,5110,0,1,1
13,5,1,0,0,61,1,2240,0,1,1
10,21,0,0,0,83,0,5110,0,1,1
9,3,5,0,0,98,2,1390,0,1,1
9,2,6,0,0,91,1,5110,0,1,1
4,0,1,0,0,53,1,4530,0,0,1
6,20,4,0,0,50,0,1190,0,0,1
2,9,2,0,1,18,1,10,0,0,0
1,18,2,0,0,17,0,30,0,0,0
10,18,3,0,0,82,2,5110,0,1,1
10,23,6,0,0,83,0,5100,0,1,1
4,21,2,0,0,94,2,5110,0,0,1
2,12,3,0,1,14,2,10,0,0,0
1,12,3,0,0,1,0,80,0,0,0
13,18,3,0,0,50,2,5110,0,1,1
11,4,4,0,0,95,0,5100,0,1,1
12,22,4,0,0,81,0,5110,0,1,1
13,23,4,0,0,70,1,5110,0,1,1
5,15,2,0,1,6,1,40,0,0,0
2,10,4,0,1,5,1,240,0,0,0
4,14,1,0,1,5,1,50,0,0,0
12,23,3,0,0,89,1,5110,0,1,1
3,10,3,0,1,16,0,10,0,0,0
13,22,6,0,0,56,2,5110,0,1,1
2,11,0,0,0,11,0,10,0,0,0
12,20,6,0,0,84,2,2740,0,0,1
11,5,4,0,0,70,2,5110,0,0,1
2,14,2,0,1,19,0,30,0,0,0
3,1,1,0,0,83,0,5090,0,1,1
10,1,2,0,0,72,1,5110,0,1,1
11,4,2,0,0,99,1,5110,0,1,1
3,13,1,0,1,9,2,120,0,0,0
6,20,1,0,0,77,1,5110,0,1,1
4,18,3,0,0,81,1,4720,0,0,1
4,8,3,0,0,9,0,10,0,0,0
5,17,4,0,1,1,2,10,0,0,0
13,3,3,0,0,96,0,5110,0,1,1
9,5,2,0,0,82,1,2920,0,0,1
9,20,5,0,1,59,2,2820,0,0,1
13,1,3,0,0,92,1,5110,0,1,1
13,22,1,0,0,79,0,5110,0,1,1
1,16,3,0,1,12,2,10,0,0,0
2,12,1,0,0,7,2,10,0,0,0
4,13,1,0,0,13,0,220,0,0,0
11,19,4,0,0,72,0,5090,0,1,1
12,20,0,0,0,72,2,5110,0,1,1
13,1,4,0,0,75,2,2280,0,1,1
12,19,4,0,0,76,2,5110,0,1,1
11,21,3,0,0,97,1,5110,0,0,1
9,0,4,0,0,95,0,5110,0,1,1
10,1,1,0,0,95,2,5110,0,1,1
12,23,4,0,0,66,2,5110,0,1,1
10,0,3,0,0,69,0,5110,0,1,1
9,22,0,0,0,75,1,5110,0,0,1
11,5,1,0,0,69,1,5110,0,1,1
5,16,1,0,1,9,0,80,0,0,0
5,10,1,0,1,16,1,10,0,0,0
5,7,4,0,1,0,0,50,0,0,0
11,19,3,0,0,50,1,1010,0,1,1
9,2,4,0,0,88,0,5110,0,1,1
11,5,1,0,0,67,1,2520,0,1,1
7,20,6,0,0,75,1,5110,0,1,1
13,0,2,0,0,91,0,5110,0,0,1
10,22,2,0,0,97,0,5110,0,1,1
13,4,5,0,1,59,0,2240,0,1,1
4,18,2,0,1,7,2,20,0,0,0
4,3,0,0,0,71,2,5110,0,1,1
9,0,3,0,0,84,1,5110,0,0,1
11,21,4,0,0,55,0,2140,0,1,1
13,1,1,0,0,80,1,5110,0,1,1
12,21,3,0,0,55,1,5110,0,1,1
1,12,2,0,1,16,2,10,0,0,0
4,8,0,0,1,17,0,10,0,0,0
5,13,2,0,0,10,1,50,0,0,0
10,22,6,0,0,89,2,5110,0,0,1
2,18,0,0,1,17,2,20,0,0,0
11,3,0,0,0,67,0,5110,0,0,1
12,9,0,0,1,18,1,10,0,0,0
3,10,1,0,1,18,0,10,0,0,0
9,20,5,0,0,98,1,5100,0,1,1
10,1,4,0,0,69,0,5110,0,1,1
4,9,0,0,1,18,2,40,0,0,0
10,11,3,0,1,16,1,170,0,0,0
9,2,6,0,0,54,0,5110,0,1,1
2,11,1,0,1,14,0,20,0,0,0
13,20,4,0,0,68,1,760,0,1,1
11,18,0,0,0,91,0,2720,0,1,1
10,18,0,0,0,83,0,2020,0,1,1
9,5,0,0,0,50,0,5110,0,1,1
11,5,2,0,0,69,1,5110,0,1,1
11,21,4,0,0,50,1,5110,0,1,1
11,3,6,0,0,87,2,5110,0,1,1
6,2,2,0,0,55,1,2970,0,1,1
13,21,5,0,0,80,0,5110,0,1,1
1,15,1,0,1,12,1,30,0,1,0
12,19,1,0,0,58,1,5110,0,1,1
8,19,6,0,0,95,0,2250,0,1,1
6,18,4,0,0,68,0,5110,0,1,1
12,20,2,0,0,73,2,5110,0,0,1
13,21,0,0,0,60,2,5110,0,1,1
9,18,5,0,0,71,0,20,0,1,1
9,22,2,0,0,89,1,2620,0,1,1
5,3,3,0,0,90,2,5110,0,1,1
5,12,4,0,0,16,1,10,0,0,0
11,4,5,0,0,85,2,5110,0,0,1
5,11,3,0,1,5,1,80,0,0,0
10,2,4,0,0,72,2,5100,0,1,1
11,23,1,0,0,70,1,5110,0,1,1
12,21,6,0,0,72,1,5110,0,1,1
9,2,3,0,0,98,1,5110,0,1,1
10,23,1,0,0,98,0,5110,0,1,1
9,10,2,0,1,17,0,20,0,0,0
9,21,5,0,0,88,1,5110,0,1,1
9,23,0,0,0,76,0,1460,0,1,1
12,2,3,0,0,88,1,5110,0,1,1
7,1,3,0,0,61,1,2660,0,1,1
11,19,2,0,1,63,1,1780,0,1,1
9,2,0,0,0,84,2,5110,0,0,1
9,22,5,0,0,93,2,5110,0,1,1
11,3,2,0,0,51,1,2020,0,1,1
10,0,0,0,0,63,0,1090,0,1,1
10,1,4,0,0,79,1,5100,0,1,1
7,9,4,0,0,1,0,10,0,0,0
11,18,3,0,0,95,1,5110,0,1,1
13,19,6,0,0,63,0,2160,0,0,1
9,23,1,0,0,56,1,5110,0,1,1
11,3,0,0,0,61,0,5110,0,1,1
12,18,0,0,0,83,1,5110,0,1,1
10,22,2,0,0,95,2,4780,0,1,1
8,1,4,0,0,69,2,5110,0,1,1
1,13,0,0,0,1,1,10,0,0,0
9,1,4,0,0,66,1,5110,0,0,1
10,1,3,0,0,51,0,5110,0,1,1
1,15,1,0,1,8,1,10,0,0,0
13,1,3,0,0,52,0,2520,0,1,1
10,5,1,0,0,99,0,4380,0,1,1
11,19,3,0,0,63,2,2160,0,0,1
1,16,2,0,1,6,1,10,0,1,0
9,14,3,0,1,13,2,180,0,0,0
6,0,0,0,0,85,0,4370,0,0,1
12,18,5,0,0,91,0,5110,0,1,1
9,3,6,0,0,89,0,5110,0,0,1
2,8,4,0,0,2,1,20,0,0,0
12,21,1,0,0,74,1,5110,0,1,1
13,4,3,0,0,82,0,5110,0,0,1
11,23,0,0,0,74,1,5110,0,0,1
11,4,0,0,1,68,1,2040,0,1,1
5,12,1,0,0,6,0,10,0,0,0
11,22,2,0,0,85,1,5110,0,1,1
13,0,2,0,0,94,1,5110,0,1,1
9,5,5,0,0,95,2,1030,0,1,1
12,20,0,0,0,78,1,5110,0,0,1
4,14,1,0,1,4,2,150,0,0,0
11,19,2,0,0,66,2,5110,0,1,1
2,17,1,0,0,11,0,110,0,0,0
12,5,0,0,1,71,1,1380,0,1,1
12,5,6,0,0,98,2,5110,0,0,1
10,19,1,0,0,90,1,1280,0,1,1
12,21,3,0,0,60,1,5110,0,0,1
5,18,5,0,1,98,2,1200,0,1,1
9,20,5,0,1,98,0,1760,0,1,1
9,22,2,0,0,63,1,5110,0,1,1
12,2,6,0,0,51,1,1040,0,0,1
9,3,2,0,0,84,2,5110,0,1,1
1,17,1,0,0,8,2,130,0,0,0
13,20,3,0,0,72,0,1040,0,1,1
7,0,2,0,0,93,2,5110,0,1,1
4,21,3,0,0,95,0,5110,0,1,1
11,20,6,0,0,54,2,2140,0,1,1
13,1,5,0,0,90,0,2240,0,0,1
10,0,4,0,0,96,2,5110,0,0,1
11,1,3,0,0,89,2,5110,0,1,1
13,22,4,0,0,84,1,5110,0,1,1
12,5,1,0,0,51,0,5110,0,1,1
9,19,1,0,0,53,1,5110,0,1,1
11,22,6,0,0,93,0,5110,0,0,1
10,19,0,0,0,64,1,5110,0,1,1
13,0,3,0,0,83,2,4660,0,1,1
8,22,6,0,1,67,0,2520,0,1,1
11,20,6,0,0,91,1,1150,0,1,1
2,12,2,0,1,2,2,40,0,0,0
9,1,4,0,0,80,1,1350,0,1,1
10,20,4,0,0,90,0,5100,0,0,1
8,19,1,0,0,97,2,5100,0,1,1
3,14,4,0,1,4,0,460,0,0,0
4,11,0,0,1,15,2,10,0,0,0
10,5,1,0,1,55,2,1180,0,1,1
9,19,2,0,0,68,1,5090,0,1,1
10,2,2,0,0,95,2,5110,0,0,1
3,9,4,0,1,10,1,40,0,0,0
10,19,6,0,0,92,2,5110,0,1,1
7,18,4,0,0,97,2,4840,0,1,1
9,4,3,0,1,95,1,1410,0,1,1
7,22,1,0,0,89,1,5110,0,0,1
9,23,5,0,0,52,2,5110,0,1,1
13,2,5,0,0,81,1,5110,0,0,1
9,0,1,0,0,71,2,5110,0,0,1
6,19,3,0,1,90,1,2400,0,1,1
9,4,4,0,0,82,0,5110,0,1,1
9,20,1,0,0,78,1,1070,0,0,1
13,21,5,0,0,68,1,5110,0,0,1
9,4,5,0,0,63,1,5110,0,0,1
5,2,6,0,0,55,2,5110,0,1,1
12,4,0,0,0,63,1,1220,0,1,1
12,3,6,0,0,50,0,5100,0,1,1
13,0,0,0,0,65,1,5100,0,0,1
12,18,2,0,0,52,2,5110,0,0,1
11,23,2,0,0,73,0,1190,0,0,1
9,20,6,0,0,80,1,1310,0,1,1
12,21,1,0,0,67,2,5110,0,0,1
9,4,2,0,0,67,0,4780,0,1,1
9,18,4,0,0,72,2,5110,0,1,1
9,4,0,0,0,73,0,5100,0,1,1
9,5,0,0,0,53,2,5110,0,1,1
6,18,2,0,0,95,1,5110,0,1,1
12,20,3,0,0,52,0,5100,0,1,1
12,5,0,0,1,90,1,1260,0,1,1
13,2,5,0,0,83,1,5090,0,1,1
10,3,5,0,0,77,2,4570,0,1,1
11,0,2,0,0,53,2,1430,0,1,1
10,19,0,0,1,72,1,2630,0,1,1
9,22,6,0,0,68,1,5110,0,1,1
12,19,3,0,0,80,1,2050,0,0,1
1,16,3,0,1,5,2,70,0,0,0
10,20,6,0,0,99,0,5110,0,0,1
9,0,1,0,0,88,2,5100,0,1,1
6,0,0,0,1,60,1,1240,0,1,1
9,0,2,0,0,87,2,5100,0,1,1
7,4,5,0,0,57,0,4500,0,1,1
9,21,4,0,0,86,0,5110,0,1,1
13,22,1,0,1,82,1,1260,0,1,1
2,7,4,0,0,14,0,80,0,0,0
7,2,3,0,0,70,2,5100,0,0,1
5,14,4,0,1,18,0,40,0,0,0
13,0,3,0,0,59,1,5110,0,1,1
12,5,2,0,0,70,2,5110,0,1,1
12,2,3,0,1,80,1,2970,0,1,1
12,18,5,0,0,54,2,5110,0,0,1
11,0,5,0,0,85,2,1490,0,1,1
1,17,1,0,1,0,0,10,0,0,0
9,2,4,0,0,53,1,1320,0,0,1
10,19,2,0,0,60,2,4560,0,1,1
1,16,0,0,1,8,2,110,0,0,0
10,0,5,0,0,82,2,5110,0,1,1
9,0,1,0,1,76,1,10,0,1,1
12,3,3,0,0,52,1,5110,0,1,1
9,10,0,0,1,15,2,20,0,0,0
12,5,5,0,1,85,2,2430,0,1,1
12,20,2,0,0,68,2,5110,0,0,1
9,21,2,0,0,56,2,5110,0,1,1
4,10,0,0,1,19,1,70,0,0,0
3,9,1,0,1,9,0,1150,0,1,0
9,22,5,0,0,64,0,4480,0,1,1
9,21,1,0,0,72,0,2210,0,1,1
12,21,2,0,0,84,1,5100,0,1,1
13,3,2,0,1,58,0,1120,0,0,1
7,5,2,0,0,85,1,5100,0,1,1
13,4,0,0,1,73,1,1150,0,1,1
4,0,3,0,0,65,1,2000,0,1,1
1,18,3,0,1,2,0,150,0,1,0
10,1,3,0,0,92,0,2800,0,1,1
3,18,1,0,1,18,2,20,0,0,0
1,9,0,0,1,12,0,180,0,0,0
10,23,0,0,0,88,2,5110,0,0,1
9,2,3,0,0,83,0,5110,0,0,1
9,3,0,0,0,64,0,5100,0,1,1
5,10,4,0,1,3,2,120,0,0,0
10,20,1,0,0,67,2,2180,0,1,1
11,4,4,0,0,82,0,5110,0,1,1
13,1,2,0,0,69,0,2310,0,1,1
7,11,2,0,1,10,2,60,0,0,0
9,3,2,0,0,50,0,5110,0,1,1
10,4,4,0,0,65,0,5110,0,1,1
12,4,2,0,0,82,2,5100,0,1,1
12,22,0,0,0,78,0,5110,0,1,1
10,5,0,0,0,93,2,5110,0,0,1
4,10,2,0,1,3,0,50,0,0,0
2,8,1,0,0,15,2,20,0,0,0
11,1,4,0,0,87,2,5100,0,1,1
4,4,2,0,1,77,0,1110,0,1,1
9,20,3,0,0,92,2,2970,0,1,1
12,18,6,0,0,87,0,1870,0,1,1
5,12,1,0,1,14,0,330,0,0,0
11,2,1,0,1,85,0,2240,0,1,1
1,17,1,0,1,13,1,80,0,0,0
5,3,2,0,0,98,1,1420,0,1,1
6,1,6,0,0,81,1,2700,0,1,1
3,7,0,0,1,15,0,260,0,1,0
3,11,1,0,1,18,0,230,0,0,0
12,0,4,0,1,69,1,2360,0,0,1
3,23,0,0,0,50,2,5110,0,0,1
11,1,3,0,0,56,0,5100,0,1,1
8,1,4,0,0,92,1,1700,0,1,1
11,22,1,0,0,69,2,2400,0,1,1
10,23,1,0,0,74,0,5110,0,1,1
13,2,5,0,0,93,0,5110,0,1,1
12,21,5,0,0,83,0,5110,0,1,1
10,19,4,0,1,80,2,2190,0,1,1
9,21,5,0,0,53,1,5110,0,1,1
12,4,6,0,0,74,0,5100,0,1,1
5,13,0,0,1,8,2,120,0,0,0
1,11,3,0,0,0,2,330,0,0,0
9,1,2,0,0,55,2,5110,0,1,1
5,10,2,0,1,9,0,10,0,0,0
11,23,0,0,0,76,1,5110,0,1,1
11,5,1,0,0,79,2,4820,0,0,1
13,18,4,0,0,75,0,5110,0,1,1
4,13,2,0,1,18,2,10,0,0,0
2,18,2,0,0,15,0,80,0,1,0
5,21,2,0,0,60,0,5110,0,1,1
9,18,3,0,0,60,1,5110,0,1,1
13,19,6,0,0,57,1,5100,0,1,1
10,1,6,0,0,57,2,5110,0,1,1
10,5,1,0,1,51,2,2110,0,1,1
10,20,2,0,0,73,1,1120,0,1,1
13,21,6,0,0,62,1,5110,0,1,1
13,2,5,0,0,54,1,5110,0,1,1
10,18,4,0,0,95,1,5110,0,1,1
4,22,0,0,0,99,1,5110,0,1,1
10,20,0,0,0,78,0,5110,0,1,1
11,19,6,0,0,75,2,2220,0,1,1
2,10,0,0,0,14,2,260,0,0,0
12,0,2,0,0,98,2,5110,0,1,1
10,2,4,0,0,60,0,2670,0,0,1
9,4,1,0,0,87,1,5110,0,1,1
10,23,2,0,0,85,2,5110,0,1,1
9,19,2,0,0,54,0,5090,0,1,1
9,20,3,0,0,93,0,5110,0,0,1
3,20,1,0,0,70,1,2920,0,1,1
11,18,5,0,1,50,1,1030,0,1,1
10,21,6,0,0,84,0,5110,0,0,1
11,19,3,0,0,86,0,5110,0,0,1
3,11,4,0,1,6,1,60,0,0,0
12,5,6,0,0,77,0,5090,0,1,1
2,12,3,0,1,14,2,10,0,0,0
13,18,6,0,0,92,2,5110,0,1,1
12,20,6,0,0,85,0,5100,0,0,1
11,5,6,0,0,71,2,5110,0,0,1
10,2,6,0,0,69,1,5110,0,0,1
10,22,5,0,0,51,2,5110,0,1,1
10,4,2,0,0,67,0,2280,0,0,1
10,21,2,0,0,58,2,5110,0,0,1
10,19,3,0,0,60,0,5110,0,1,1
2,9,4,0,0,18,2,10,0,0,0
9,5,5,0,0,86,0,5110,0,1,1
10,20,5,0,0,57,2,2690,0,1,1
12,4,5,0,0,85,0,5110,0,1,1
12,22,4,0,1,71,2,2290,0,0,1
3,12,2,0,1,0,2,20,0,0,0
5,13,2,0,1,13,2,10,0,0,0
10,22,5,0,1,81,0,1150,0,0,1
9,22,0,0,0,92,2,2290,0,0,1
13,22,5,0,1,73,1,2250,0,0,1
1,8,0,0,1,8,0,100,0,0,0
4,16,3,0,1,5,2,10,0,0,0
5,13,1,0,1,0,0,30,0,0,0
11,0,6,0,0,57,2,5110,0,1,1
10,22,6,0,0,64,2,5110,0,0,1
3,16,0,0,1,10,2,230,0,0,0
10,2,1,0,0,60,2,10,0,1,1
11,3,0,0,0,50,2,5080,0,1,1
9,22,6,0,0,54,0,5110,0,0,1
11,19,2,0,0,80,0,5110,0,1,1
11,23,4,0,0,51,1,5110,0,1,1
5,11,4,0,1,7,2,30,0,0,0
11,20,3,0,0,56,1,5110,0,0,1
12,1,1,0,0,62,2,2520,0,1,1
3,12,2,0,1,17,2,10,0,0,0
11,20,5,0,0,86,0,5110,0,1,1
8,16,0,0,1,2,0,50,0,0,0
5,14,2,0,1,4,0,40,0,0,0
9,22,1,0,0,54,2,5110,0,1,1
13,2,3,0,0,56,0,2450,0,1,1
4,10,3,0,1,14,2,10,0,0,0
11,5,4,0,0,63,2,5110,0,1,1
13,1,5,0,0,81,0,5110,0,1,1
10,22,5,0,0,50,0,1690,0,0,1
13,23,4,0,0,93,0,5110,0,0,1
9,2,4,0,0,65,1,5110,0,1,1
9,0,0,0,1,55,0,2410,0,1,1
9,5,5,0,0,90,0,5110,0,1,1
9,0,5,0,0,85,0,4540,0,1,1
10,4,1,0,0,78,2,5110,0,1,1
13,20,5,0,0,64,0,4580,0,1,1
12,1,5,0,0,50,2,4820,0,0,1
7,1,6,0,0,73,1,2410,0,1,1
13,20,2,0,0,75,0,2210,0,0,1
6,4,6,0,0,64,1,5100,0,1,1
5,8,0,0,1,7,1,50,0,0,0
11,23,3,0,0,63,0,5110,0,0,1
9,3,6,0,1,98,0,2430,0,1,1
12,3,2,0,0,55,0,2680,0,0,1
7,10,3,0,1,16,0,240,0,0,0
11,0,3,0,0,76,2,5110,0,1,1
11,4,4,0,0,90,2,5110,0,0,1
4,12,2,0,0,17,2,20,0,0,0
5,14,4,0,1,8,1,10,0,0,0
6,17,3,0,1,19,2,140,0,0,0
9,21,1,0,0,87,2,5110,0,0,1
5,18,3,0,0,56,2,5110,0,0,1
2,10,1,0,0,0,1,170,0,0,0
9,0,3,0,0,74,2,5110,0,0,1
13,18,6,0,0,82,1,5110,0,1,1
12,23,4,0,0,97,1,1390,0,1,1
13,18,2,0,0,71,0,5110,0,1,1
3,16,2,0,1,10,0,80,0,0,0
5,9,4,0,1,17,2,20,0,0,0
13,21,4,0,0,85,0,5110,0,1,1
10,3,5,0,0,67,1,5110,0,1,1
10,2,0,0,0,95,2,5110,0,1,1
9,18,2,0,0,85,1,5110,0,1,1
9,18,6,0,0,53,1,5110,0,0,1
4,4,1,0,0,51,1,5110,0,1,1
7,3,4,0,0,99,2,5090,0,1,1
11,5,4,0,0,96,0,5110,0,1,1
3,3,2,0,0,76,0,5110,0,1,1
9,0,4,0,0,93,2,5110,0,1,1
11,0,5,0,0,92,0,5110,0,1,1
13,3,2,0,0,77,2,5110,0,1,1
9,21,0,0,0,75,1,2270,0,1,1
12,3,2,0,0,78,2,2010,0,1,1
10,19,0,0,0,82,2,4640,0,1,1
2,15,3,0,0,8,2,10,0,0,0
10,22,0,0,0,86,2,5110,0,1,1
10,20,5,0,0,56,0,5110,0,0,1
11,4,2,0,0,62,0,5110,0,1,1
8,21,1,0,0,60,1,5100,0,0,1
12,5,3,0,0,68,1,5110,0,1,1
3,18,4,0,0,9,1,140,0,0,0
12,23,4,0,0,87,0,5110,0,0,1
1,18,1,0,1,17,2,170,0,0,0
11,2,2,0,0,76,0,5110,0,1,1
13,23,0,0,0,62,0,5110,0,1,1
9,19,2,0,0,67,1,1350,0,1,1
5,11,2,0,1,11,0,70,0,0,0
2,7,1,0,1,9,0,10,0,0,0
11,0,6,0,0,51,0,5110,0,1,1
11,0,3,0,0,69,2,5110,0,0,1
9,2,4,0,0,98,0,1210,0,0,1
11,3,2,0,0,93,1,5110,0,1,1
12,4,2,0,0,67,2,5110,0,1,1
12,4,1,0,0,54,0,140,0,0,1
12,0,1,0,0,75,0,5090,0,1,1
4,18,2,0,1,3,0,10,0,0,0
9,21,0,0,0,83,0,5110,0,1,1
11,19,2,0,0,85,2,5110,0,1,1
4,23,4,0,0,62,1,5110,0,1,1
13,2,2,0,0,69,1,5110,0,0,1
4,17,1,0,1,12,1,10,0,0,0
12,1,6,0,0,86,2,2160,0,1,1
13,19,4,0,0,67,2,5100,0,1,1
11,5,6,0,0,51,0,1420,0,0,1
13,4,3,0,0,58,0,5110,0,0,1
10,19,2,0,0,93,1,2310,0,1,1
3,5,2,0,1,97,1,640,0,0,1
12,3,1,0,1,79,0,20,0,1,1
9,20,4,0,0,95,2,2500,0,1,1
9,18,6,0,1,51,0,1470,0,1,1
9,18,3,0,0,65,1,1160,0,1,1
11,20,2,0,0,85,1,5110,0,1,1
12,4,4,0,0,65,2,5100,0,1,1
9,16,2,0,1,15,2,90,0,1,0
9,22,0,0,0,52,1,5110,0,1,1
7,4,4,0,0,88,1,5110,0,0,1
10,23,0,0,0,67,1,5100,0,1,1
11,22,0,0,0,53,2,5110,0,1,1
1,15,1,0,1,10,1,130,0,0,0
10,23,3,0,0,53,0,10,0,1,1
13,3,4,0,1,59,1,2360,0,1,1
13,20,3,0,0,56,0,5110,0,1,1
2,7,2,0,0,0,1,250,0,0,0
5,23,2,0,0,92,1,5110,0,1,1
11,18,6,0,0,99,0,2470,0,0,1
9,18,6,0,0,97,1,5110,0,1,1
11,18,3,0,0,77,0,5110,0,1,1
4,7,0,0,1,2,0,70,0,0,0
9,5,5,0,0,77,2,800,0,1,1
11,0,6,0,0,80,2,5110,0,1,1
5,12,1,0,1,0,0,90,0,0,0
9,23,4,0,0,70,1,5110,0,1,1
8,23,1,0,0,63,1,2560,0,1,1
9,3,2,0,0,81,1,5100,0,0,1
1,18,0,0,0,7,2,150,0,0,0
6,4,3,0,0,65,2,5110,0,1,1
9,23,2,0,0,79,2,5110,0,1,1
12,0,2,0,0,73,1,5100,0,1,1
9,18,6,0,0,93,0,5110,0,1,1
2,17,4,0,1,11,2,30,0,0,0
9,18,2,0,0,94,0,5110,0,1,1
10,0,5,0,0,78,1,5110,0,1,1
3,18,0,0,1,17,1,10,0,0,0
9,18,5,0,0,76,1,5110,0,1,1
7,22,3,0,0,61,1,2670,0,1,1
13,20,1,0,0,94,1,5080,0,1,1
10,2,5,0,0,90,2,5110,0,1,1
13,18,5,0,0,71,1,2920,0,1,1
9,0,5,0,0,84,2,5110,0,1,1
10,3,1,0,0,72,1,5110,0,1,1
6,21,0,0,0,86,1,5110,0,1,1
13,2,6,0,0,83,2,5110,0,1,1
11,20,6,0,0,71,0,5110,0,1,1
12,1,0,0,0,56,0,1350,0,1,1
11,3,0,0,0,53,1,1230,0,1,1
9,0,2,0,0,75,0,5110,0,0,1
4,12,4,0,1,11,0,110,0,0,0
12,22,4,0,0,64,1,5110,0,1,1
5,11,1,0,1,13,0,120,0,0,0
13,5,0,0,0,72,1,5110,0,1,1
5,9,0,0,1,2,1,110,0,0,0
9,22,3,0,0,50,1,5110,0,1,1
4,17,0,0,1,13,1,10,0,0,0
11,1,5,0,0,66,2,5100,0,0,1
11,18,2,0,0,80,1,5110,0,1,1
7,19,3,0,0,93,2,5110,0,1,1
3,18,3,0,0,7,1,50,0,0,0
11,18,6,0,0,56,0,5110,0,0,1
11,19,6,0,0,96,1,5110,0,0,1
3,21,4,0,0,82,2,5110,0,0,1
12,3,1,0,0,54,1,4470,0,1,1
4,1,6,0,1,94,2,2870,0,1,1
13,20,0,0,0,71,2,5110,0,0,1
10,22,4,0,0,83,2,5110,0,1,1
6,0,4,0,1,65,2,1210,0,1,1
10,4,2,0,0,71,1,5110,0,0,1
13,22,1,0,0,68,2,5110,0,1,1
13,19,1,0,0,59,2,1210,0,0,1
4,2,0,0,0,80,1,4620,0,1,1
12,18,4,0,0,85,0,5110,0,1,1
6,20,4,0,0,62,2,5110,0,1,1
8,21,4,0,0,82,0,5110,0,0,1
13,23,3,0,0,78,0,5110,0,1,1
11,5,3,0,0,88,1,5110,0,0,1
13,23,5,0,0,89,1,2720,0,0,1
13,21,6,0,0,67,0,5110,0,1,1
11,5,3,0,0,82,1,4510,0,1,1
13,3,6,0,0,64,1,5110,0,1,1
3,18,4,0,1,10,0,30,0,0,0
11,18,0,0,0,61,0,2660,0,0,1
13,23,3,0,0,86,1,5110,0,1,1
11,18,4,0,0,69,1,5110,0,1,1
10,1,5,0,0,63,1,5110,0,0,1
10,2,1,0,0,56,0,5110,0,1,1
12,3,2,0,0,98,0,5110,0,1,1
12,4,3,0,0,55,1,5110,0,1,1
9,3,1,0,0,80,0,2460,0,1,1
9,23,4,0,0,59,0,1330,0,0,1
10,19,3,0,0,72,0,5110,0,1,1
5,8,2,0,1,7,2,30,0,0,0
11,4,4,0,0,52,2,5110,0,1,1
5,9,4,0,1,14,2,10,0,0,0
4,9,1,0,1,17,0,10,0,0,0
12,1,1,0,0,71,2,5110,0,1,1
10,4,5,0,0,74,1,5110,0,0,1
9,19,2,0,0,69,2,2670,0,0,1
13,4,3,0,0,83,1,5090,0,1,1
12,3,3,0,1,51,0,2200,0,1,1
3,11,1,0,1,11,2,50,0,1,0
9,23,6,0,0,76,0,5110,0,1,1
2,8,0,0,1,9,0,10,0,0,0
9,5,3,0,0,85,0,5110,0,1,1
12,20,3,0,0,92,2,5110,0,1,1
6,0,5,0,0,83,1,5110,0,0,1
11,4,0,0,0,52,0,5110,0,1,1
10,5,4,0,0,99,0,1310,0,0,1
11,23,0,0,0,97,1,5110,0,1,1
2,12,3,0,1,9,2,120,0,0,0
11,2,6,0,0,63,1,5110,0,1,1
13,3,6,0,0,57,2,5110,0,1,1
9,1,5,0,0,94,1,5110,0,1,1
10,5,6,0,0,51,0,1360,0,0,1
5,16,0,0,1,19,0,660,0,0,0
12,3,1,0,0,75,2,5110,0,1,1
12,1,2,0,0,87,1,5110,0,1,1
12,21,5,0,0,81,0,5110,0,1,1
13,23,6,0,0,86,0,5110,0,1,1
4,3,2,0,0,96,2,5100,0,1,1
9,18,3,0,0,96,0,5110,0,1,1
10,1,4,0,1,76,0,2330,0,1,1
6,21,1,0,0,77,0,5110,0,1,1
10,18,6,0,1,59,1,1330,0,1,1
1,11,3,0,1,11,0,40,0,0,0
7,20,5,0,0,58,0,5110,0,1,1
9,18,3,0,0,75,0,5100,0,1,1
11,2,6,0,0,97,1,5100,0,1,1
12,21,4,0,0,93,0,5100,0,0,1
9,18,2,0,1,68,2,2300,0,1,1
4,15,0,0,1,8,0,50,0,0,0
5,12,2,0,0,16,1,140,0,0,0
11,22,4,0,0,93,1,5100,0,0,1
4,17,1,0,1,19,1,550,0,0,0
10,23,4,0,0,97,1,5110,0,1,1
13,3,2,0,0,61,0,5110,0,1,1
12,22,5,0,0,65,2,5100,0,1,1
11,4,0,0,0,59,0,1380,0,1,1
10,23,0,0,0,52,1,5110,0,0,1
12,18,1,0,0,78,2,5110,0,1,1
13,23,1,0,0,70,2,5110,0,1,1
4,16,2,0,0,4,0,200,0,0,0
9,21,0,0,0,56,0,5110,0,1,1
7,4,3,0,0,62,1,5110,0,1,1
13,20,0,0,0,65,2,5110,0,1,1
10,3,1,0,1,74,0,2500,0,0,1
12,0,5,0,0,71,1,1040,0,1,1
3,14,3,0,1,18,0,40,0,0,0
2,8,4,0,1,13,1,230,0,0,0
8,2,6,0,0,58,0,5110,0,1,1
13,19,2,0,0,77,1,1360,0,1,1
13,22,3,0,0,90,2,1290,0,0,1
10,4,6,0,0,65,2,5110,0,1,1
4,22,3,0,0,78,2,5110,0,1,1
10,19,0,0,0,56,0,2800,0,0,1
10,19,5,0,0,95,2,5110,0,0,1
6,19,3,0,0,69,2,5100,0,1,1
4,15,1,0,1,9,2,10,0,0,0
8,5,1,0,0,55,2,5110,0,1,1
1,10,0,0,1,7,2,10,0,0,0
9,23,3,0,0,94,1,5110,0,0,1
13,5,6,0,0,78,2,5110,0,1,1
9,23,1,0,0,54,2,5110,0,1,1
12,4,2,0,1,90,1,1230,0,1,1
9,3,5,0,0,57,2,5110,0,1,1
13,0,4,0,1,91,2,2110,0,1,1
9,3,4,0,0,65,0,1490,0,1,1
13,3,2,0,0,74,1,5110,0,0,1
13,18,0,0,0,90,0,5110,0,1,1
10,21,2,0,0,69,2,2240,0,1,1
11,20,0,0,0,82,2,4780,0,1,1
5,9,1,0,0,2,0,10,0,0,0
2,7,4,0,1,4,1,40,0,0,0
9,20,1,0,0,89,1,5110,0,1,1
12,3,0,0,1,66,2,1370,0,0,1
10,23,6,0,0,68,0,5110,0,1,1
13,20,1,0,0,98,1,4760,0,0,1
12,4,1,0,0,57,1,2720,0,1,1
9,21,4,0,0,85,1,5110,0,1,1
12,18,5,0,0,72,0,5110,0,1,1
10,1,1,0,0,65,2,1180,0,1,1
12,2,5,0,0,75,0,5110,0,1,1
10,22,4,0,1,98,1,2370,0,1,1
8,4,2,0,0,95,1,1310,0,1,1
13,0,6,0,0,53,2,20,0,1,1
13,1,4,0,0,88,1,5110,0,1,1
1,16,3,0,1,7,0,270,0,0,0
14,22,4,0,0,88,0,20,0,1,1
11,20,6,0,0,79,1,5110,0,1,1
10,4,0,0,0,84,1,5100,0,1,1
2,9,0,0,0,8,2,10,0,0,0
5,1,2,0,0,76,2,5110,0,1,1
11,23,2,0,0,88,1,5110,0,0,1
13,18,2,0,0,70,1,5110,0,1,1
9,19,4,0,0,84,2,5110,0,0,1
12,21,0,0,0,95,0,4530,0,0,1
12,20,0,0,0,58,2,5110,0,0,1
12,22,3,0,0,78,1,2410,0,0,1
13,18,3,0,0,71,0,5110,0,1,1
2,18,1,0,1,17,1,10,0,0,0
5,19,3,0,1,70,1,2950,0,1,1
1,17,0,0,1,15,2,60,0,0,0
4,7,1,0,1,19,2,20,0,0,0
5,14,1,0,1,15,1,140,0,0,0
13,5,4,0,0,67,2,1290,0,1,1
9,3,4,0,0,88,1,5110,0,1,1
9,19,2,0,0,76,1,5110,0,1,1
10,23,5,0,0,60,2,2470,0,1,1
3,8,1,0,1,0,2,50,0,0,0
3,14,0,0,1,17,1,20,0,0,0
3,11,3,0,1,19,0,10,0,0,0
1,10,4,0,0,17,2,120,0,0,0
10,21,4,0,0,81,2,5110,0,1,1
10,20,3,0,0,96,1,5110,0,1,1
12,21,5,0,0,86,2,5100,0,0,1
4,4,2,0,1,76,0,1260,0,1,1
13,2,4,0,0,62,0,2080,0,1,1
11,18,4,0,0,64,0,5110,0,1,1
12,19,1,0,0,94,1,5110,0,1,1
11,2,3,0,0,75,1,2990,0,1,1
3,10,3,0,1,15,2,70,0,0,0
2,14,4,0,1,1,0,110,0,0,0
12,5,1,0,0,61,2,5110,0,1,1
12,4,1,0,0,63,2,5110,0,0,1
7,21,5,0,0,82,0,4770,0,1,1
9,3,5,0,0,89,0,5110,0,0,1
4,16,4,0,1,19,2,30,0,0,0
12,23,3,0,0,90,0,1440,0,0,1
13,1,1,0,0,88,0,5110,0,1,1
4,14,1,0,0,0,1,10,0,0,0
3,15,3,0,1,0,0,60,0,0,0
11,0,0,0,0,84,1,5110,0,1,1
11,0,0,0,1,69,2,2110,0,1,1
2,16,0,0,1,10,2,130,0,0,0
11,4,1,0,0,61,2,5100,0,1,1
12,19,2,0,1,57,0,1070,0,1,1
12,0,0,0,1,75,2,1470,0,1,1
2,15,1,0,1,19,2,10,0,0,0
13,21,0,0,0,69,2,5110,0,0,1
5,17,4,0,1,1,0,160,0,0,0
11,4,5,0,1,92,0,1790,0,1,1
9,23,0,0,0,56,0,5110,0,0,1
5,18,1,0,0,87,0,4470,0,0,1
11,5,4,0,0,54,1,5110,0,1,1
6,20,0,0,0,60,0,4640,0,1,1
11,3,3,0,0,89,2,5110,0,1,1
10,23,4,0,0,78,0,5110,0,1,1
12,20,0,0,0,77,0,5100,0,1,1
12,19,1,0,0,99,0,5100,0,1,1
9,0,2,0,1,95,2,1230,0,1,1
11,1,6,0,0,70,2,1090,0,1,1
12,21,4,0,0,55,1,5110,0,0,1
9,22,6,0,1,61,2,370,0,0,1
2,8,2,0,0,11,1,250,0,0,0
11,3,1,0,1,98,0,10,0,0,1
13,0,5,0,0,89,0,5110,0,1,1
12,4,4,0,0,74,1,5110,0,1,1
11,18,6,0,1,50,2,2040,0,1,1
12,20,1,0,0,58,0,5110,0,0,1
10,23,2,0,0,62,1,1490,0,1,1
10,19,5,0,0,73,1,5110,0,1,1
12,0,2,0,0,77,1,5110,0,1,1
3,8,2,0,1,3,1,10,0,1,0
12,4,6,0,0,71,1,5110,0,1,1
9,23,2,0,0,73,2,5110,0,0,1
13,3,5,0,0,83,2,5100,0,0,1
9,2,1,0,0,80,1,5110,0,1,1
9,18,1,0,0,61,1,5110,0,0,1
13,20,0,0,0,74,0,2220,0,0,1
9,23,3,0,0,80,1,5110,0,1,1
13,4,0,0,0,81,0,5110,0,1,1
9,23,1,0,0,52,0,5090,0,1,1
7,8,3,0,1,16,0,110,0,0,0
11,23,6,0,0,67,2,5110,0,1,1
4,12,2,0,0,6,0,10,0,0,0
3,15,2,0,0,4,0,10,0,0,0
7,23,2,0,0,66,0,5110,0,0,1
5,10,3,0,1,7,1,40,0,0,0
12,4,4,0,0,84,1,2240,0,1,1
11,0,5,0,0,61,1,5110,0,0,1
2,14,4,0,1,4,2,80,0,0,0
11,4,6,0,1,56,2,2350,0,0,1
4,3,5,0,1,66,2,2470,0,1,1
9,18,6,0,0,69,1,2880,0,1,1
9,23,5,0,0,85,1,5110,0,1,1
5,4,3,0,0,74,2,5110,0,0,1
11,22,5,0,0,56,2,5100,0,1,1
9,2,6,0,0,93,1,5110,0,0,1
13,2,1,0,0,59,0,2970,0,1,1
1,13,1,0,1,19,1,20,0,1,0
12,4,5,0,0,70,1,5110,0,1,1
10,23,3,0,0,95,1,5110,0,1,1
7,23,5,0,0,52,0,5110,0,1,1
9,19,2,0,0,60,0,5110,0,0,1
10,4,4,0,0,93,1,4850,0,0,1
2,13,4,0,1,0,2,60,0,0,0
5,10,2,0,1,19,0,20,0,0,0
13,18,3,0,0,92,0,5100,0,1,1
10,3,0,0,0,81,1,5110,0,0,1
8,3,6,0,0,63,0,5110,0,1,1
12,5,1,0,0,63,0,5110,0,1,1
11,20,4,0,0,58,1,5110,0,0,1
5,13,4,0,1,5,0,10,0,0,0
13,22,2,0,0,73,0,5110,0,1,1
10,23,5,0,0,84,1,5110,0,0,1
11,4,0,0,0,62,1,5110,0,1,1
7,4,4,0,0,95,1,5110,0,1,1
12,20,3,0,0,51,1,1150,0,0,1
11,5,5,0,0,81,0,5110,0,1,1
12,1,4,0,0,55,0,5110,0,0,1
12,19,3,0,0,88,2,2890,0,1,1
4,13,4,0,1,12,2,190,0,1,0
12,22,5,0,1,87,1,1150,0,1,1
1,15,2,0,1,12,2,170,0,0,0
9,1,6,0,0,76,0,5110,0,1,1
5,16,0,0,1,2,1,330,0,0,0
13,21,3,0,0,60,0,5110,0,0,1
5,9,1,0,1,16,2,90,0,0,0
12,19,4,0,0,93,0,5110,0,1,1
13,2,5,0,0,57,2,5110,0,1,1
12,19,5,0,0,63,1,5110,0,1,1
7,0,5,0,0,76,2,5110,0,1,1
11,21,0,0,0,71,0,1200,0,1,1
10,20,2,0,0,63,1,5110,0,1,1
11,18,5,0,0,53,2,5110,0,1,1
11,5,0,0,0,75,1,5110,0,1,1
13,0,4,0,0,94,1,5110,0,0,1
12,23,6,0,0,69,1,4610,0,1,1
13,23,4,0,0,98,0,5110,0,1,1
11,23,5,0,0,73,1,5110,0,1,1
10,21,6,0,0,97,1,5100,0,1,1
9,18,2,0,0,50,0,5110,0,1,1
1,12,0,0,1,11,2,560,0,0,0
11,1,4,0,0,63,1,1120,0,0,1
13,0,6,0,0,84,1,5110,0,1,1
11,4,2,0,0,70,1,5110,0,1,1
11,4,4,0,0,51,0,2040,0,0,1
12,3,2,0,0,97,0,5110,0,1,1
2,18,4,0,1,18,0,10,0,1,0
5,17,3,0,0,4,1,210,0,0,0
5,9,0,0,1,18,2,10,0,0,0
9,4,4,0,0,66,1,5110,0,1,1
10,23,0,0,0,51,1,5110,0,1,1
11,23,5,0,0,54,1,5100,0,1,1
9,5,0,0,0,83,0,5060,0,0,1
8,2,0,0,0,95,2,5110,0,1,1
9,20,5,0,0,88,2,5090,0,0,1
10,3,5,0,0,80,1,2470,0,0,1
6,0,4,0,0,58,1,5110,0,1,1
10,1,5,0,0,82,0,1460,0,1,1
13,4,1,0,0,63,1,1120,0,1,1
11,23,5,0,0,78,2,1250,0,1,1
9,21,5,0,0,77,1,5110,0,0,1
6,0,5,0,0,82,1,1860,0,1,1
5,12,4,0,1,12,2,80,0,0,0
10,3,1,0,0,80,2,1200,0,1,1
10,3,6,0,0,95,1,5110,0,1,1
12,18,6,0,0,66,1,5110,0,1,1
11,20,1,0,0,88,1,1360,0,1,1
7,23,6,0,0,65,1,5110,0,1,1
13,23,3,0,0,97,0,5110,0,1,1
1,9,3,0,0,3,0,90,0,0,0
9,18,4,0,0,69,1,5100,0,0,1
12,23,5,0,0,75,0,280,0,1,1
11,18,3,0,0,87,2,5110,0,1,1
13,4,1,0,0,87,2,5110,0,0,1
9,1,1,0,0,78,0,5110,0,1,1
10,3,6,0,0,61,1,5110,0,0,1
1,10,1,0,1,0,2,120,0,0,0
5,13,4,0,1,10,1,100,0,0,0
10,21,5,0,0,87,2,2560,0,1,1
2,16,2,0,1,5,0,60,0,0,0
9,1,1,0,0,82,1,2590,0,1,1
4,8,0,0,1,12,1,10,0,0,0
11,21,0,0,0,57,0,1290,0,1,1
13,19,2,0,0,53,2,5110,0,1,1
11,1,0,0,0,84,2,5110,0,1,1
11,22,4,0,1,76,2,2880,0,0,1
12,2,2,0,0,64,0,5110,0,1,1
3,10,4,0,1,14,1,160,0,0,0
11,5,0,0,0,94,0,5110,0,0,1
2,18,3,0,1,2,1,10,0,0,0
10,22,3,0,0,58,2,5110,0,1,1
7,11,1,0,1,16,2,60,0,0,0
10,18,2,0,0,82,1,5110,0,1,1
3,16,1,0,0,12,0,20,0,0,0
8,3,2,0,0,78,1,4770,0,0,1
11,0,6,0,0,90,2,5090,0,1,1
13,21,2,0,0,76,1,5110,0,0,1
7,20,4,0,0,95,2,5110,0,1,1
12,1,4,0,1,87,1,2130,0,1,1
12,4,2,0,0,83,0,5110,0,1,1
2,18,0,0,0,8,0,180,0,0,0
5,10,3,0,1,7,2,80,0,0,0
12,20,6,0,0,61,2,5110,0,0,1
13,0,5,0,0,80,0,5110,0,1,1
11,5,4,0,0,53,2,5110,0,1,1
1,10,0,0,1,0,1,10,0,0,0
6,22,2,0,0,85,1,2110,0,1,1
3,17,1,0,1,10,0,10,0,0,0
13,1,3,0,0,99,1,5110,0,1,1
9,5,6,0,0,68,0,5100,0,0,1
8,22,1,0,0,59,2,5110,0,1,1
4,20,6,0,0,91,1,5110,0,1,1
2,9,0,0,1,1,2,20,0,0,0
7,20,6,0,0,82,2,5100,0,0,1
4,0,3,0,0,93,2,5110,0,1,1
10,21,4,0,0,79,0,1120,0,0,1
12,22,0,0,0,65,0,5110,0,1,1
11,23,2,0,0,90,1,5110,0,1,1
12,3,3,0,0,90,0,5100,0,1,1
12,19,1,0,0,95,2,5110,0,0,1
13,5,6,0,0,79,2,5110,0,1,1
12,5,3,0,0,84,2,5110,0,1,1
4,3,1,0,0,61,1,1430,0,1,1
4,15,3,0,0,2,1,10,0,0,0
10,21,0,0,0,66,1,5110,0,0,1
3,14,2,0,1,6,2,30,0,0,0
3,14,0,0,0,4,0,10,0,0,0
10,5,6,0,0,93,2,5110,0,0,1
4,11,2,0,1,14,0,30,0,0,0
12,22,6,0,0,74,2,5110,0,1,1
9,1,4,0,0,51,0,5110,0,1,1
12,20,6,0,0,92,2,5110,0,1,1
10,1,3,0,0,57,0,2130,0,0,1
5,12,3,0,0,15,1,160,0,0,0
12,20,4,0,0,75,2,5110,0,1,1
13,0,5,0,0,90,2,1740,0,1,1
13,2,4,0,1,89,0,1140,0,0,1
10,18,6,0,0,75,0,5110,0,1,1
1,8,4,0,0,3,1,10,0,0,0
11,19,0,0,0,80,0,5110,0,1,1
9,18,1,0,0,59,2,5110,0,1,1
9,19,0,0,0,63,1,5110,0,1,1
7,20,2,0,1,67,0,2260,0,1,1
12,20,2,0,0,96,2,5110,0,0,1
11,19,3,0,0,89,1,5110,0,1,1
11,23,0,0,0,65,1,1260,0,1,1
13,2,2,0,0,72,0,5110,0,1,1
11,3,4,0,1,84,2,1170,0,1,1
13,2,3,0,0,53,2,5110,0,1,1
13,20,6,0,0,68,2,5110,0,0,1
2,9,0,0,1,0,2,60,0,0,0
9,20,0,0,0,95,2,5110,0,1,1
10,18,6,0,1,57,1,970,0,1,1
9,5,3,0,0,87,1,5110,0,1,1
9,18,5,0,0,66,2,5110,0,1,1
8,1,0,0,1,58,0,1330,0,1,1
1,12,3,0,1,16,2,100,0,0,0
13,3,2,0,0,92,1,5110,0,1,1
12,23,0,0,0,55,1,5110,0,1,1
13,2,0,0,0,52,0,5000,0,1,1
11,5,6,0,0,72,0,5110,0,1,1
4,11,0,0,1,1,0,50,0,0,0
13,5,4,0,0,82,2,2730,0,1,1
12,3,6,0,0,86,2,5110,0,1,1
5,1,4,0,0,52,0,2710,0,1,1
13,18,4,0,0,74,0,5110,0,0,1
5,8,4,0,1,15,1,30,0,0,0
13,0,0,0,1,87,0,2300,0,1,1
2,11,0,0,0,9,2,10,0,0,0
11,19,1,0,0,71,2,1450,0,1,1
5,11,2,0,1,2,2,60,0,0,0
4,11,3,0,1,16,2,10,0,1,0
13,21,1,0,0,88,2,2040,0,1,1
11,23,3,0,0,68,0,5110,0,1,1
12,2,5,0,0,60,0,2280,0,1,1
9,23,2,0,0,70,2,5110,0,0,1
9,5,2,0,0,64,0,2760,0,1,1
2,7,4,0,1,2,2,10,0,0,0
6,19,6,0,0,77,2,5110,0,1,1
1,11,2,0,1,19,2,10,0,0,0
12,0,0,0,0,62,2,5110,0,1,1
9,2,5,0,0,68,2,5100,0,1,1
12,1,3,0,0,99,1,5100,0,1,1
2,9,3,0,1,18,0,350,0,0,0
11,0,3,0,0,65,1,5110,0,0,1
11,21,5,0,0,57,2,5090,0,1,1
6,21,4,0,0,61,1,10,0,1,1
9,20,6,0,1,94,2,2720,0,0,1
10,22,3,0,0,52,0,5110,0,0,1
10,23,1,0,0,95,0,5110,0,1,1
9,20,1,0,0,64,0,5110,0,0,1
9,21,0,0,0,70,0,2450,0,1,1
9,20,6,0,0,90,0,5110,0,1,1
10,22,3,0,0,97,1,5110,0,1,1
13,4,3,0,0,57,2,5110,0,1,1
10,22,6,0,0,89,0,5110,0,1,1
2,10,1,0,1,5,1,140,0,0,0
11,3,6,0,0,70,1,1230,0,0,1
3,17,3,0,1,11,0,20,0,0,0
10,5,4,0,0,50,0,5110,0,1,1
1,13,3,0,1,19,1,20,0,0,0
5,13,4,0,1,10,0,30,0,0,0
2,8,2,0,1,18,2,20,0,0,0
13,4,4,0,0,85,2,5110,0,1,1
13,0,4,0,0,71,2,5110,0,1,1
13,3,1,0,1,96,2,1290,0,0,1
12,1,1,0,0,69,2,5100,0,1,1
10,21,0,0,0,54,1,5110,0,1,1
10,19,1,0,0,94,2,1100,0,0,1
13,23,3,0,0,54,1,5110,0,0,1
9,3,1,0,0,95,1,5110,0,1,1
12,19,5,0,0,84,1,5110,0,0,1
3,12,1,0,1,6,2,380,0,0,0
9,3,0,0,0,56,0,5110,0,0,1
3,16,3,0,1,10,2,10,0,0,0
13,3,1,0,0,85,2,2600,0,1,1
5,9,2,0,0,16,0,10,0,0,0
13,3,2,0,0,76,1,5110,0,0,1
12,0,6,0,0,81,0,5110,0,1,1
12,3,4,0,0,57,0,4780,0,1,1
13,19,4,0,0,64,1,5110,0,0,1
5,15,0,0,1,13,2,20,0,0,0
9,3,3,0,0,82,0,5110,0,1,1
13,5,6,0,0,65,1,5110,0,1,1
6,21,6,0,0,62,2,2400,0,1,1
9,5,6,0,0,81,1,1260,0,0,1
5,7,1,0,0,17,2,10,0,0,0
13,4,2,0,0,67,0,2860,0,1,1
12,18,1,0,0,80,0,5110,0,1,1
2,16,0,0,1,16,1,60,0,0,0
4,8,2,0,1,0,1,100,0,0,0
10,22,4,0,0,95,1,5110,0,1,1
13,2,2,0,0,69,0,4760,0,1,1
13,4,5,0,0,55,1,1010,0,1,1
13,21,6,0,0,99,1,5110,0,0,1
12,0,2,0,0,73,2,5110,0,1,1
13,1,6,0,0,71,0,5110,0,1,1
12,19,2,0,0,63,2,5100,0,1,1
2,8,1,0,1,8,1,150,0,0,0
10,23,6,0,0,66,0,5110,0,1,1
12,2,1,0,0,65,0,2080,0,1,1
13,23,0,0,0,55,2,2200,0,1,1
5,12,0,0,1,2,0,10,0,0,0
10,20,4,0,0,84,1,4820,0,1,1
10,21,2,0,0,89,1,5110,0,1,1
9,18,6,0,0,63,0,5110,0,1,1
13,5,0,0,0,64,0,5110,0,1,1
11,3,1,0,0,53,2,2520,0,1,1
4,10,2,0,0,19,0,10,0,0,0
3,18,0,0,1,9,2,20,0,0,0
10,19,2,0,0,51,2,1390,0,1,1
6,5,6,0,0,89,1,5110,0,1,1
13,1,6,0,0,66,2,5110,0,1,1
10,18,4,0,1,10,0,10,0,0,0
4,4,3,0,0,81,1,2220,0,1,1
12,21,6,0,0,60,2,5110,0,1,1
10,2,6,0,0,92,0,5110,0,1,1
9,21,1,0,0,63,1,5110,0,1,1
12,5,3,0,0,83,0,1070,0,1,1
10,1,5,0,0,88,1,5110,0,1,1
4,13,4,0,0,13,1,360,0,0,0
13,19,5,0,0,90,2,5100,0,1,1
10,22,5,0,0,69,1,5100,0,1,1
12,18,2,0,0,95,0,5110,0,1,1
9,0,4,0,0,61,2,5110,0,1,1
12,1,2,0,0,52,1,5110,0,1,1
12,23,4,0,0,90,0,5110,0,1,1
12,20,5,0,0,82,2,5110,0,1,1
12,23,6,0,0,82,0,10,0,1,1
13,0,2,0,0,83,0,5110,0,0,1
9,3,3,0,0,67,0,5110,0,0,1
12,5,0,0,0,58,2,5110,0,1,1
10,20,4,0,0,67,0,5100,0,0,1
10,2,2,0,0,61,0,5110,0,1,1
11,0,2,0,0,64,1,5110,0,1,1
10,5,0,0,0,76,2,2780,0,1,1
11,1,4,0,0,88,1,5110,0,1,1
13,2,5,0,0,69,1,5110,0,1,1
10,1,4,0,1,72,2,1410,0,1,1
13,21,4,0,0,86,1,5110,0,1,1
11,1,5,0,0,97,2,5100,0,0,1
11,4,1,0,0,76,2,5100,0,1,1
1,13,4,0,0,3,0,20,0,0,0
11,21,1,0,0,55,0,2680,0,1,1
9,18,4,0,1,61,1,950,0,1,1
13,22,0,0,0,51,2,5110,0,1,1
1,17,2,0,1,19,1,50,0,0,0
9,18,0,0,0,91,2,5110,0,0,1
5,9,1,0,1,6,1,40,0,0,0
11,18,4,0,0,55,2,5110,0,1,1
2,10,0,0,1,2,0,20,0,1,0
3,15,0,0,1,12,0,70,0,0,0
13,0,5,0,0,86,1,5110,0,1,1
4,3,1,0,0,58,0,5110,0,1,1
12,0,5,0,0,95,0,2880,0,1,1
13,19,0,0,0,97,2,1280,0,0,1
9,21,6,0,0,92,0,5110,0,1,1
9,22,1,0,0,90,1,5110,0,1,1
13,4,6,0,0,95,1,4440,0,1,1
5,16,0,0,1,8,2,20,0,0,0
12,21,2,0,0,61,1,5110,0,0,1
13,21,6,0,0,54,2,4460,0,1,1
3,13,4,0,0,9,0,10,0,0,0
12,2,3,0,0,87,0,5110,0,0,1
1,12,4,0,1,17,2,10,0,0,0
9,21,4,0,0,71,0,5110,0,1,1
4,15,2,0,1,13,1,10,0,0,0
11,19,3,0,0,75,0,5110,0,1,1
9,19,4,0,0,50,2,5110,0,1,1
3,20,5,0,1,84,2,2640,0,1,1
10,2,4,0,0,79,1,1140,0,1,1
1,15,3,0,1,9,2,20,0,1,0
13,5,6,0,0,77,0,5100,0,1,1
1,10,3,0,0,19,0,10,0,0,0
9,19,6,0,0,62,2,2100,0,1,1
4,21,0,0,0,71,0,5110,0,1,1
5,19,4,0,0,61,0,5110,0,0,1
12,18,6,0,0,74,2,5110,0,1,1
10,0,1,0,0,54,1,5110,0,1,1
12,5,2,0,0,67,0,5110,0,1,1
1,13,4,0,0,18,0,10,0,0,0
13,20,4,0,0,78,0,5110,0,1,1
10,18,4,0,0,50,0,1040,0,1,1
12,1,5,0,0,93,2,1230,0,1,1
7,5,1,0,0,63,2,5110,0,1,1
9,22,4,0,1,63,2,2060,0,0,1
10,4,5,0,0,60,2,5100,0,1,1
13,18,0,0,0,79,0,5110,0,0,1
5,8,4,0,1,3,2,60,0,0,0
11,3,0,0,0,88,1,5110,0,1,1
11,1,3,0,0,78,2,2160,0,0,1
9,23,1,0,0,89,1,4840,0,1,1
13,1,4,0,0,83,2,5110,0,1,1
9,17,2,0,1,6,2,20,0,1,0
11,8,4,0,1,17,1,50,0,0,0
9,2,1,0,0,57,2,2630,0,1,1
10,19,5,0,0,88,2,1260,0,0,1
10,3,2,0,0,83,2,5110,0,0,1
5,20,5,0,0,63,1,5110,0,0,1
12,23,0,0,0,55,2,5110,0,1,1
5,12,0,0,1,8,2,280,0,1,0
10,23,2,0,0,66,2,5110,0,1,1
13,20,0,0,0,56,1,2120,0,1,1
11,3,6,0,0,74,0,1180,0,1,1
13,1,3,0,0,50,1,1320,0,1,1
13,22,5,0,0,61,0,5100,0,1,1
2,8,0,0,0,15,2,130,0,0,0
13,0,6,0,0,71,0,5110,0,0,1
13,18,4,0,0,66,0,5110,0,0,1
13,18,1,0,0,71,2,5080,0,1,1
11,2,1,0,0,82,1,5110,0,1,1
8,12,1,0,1,13,2,60,0,0,0
13,4,6,0,0,66,0,5110,0,1,1
10,20,2,0,0,53,1,5110,0,1,1
4,7,2,0,1,19,0,40,0,0,0
13,21,2,0,1,65,0,1110,0,0,1
5,10,3,0,0,13,2,170,0,0,0
3,11,1,0,1,13,2,160,0,0,0
9,1,2,0,0,90,1,5110,0,1,1
1,17,2,0,1,15,1,10,0,0,0
13,20,5,0,0,93,2,5110,0,0,1
5,18,5,0,0,53,0,5070,0,0,1
1,9,4,0,1,16,1,130,0,0,0
13,2,1,0,0,96,1,2920,0,1,1
12,4,5,0,0,98,2,5110,0,1,1
13,22,5,0,0,98,1,5110,0,0,1
1,10,3,0,1,2,1,130,0,0,0
13,4,4,0,0,50,1,5110,0,1,1
12,23,1,0,0,88,2,5110,0,0,1
9,3,4,0,0,60,2,5110,0,0,1
10,0,4,0,0,76,0,5110,0,1,1
7,3,5,0,0,71,0,5110,0,1,1
11,0,2,0,1,97,2,1440,0,0,1
9,23,5,0,0,67,1,5110,0,0,1
9,21,5,0,0,80,1,4450,0,1,1
13,4,3,0,0,51,1,1160,0,1,1
10,4,3,0,0,71,1,1430,0,1,1
9,18,2,0,0,62,2,4420,0,1,1
12,4,6,0,1,94,0,2280,0,1,1
2,14,2,0,1,7,0,70,0,0,0
8,2,3,0,0,92,1,2400,0,1,1
9,22,2,0,0,97,0,5110,0,1,1
13,22,4,0,0,60,2,5110,0,0,1
10,5,0,0,0,75,0,5110,0,1,1
12,3,2,0,0,74,2,5110,0,1,1
8,23,5,0,1,66,1,1410,0,1,1
12,23,2,0,0,63,0,5110,0,1,1
12,3,5,0,0,66,2,5100,0,1,1
5,7,3,0,1,10,0,160,0,0,0
9,19,0,0,0,84,0,5100,0,1,1
11,18,0,0,0,80,2,5110,0,1,1
12,21,2,0,0,55,2,5110,0,1,1
2,10,0,0,1,14,1,20,0,0,0
10,1,0,0,1,60,1,2130,0,1,1
3,16,0,0,1,5,1,30,0,0,0
10,20,5,0,0,98,2,5110,0,1,1
13,3,0,0,0,64,2,5110,0,1,1
5,2,5,0,0,84,0,1330,0,1,1
13,1,4,0,0,76,1,5110,0,1,1
13,4,2,0,1,96,1,2840,0,1,1
9,23,3,0,0,82,2,5110,0,0,1
12,3,0,0,0,61,1,2960,0,1,1
5,12,2,0,1,9,2,260,0,0,0
13,20,3,0,0,70,2,1390,0,1,1
9,9,0,0,1,10,1,50,0,0,0
13,2,2,0,0,61,1,5100,0,0,1
1,10,2,0,0,3,1,100,0,0,0
12,3,6,0,0,52,1,2500,0,0,1
10,21,3,0,1,57,0,1180,0,1,1
9,3,0,0,0,68,0,1150,0,1,1
1,9,2,0,1,9,0,20,0,0,0
13,0,3,0,0,60,0,5110,0,0,1
9,4,0,0,0,96,2,5100,0,1,1
9,0,0,0,0,81,2,5110,0,1,1
12,21,1,0,0,77,2,120,0,1,1
2,9,3,0,1,8,2,70,0,0,0
12,2,3,0,0,64,1,5110,0,1,1
13,5,0,0,0,56,0,5110,0,1,1
6,12,0,0,1,8,1,20,0,0,0
7,0,6,0,0,52,0,5110,0,1,1
10,3,1,0,0,75,0,2310,0,1,1
12,1,4,0,0,52,2,5110,0,1,1
7,21,2,0,0,75,0,2180,0,0,1
2,18,2,0,1,8,2,40,0,0,0
8,18,1,0,0,72,1,5110,0,1,1
5,9,0,0,1,8,2,130,0,0,0
12,4,1,0,1,82,0,1950,0,0,1
9,19,4,0,0,93,2,1450,0,0,1
10,19,4,0,0,97,1,5110,0,1,1
12,0,6,0,0,68,2,4770,0,1,1
10,2,2,0,0,57,0,1130,0,1,1
11,23,1,0,0,54,1,1440,0,1,1
11,5,6,0,0,86,1,5110,0,0,1
9,23,6,0,0,50,1,5110,0,1,1
10,21,1,0,0,51,0,2530,0,1,1
9,19,5,0,0,68,2,5110,0,1,1
10,22,6,0,0,66,2,5110,0,1,1
11,22,4,0,0,89,0,5110,0,1,1
10,4,5,0,0,77,0,5110,0,0,1
12,22,0,0,0,56,0,2970,0,1,1
4,9,4,0,0,11,2,10,0,0,0
12,23,0,0,0,94,2,5110,0,0,1
9,18,4,0,0,80,0,1310,0,1,1
9,22,5,0,0,53,0,5110,0,1,1
12,0,1,0,0,77,0,5110,0,1,1
10,21,5,0,0,64,2,2770,0,1,1
5,21,0,0,0,87,1,1220,0,1,1
10,20,0,0,0,93,1,5110,0,1,1
2,8,2,0,0,7,0,80,0,0,0
3,15,3,0,1,3,0,870,0,0,0
10,4,1,0,1,72,2,2050,0,1,1
12,19,1,0,0,89,1,5110,0,1,1
10,19,4,0,0,50,1,5110,0,1,1
2,17,0,0,0,18,1,10,0,0,0
13,20,0,0,0,53,1,1220,0,1,1
10,4,0,0,0,61,1,5110,0,1,1
11,4,3,0,0,65,1,5110,0,0,1
13,2,1,0,0,86,0,5110,0,1,1
12,20,6,0,1,55,0,2530,0,1,1
10,23,5,0,0,62,0,5110,0,1,1
3,16,4,0,1,15,2,410,0,0,0
11,4,2,0,0,74,1,1010,0,0,1
12,21,2,0,0,91,2,5110,0,1,1
9,21,5,0,0,81,1,5110,0,1,1
5,23,3,0,0,69,2,5110,0,1,1
13,4,1,0,0,60,2,5100,0,1,1
13,0,2,0,0,84,2,5110,0,1,1
10,1,3,0,0,92,1,5110,0,0,1
1,12,1,0,1,14,2,10,0,0,0
5,13,3,0,1,2,2,310,0,0,0
13,2,5,0,0,98,1,5110,0,1,1
13,3,1,0,0,65,1,2010,0,0,1
9,2,2,0,0,53,0,4800,0,0,1
7,14,2,0,0,14,1,10,0,0,0
12,5,0,0,0,73,1,5110,0,1,1
10,0,6,0,0,65,0,5110,0,0,1
10,0,3,0,0,73,0,5110,0,1,1
9,2,4,0,0,76,2,5110,0,0,1
9,20,2,0,0,89,0,5100,0,1,1
12,0,1,0,0,86,0,5110,0,1,1
6,22,5,0,0,91,1,5110,0,1,1
8,20,0,0,0,86,1,5110,0,1,1
12,3,4,0,0,94,2,5110,0,1,1
2,12,1,0,1,14,2,60,0,0,0
13,2,5,0,0,85,1,5110,0,1,1
13,18,0,0,0,85,0,5110,0,1,1
10,0,1,0,0,53,0,2010,0,1,1
9,20,3,0,0,70,1,5110,0,0,1
10,0,0,0,0,60,0,5110,0,0,1
9,19,5,0,0,51,2,5110,0,0,1
13,23,2,0,0,62,0,5110,0,1,1
9,19,2,0,0,80,0,5110,0,1,1
12,21,3,0,0,83,2,1310,0,0,1
11,2,6,0,0,93,0,5110,0,0,1
13,3,3,0,0,93,2,5110,0,1,1
13,3,3,0,1,52,2,1100,0,1,1
12,22,0,0,0,52,1,5110,0,1,1
13,5,1,0,0,64,2,5110,0,1,1
5,16,2,0,1,11,2,10,0,0,0
11,19,2,0,0,69,0,5110,0,0,1
4,13,0,0,1,17,2,20,0,0,0
8,5,4,0,0,79,2,2490,0,1,1
3,9,1,0,0,15,2,40,0,0,0
10,23,6,0,0,96,1,5100,0,1,1
13,21,5,0,0,84,0,5110,0,1,1
4,16,0,0,0,12,0,360,0,0,0
10,11,1,0,0,19,0,10,0,0,0
4,12,4,0,1,3,0,80,0,0,0
10,18,3,0,0,89,1,5110,0,1,1
2,15,1,0,0,16,1,210,0,0,0
13,22,2,0,0,58,1,5090,0,1,1
9,18,3,0,0,88,1,5090,0,1,1
10,21,5,0,0,99,2,5110,0,1,1
6,12,1,0,1,12,1,10,0,0,0
13,4,1,0,0,51,0,5110,0,1,1
4,16,1,0,1,5,0,280,0,0,0
13,2,4,0,0,52,0,5110,0,1,1
9,1,0,0,0,64,1,1220,0,0,1
1,8,0,0,1,17,1,10,0,0,0
13,19,3,0,0,91,1,5110,0,0,1
12,3,2,0,0,61,0,5100,0,1,1
5,14,0,0,1,14,0,2560,0,0,0
10,20,6,0,0,80,1,1120,0,1,1
6,21,1,0,0,82,2,5110,0,0,1
13,4,3,0,0,72,2,5100,0,0,1
12,20,0,0,0,95,1,5110,0,1,1
13,18,6,0,0,55,0,5110,0,0,1
9,5,4,0,0,76,2,5100,0,1,1
12,3,3,0,0,64,1,5110,0,0,1
11,0,1,0,0,62,0,2020,0,1,1
7,12,0,0,1,7,1,10,0,0,0
1,14,0,0,1,14,1,80,0,0,0
2,9,1,0,1,12,1,20,0,0,0
13,18,6,0,0,60,0,5110,0,1,1
10,5,6,0,0,50,2,5110,0,0,1
11,18,4,0,0,75,0,2810,0,0,1
13,20,1,0,0,84,2,5110,0,1,1
13,21,0,0,0,99,2,1280,0,1,1
9,1,2,0,0,75,0,1120,0,1,1
10,21,1,0,0,94,0,5110,0,0,1
12,5,1,0,0,82,2,5110,0,1,1
3,15,1,0,1,17,2,440,0,1,0
10,2,3,0,0,90,0,5110,0,1,1
7,4,2,0,0,57,1,4550,0,0,1
10,5,1,0,0,62,1,5110,0,0,1
12,2,2,0,0,66,1,4810,0,1,1
9,5,0,0,0,69,0,5100,0,1,1
10,1,6,0,0,90,0,2200,0,0,1
12,19,1,0,0,77,0,1360,0,0,1
3,7,4,0,0,11,1,60,0,0,0
12,20,3,0,0,63,0,5110,0,1,1
2,12,1,0,1,3,1,790,0,0,0
8,3,1,0,0,86,1,1120,0,0,1
10,21,2,0,1,65,2,1330,0,0,1
9,2,3,0,0,73,2,5110,0,1,1
11,22,5,0,0,61,0,5110,0,1,1
4,0,0,0,0,60,2,5110,0,1,1
9,5,2,0,0,72,0,5110,0,0,1
10,17,1,0,1,14,1,10,0,0,0
10,20,3,0,0,99,2,5110,0,1,1
12,22,1,0,0,63,1,5110,0,0,1
2,14,1,0,1,16,1,20,0,0,0
5,18,5,0,0,88,1,1460,0,1,1
9,1,2,0,0,59,0,5100,0,1,1
14,22,0,0,0,74,1,20,0,1,1
1,7,3,0,1,7,1,20,0,0,0
13,20,5,0,1,92,2,2750,0,1,1
9,22,5,0,0,59,0,5110,0,1,1
12,19,5,0,0,74,1,5110,0,1,1
10,0,2,0,0,74,0,5110,0,1,1
2,13,4,0,0,0,1,20,0,0,0
2,14,2,0,1,16,1,150,0,0,0
13,3,6,0,0,77,2,5080,0,1,1
10,18,6,0,0,72,2,5100,0,0,1
3,15,0,0,1,13,0,150,0,0,0
13,21,2,0,0,98,1,5110,0,1,1
11,18,6,0,0,84,1,5110,0,1,1
12,0,3,0,0,85,1,5110,0,1,1
13,20,1,0,0,77,0,2640,0,1,1
13,19,6,0,0,59,1,5110,0,1,1
12,23,5,0,0,77,1,5110,0,1,1
11,3,5,0,1,53,1,2780,0,1,1
12,22,5,0,0,68,1,5100,0,1,1
2,14,1,0,0,4,2,10,0,0,0
4,7,2,0,1,16,0,10,0,0,0
6,22,2,0,0,95,0,2670,0,1,1
13,23,2,0,0,73,1,5110,0,0,1
12,0,2,0,1,88,1,1480,0,1,1
9,2,3,0,0,70,0,5110,0,1,1
13,19,2,0,0,91,1,5110,0,0,1
12,3,0,0,0,78,2,5110,0,1,1
10,1,4,0,0,65,2,5110,0,0,1
9,22,3,0,0,93,1,1290,0,1,1
11,0,5,0,0,80,2,5110,0,1,1
5,16,2,0,1,9,2,70,0,0,0
2,16,2,0,0,9,2,60,0,0,0
10,0,6,0,0,75,2,990,0,1,1
12,23,4,0,0,87,1,5110,0,1,1
11,4,6,0,0,89,1,5100,0,0,1
5,0,5,0,0,92,2,5110,0,1,1
13,19,0,0,0,60,2,5110,0,1,1
11,0,1,0,0,97,2,5110,0,1,1
14,23,6,0,1,96,0,20,0,1,1
9,18,5,0,0,94,0,5110,0,0,1
9,2,2,0,0,61,0,5110,0,1,1
12,21,6,0,0,73,2,2170,0,1,1
1,18,2,0,0,9,2,10,0,0,0
13,22,4,0,0,93,2,5110,0,1,1
11,3,5,0,0,67,1,5090,0,1,1
12,20,6,0,0,68,1,4490,0,1,1
3,0,3,0,0,65,0,10,0,0,1
4,13,3,0,1,11,2,10,0,0,0
12,5,4,0,0,88,0,5110,0,1,1
13,22,5,0,0,62,0,5100,0,0,1
3,7,2,0,1,9,0,350,0,0,0
11,21,2,0,0,51,0,2000,0,1,1
9,3,2,0,0,51,2,2220,0,1,1
13,1,0,0,0,72,2,5110,0,1,1
13,21,5,0,0,88,2,2620,0,1,1
5,5,1,0,0,92,2,5110,0,1,1
7,20,0,0,0,78,1,5110,0,1,1
14,2,5,0,0,58,2,10,0,1,1
13,2,0,0,0,80,1,5110,0,1,1
11,18,1,0,0,74,1,2440,0,1,1
10,4,1,0,0,78,2,5100,0,1,1
6,3,6,0,0,56,0,5110,0,1,1
4,22,5,0,0,72,2,1070,0,1,1
9,22,3,0,0,79,2,2030,0,0,1
11,19,1,0,0,98,0,5110,0,0,1
9,21,0,0,0,53,2,5100,0,1,1
2,13,1,0,1,13,0,210,0,0,0
9,20,2,0,0,94,2,10,0,1,1
2,16,2,0,0,5,1,10,0,0,0
12,15,3,0,1,0,2,20,0,0,0
8,22,3,0,0,78,0,5110,0,0,1
13,4,3,0,0,57,2,2900,0,1,1
10,2,1,0,0,64,1,5110,0,0,1
13,18,6,0,0,93,0,1250,0,1,1
9,5,1,0,0,57,2,5110,0,1,1
3,14,2,0,0,6,0,40,0,0,0
12,18,0,0,0,57,0,5110,0,0,1
11,23,4,0,0,79,1,1120,0,0,1
5,14,3,0,0,10,2,20,0,0,0
9,0,2,0,0,50,2,5100,0,1,1
2,13,2,0,1,2,0,10,0,0,0
13,23,0,0,0,73,1,2920,0,1,1
13,4,2,0,0,82,1,4620,0,0,1
10,0,2,0,1,63,1,2460,0,1,1
5,16,1,0,1,3,1,90,0,0,0
5,18,1,0,1,8,0,20,0,0,0
10,20,0,0,0,79,1,5090,0,1,1
3,8,2,0,1,15,0,140,0,0,0
3,8,2,0,1,13,2,220,0,0,0
9,20,6,0,0,86,0,2020,0,1,1
12,2,0,0,0,96,0,5110,0,1,1
9,21,3,0,0,92,2,4510,0,0,1
4,21,6,0,0,91,2,2680,0,0,1
10,21,3,0,0,54,0,5110,0,1,1
11,4,5,0,0,81,2,5110,0,0,1
6,23,6,0,0,88,0,5110,0,1,1
2,7,4,0,1,10,0,60,0,0,0
13,3,5,0,0,87,1,5100,0,1,1
11,0,5,0,0,94,0,4410,0,1,1
12,0,2,0,1,98,1,1200,0,1,1
13,22,0,0,0,75,1,5110,0,1,1
11,0,5,0,0,85,1,5110,0,1,1
4,13,3,0,0,6,2,10,0,0,0
9,22,1,0,0,70,1,5110,0,1,1
9,18,3,0,0,57,0,5110,0,0,1
13,22,5,0,0,59,2,5110,0,0,1
9,3,6,0,0,99,2,5110,0,1,1
12,22,3,0,0,93,1,5100,0,1,1
12,2,1,0,0,82,1,2280,0,1,1
9,18,2,0,0,60,2,2030,0,1,1
13,5,3,0,0,50,2,5110,0,1,1
11,4,5,0,0,91,1,2540,0,1,1
8,22,3,0,0,79,0,5110,0,0,1
11,20,4,0,0,91,1,5110,0,0,1
12,22,0,0,0,92,1,5110,0,1,1
9,21,4,0,0,65,2,5110,0,1,1
10,19,5,0,0,52,0,4860,0,1,1
11,23,4,0,0,74,1,5110,0,0,1
12,23,0,0,0,70,1,5110,0,0,1
7,5,5,0,0,96,2,5110,0,1,1
4,16,3,0,1,5,2,10,0,0,0
13,5,3,0,0,65,1,5110,0,0,1
4,18,2,0,0,58,1,2940,0,1,1
12,20,1,0,0,75,0,5100,0,1,1
12,23,5,0,0,97,2,5110,0,0,1
10,21,1,0,0,62,0,5110,0,1,1
12,23,5,0,0,64,1,5110,0,0,1
4,4,6,0,0,59,1,5110,0,1,1
13,22,3,0,0,75,0,4530,0,1,1
11,23,0,0,0,69,2,5110,0,1,1
12,22,0,0,0,52,0,5110,0,1,1
6,2,0,0,0,60,2,2920,0,1,1
13,1,1,0,0,53,1,5110,0,1,1
10,0,3,0,0,56,0,5110,0,1,1
5,2,0,0,0,64,2,5110,0,1,1
1,13,0,0,1,14,2,1690,0,0,0
14,4,1,0,0,73,1,30,0,1,1
13,4,3,0,0,68,2,5110,0,1,1
9,22,1,0,0,86,1,2750,0,1,1
12,4,1,0,0,92,2,2460,0,1,1
9,20,2,0,0,62,0,5110,0,1,1
9,1,5,0,0,82,1,5110,0,1,1
10,3,1,0,0,79,2,5110,0,1,1
13,21,3,0,0,55,1,4390,0,1,1
9,2,6,0,0,98,0,5100,0,0,1
9,23,4,0,0,91,0,5110,0,1,1
10,5,2,0,0,68,2,1150,0,1,1
11,22,4,0,0,88,0,5110,0,0,1
9,18,5,0,0,79,0,5110,0,1,1
12,0,5,0,0,81,1,2110,0,1,1
10,3,3,0,0,99,0,1240,0,1,1
4,14,3,0,0,15,2,90,0,0,0
3,7,2,0,1,5,0,90,0,0,0
12,5,3,0,0,57,2,5110,0,1,1
11,23,1,0,0,94,0,4360,0,1,1
9,5,4,0,0,64,0,5110,0,0,1
12,0,2,0,0,83,0,5110,0,1,1
9,19,0,0,0,79,2,5110,0,1,1
9,19,4,0,1,80,1,1380,0,1,1
11,23,0,0,0,94,1,2350,0,1,1
4,23,2,0,0,66,1,5110,0,1,1
4,8,4,0,0,9,0,40,0,0,0
13,21,4,0,0,83,0,5110,0,0,1
5,10,3,0,1,5,1,60,0,1,0
12,18,6,0,0,95,1,5110,0,1,1
13,21,5,0,0,60,1,5110,0,1,1
1,14,0,0,1,15,0,150,0,0,0
5,12,0,0,1,5,2,20,0,0,0
2,11,1,0,1,15,2,70,0,0,0
13,22,1,0,1,97,1,430,0,1,1
11,18,5,0,0,50,1,2900,0,0,1
13,18,3,0,0,65,2,2680,0,1,1
1,11,2,0,0,5,1,10,0,0,0
9,3,2,0,0,59,1,5110,0,1,1
13,23,1,0,0,78,1,1970,0,1,1
2,15,3,0,1,4,2,150,0,0,0
9,20,1,0,0,83,2,5110,0,1,1
4,4,1,0,1,67,2,2190,0,1,1
12,4,3,0,0,50,1,5110,0,0,1
1,9,2,0,1,2,2,100,0,0,0
12,0,3,0,0,67,2,1020,0,1,1
9,2,4,0,0,73,1,5110,0,1,1
9,4,1,0,0,96,2,5110,0,0,1
11,5,3,0,0,67,0,5110,0,1,1
11,3,3,0,0,50,1,5100,0,1,1
4,16,1,0,1,13,1,160,0,0,0
10,1,4,0,0,65,1,2730,0,0,1
5,17,3,0,1,12,1,50,0,0,0
2,11,2,0,0,14,2,10,0,0,0
9,0,1,0,0,63,1,5110,0,1,1
13,4,3,0,0,77,0,5110,0,0,1
10,4,5,0,0,85,2,5110,0,1,1
6,5,5,0,1,65,1,1170,0,1,1
13,22,0,0,0,89,0,2800,0,1,1
10,2,0,0,0,81,2,5110,0,0,1
8,20,2,0,0,80,1,4420,0,1,1
10,5,3,0,0,94,1,5110,0,0,1
12,20,4,0,0,71,1,5110,0,1,1
5,18,1,0,1,0,1,10,0,0,0
5,13,4,0,1,11,0,50,0,0,0
8,22,0,0,0,70,2,5110,0,1,1
12,3,1,0,0,84,2,5100,0,1,1
2,9,0,0,1,11,0,10,0,0,0
11,21,2,0,0,90,0,5110,0,1,1
12,19,1,0,0,93,1,5110,0,1,1
13,5,6,0,0,77,0,5110,0,1,1
11,19,1,0,0,80,0,5080,0,1,1
12,5,6,0,0,93,1,5110,0,1,1
11,21,2,0,0,60,1,4860,0,0,1
8,5,4,0,0,57,2,5110,0,0,1
6,22,3,0,0,86,2,5110,0,1,1
5,14,1,0,0,18,2,70,0,0,0
9,22,6,0,0,99,1,1430,0,1,1
9,0,5,0,0,93,0,5110,0,1,1
13,22,5,0,0,70,1,5110,0,1,1
4,9,2,0,0,13,2,190,0,0,0
1,15,2,0,0,7,0,30,0,0,0
11,4,1,0,1,76,1,2890,0,1,1
11,3,2,0,0,94,2,5110,0,1,1
11,0,3,0,0,53,1,2650,0,1,1
11,4,4,0,0,71,2,2170,0,1,1
1,7,4,0,1,3,1,80,0,0,0
9,23,0,0,0,82,1,5110,0,0,1
9,22,3,0,0,80,2,1370,0,1,1
11,22,1,0,0,62,0,5110,0,1,1
5,16,1,0,1,15,0,70,0,0,0
2,15,0,0,1,12,1,40,0,0,0
6,23,3,0,0,85,1,5100,0,1,1
4,9,4,0,1,16,1,10,0,0,0
5,13,0,0,1,10,2,360,0,0,0
5,18,1,0,1,7,0,190,0,1,0
2,13,4,0,1,0,1,10,0,0,0
8,20,4,0,0,52,2,5110,0,1,1
10,19,1,0,0,87,0,2660,0,1,1
12,5,3,0,0,88,1,1130,0,0,1
10,3,1,0,0,63,2,4530,0,1,1
12,4,3,0,0,79,2,5110,0,1,1
12,23,1,0,0,55,1,5100,0,0,1
12,21,6,0,0,60,2,1340,0,0,1
10,19,6,0,0,56,2,4460,0,0,1
4,18,1,0,0,11,1,10,0,0,0
10,23,1,0,0,69,1,5110,0,1,1
9,23,0,0,0,58,1,1210,0,1,1
3,13,4,0,0,3,2,70,0,0,0
9,1,1,0,0,77,2,1340,0,1,1
12,0,1,0,0,91,0,5100,0,1,1
10,20,3,0,0,83,1,5110,0,0,1
1,17,3,0,1,9,1,10,0,0,0
1,15,4,0,1,10,2,10,0,0,0
13,18,6,0,1,95,2,2980,0,1,1
7,5,5,0,0,68,0,5110,0,1,1
13,4,4,0,0,51,2,1820,0,1,1
13,20,1,0,0,63,1,5110,0,1,1
11,1,1,0,0,54,0,5090,0,1,1
10,0,4,0,0,62,1,5110,0,1,1
5,8,2,0,1,18,2,60,0,0,0
13,20,0,0,0,78,0,5110,0,1,1
6,2,0,0,0,64,0,5110,0,1,1
11,22,3,0,1,57,2,5100,0,1,1
9,19,1,0,0,55,2,5110,0,1,1
5,13,0,0,0,9,0,10,0,0,0
11,21,6,0,0,59,1,5110,0,1,1
9,2,4,0,0,92,1,5110,0,0,1
9,4,6,0,0,78,1,5110,0,0,1
5,7,3,0,1,9,1,10,0,0,0
9,18,2,0,0,52,0,5110,0,1,1
9,19,1,0,1,78,2,2430,0,1,1
9,3,5,0,0,80,0,2120,0,1,1
4,17,1,0,1,1,0,10,0,0,0
2,18,4,0,1,7,2,260,0,0,0
10,2,0,0,0,95,2,2230,0,1,1
12,4,4,0,0,85,2,5110,0,1,1
13,5,2,0,0,91,0,5100,0,1,1
10,23,5,0,1,69,2,2100,0,1,1
12,21,6,0,0,87,1,5110,0,1,1
1,11,0,0,1,5,2,10,0,0,0
11,3,0,0,1,86,0,1400,0,1,1
10,0,0,0,0,82,1,5110,0,1,1
13,5,1,0,0,69,1,5110,0,1,1
6,4,2,0,0,54,1,5110,0,1,1
9,5,1,0,0,50,0,5110,0,0,1
9,18,2,0,0,64,1,5110,0,1,1
8,21,5,0,0,52,0,5110,0,1,1
2,11,0,0,0,3,1,170,0,0,0
9,1,5,0,0,87,1,5110,0,1,1
6,21,3,0,0,62,1,5110,0,0,1
2,7,1,0,0,14,1,10,0,0,0
9,13,1,0,1,6,0,10,0,0,0
12,4,0,0,0,78,0,4490,0,1,1
13,1,1,0,0,57,0,5110,0,1,1
5,14,1,0,1,3,2,20,0,1,0
13,2,5,0,0,68,2,5110,0,1,1
4,9,4,0,1,10,1,30,0,0,0
11,4,1,0,0,94,0,5110,0,1,1
5,8,1,0,1,11,0,10,0,1,0
13,2,2,0,1,65,2,1120,0,1,1
13,0,1,0,0,77,2,5110,0,0,1
7,20,4,0,0,58,0,5110,0,1,1
13,1,3,0,0,89,0,5110,0,0,1
4,21,6,0,0,61,2,5100,0,1,1
13,1,3,0,0,65,2,5110,0,0,1
11,20,5,0,0,57,1,4530,0,1,1
8,17,4,0,1,2,1,20,0,0,0
9,3,3,0,0,61,2,5110,0,1,1
12,20,6,0,0,69,2,5110,0,1,1
10,22,1,0,0,72,1,5100,0,0,1
12,19,2,0,0,79,0,1350,0,1,1
10,18,6,0,0,55,0,10,0,0,1
4,10,0,0,0,6,2,200,0,0,0
9,20,4,0,0,60,1,5110,0,1,1
1,15,1,0,1,7,0,40,0,0,0
11,21,1,0,0,62,0,5110,0,1,1
7,22,1,0,0,87,2,5110,0,0,1
6,22,3,0,0,57,2,5110,0,1,1
11,22,5,0,0,89,1,5110,0,1,1
6,4,1,0,0,96,1,2090,0,1,1
13,23,6,0,0,60,1,5110,0,0,1
13,20,4,0,0,79,0,5110,0,1,1
11,22,3,0,0,92,0,4820,0,0,1
13,19,0,0,0,75,1,5100,0,1,1
10,2,2,0,0,75,0,5110,0,1,1
13,21,1,0,0,59,2,4560,0,0,1
4,23,6,0,0,66,1,4710,0,1,1
4,13,3,0,1,15,0,10,0,0,0
9,20,6,0,0,86,1,5110,0,0,1
2,7,0,0,1,1,2,40,0,0,0
13,21,4,0,0,74,2,2250,0,1,1
2,9,1,0,0,9,1,20,0,0,0
12,0,6,0,0,64,1,5110,0,1,1
7,19,3,0,0,53,1,5110,0,1,1
13,20,1,0,1,96,2,2590,0,1,1
11,4,1,0,0,78,1,5110,0,1,1
5,3,3,0,0,50,0,5110,0,1,1
10,1,5,0,0,81,0,5110,0,1,1
9,23,5,0,0,88,1,5110,0,0,1
3,13,3,0,1,2,1,140,0,0,0
1,10,2,0,0,12,1,10,0,0,0
14,0,6,0,0,69,2,10,0,1,1
13,19,6,0,0,94,2,5110,0,0,1
4,20,6,0,0,87,1,5100,0,1,1
3,12,2,0,1,4,1,10,0,0,0
10,22,6,0,0,71,1,5110,0,1,1
13,20,2,0,0,86,1,5110,0,0,1
10,4,4,0,0,90,1,5110,0,0,1
2,16,0,0,1,16,2,10,0,0,0
10,21,5,0,0,94,2,5110,0,1,1
11,1,2,0,0,85,1,2590,0,1,1
9,3,4,0,0,93,0,2800,0,0,1
5,18,1,0,1,14,0,70,0,0,0
2,15,2,0,1,8,2,230,0,0,0
13,22,1,0,0,78,2,5110,0,1,1
7,2,6,0,0,81,0,5110,0,1,1
13,0,0,0,0,94,2,5100,0,1,1
13,23,5,0,0,66,2,1190,0,0,1
2,14,3,0,0,3,1,10,0,0,0
10,19,0,0,0,73,1,5110,0,0,1
8,18,5,0,0,62,0,5110,0,1,1
11,23,3,0,0,65,1,2740,0,1,1
9,18,5,0,0,54,0,5110,0,1,1
9,1,3,0,0,87,0,5110,0,0,1
9,20,2,0,0,64,1,2180,0,1,1
13,21,6,0,0,85,0,5110,0,1,1
9,18,4,0,0,78,2,10,0,1,1
11,5,2,0,0,70,2,5110,0,1,1
9,21,5,0,0,91,0,5110,0,1,1
12,20,1,0,1,93,1,2480,0,1,1
5,19,2,0,0,94,1,5110,0,0,1
9,19,1,0,0,56,2,1370,0,1,1
12,18,4,0,0,70,1,5110,0,1,1
13,1,6,0,0,71,0,5100,0,1,1
12,4,6,0,0,95,1,5110,0,0,1
4,7,3,0,1,3,0,90,0,1,0
3,18,2,0,0,1,1,30,0,0,0
5,18,0,0,1,19,0,10,0,0,0
5,17,1,0,1,13,2,10,0,0,0
10,3,1,0,0,77,0,5110,0,1,1
1,16,0,0,1,14,1,10,0,0,0
13,0,6,0,0,68,2,5110,0,1,1
4,13,2,0,1,6,1,20,0,0,0
8,23,3,0,1,77,0,1320,0,0,1
3,17,0,0,0,13,2,180,0,0,0
7,1,1,0,0,93,1,5110,0,1,1
11,2,4,0,0,85,0,5110,0,1,1
13,5,1,0,0,71,1,5110,0,0,1
13,3,4,0,0,56,1,5110,0,1,1
12,21,1,0,0,88,2,4500,0,1,1
9,0,6,0,1,51,0,2750,0,0,1
13,1,5,0,0,67,1,5110,0,1,1
9,5,0,0,0,82,1,4490,0,1,1
12,20,3,0,0,80,2,5110,0,1,1
12,0,5,0,0,71,2,5110,0,0,1
8,23,2,0,0,82,0,5110,0,1,1
10,1,3,0,0,72,1,5110,0,1,1
4,20,5,0,0,89,1,2410,0,1,1
11,22,1,0,0,71,1,5110,0,1,1
13,5,3,0,0,87,1,5090,0,0,1
5,11,2,0,0,8,2,90,0,0,0
5,7,2,0,1,5,1,70,0,0,0
2,16,4,0,1,9,2,20,0,0,0
13,2,3,0,0,76,0,5110,0,1,1
9,21,2,0,0,93,2,5110,0,1,1
11,2,0,0,0,81,2,5110,0,1,1
9,19,1,0,0,89,1,5110,0,1,1
10,23,4,0,0,58,0,2820,0,1,1
11,23,5,0,0,60,2,2040,0,1,1
3,10,3,0,1,8,0,170,0,0,0
9,22,4,0,0,79,1,4450,0,0,1
9,3,5,0,0,53,2,5100,0,1,1
13,2,2,0,0,99,0,5100,0,1,1
13,4,0,0,0,98,1,5110,0,0,1
10,5,0,0,0,86,1,5110,0,1,1
5,19,3,0,0,72,2,5110,0,0,1
4,16,2,0,1,0,1,10,0,0,0
13,2,5,0,0,63,2,5110,0,1,1
13,23,5,0,0,99,2,5110,0,0,1
4,12,1,0,1,3,2,240,0,0,0
10,3,3,0,0,61,2,5110,0,1,1
12,19,5,0,0,92,0,2120,0,1,1
9,22,2,0,0,75,1,2540,0,1,1
10,2,5,0,0,58,0,2300,0,1,1
10,2,2,0,0,76,0,5110,0,0,1
11,18,5,0,0,80,2,5110,0,0,1
11,18,5,0,0,50,2,10,0,1,1
13,18,2,0,0,86,1,5110,0,1,1
9,20,2,0,0,63,2,5110,0,1,1
12,4,6,0,0,57,2,5090,0,1,1
7,2,0,0,0,84,0,2120,0,1,1
10,3,4,0,0,95,0,5100,0,1,1
12,23,5,0,0,83,0,5110,0,0,1
10,1,2,0,0,63,1,5110,0,0,1
12,4,4,0,0,76,2,5110,0,1,1
3,11,0,0,1,8,0,180,0,0,0
12,19,5,0,0,56,2,3000,0,0,1
13,4,1,0,0,51,0,4830,0,0,1
13,22,4,0,0,69,0,5110,0,1,1
12,20,1,0,0,71,0,5100,0,0,1
13,19,3,0,0,57,1,5110,0,1,1
13,1,2,0,0,78,2,5110,0,0,1
9,18,0,0,0,63,2,2760,0,1,1
2,9,1,0,1,17,0,270,0,0,0
1,18,1,0,1,18,2,20,0,0,0
4,7,2,0,1,14,1,10,0,0,0
12,2,4,0,0,54,0,2130,0,0,1
10,18,2,0,0,94,0,5110,0,1,1
9,19,6,0,0,52,1,5110,0,1,1
11,23,5,0,0,87,0,5110,0,0,1
9,4,1,0,0,92,0,5110,0,1,1
9,0,3,0,0,68,2,5100,0,0,1
9,18,6,0,0,67,1,5110,0,0,1
9,4,6,0,0,51,0,2740,0,1,1
3,8,1,0,0,18,2,110,0,1,0
11,20,1,0,0,74,0,2950,0,0,1
12,23,0,0,0,69,1,5110,0,0,1
9,0,6,0,0,76,2,4580,0,1,1
12,18,0,0,0,87,0,5110,0,1,1
9,0,6,0,0,63,0,5110,0,1,1
11,23,0,0,0,94,1,4560,0,1,1
14,3,4,0,0,86,1,40,0,1,1
13,5,4,0,0,96,0,5110,0,1,1
10,0,4,0,0,60,1,5110,0,1,1
11,1,5,0,0,51,0,1280,0,1,1
9,23,1,0,0,56,1,5110,0,0,1
10,0,0,0,0,71,0,5100,0,0,1
4,4,1,0,0,60,0,5110,0,1,1
9,19,4,0,0,84,1,5110,0,1,1
9,23,3,0,0,61,1,5110,0,1,1
11,22,0,0,0,63,0,5110,0,0,1
5,14,3,0,0,19,1,490,0,0,0
3,13,2,0,1,13,2,20,0,0,0
12,4,1,0,0,81,0,5110,0,1,1
2,18,4,0,1,11,2,10,0,0,0
13,2,3,0,0,53,2,5110,0,1,1
12,21,0,0,1,82,0,2450,0,1,1
11,19,5,0,0,59,0,5110,0,1,1
11,4,5,0,0,97,0,2540,0,1,1
13,2,0,0,1,72,1,2210,0,1,1
4,7,0,0,1,6,0,10,0,0,0
10,2,5,0,0,58,1,5100,0,0,1
6,3,5,0,0,58,0,5110,0,1,1
4,11,3,0,1,18,1,20,0,0,0
3,18,4,0,1,5,1,130,0,0,0
11,1,0,0,0,93,1,5110,0,1,1
10,20,5,0,0,89,1,5090,0,1,1
1,14,4,0,0,0,0,30,0,0,0
9,4,6,0,1,89,2,1130,0,1,1
11,18,2,0,0,68,1,5110,0,1,1
13,0,3,0,0,72,2,5110,0,0,1
5,17,0,0,1,0,0,110,0,0,0
12,19,3,0,0,95,2,5110,0,0,1
10,18,4,0,0,80,0,5110,0,1,1
12,0,6,0,0,85,2,5110,0,1,1
9,23,6,0,0,99,0,5110,0,1,1
12,21,2,0,0,50,1,5110,0,1,1
12,23,1,0,0,50,0,5110,0,1,1
12,19,4,0,0,99,2,5110,0,1,1
7,18,0,0,0,79,2,5110,0,1,1
10,21,3,0,0,64,2,4360,0,1,1
5,15,3,0,0,7,2,80,0,0,0
9,5,5,0,0,53,0,5110,0,1,1
6,20,5,0,0,52,2,1550,0,0,1
12,5,6,0,0,59,1,540,0,1,1
10,0,4,0,0,66,2,5110,0,0,1
11,1,2,0,1,95,2,1510,0,1,1
9,22,5,0,0,90,1,5110,0,0,1
1,15,1,0,1,10,0,10,0,0,0
5,5,1,0,1,82,2,1030,0,1,1
4,10,2,0,0,6,0,10,0,0,0
11,21,5,0,0,66,0,5110,0,1,1
10,22,4,0,0,62,0,5110,0,1,1
11,23,4,0,0,79,2,5110,0,1,1
11,21,1,0,0,89,0,5110,0,0,1
12,22,6,0,0,69,2,5110,0,1,1
2,18,1,0,1,5,0,160,0,0,0
4,13,0,0,1,8,2,30,0,1,0
11,5,6,0,0,97,2,5100,0,1,1
11,18,5,0,0,71,2,5110,0,0,1
8,4,0,0,0,78,1,5110,0,0,1
9,19,4,0,0,94,0,5110,0,0,1
12,22,4,0,0,98,2,5110,0,0,1
7,2,2,0,1,95,0,1260,0,1,1
5,13,0,0,1,3,0,10,0,0,0
11,2,4,0,0,91,1,5110,0,0,1
9,22,4,0,0,93,0,5110,0,0,1
13,20,3,0,0,70,2,5110,0,1,1
8,23,4,0,0,96,1,5110,0,1,1
7,10,3,0,0,13,2,80,0,0,0
12,1,2,0,0,89,1,5110,0,1,1
11,21,6,0,0,75,1,5110,0,1,1
11,4,6,0,0,73,2,2660,0,1,1
9,1,6,0,0,97,0,1380,0,1,1
11,0,0,0,0,93,2,2760,0,1,1
11,20,3,0,0,74,2,2740,0,1,1
11,1,1,0,0,78,0,5110,0,1,1
9,18,2,0,0,72,1,5110,0,0,1
1,18,1,0,0,6,2,10,0,0,0
12,1,2,0,0,93,0,1080,0,1,1
5,12,4,0,0,16,2,290,0,0,0
8,0,0,0,0,84,0,5110,0,0,1
9,19,2,0,0,65,1,5110,0,1,1
11,21,3,0,0,82,0,5110,0,0,1
11,18,5,0,0,53,2,2970,0,1,1
9,5,6,0,0,53,1,5110,0,0,1
10,1,6,0,0,70,2,5110,0,0,1
12,20,2,0,0,91,0,1060,0,1,1
9,0,5,0,1,60,0,2780,0,0,1
6,5,6,0,0,62,0,5110,0,1,1
13,3,0,0,0,72,2,5110,0,0,1
12,18,1,0,0,53,2,5110,0,1,1
11,18,3,0,0,63,2,5110,0,1,1
12,3,3,0,1,68,0,2220,0,0,1
1,13,4,0,1,12,0,270,0,0,0
9,20,4,0,0,58,1,2940,0,1,1
9,18,2,0,0,63,2,5110,0,1,1
9,0,5,0,0,61,0,5110,0,1,1
10,18,3,0,0,97,0,5110,0,1,1
10,23,0,0,0,90,1,5110,0,1,1
9,19,3,0,0,61,1,5110,0,0,1
10,1,0,0,0,50,1,5110,0,1,1
9,4,1,0,0,60,1,5100,0,1,1
2,17,0,0,1,3,1,20,0,0,0
5,23,2,0,0,89,0,1150,0,1,1
11,2,3,0,1,59,0,2170,0,1,1
4,19,5,0,0,51,2,5110,0,1,1
13,3,1,0,0,75,1,5110,0,1,1
10,5,5,0,0,95,1,5110,0,1,1
12,5,3,0,1,82,0,2700,0,0,1
12,4,4,0,0,76,1,1160,0,1,1
9,1,2,0,1,66,1,1310,0,1,1
13,19,6,0,0,97,1,5110,0,0,1
4,12,0,0,1,6,1,80,0,0,0
6,4,2,0,0,65,0,5110,0,1,1
11,5,4,0,0,81,1,5110,0,0,1
12,20,2,0,0,99,1,5110,0,1,1
10,22,1,0,1,58,2,2190,0,1,1
9,1,3,0,1,86,0,2190,0,0,1
13,18,5,0,0,53,2,5110,0,1,1
9,2,5,0,0,71,0,5110,0,1,1
13,21,1,0,0,60,2,980,0,1,1
3,9,2,0,1,14,0,120,0,0,0
13,0,5,0,0,63,1,5110,0,1,1
12,1,4,0,0,74,2,1180,0,1,1
5,2,5,0,0,82,0,5110,0,1,1
7,14,2,0,0,12,1,10,0,0,0
9,4,6,0,0,89,0,5110,0,0,1
12,5,3,0,0,85,1,1410,0,1,1
4,9,0,0,1,1,0,10,0,0,0
12,20,5,0,0,92,0,5110,0,1,1
9,19,2,0,0,83,0,5110,0,1,1
9,18,2,0,0,86,1,4490,0,1,1
12,19,5,0,0,89,1,5110,0,1,1
6,2,4,0,0,98,0,5110,0,1,1
11,3,4,0,0,99,1,5110,0,1,1
12,3,1,0,0,51,0,5110,0,1,1
11,3,6,0,0,59,0,2600,0,1,1
13,21,4,0,0,69,1,5110,0,1,1
2,14,3,0,1,12,2,20,0,0,0
2,13,2,0,0,3,0,50,0,1,0
2,8,2,0,1,2,0,30,0,0,0
9,21,3,0,0,81,2,5110,0,1,1
13,2,2,0,0,55,1,5110,0,1,1
2,16,4,0,0,9,1,150,0,0,0
13,0,4,0,0,70,2,5110,0,1,1
1,13,0,0,1,8,2,90,0,0,0
12,19,6,0,0,89,0,5110,0,0,1
11,18,2,0,0,75,0,4740,0,1,1
13,20,5,0,0,96,1,5110,0,0,1
12,0,0,0,0,54,0,5110,0,1,1
11,18,6,0,0,79,2,2080,0,1,1
13,4,4,0,0,75,0,5110,0,1,1
9,23,0,0,0,60,1,5110,0,0,1
3,11,4,0,1,6,1,140,0,0,0
12,23,3,0,0,52,1,5110,0,1,1
12,21,5,0,0,68,1,5110,0,0,1
10,4,1,0,1,65,1,1310,0,1,1
5,13,3,0,0,7,2,10,0,0,0
9,20,0,0,0,95,1,5110,0,1,1
8,5,1,0,0,58,0,5090,0,1,1
6,20,3,0,0,85,1,5090,0,1,1
11,23,3,0,0,85,0,1010,0,1,1
13,1,5,0,0,91,2,5100,0,1,1
11,0,0,0,1,66,0,1120,0,1,1
10,20,0,0,0,91,2,5110,0,1,1
11,20,6,0,0,79,2,5110,0,1,1
13,4,0,0,0,96,1,5110,0,0,1
11,21,6,0,0,86,0,4360,0,1,1
7,3,6,0,0,65,1,5110,0,0,1
1,12,2,0,1,18,2,80,0,0,0
12,0,3,0,0,57,0,2300,0,0,1
14,2,4,0,0,62,0,40,0,0,1
2,7,3,0,1,1,1,90,0,0,0
9,2,4,0,0,56,1,5110,0,0,1
5,20,3,0,0,77,2,5110,0,1,1
4,9,1,0,0,3,1,10,0,0,0
4,15,1,0,1,18,0,140,0,0,0
12,3,5,0,0,87,1,5110,0,1,1
12,20,1,0,0,75,1,5110,0,1,1
5,2,6,0,0,57,0,1300,0,1,1
3,7,4,0,1,11,2,200,0,0,0
11,3,1,0,0,92,1,5110,0,1,1
5,1,3,0,0,66,0,5110,0,1,1
13,5,1,0,0,60,2,5110,0,1,1
12,20,3,0,0,96,2,5110,0,1,1
13,20,4,0,0,98,0,5110,0,1,1
13,20,2,0,0,69,2,2340,0,1,1
10,5,0,0,0,84,1,5110,0,1,1
3,14,0,0,1,4,2,220,0,0,0
1,9,4,0,1,18,2,10,0,0,0
9,2,0,0,0,74,2,5110,0,1,1
12,21,6,0,0,92,2,5110,0,1,1
3,4,3,0,0,99,0,5110,0,1,1
12,0,3,0,0,99,2,2960,0,1,1
13,19,4,0,0,73,2,1840,0,0,1
9,2,4,0,0,64,1,5110,0,0,1
9,4,2,0,0,85,2,4500,0,1,1
12,4,6,0,0,61,1,5110,0,0,1
11,23,5,0,0,76,0,5110,0,1,1
9,20,4,0,0,56,1,5110,0,0,1
4,14,3,0,1,8,1,40,0,0,0
11,18,4,0,0,74,1,5110,0,0,1
13,20,2,0,1,96,0,2000,0,0,1
3,12,0,0,1,8,1,50,0,0,0
5,10,2,0,1,8,2,10,0,0,0
3,11,2,0,1,13,0,10,0,0,0
1,13,4,0,1,5,2,30,0,0,0
7,22,4,0,0,83,2,2720,0,1,1
11,1,1,0,1,74,2,10,0,1,1
13,19,6,0,0,83,2,5110,0,0,1
13,1,0,0,0,58,1,5100,0,1,1
4,14,0,0,1,1,1,1000,0,0,0
12,1,5,0,0,62,2,5110,0,1,1
5,9,4,0,1,12,0,20,0,0,0
13,0,4,0,0,53,0,5110,0,0,1
11,23,6,0,0,65,0,5100,0,0,1
12,0,2,0,0,75,1,5110,0,0,1
5,4,4,0,0,69,2,4570,0,0,1
11,5,1,0,0,94,0,5110,0,1,1
11,22,2,0,0,81,0,160,0,1,1
10,0,3,0,0,91,2,2420,0,1,1
9,0,4,0,0,87,2,5100,0,1,1
11,3,0,0,0,92,0,5100,0,1,1
5,13,4,0,1,1,0,130,0,0,0
13,23,5,0,0,71,1,2980,0,1,1
11,0,0,0,0,52,2,5110,0,1,1
9,20,2,0,0,71,1,10,0,1,1
5,18,1,0,0,78,1,5110,0,0,1
6,22,3,0,0,80,2,1330,0,0,1
13,3,6,0,0,82,1,5110,0,0,1
4,16,0,0,1,5,2,20,0,0,0
1,14,3,0,1,15,1,10,0,0,0
10,5,4,0,0,59,1,2180,0,1,1
7,0,2,0,0,62,1,5110,0,0,1
9,19,3,0,0,50,2,5110,0,1,1
3,13,0,0,1,0,2,10,0,0,0
12,4,5,0,0,62,0,5110,0,0,1
9,20,5,0,1,74,1,2460,0,1,1
12,3,5,0,1,87,0,1420,0,1,1
9,18,2,0,0,63,2,5110,0,1,1
10,1,1,0,0,79,1,5110,0,1,1
6,20,0,0,0,99,0,2600,0,1,1
13,2,4,0,0,72,0,5110,0,1,1
8,22,4,0,1,90,2,980,0,1,1
13,2,6,0,0,73,0,5110,0,1,1
9,7,4,0,0,13,1,160,0,0,0
12,2,3,0,0,80,0,5110,0,1,1
9,18,2,0,0,52,1,5110,0,1,1
5,21,1,0,0,88,0,5110,0,1,1
14,18,3,0,0,82,0,40,0,1,1
9,5,4,0,0,87,0,5110,0,1,1
13,2,1,0,0,82,1,5110,0,0,1
3,5,6,0,0,70,2,5110,0,1,1
9,21,4,0,0,51,2,5100,0,1,1
12,18,5,0,0,64,1,890,0,1,1
2,10,0,0,1,3,2,10,0,0,0
4,11,3,0,0,13,0,80,0,0,0
5,23,1,0,0,61,0,5110,0,0,1
12,19,4,0,0,70,0,5100,0,0,1
1,18,3,0,1,8,0,80,0,1,0
13,0,2,0,0,93,2,2770,0,0,1
4,7,4,0,1,6,2,20,0,1,0
13,18,3,0,0,84,0,5110,0,1,1
9,5,1,0,1,67,0,2650,0,1,1
11,20,2,0,0,77,2,2470,0,1,1
12,23,0,0,0,67,1,5100,0,0,1
11,22,0,0,0,69,1,5110,0,1,1
2,17,1,0,1,6,2,200,0,0,0
6,22,1,0,1,91,1,1990,0,1,1
11,4,4,0,1,82,0,2120,0,0,1
5,1,4,0,0,62,2,1300,0,1,1
4,10,2,0,0,11,0,60,0,0,0
5,2,2,0,0,65,1,5110,0,1,1
9,0,2,0,0,57,2,5110,0,1,1
11,22,5,0,1,80,1,2220,0,1,1
9,5,0,0,0,82,0,5110,0,1,1
11,20,3,0,0,55,2,5110,0,1,1
13,4,5,0,0,93,0,5110,0,1,1
13,20,5,0,0,56,0,5110,0,1,1
10,23,0,0,1,95,0,1280,0,1,1
13,21,6,0,0,67,1,2790,0,1,1
1,11,0,0,1,17,2,90,0,0,0
11,20,2,0,0,57,1,5110,0,1,1
4,16,3,0,1,8,1,290,0,0,0
12,22,0,0,0,50,0,5110,0,1,1
11,19,3,0,0,62,2,5110,0,1,1
11,1,6,0,0,73,0,5100,0,1,1
10,0,5,0,0,52,2,5110,0,1,1
5,21,5,0,0,62,2,5110,0,0,1
11,22,5,0,0,59,0,5110,0,1,1
4,13,2,0,1,19,1,280,0,0,0
10,2,2,0,0,84,1,5110,0,1,1
5,9,1,0,0,15,1,10,0,0,0
12,19,6,0,0,82,2,5110,0,1,1
10,3,0,0,0,57,0,5110,0,1,1
7,2,1,0,0,92,2,5110,0,1,1
5,7,3,0,0,1,0,10,0,0,0
6,22,0,0,0,96,1,5110,0,0,1
13,19,1,0,0,50,2,5100,0,1,1
12,22,6,0,1,77,2,2500,0,1,1
9,19,0,0,0,63,2,5100,0,0,1
9,22,4,0,0,85,0,5110,0,1,1
12,2,1,0,0,76,2,5110,0,0,1
10,2,2,0,0,76,2,5110,0,1,1
5,19,3,0,0,87,2,5100,0,1,1
12,3,4,0,0,99,1,1270,0,1,1
13,2,3,0,0,89,1,5070,0,1,1
11,20,0,0,0,61,2,5110,0,1,1
11,23,6,0,0,56,0,2570,0,1,1
12,22,6,0,0,68,2,5100,0,1,1
13,21,1,0,1,50,1,2660,0,0,1
7,2,3,0,0,51,2,2380,0,1,1
11,1,0,0,1,71,1,1310,0,1,1
4,8,3,0,1,15,1,170,0,0,0
10,4,1,0,1,70,1,1100,0,1,1
3,7,1,0,1,8,0,10,0,0,0
10,22,3,0,0,93,0,5090,0,1,1
1,16,2,0,1,0,1,10,0,0,0
13,5,1,0,1,55,2,2660,0,1,1
6,23,0,0,0,54,2,2330,0,1,1
10,18,5,0,0,64,0,5110,0,0,1
10,1,5,0,1,50,1,1020,0,1,1
13,4,6,0,1,71,2,2010,0,1,1
8,3,2,0,1,55,0,2250,0,0,1
9,20,5,0,0,71,1,5110,0,0,1
11,1,3,0,0,71,2,5110,0,1,1
3,7,0,0,0,16,0,10,0,0,0
13,2,6,0,0,85,0,5110,0,1,1
13,23,0,0,1,64,0,10,0,1,1
9,2,0,0,0,75,1,1400,0,0,1
13,23,4,0,0,85,1,260,0,1,1
13,4,3,0,0,96,0,5110,0,1,1
13,0,4,0,0,99,0,5110,0,1,1
13,18,2,0,0,58,1,4410,0,0,1
10,0,4,0,0,87,2,5110,0,1,1
11,23,2,0,0,78,0,5110,0,1,1
13,4,4,0,0,56,1,2860,0,1,1
4,22,1,0,0,95,0,5110,0,1,1
12,21,3,0,0,66,2,5110,0,1,1
10,22,5,0,0,90,0,5110,0,0,1
7,3,6,0,0,64,2,5110,0,1,1
9,22,5,0,0,75,1,5110,0,1,1
7,1,4,0,0,81,1,5110,0,1,1
9,3,3,0,0,79,2,5100,0,1,1
10,19,0,0,0,97,0,5110,0,1,1
10,5,1,0,0,82,1,5090,0,1,1
5,14,3,0,0,8,0,110,0,0,0
9,23,4,0,0,81,0,5110,0,1,1
12,23,6,0,0,90,1,5110,0,1,1
8,8,1,0,1,19,1,10,0,0,0
12,5,3,0,0,74,1,4840,0,1,1
11,4,2,0,0,72,0,5110,0,1,1
2,8,0,0,1,1,2,190,0,0,0
12,3,2,0,0,93,0,5110,0,1,1
9,21,0,0,0,53,0,2270,0,1,1
9,19,3,0,0,78,2,510,0,1,1
9,2,5,0,0,77,1,1220,0,1,1
11,3,3,0,0,82,1,5100,0,1,1
10,5,2,0,0,64,1,5110,0,0,1
11,23,3,0,0,69,0,5070,0,0,1
13,1,4,0,0,66,0,5110,0,1,1
10,23,5,0,0,79,2,1370,0,1,1
13,4,4,0,0,57,0,4460,0,1,1
6,1,6,0,0,84,1,4440,0,1,1
9,23,4,0,0,74,0,5100,0,0,1
11,5,0,0,0,73,2,5110,0,1,1
12,21,2,0,0,59,2,5110,0,1,1
12,22,0,0,0,53,2,5110,0,1,1
7,4,6,0,0,58,1,5110,0,1,1
12,22,0,0,0,50,2,5110,0,0,1
13,19,3,0,0,90,0,5110,0,1,1
13,19,6,0,0,74,1,5110,0,1,1
9,2,3,0,0,50,1,5110,0,1,1
12,4,2,0,0,77,2,5110,0,1,1
5,0,0,0,1,56,0,1290,0,1,1
5,10,1,0,1,8,0,60,0,0,0
9,21,3,0,0,55,0,5110,0,1,1
1,18,3,0,1,18,0,190,0,0,0
10,1,6,0,0,96,0,5110,0,1,1
11,3,4,0,0,61,0,10,0,1,1
14,1,3,0,0,88,0,40,0,0,1
9,22,5,0,0,87,0,5110,0,1,1
10,21,2,0,0,68,2,5110,0,0,1
1,7,2,0,1,14,1,70,0,0,0
12,21,0,0,0,60,0,5110,0,1,1
9,1,0,0,0,81,1,5110,0,0,1
12,21,3,0,0,54,2,5110,0,1,1
9,19,4,0,0,60,2,1010,0,1,1
12,4,4,0,1,88,1,2680,0,0,1
10,0,4,0,0,66,0,5110,0,1,1
10,5,3,0,0,50,1,2160,0,1,1
10,22,5,0,1,77,1,1960,0,1,1
12,0,1,0,0,67,0,5100,0,1,1
4,2,5,0,0,95,0,5110,0,1,1
9,22,2,0,0,59,1,5100,0,1,1
13,2,2,0,0,80,0,5100,0,1,1
12,4,6,0,0,94,2,5110,0,1,1
5,4,3,0,0,82,2,5110,0,1,1
9,2,6,0,1,85,1,2940,0,0,1
5,14,4,0,1,8,2,210,0,0,0
10,5,4,0,0,75,1,2610,0,0,1
6,1,1,0,0,92,2,2030,0,0,1
6,18,1,0,0,64,2,5110,0,1,1
10,2,0,0,0,59,0,2700,0,1,1
12,3,3,0,0,70,1,5110,0,1,1
12,4,4,0,0,52,1,1160,0,1,1
13,19,4,0,0,68,1,5110,0,1,1
3,16,3,0,1,11,0,10,0,1,0
9,1,6,0,0,83,0,5110,0,1,1
11,5,3,0,0,90,0,5110,0,1,1
8,20,0,0,1,93,0,1410,0,1,1
3,15,2,0,1,7,0,10,0,1,0
9,20,6,0,0,52,2,2270,0,1,1
13,5,6,0,0,50,0,5110,0,1,1
6,22,5,0,0,64,1,5110,0,1,1
12,21,4,0,0,67,2,5110,0,1,1
9,3,4,0,0,93,2,5090,0,1,1
12,3,3,0,0,55,0,5110,0,0,1
3,8,0,0,0,10,0,40,0,0,0
2,16,2,0,0,11,1,70,0,0,0
8,2,2,0,0,82,1,5110,0,1,1
9,22,1,0,0,86,2,5110,0,1,1
13,22,0,0,0,97,1,5110,0,1,1
12,20,2,0,1,71,1,2920,0,1,1
13,0,6,0,0,67,1,5110,0,0,1
2,7,3,0,1,3,0,80,0,0,0
10,2,4,0,0,93,2,5100,0,1,1
10,15,1,0,0,0,1,10,0,0,0
13,22,5,0,1,55,1,1080,0,1,1
5,18,0,0,1,14,2,110,0,0,0
9,23,4,0,0,61,2,5110,0,0,1
9,1,1,0,0,59,0,5100,0,0,1
13,22,1,0,0,78,1,5110,0,0,1
11,22,6,0,0,71,0,5110,0,1,1
12,22,3,0,0,72,2,5110,0,1,1
11,18,3,0,0,67,0,2690,0,1,1
5,9,1,0,1,4,1,200,0,0,0
9,5,4,0,0,72,2,5110,0,1,1
3,11,1,0,0,16,2,60,0,0,0
1,15,0,0,0,14,1,110,0,0,0
11,22,0,0,0,59,1,5110,0,1,1
4,11,0,0,1,4,2,10,0,0,0
13,20,1,0,0,78,1,5110,0,1,1
13,23,2,0,0,74,0,5110,0,1,1
4,7,2,0,1,8,2,20,0,0,0
4,18,0,0,0,64,0,5110,0,1,1
10,22,0,0,0,99,2,5110,0,1,1
11,18,1,0,0,94,2,5110,0,1,1
12,4,0,0,0,52,0,5110,0,1,1
9,2,0,0,0,59,2,2330,0,1,1
13,18,0,0,0,64,0,5110,0,1,1
10,20,1,0,0,66,0,2360,0,0,1
6,21,2,0,1,79,1,1410,0,1,1
9,1,1,0,0,60,0,5110,0,1,1
13,22,2,0,0,62,2,5110,0,1,1
9,22,0,0,0,95,0,5110,0,1,1
12,2,5,0,0,55,0,5110,0,1,1
7,19,3,0,0,51,2,1130,0,1,1
10,19,2,0,0,80,2,5110,0,0,1
9,4,4,0,0,70,0,5110,0,1,1
11,23,2,0,0,94,1,2430,0,1,1
11,18,6,0,0,72,0,5110,0,1,1
5,18,3,0,1,9,0,10,0,0,0
9,20,6,0,0,87,2,5110,0,1,1
2,16,4,0,1,8,2,10,0,0,0
13,20,6,0,0,90,1,5070,0,1,1
4,16,4,0,0,15,0,40,0,0,0
1,15,3,0,1,2,0,20,0,0,0
13,3,2,0,0,98,1,5110,0,1,1
4,4,3,0,0,59,0,5110,0,1,1
12,18,6,0,0,81,0,5100,0,1,1
13,0,0,0,0,89,0,2660,0,1,1
4,5,5,0,0,86,2,5110,0,1,1
13,5,2,0,0,80,0,4430,0,1,1
9,20,5,0,0,68,0,5110,0,0,1
13,18,6,0,0,72,1,1630,0,0,1
2,14,0,0,1,7,0,120,0,1,0
9,4,6,0,0,87,2,5110,0,0,1
13,4,1,0,0,51,0,5110,0,0,1
12,5,2,0,0,79,0,2430,0,1,1
6,21,4,0,0,79,1,5110,0,1,1
5,14,0,0,0,14,0,40,0,0,0
10,1,2,0,0,72,1,5110,0,0,1
12,4,1,0,0,59,2,5110,0,0,1
6,21,0,0,1,94,1,2480,0,1,1
6,5,0,0,1,79,0,2960,0,1,1
10,21,5,0,0,57,2,5110,0,0,1
12,2,3,0,1,80,0,2030,0,1,1
12,1,5,0,0,88,0,5100,0,1,1
11,1,5,0,0,80,1,5110,0,1,1
12,20,5,0,0,83,1,5110,0,1,1
5,10,0,0,1,12,0,10,0,0,0
10,5,6,0,0,71,1,5110,0,1,1
12,1,2,0,0,88,2,5110,0,1,1
12,3,2,0,0,72,0,5110,0,0,1
2,18,2,0,1,3,0,160,0,0,0
12,20,0,0,0,56,2,2630,0,1,1
9,5,6,0,0,82,0,5110,0,1,1
10,20,4,0,0,81,1,2430,0,1,1
1,16,2,0,1,9,2,100,0,0,0
1,15,4,0,1,5,2,50,0,0,0
5,18,0,0,0,74,0,5110,0,0,1
2,14,3,0,0,3,1,20,0,0,0
1,16,3,0,1,0,0,10,0,0,0
9,22,2,0,0,98,0,5110,0,1,1
12,23,0,0,0,91,2,2400,0,0,1
3,20,1,0,0,89,0,2670,0,1,1
13,0,4,0,1,53,2,1320,0,0,1
7,11,0,0,1,13,2,200,0,0,0
11,21,5,0,0,50,2,5110,0,1,1
13,23,0,0,0,76,0,5110,0,1,1
11,10,1,0,1,12,0,70,0,0,0
11,22,6,0,0,72,0,5110,0,1,1
2,18,2,0,0,17,2,20,0,0,0
9,7,1,0,0,11,1,10,0,0,0
5,19,5,0,0,59,2,5110,0,1,1
11,19,6,0,0,73,1,5110,0,1,1
10,23,0,0,0,68,2,5110,0,1,1
13,18,1,0,0,52,2,1920,0,1,1
9,1,4,0,0,72,0,5110,0,0,1
12,0,6,0,1,61,0,2560,0,1,1
2,14,2,0,1,5,0,30,0,0,0
5,5,4,0,0,73,2,4870,0,0,1
2,17,2,0,1,17,1,110,0,0,0
2,12,1,0,1,11,0,10,0,0,0
7,22,0,0,0,74,0,5110,0,1,1
5,17,2,0,1,14,0,100,0,0,0
3,15,2,0,1,18,1,10,0,0,0
4,13,1,0,0,12,2,20,0,0,0
11,22,1,0,0,60,0,2770,0,0,1
12,23,0,0,0,72,2,5110,0,1,1
5,12,4,0,0,1,2,10,0,0,0
13,0,3,0,0,67,2,5110,0,0,1
11,4,5,0,0,94,1,5100,0,1,1
12,20,1,0,0,91,1,5100,0,1,1
10,2,2,0,0,58,2,5110,0,1,1
9,23,2,0,0,98,2,5110,0,1,1
9,2,1,0,0,69,1,1400,0,1,1
6,4,0,0,0,64,0,5100,0,1,1
10,2,3,0,0,95,0,2880,0,0,1
11,21,5,0,0,76,1,5100,0,1,1
5,19,1,0,0,54,1,1270,0,0,1
8,18,0,0,0,65,0,2050,0,1,1
11,21,2,0,0,73,2,5100,0,0,1
1,16,0,0,1,18,0,110,0,0,0
11,22,3,0,0,85,1,5110,0,1,1
11,22,2,0,0,74,1,1290,0,1,1
9,0,0,0,0,93,1,5110,0,1,1
11,23,2,0,0,62,0,5110,0,1,1
4,20,2,0,0,90,0,5110,0,1,1
5,7,1,0,1,16,0,20,0,0,0
3,13,2,0,1,11,1,10,0,0,0
9,3,0,0,0,64,2,5110,0,0,1
12,2,5,0,0,77,2,1470,0,1,1
12,18,5,0,0,69,2,5110,0,0,1
3,16,3,0,1,6,2,10,0,0,0
4,8,2,0,1,17,0,30,0,0,0
12,1,6,0,0,87,0,5110,0,1,1
5,18,2,0,1,4,1,10,0,0,0
9,21,6,0,0,81,2,5110,0,1,1
12,23,1,0,0,60,1,4560,0,1,1
9,2,6,0,0,50,0,5110,0,1,1
9,23,6,0,0,75,2,5110,0,0,1
8,4,3,0,0,72,1,5110,0,1,1
6,4,3,0,0,76,2,5110,0,1,1
10,3,0,0,0,96,2,5110,0,1,1
9,3,3,0,0,78,2,5110,0,0,1
10,2,1,0,0,71,0,5110,0,1,1
13,5,6,0,0,99,1,2500,0,1,1
12,20,6,0,0,94,0,4840,0,1,1
12,23,1,0,0,80,0,5090,0,1,1
11,23,4,0,0,50,0,5100,0,0,1
5,18,1,0,1,17,1,20,0,0,0
13,20,3,0,0,80,0,1200,0,0,1
11,4,2,0,0,82,2,4470,0,0,1
12,21,1,0,0,88,0,5110,0,1,1
12,2,4,0,0,99,1,5110,0,1,1
4,8,3,0,0,6,2,30,0,0,0
9,22,5,0,0,68,2,5090,0,0,1
8,5,2,0,0,66,0,10,0,1,1
10,0,0,0,0,68,1,2640,0,1,1
1,15,3,0,1,12,2,50,0,0,0
8,23,3,0,0,93,0,1180,0,1,1
10,23,6,0,0,94,1,5080,0,1,1
5,14,2,0,0,15,1,140,0,0,0
1,13,1,0,0,8,0,80,0,0,0
9,4,5,0,0,94,2,2520,0,1,1
12,2,3,0,0,85,2,5110,0,1,1
6,23,6,0,0,89,2,5100,0,1,1
9,1,3,0,0,99,1,5110,0,0,1
12,3,5,0,0,94,0,5110,0,1,1
11,0,5,0,0,82,2,5110,0,0,1
1,15,2,0,1,0,2,60,0,0,0
3,20,4,0,0,78,2,5110,0,0,1
11,21,0,0,0,88,2,5110,0,0,1
9,1,1,0,0,60,0,5110,0,1,1
11,0,1,0,0,62,0,5110,0,0,1
10,20,4,0,0,55,0,5110,0,0,1
10,0,3,0,0,53,1,1490,0,1,1
12,4,0,0,1,57,2,1130,0,1,1
11,18,1,0,0,89,0,5100,0,1,1
9,18,5,0,0,79,0,1200,0,1,1
12,19,1,0,0,92,1,5110,0,1,1
11,21,4,0,0,88,0,5110,0,1,1
10,5,5,0,0,86,2,5110,0,1,1
4,18,0,0,0,6,1,30,0,0,0
4,20,4,0,0,88,1,5110,0,1,1
9,3,3,0,0,74,2,5110,0,1,1
12,18,2,0,0,50,0,5110,0,1,1
10,18,3,0,0,53,1,5100,0,1,1
11,3,0,0,0,51,1,4800,0,0,1
13,4,6,0,0,95,0,5110,0,1,1
9,20,1,0,0,64,2,5110,0,1,1
3,16,2,0,0,7,0,190,0,0,0
9,19,5,0,0,85,2,5110,0,1,1
4,16,2,0,1,14,0,10,0,0,0
13,23,5,0,0,51,0,5110,0,0,1
9,3,0,0,0,54,1,5110,0,0,1
9,4,4,0,1,94,2,2140,0,0,1
11,21,3,0,0,54,1,5110,0,1,1
3,18,1,0,1,13,1,10,0,0,0
11,2,5,0,0,76,2,4810,0,1,1
11,5,4,0,0,83,1,5110,0,0,1
9,19,2,0,0,85,2,5100,0,1,1
12,5,6,0,0,82,0,2390,0,1,1
9,21,5,0,0,92,1,5110,0,1,1
13,20,2,0,0,70,2,5100,0,1,1
9,0,6,0,0,56,1,1140,0,1,1
10,3,4,0,1,62,1,2430,0,1,1
2,15,4,0,1,18,1,10,0,0,0
12,21,1,0,1,97,2,2110,0,0,1
10,18,6,0,0,66,1,5110,0,1,1
4,14,0,0,1,16,0,20,0,0,0
9,22,1,0,1,94,2,1030,0,0,1
10,5,2,0,0,86,2,5110,0,1,1
11,0,3,0,0,57,1,5110,0,1,1
9,22,3,0,0,63,0,2190,0,1,1
10,2,3,0,0,53,1,5110,0,1,1
11,20,4,0,0,69,0,5100,0,1,1
10,20,3,0,0,68,2,5100,0,1,1
11,21,5,0,0,62,0,5110,0,1,1
10,4,4,0,0,75,0,5110,0,1,1
4,15,2,0,0,15,1,50,0,0,0
8,1,3,0,0,52,0,5110,0,1,1
2,12,4,0,1,9,1,190,0,0,0
13,23,4,0,0,61,0,5110,0,1,1
13,2,3,0,0,89,0,5110,0,0,1
1,18,0,0,1,0,0,250,0,0,0
5,2,2,0,0,64,1,1080,0,1,1
9,20,5,0,0,55,0,5110,0,1,1
9,21,6,0,0,65,2,2640,0,1,1
13,2,0,0,0,85,1,5110,0,1,1
4,20,0,0,0,90,1,5110,0,1,1
5,14,4,0,1,15,0,20,0,1,0
3,17,2,0,1,17,0,10,0,0,0
10,2,2,0,0,61,2,5110,0,1,1
8,23,1,0,0,85,2,5110,0,1,1
13,23,2,0,0,51,1,2480,0,1,1
11,3,5,0,0,53,1,5110,0,1,1
1,13,2,0,1,17,1,50,0,0,0
13,3,4,0,1,68,1,1400,0,1,1
3,10,3,0,0,17,2,160,0,0,0
4,13,0,0,1,19,1,30,0,0,0
10,3,0,0,0,96,2,5100,0,0,1
7,22,2,0,0,61,2,5110,0,0,1
9,19,4,0,0,96,1,160,0,0,1
11,18,1,0,0,77,0,5100,0,1,1
9,2,1,0,0,73,2,5110,0,0,1
10,22,3,0,0,71,1,5110,0,1,1
12,1,0,0,0,91,1,1190,0,1,1
9,0,1,0,0,78,0,5110,0,1,1
10,2,6,0,0,88,1,5060,0,1,1
12,5,2,0,0,81,2,4390,0,1,1
11,4,5,0,1,92,1,2550,0,0,1
4,12,4,0,1,14,2,30,0,0,0
10,19,3,0,1,66,0,1480,0,1,1
2,10,1,0,0,11,0,30,0,0,0
10,18,1,0,0,71,2,5110,0,0,1
12,4,5,0,0,52,2,1060,0,1,1
4,12,4,0,1,8,0,10,0,0,0
11,2,4,0,0,71,2,5110,0,1,1
6,4,1,0,0,85,2,5110,0,1,1
6,4,2,0,0,69,1,5090,0,0,1
4,20,5,0,0,61,2,5110,0,1,1
11,4,2,0,0,82,0,2300,0,1,1
11,19,3,0,0,55,0,5110,0,1,1
13,0,5,0,1,61,0,1330,0,0,1
12,4,4,0,0,60,1,1070,0,1,1
9,21,1,0,0,67,1,5110,0,0,1
8,23,3,0,0,78,1,1250,0,1,1
10,18,4,0,0,97,0,5110,0,1,1
12,1,0,0,0,65,2,2080,0,0,1
5,17,0,0,1,16,0,10,0,0,0
4,8,4,0,0,17,2,60,0,0,0
12,2,3,0,0,60,2,5110,0,1,1
9,23,1,0,0,84,2,5110,0,0,1
4,14,2,0,1,18,1,70,0,0,0
10,4,5,0,0,55,1,5110,0,1,1
11,1,2,0,0,59,1,5110,0,0,1
13,20,3,0,0,86,2,5110,0,0,1
12,22,5,0,0,69,2,5110,0,1,1
10,18,3,0,0,86,1,10,0,1,1
10,21,1,0,0,80,0,5110,0,1,1
6,0,3,0,0,66,0,5110,0,0,1
3,1,0,0,0,88,1,5110,0,1,1
12,19,2,0,0,83,1,1480,0,1,1
9,3,5,0,0,89,1,2300,0,1,1
10,23,4,0,0,84,2,1210,0,1,1
3,14,3,0,1,5,0,190,0,0,0
9,21,5,0,0,62,2,2120,0,1,1
12,20,1,0,0,90,0,2490,0,1,1
12,18,1,0,1,59,0,1180,0,1,1
9,3,5,0,0,80,0,5110,0,1,1
10,0,5,0,0,72,1,1440,0,1,1
10,21,3,0,1,94,2,2530,0,1,1
11,2,0,0,1,85,2,2400,0,1,1
5,7,2,0,0,1,2,260,0,0,0
1,9,0,0,0,15,0,10,0,0,0
1,14,3,0,1,6,1,50,0,0,0
13,20,6,0,0,69,1,5110,0,0,1
13,3,5,0,0,60,1,1810,0,1,1
12,19,0,0,0,59,0,5110,0,1,1
10,2,0,0,0,68,0,5110,0,1,1
12,18,6,0,0,80,1,5110,0,1,1
4,10,2,0,1,8,0,10,0,0,0
13,1,4,0,1,60,2,1410,0,1,1
12,3,6,0,0,70,1,4820,0,1,1
13,23,2,0,1,54,1,1480,0,0,1
9,4,3,0,1,66,1,2440,0,0,1
12,2,5,0,0,62,2,5110,0,0,1
4,1,3,0,0,78,1,20,0,0,1
4,7,1,0,0,0,2,260,0,0,0
11,5,3,0,0,74,0,2430,0,0,1
10,5,1,0,0,92,2,1480,0,1,1
12,19,5,0,0,69,1,1310,0,1,1
8,21,6,0,0,72,1,5110,0,1,1
12,18,1,0,0,62,1,1020,0,0,1
13,18,3,0,0,92,2,5110,0,1,1
11,22,5,0,0,70,2,5110,0,1,1
10,5,3,0,0,50,0,1350,0,0,1
11,21,5,0,0,51,2,4790,0,0,1
9,1,2,0,0,78,2,5110,0,0,1
1,15,1,0,1,19,0,10,0,1,0
4,10,0,0,1,0,0,10,0,0,0
13,5,4,0,0,99,2,2090,0,1,1
12,5,5,0,0,60,2,5110,0,1,1
9,1,4,0,0,96,2,5110,0,1,1
13,2,6,0,0,82,1,4520,0,0,1
13,21,1,0,0,52,1,5110,0,1,1
11,20,6,0,0,53,2,5110,0,1,1
4,10,2,0,0,16,1,70,0,0,0
10,21,2,0,0,50,2,5110,0,0,1
12,1,3,0,0,66,2,2190,0,1,1
9,23,6,0,0,86,2,5100,0,1,1
9,3,3,0,0,60,0,4410,0,1,1
11,18,2,0,0,65,2,5110,0,1,1
6,18,4,0,0,91,1,4470,0,1,1
11,19,0,0,0,82,2,5110,0,1,1
12,19,4,0,0,80,1,5110,0,1,1
9,0,0,0,0,80,2,5110,0,1,1
3,22,0,0,0,54,2,4520,0,1,1
12,20,3,0,0,63,2,1450,0,0,1
2,10,2,0,0,14,0,10,0,0,0
12,0,6,0,0,85,2,5110,0,0,1
9,5,1,0,0,63,1,5110,0,1,1
11,21,6,0,0,52,2,5110,0,1,1
11,22,0,0,0,64,0,5110,0,1,1
13,20,5,0,1,53,0,2760,0,1,1
12,20,0,0,0,98,0,5110,0,1,1
12,23,6,0,0,74,2,5110,0,0,1
12,19,5,0,0,94,2,5110,0,1,1
10,3,0,0,0,52,0,5110,0,1,1
13,18,5,0,0,70,1,2360,0,0,1
10,3,0,0,0,84,0,5110,0,1,1
9,1,6,0,0,64,2,5110,0,0,1
10,3,0,0,0,59,2,2010,0,0,1
2,9,4,0,1,17,0,10,0,0,0
10,18,6,0,1,52,1,1370,0,1,1
9,1,4,0,1,98,0,2200,0,1,1
12,0,5,0,0,55,2,10,0,1,1
3,0,2,0,0,66,2,5110,0,1,1
5,20,5,0,0,54,0,5100,0,0,1
8,21,1,0,0,75,0,5110,0,1,1
13,1,4,0,0,65,0,5110,0,1,1
10,0,0,0,0,62,1,5110,0,1,1
11,22,1,0,0,59,1,5110,0,1,1
5,20,3,0,0,63,2,5110,0,1,1
12,22,5,0,0,94,2,1460,0,0,1
11,21,3,0,0,94,0,2220,0,1,1
11,20,4,0,0,95,2,1280,0,0,1
9,18,0,0,0,55,0,5110,0,0,1
13,4,6,0,0,99,1,5110,0,1,1
2,8,0,0,1,12,0,20,0,0,0
9,22,0,0,0,86,2,5110,0,1,1
12,18,4,0,1,62,1,2940,0,1,1
12,5,1,0,0,51,1,5100,0,1,1
10,11,2,0,1,12,1,100,0,0,0
10,1,5,0,0,92,2,4760,0,1,1
5,23,4,0,0,55,0,1380,0,1,1
5,14,4,0,1,7,1,80,0,1,0
11,23,1,0,0,88,2,5110,0,1,1
4,17,3,0,1,11,2,60,0,0,0
3,16,2,0,1,4,0,10,0,0,0
12,19,6,0,0,99,1,2570,0,1,1
5,18,2,0,0,6,2,10,0,0,0
5,16,0,0,1,6,0,40,0,0,0
12,4,4,0,0,91,2,5110,0,0,1
9,5,3,0,0,80,1,5110,0,0,1
4,11,3,0,1,18,1,10,0,0,0
7,4,5,0,0,72,2,5110,0,1,1
11,4,1,0,0,70,2,2610,0,0,1
11,23,0,0,0,78,1,5110,0,1,1
5,2,4,0,0,87,2,5110,0,1,1
7,21,2,0,0,97,2,5110,0,1,1
10,23,4,0,0,56,2,5110,0,1,1
12,21,5,0,0,61,2,5110,0,1,1
9,1,5,0,0,80,1,5110,0,0,1
11,21,1,0,0,92,2,5110,0,1,1
3,16,0,0,1,17,2,20,0,0,0
7,4,4,0,0,69,1,5110,0,1,1
9,5,4,0,0,85,1,5110,0,1,1
10,5,5,0,0,63,0,5110,0,1,1
10,2,1,0,0,74,1,5110,0,1,1
10,2,4,0,0,99,0,5110,0,1,1
11,21,4,0,0,92,2,5110,0,1,1
10,2,1,0,0,50,2,5110,0,1,1
13,2,3,0,0,54,1,5110,0,1,1
11,23,3,0,0,85,1,1210,0,1,1
1,12,4,0,1,14,1,10,0,0,0
7,18,2,0,0,72,0,5110,0,1,1
10,2,3,0,0,72,0,5110,0,1,1
11,21,3,0,0,85,1,5110,0,1,1
3,14,2,0,1,15,2,40,0,0,0
12,1,5,0,0,89,2,5110,0,1,1
12,5,4,0,0,87,1,5110,0,1,1
6,18,4,0,0,67,1,5110,0,1,1
8,0,0,0,0,66,0,2710,0,0,1
9,20,5,0,0,85,1,5110,0,0,1
13,22,2,0,0,59,2,1090,0,1,1
12,1,0,0,0,96,2,5110,0,1,1
13,2,1,0,0,57,0,5110,0,1,1
7,3,0,0,0,82,0,5100,0,1,1
9,4,2,0,0,84,1,5110,0,1,1
10,0,2,0,0,73,1,5100,0,1,1
3,16,1,0,0,6,2,110,0,0,0
2,11,1,0,1,2,1,100,0,0,0
9,3,0,0,0,62,2,1980,0,1,1
10,21,2,0,0,68,1,4470,0,1,1
8,0,0,0,0,64,1,5110,0,1,1
11,18,4,0,0,68,1,5110,0,1,1
12,0,4,0,0,83,2,5110,0,0,1
11,0,6,0,0,62,1,5110,0,1,1
9,19,5,0,0,54,2,1190,0,1,1
9,23,0,0,0,91,0,4590,0,1,1
9,3,1,0,1,92,2,1170,0,1,1
4,11,4,0,1,16,1,10,0,0,0
10,22,4,0,0,98,1,5100,0,1,1
10,23,0,0,0,81,1,5110,0,1,1
11,4,3,0,0,79,0,5110,0,1,1
12,2,0,0,0,51,2,5110,0,1,1
10,2,0,0,0,71,1,5110,0,1,1
5,1,3,0,1,80,2,2920,0,1,1
11,0,2,0,0,80,1,5110,0,0,1
3,13,1,0,1,8,0,20,0,0,0
1,13,4,0,1,17,2,10,0,0,0
9,22,5,0,0,84,1,5100,0,1,1
12,23,1,0,0,50,1,5110,0,1,1
12,21,2,0,0,65,0,5110,0,0,1
4,7,4,0,1,5,0,160,0,1,0
8,8,3,0,1,17,0,350,0,0,0
12,23,2,0,0,97,0,5110,0,1,1
13,18,5,0,0,85,2,5110,0,1,1
9,4,5,0,1,67,2,2520,0,0,1
5,13,2,0,1,15,0,250,0,0,0
9,1,1,0,0,53,2,2090,0,1,1
1,11,3,0,1,1,2,80,0,0,0
13,21,5,0,0,88,2,5110,0,1,1
5,7,1,0,0,14,2,50,0,0,0
11,18,5,0,1,51,0,2160,0,1,1
12,3,3,0,0,56,2,5110,0,1,1
11,5,4,0,0,65,2,5110,0,0,1
12,18,1,0,0,81,1,5110,0,1,1
9,1,2,0,0,88,1,5110,0,1,1
13,20,0,0,0,94,1,5110,0,1,1
3,3,0,0,0,60,0,5100,0,1,1
11,23,5,0,0,64,0,5110,0,1,1
5,21,3,0,0,76,2,5110,0,0,1
6,11,1,0,1,5,0,20,0,0,0
5,7,2,0,0,15,1,190,0,0,0
9,20,6,0,0,94,1,5110,0,1,1
9,5,5,0,0,79,0,5110,0,1,1
4,17,0,0,1,12,0,90,0,0,0
11,21,2,0,0,68,2,5110,0,1,1
9,3,2,0,0,78,0,1440,0,1,1
7,10,2,0,1,4,0,10,0,1,0
12,1,3,0,0,64,0,5110,0,1,1
13,20,3,0,0,56,0,4680,0,0,1
9,18,4,0,0,60,1,5110,0,1,1
9,2,4,0,0,60,1,2280,0,0,1
4,16,4,0,1,18,0,360,0,0,0
10,21,1,0,0,70,2,2320,0,1,1
10,3,5,0,0,66,0,4760,0,1,1
3,12,4,0,1,5,0,40,0,0,0
3,11,4,0,0,14,1,10,0,0,0
3,7,4,0,1,9,2,220,0,0,0
9,20,6,0,0,56,1,5110,0,0,1
9,3,4,0,0,53,0,4820,0,1,1
10,2,2,0,1,74,0,10,0,0,1
5,9,0,0,1,2,1,190,0,0,0
11,20,0,0,0,52,1,5110,0,0,1
10,5,1,0,1,86,1,2220,0,0,1
2,17,2,0,1,7,2,10,0,0,0
11,22,6,0,0,68,1,5110,0,0,1
10,0,4,0,0,82,0,2270,0,1,1
12,2,6,0,0,85,2,5100,0,1,1
13,20,6,0,0,78,1,5110,0,1,1
1,10,1,0,1,1,2,140,0,0,0
13,4,4,0,0,80,2,2560,0,1,1
10,20,3,0,0,53,0,5110,0,1,1
9,23,5,0,1,77,2,2480,0,1,1
2,17,0,0,1,4,1,50,0,0,0
9,2,1,0,0,89,2,5110,0,1,1
7,23,0,0,0,69,2,5110,0,1,1
11,5,6,0,0,84,2,4460,0,1,1
10,3,6,0,0,53,2,5100,0,0,1
4,12,4,0,1,14,0,60,0,0,0
12,2,2,0,0,71,2,1840,0,1,1
1,11,3,0,1,19,2,10,0,0,0
11,1,5,0,0,64,2,5100,0,1,1
11,0,6,0,1,98,2,1900,0,1,1
11,5,0,0,0,88,2,5110,0,0,1
13,23,2,0,0,66,2,5110,0,1,1
12,22,1,0,0,78,0,2210,0,1,1
13,18,5,0,0,75,2,5110,0,1,1
12,21,0,0,0,87,1,5110,0,0,1
12,19,2,0,0,77,2,4500,0,0,1
10,0,6,0,0,70,0,5110,0,1,1
12,2,0,0,0,95,2,5110,0,1,1
12,0,3,0,0,81,0,2560,0,0,1
9,19,5,0,0,76,2,2400,0,1,1
7,4,1,0,0,50,2,5110,0,0,1
11,4,0,0,0,52,0,5110,0,1,1
10,4,4,0,1,50,2,1260,0,1,1
10,21,5,0,0,85,1,5110,0,0,1
5,8,3,0,1,8,1,120,0,0,0
9,5,3,0,0,92,0,5110,0,1,1
10,20,6,0,0,84,0,5110,0,1,1
7,3,3,0,0,51,2,5110,0,1,1
10,3,3,0,0,88,1,1140,0,1,1
9,3,2,0,0,59,0,5110,0,1,1
9,0,1,0,0,96,2,5110,0,0,1
7,7,2,0,0,19,0,80,0,0,0
8,3,6,0,0,81,1,2740,0,1,1
11,19,6,0,0,88,0,5110,0,1,1
11,21,2,0,0,86,0,5110,0,1,1
13,0,6,0,0,67,1,5080,0,1,1
13,18,4,0,0,89,0,5110,0,1,1
9,19,6,0,0,64,1,4590,0,1,1
13,1,6,0,0,60,1,5110,0,0,1
9,22,5,0,1,57,0,2390,0,1,1
3,9,4,0,1,7,1,10,0,0,0
3,10,1,0,1,5,0,10,0,0,0
9,23,6,0,0,73,2,5110,0,1,1
10,2,1,0,0,78,2,5110,0,1,1
3,17,3,0,1,10,0,10,0,0,0
9,0,2,0,0,61,1,5110,0,1,1
11,4,2,0,0,60,0,5110,0,1,1
4,16,1,0,1,9,1,80,0,0,0
3,13,2,0,0,13,2,110,0,0,0
11,19,5,0,0,53,0,5110,0,1,1
10,20,5,0,0,83,0,1260,0,1,1
11,18,0,0,0,79,2,5110,0,1,1
2,15,1,0,1,19,2,10,0,0,0
10,3,2,0,0,52,1,5110,0,1,1
3,11,3,0,1,15,1,10,0,0,0
10,22,0,0,0,54,2,5100,0,1,1
13,19,6,0,0,62,0,1150,0,0,1
9,2,3,0,1,74,0,1100,0,1,1
11,19,6,0,0,97,0,5110,0,0,1
5,9,4,0,1,17,1,10,0,0,0
11,0,6,0,0,76,1,5110,0,1,1
10,3,5,0,0,99,2,5110,0,1,1
4,2,0,0,1,94,0,1540,0,1,1
10,3,1,0,0,63,1,5110,0,1,1
5,2,6,0,1,88,0,2790,0,1,1
14,18,0,0,0,92,2,40,0,0,1
12,1,3,0,0,88,1,5110,0,1,1
13,18,3,0,0,99,2,5110,0,0,1
8,4,0,0,0,89,0,5110,0,1,1
10,5,4,0,0,91,2,1190,0,1,1
11,3,2,0,0,65,0,5110,0,0,1
13,19,3,0,0,55,2,5110,0,1,1
6,20,3,0,0,68,0,5110,0,1,1
11,2,0,0,0,89,2,5110,0,1,1
11,0,4,0,0,71,2,5110,0,1,1
6,2,2,0,0,65,1,5110,0,0,1
6,18,2,0,0,87,1,5100,0,1,1
6,19,1,0,0,72,0,1170,0,0,1
12,5,3,0,0,55,1,5100,0,1,1
5,7,2,0,1,13,1,20,0,0,0
10,1,0,0,0,69,2,5100,0,1,1
12,3,1,0,0,94,2,1180,0,0,1
7,0,2,0,1,67,1,2820,0,1,1
1,11,4,0,1,5,1,50,0,1,0
10,1,2,0,0,51,2,4760,0,0,1
3,11,2,0,1,7,1,40,0,0,0
1,17,2,0,1,13,0,20,0,0,0
3,17,2,0,1,16,0,10,0,1,0
9,4,4,0,0,89,2,5110,0,1,1
10,0,0,0,0,65,0,2050,0,1,1
12,2,3,0,0,94,2,5110,0,1,1
10,2,6,0,0,99,2,5110,0,1,1
3,7,4,0,1,3,0,40,0,0,0
13,2,3,0,0,58,2,5110,0,0,1
10,20,5,0,1,61,0,2460,0,1,1
9,21,3,0,0,72,2,5110,0,0,1
3,11,2,0,0,14,2,90,0,0,0
5,9,2,0,1,14,2,30,0,0,0
11,5,6,0,0,93,2,5110,0,1,1
10,2,3,0,0,95,0,5110,0,0,1
5,19,0,0,0,76,2,5110,0,0,1
13,19,1,0,1,89,0,1030,0,1,1
5,1,4,0,0,77,2,5110,0,1,1
9,5,0,0,0,76,0,5110,0,1,1
2,14,1,0,1,10,0,20,0,0,0
13,19,6,0,0,94,0,5110,0,1,1
3,15,2,0,1,17,0,120,0,0,0
10,3,1,0,0,79,1,5110,0,1,1
5,11,4,0,1,17,0,380,0,1,0
14,20,4,0,0,75,2,50,0,0,1
4,4,2,0,0,84,2,5110,0,1,1
3,10,3,0,1,3,0,20,0,0,0
5,11,1,0,0,1,1,60,0,0,0
12,20,2,0,0,53,0,5110,0,1,1
4,18,0,0,0,17,0,20,0,0,0
12,22,1,0,0,81,1,1150,0,1,1
9,3,3,0,0,56,0,1020,0,1,1
10,18,5,0,1,52,1,1120,0,1,1
2,14,2,0,0,10,1,160,0,0,0
9,19,4,0,0,74,1,5110,0,0,1
13,20,5,0,0,84,2,5110,0,1,1
8,8,2,0,1,5,1,310,0,0,0
4,23,1,0,0,76,0,5110,0,1,1
13,18,3,0,0,70,2,5110,0,1,1
9,19,1,0,0,76,2,5100,0,1,1
11,2,6,0,0,80,0,1450,0,1,1
10,22,3,0,0,80,1,60,0,1,1
12,4,5,0,0,97,1,5110,0,1,1
11,21,4,0,0,71,0,2300,0,0,1
4,12,0,0,1,12,0,90,0,0,0
13,3,5,0,0,79,1,5110,0,1,1
12,5,2,0,0,79,2,5100,0,0,1
11,22,2,0,0,90,2,5110,0,1,1
10,5,2,0,0,57,1,4900,0,0,1
10,18,5,0,0,95,2,2480,0,1,1
12,18,5,0,0,87,2,5090,0,1,1
2,7,0,0,1,8,0,50,0,0,0
13,19,4,0,0,99,2,5110,0,0,1
3,14,1,0,1,5,0,40,0,0,0
7,21,3,0,0,99,0,5110,0,1,1
3,16,4,0,0,10,2,120,0,0,0
10,18,0,0,0,58,2,5110,0,1,1
13,23,4,0,0,83,2,5110,0,0,1
9,2,1,0,0,54,1,5110,0,1,1
13,1,6,0,0,72,2,1040,0,1,1
10,1,5,0,0,60,1,5110,0,0,1
9,0,3,0,0,74,0,5110,0,1,1
7,23,0,0,0,96,0,5110,0,1,1
1,17,1,0,1,12,0,100,0,0,0
5,19,3,0,0,68,1,5110,0,1,1
11,23,0,0,0,53,1,4810,0,1,1
3,16,2,0,0,5,1,150,0,0,0
13,21,3,0,0,64,2,5110,0,1,1
12,2,4,0,0,66,2,5110,0,1,1
14,23,0,0,1,55,2,40,0,1,1
13,19,6,0,0,95,2,2090,0,1,1
3,11,0,0,1,12,1,160,0,0,0
2,12,4,0,1,17,1,10,0,0,0
6,18,0,0,0,78,1,5110,0,0,1
5,23,0,0,0,97,1,5100,0,1,1
10,4,3,0,1,63,0,290,0,0,1
11,3,5,0,0,63,1,5110,0,0,1
11,21,1,0,0,71,2,1440,0,1,1
9,20,3,0,0,85,2,5110,0,1,1
2,16,0,0,1,13,1,130,0,0,0
13,21,6,0,0,66,0,4660,0,0,1
12,22,0,0,0,64,2,1270,0,1,1
9,3,6,0,1,84,2,1000,0,1,1
10,20,2,0,0,76,0,5110,0,1,1
9,21,6,0,0,80,2,5110,0,1,1
13,18,0,0,0,71,2,5110,0,1,1
9,1,2,0,0,76,0,5110,0,0,1
7,4,2,0,0,81,2,5110,0,1,1
10,20,5,0,0,76,1,10,0,1,1
12,21,2,0,0,88,2,5110,0,1,1
5,15,1,0,1,17,0,40,0,0,0
13,4,1,0,0,61,2,5110,0,1,1
12,2,0,0,0,86,2,5110,0,1,1
13,0,5,0,0,79,1,5110,0,1,1
1,7,0,0,1,7,0,70,0,0,0
3,22,6,0,0,91,0,5110,0,0,1
12,1,0,0,0,69,1,5110,0,1,1
5,18,2,0,1,6,0,10,0,0,0
10,18,6,0,0,57,2,5110,0,1,1
3,11,1,0,0,14,1,70,0,0,0
9,19,6,0,0,88,0,5110,0,1,1
11,3,1,0,0,79,1,5110,0,1,1
10,5,2,0,0,80,2,5110,0,1,1
11,4,5,0,0,82,1,1260,0,1,1
3,12,3,0,1,4,1,130,0,0,0
10,22,5,0,0,82,1,5110,0,1,1
11,4,4,0,0,60,2,1450,0,1,1
5,12,1,0,1,17,1,10,0,0,0
9,19,4,0,0,86,2,5110,0,1,1
12,4,0,0,0,97,0,5110,0,0,1
11,4,6,0,0,91,1,5110,0,1,1
10,19,6,0,1,73,0,2290,0,1,1
11,0,2,0,0,81,1,5110,0,1,1
11,21,0,0,0,81,2,4820,0,1,1
4,7,1,0,1,0,2,10,0,0,0
5,18,0,0,1,19,2,80,0,0,0
9,14,2,0,0,14,1,60,0,0,0
12,5,3,0,0,73,1,2220,0,1,1
13,1,1,0,0,53,2,5110,0,1,1
12,19,5,0,0,96,1,4520,0,1,1
13,19,4,0,0,60,1,5110,0,1,1
1,16,4,0,1,8,0,10,0,0,0
12,23,5,0,0,62,1,5110,0,1,1
10,21,5,0,0,87,0,2980,0,0,1
14,3,3,0,0,77,1,10,0,1,1
12,5,3,0,0,86,1,5090,0,1,1
12,23,2,0,0,56,2,5110,0,1,1
11,19,5,0,0,52,0,5110,0,1,1
13,5,4,0,0,53,1,5110,0,1,1
11,4,4,0,0,84,0,5110,0,1,1
9,4,3,0,0,68,1,1210,0,0,1
3,18,4,0,0,6,0,60,0,0,0
1,17,1,0,1,13,0,10,0,0,0
13,4,0,0,0,66,0,4550,0,0,1
9,2,1,0,0,76,1,5110,0,1,1
12,19,6,0,0,92,0,5110,0,1,1
11,2,1,0,0,92,1,5040,0,0,1
12,3,4,0,0,97,2,5110,0,1,1
13,3,3,0,0,64,0,5110,0,1,1
4,13,1,0,0,12,2,10,0,0,0
10,1,4,0,0,50,1,5110,0,1,1
13,22,3,0,0,88,2,1270,0,1,1
8,0,5,0,0,97,2,5110,0,1,1
10,23,1,0,0,83,1,5110,0,1,1
13,23,1,0,1,59,0,2610,0,0,1
9,18,0,0,0,55,1,2200,0,1,1
4,17,2,0,1,5,0,30,0,0,0
9,13,2,0,0,13,0,10,0,0,0
5,13,3,0,1,13,1,10,0,0,0
9,4,1,0,0,54,1,5110,0,0,1
7,21,6,0,0,90,0,5100,0,1,1
9,19,6,0,0,92,1,5110,0,1,1
9,1,0,0,0,70,1,5110,0,1,1
11,23,5,0,0,99,2,4780,0,1,1
12,18,2,0,0,80,1,2460,0,1,1
10,5,6,0,0,84,2,5100,0,1,1
9,3,1,0,0,55,1,5110,0,1,1
3,1,3,0,0,50,1,5110,0,0,1
13,21,5,0,0,83,1,5110,0,1,1
3,22,5,0,0,69,2,5110,0,1,1
10,4,0,0,0,58,0,5100,0,0,1
1,14,4,0,1,7,2,10,0,0,0
11,20,4,0,0,91,0,5110,0,0,1
12,2,0,0,0,99,0,1290,0,1,1
12,5,6,0,0,85,0,5110,0,1,1
12,18,1,0,0,72,2,5110,0,1,1
5,18,2,0,1,18,2,60,0,0,0
10,1,1,0,0,76,0,5110,0,1,1
10,23,3,0,0,63,0,5110,0,1,1
13,2,1,0,0,89,2,5110,0,1,1
10,19,6,0,0,91,0,5110,0,1,1
6,22,2,0,0,84,2,5110,0,1,1
12,1,1,0,0,60,2,2900,0,1,1
12,0,4,0,0,69,2,5110,0,1,1
11,21,5,0,1,76,0,1500,0,1,1
13,23,5,0,0,80,1,5110,0,1,1
12,19,2,0,0,61,2,5110,0,1,1
11,2,2,0,0,74,2,1470,0,1,1
1,15,2,0,1,18,1,170,0,0,0
5,10,3,0,1,6,1,10,0,0,0
6,3,4,0,0,86,0,5110,0,1,1
9,21,6,0,0,68,1,1210,0,1,1
3,17,3,0,1,17,2,40,0,0,0
11,17,0,0,1,12,0,10,0,0,0
11,21,6,0,0,60,0,5110,0,1,1
12,18,0,0,0,57,1,5110,0,1,1
11,22,0,0,0,67,2,5110,0,0,1
8,21,2,0,0,92,1,5110,0,1,1
10,4,3,0,0,95,1,5110,0,1,1
4,21,2,0,1,50,0,1200,0,1,1
6,20,6,0,0,70,2,5110,0,0,1
9,2,2,0,0,63,2,5110,0,0,1
11,2,1,0,1,98,0,2760,0,1,1
4,12,0,0,1,13,0,200,0,0,0
9,3,6,0,0,66,1,2340,0,1,1
10,22,5,0,0,71,0,5110,0,1,1
13,18,3,0,0,98,1,5110,0,0,1
4,12,0,0,1,13,1,110,0,0,0
9,2,4,0,0,60,0,5110,0,1,1
13,4,5,0,0,50,0,5110,0,1,1
7,20,2,0,0,69,1,5110,0,1,1
2,16,1,0,1,3,2,20,0,1,0
3,9,1,0,0,3,0,10,0,0,0
5,13,3,0,0,2,2,20,0,0,0
12,2,3,0,0,75,1,5110,0,1,1
11,23,0,0,0,70,1,5110,0,1,1
9,1,5,0,0,51,0,5100,0,1,1
12,18,1,0,0,64,0,5110,0,0,1
6,20,4,0,1,61,1,1280,0,1,1
10,22,4,0,0,70,1,1100,0,1,1
12,22,0,0,0,91,0,1030,0,1,1
11,21,1,0,0,52,0,5100,0,0,1
12,19,5,0,0,68,1,5100,0,0,1
13,4,2,0,0,51,1,5110,0,1,1
3,13,1,0,1,6,1,50,0,0,0
10,22,6,0,0,93,1,5110,0,0,1
8,10,2,0,1,12,1,30,0,0,0
9,22,1,0,0,89,2,1030,0,1,1
4,17,2,0,1,19,2,40,0,0,0
1,16,1,0,1,7,0,110,0,0,0
4,15,1,0,1,8,1,240,0,0,0
13,20,0,0,0,76,2,5110,0,1,1
5,18,3,0,1,12,2,1890,0,0,0
4,9,2,0,1,2,0,10,0,0,0
13,23,2,0,0,93,2,4490,0,1,1
10,20,1,0,0,50,1,2540,0,1,1
9,22,2,0,0,84,0,2100,0,1,1
9,19,5,0,0,69,0,1030,0,1,1
1,11,0,0,1,13,1,20,0,0,0
10,3,6,0,0,57,1,5110,0,0,1
4,0,5,0,1,57,1,20,0,1,1
4,20,1,0,0,79,2,5110,0,0,1
12,2,6,0,0,77,1,5110,0,1,1
7,1,3,0,0,62,1,5110,0,1,1
2,9,3,0,1,7,0,70,0,1,0
13,0,1,0,0,75,2,2020,0,0,1
10,0,1,0,0,60,0,1390,0,1,1
10,20,6,0,0,50,2,5110,0,1,1
5,3,0,0,1,59,2,2710,0,0,1
13,4,0,0,0,85,2,5110,0,0,1
13,19,5,0,0,62,1,5110,0,1,1
12,22,4,0,0,90,1,5110,0,1,1
3,18,0,0,0,19,1,10,0,0,0
12,23,0,0,0,65,2,5110,0,0,1
9,21,5,0,0,55,0,2700,0,1,1
10,4,3,0,0,86,0,5110,0,1,1
11,4,3,0,0,92,0,5110,0,1,1
13,22,4,0,0,86,0,5100,0,1,1
13,22,5,0,0,56,2,1240,0,1,1
13,22,6,0,0,63,2,2990,0,1,1
2,9,4,0,1,3,2,10,0,0,0
9,20,2,0,0,59,0,5110,0,1,1
9,4,6,0,0,57,2,5110,0,1,1
9,4,3,0,0,93,1,4520,0,1,1
2,16,2,0,1,0,0,140,0,0,0
12,1,6,0,0,52,1,5110,0,1,1
3,7,3,0,1,13,1,10,0,0,0
6,3,2,0,0,56,0,5110,0,1,1
11,19,4,0,0,71,1,5110,0,1,1
6,20,6,0,0,82,1,2400,0,1,1
13,23,0,0,0,90,0,5110,0,1,1
9,19,6,0,1,99,2,2060,0,1,1
10,4,3,0,0,84,0,1190,0,1,1
10,18,6,0,0,91,0,5110,0,1,1
8,22,2,0,0,76,0,2640,0,0,1
12,0,0,0,0,78,2,1120,0,1,1
12,5,0,0,0,72,1,2790,0,1,1
13,1,6,0,0,79,2,5110,0,1,1
9,23,0,0,0,59,2,2280,0,1,1
9,2,6,0,0,90,2,5110,0,1,1
7,20,5,0,1,97,0,2520,0,1,1
7,17,3,0,1,0,1,190,0,0,0
11,22,6,0,0,63,2,5110,0,1,1
11,4,6,0,0,73,2,5110,0,1,1
4,19,2,0,0,66,0,5110,0,1,1
6,18,0,0,0,98,0,5110,0,0,1
10,18,4,0,0,61,1,5110,0,1,1
10,20,0,0,0,95,1,5110,0,1,1
11,5,2,0,0,96,2,5110,0,1,1
9,23,4,0,0,80,0,5110,0,1,1
10,22,3,0,0,75,0,5110,0,1,1
13,20,4,0,0,83,0,5110,0,1,1
10,22,1,0,1,64,1,5110,0,1,1
9,0,5,0,0,82,0,4570,0,1,1
7,20,0,0,0,93,2,5100,0,1,1
10,20,6,0,0,82,2,5110,0,1,1
12,18,2,0,0,54,1,2930,0,0,1
4,16,2,0,1,5,1,20,0,0,0
7,1,1,0,0,78,0,5110,0,1,1
13,3,1,0,0,63,1,4800,0,1,1
10,19,5,0,0,99,0,2760,0,1,1
9,18,1,0,0,59,0,5110,0,1,1
12,21,4,0,0,81,2,5110,0,1,1
11,23,0,0,0,58,2,2110,0,1,1
10,3,5,0,0,96,0,5110,0,1,1
4,18,4,0,1,1,0,30,0,0,0
11,3,3,0,0,52,2,930,0,0,1
9,4,4,0,0,60,1,5090,0,0,1
10,20,2,0,0,94,1,5100,0,1,1
12,4,0,0,0,84,1,5110,0,1,1
3,7,0,0,1,16,2,50,0,0,0
12,20,1,0,0,98,2,5110,0,1,1
3,15,3,0,1,17,0,280,0,0,0
8,0,6,0,0,72,2,30,0,0,1
4,16,2,0,1,18,0,60,0,0,0
12,23,4,0,1,75,0,1420,0,1,1
9,0,6,0,0,58,2,5110,0,1,1
13,23,2,0,0,91,0,5110,0,1,1
2,13,3,0,1,7,1,10,0,0,0
4,14,3,0,0,14,2,10,0,0,0
11,4,5,0,0,80,0,4770,0,0,1
13,20,0,0,0,59,0,5100,0,1,1
10,3,4,0,0,80,0,1970,0,1,1
5,19,0,0,0,93,2,370,0,1,1
3,16,1,0,1,12,2,10,0,0,0
13,1,3,0,1,70,2,1020,0,1,1
9,5,1,0,0,56,2,5110,0,1,1
5,0,0,0,1,80,2,10,0,0,1
13,21,5,0,0,66,1,5110,0,1,1
4,23,4,0,0,68,0,5110,0,1,1
9,18,0,0,0,78,0,1940,0,1,1
12,18,6,0,0,94,1,5090,0,1,1
8,0,1,0,0,69,1,5110,0,1,1
10,21,5,0,0,91,1,5110,0,1,1
13,23,6,0,0,72,1,5110,0,0,1
12,22,2,0,0,81,1,5100,0,1,1
11,18,3,0,0,79,0,1310,0,1,1
11,5,4,0,0,94,0,10,0,0,1
1,8,1,0,1,7,0,10,0,0,0
1,17,4,0,1,7,0,220,0,0,0
11,0,1,0,0,61,0,1890,0,1,1
12,20,4,0,0,57,1,5110,0,0,1
10,1,2,0,0,83,1,5110,0,0,1
13,18,4,0,0,65,1,1450,0,1,1
10,18,6,0,0,97,0,5110,0,0,1
5,4,1,0,0,57,2,1110,0,1,1
12,18,2,0,0,59,1,5110,0,0,1
11,22,1,0,0,96,2,5110,0,0,1
9,18,2,0,0,54,2,1220,0,0,1
10,19,4,0,0,87,2,5110,0,1,1
9,20,5,0,0,64,1,5110,0,1,1
9,0,6,0,0,65,0,4530,0,1,1
10,23,0,0,0,98,0,5100,0,1,1
13,1,6,0,0,58,2,670,0,1,1
2,11,4,0,1,4,2,10,0,0,0
10,21,1,0,0,50,1,5110,0,1,1
12,20,3,0,1,71,1,1180,0,1,1
13,22,0,0,0,69,0,5110,0,1,1
12,2,4,0,0,63,1,5110,0,1,1
11,23,6,0,0,80,2,5110,0,1,1
11,5,1,0,0,69,2,5110,0,1,1
5,1,3,0,0,87,0,5110,0,1,1
5,17,4,0,0,6,2,20,0,0,0
12,19,5,0,0,86,0,5110,0,1,1
2,16,2,0,1,18,1,10,0,0,0
11,3,1,0,1,57,1,10,0,1,1
12,23,5,0,0,63,1,5110,0,1,1
5,23,1,0,0,99,2,5110,0,0,1
4,12,1,0,0,9,1,10,0,0,0
10,20,3,0,1,58,0,1220,0,0,1
6,3,4,0,0,99,1,5110,0,0,1
13,23,4,0,0,57,0,250,0,0,1
13,23,1,0,1,66,2,1190,0,0,1
9,4,0,0,0,99,1,2280,0,1,1
11,22,6,0,0,82,1,2800,0,0,1
13,22,4,0,0,50,0,5110,0,1,1
10,4,2,0,1,55,1,2040,0,1,1
11,1,2,0,1,90,2,1490,0,1,1
11,18,3,0,0,78,2,5110,0,0,1
9,20,0,0,0,82,0,4780,0,0,1
13,5,6,0,1,71,2,2220,0,1,1
3,21,5,0,0,83,0,5110,0,0,1
10,4,6,0,0,99,0,5110,0,0,1
12,3,6,0,0,52,0,1360,0,1,1
1,18,3,0,1,19,1,10,0,0,0
10,23,3,0,0,73,2,1240,0,0,1
9,4,0,0,0,66,1,5110,0,0,1
4,5,6,0,0,88,0,5110,0,1,1
11,20,0,0,1,71,2,1780,0,1,1
11,23,2,0,0,50,2,5110,0,0,1
10,18,3,0,0,78,0,5110,0,1,1
4,1,4,0,0,52,2,5100,0,0,1
12,2,2,0,0,74,1,2750,0,1,1
11,4,0,0,0,75,0,5110,0,0,1
9,2,0,0,0,59,0,5100,0,1,1
9,19,0,0,0,68,0,5110,0,0,1
12,22,3,0,0,54,0,5100,0,0,1
13,18,4,0,1,99,0,1040,0,0,1
10,0,3,0,0,86,1,1110,0,1,1
13,1,2,0,0,81,2,1240,0,1,1
10,0,0,0,0,91,0,1940,0,1,1
3,16,2,0,1,18,0,80,0,1,0
7,21,5,0,0,94,0,5110,0,1,1
13,5,6,0,0,71,2,250,0,0,1
13,21,6,0,0,88,1,5110,0,1,1
13,19,2,0,0,57,2,5110,0,1,1
12,0,2,0,0,83,1,5110,0,1,1
3,13,4,0,0,5,1,180,0,0,0
9,19,3,0,1,87,1,1070,0,0,1
12,20,2,0,1,87,1,2260,0,1,1
13,23,3,0,0,78,0,2310,0,1,1
1,17,3,0,0,13,0,60,0,0,0
12,0,2,0,0,63,2,2360,0,1,1
13,1,4,0,0,92,1,5110,0,1,1
8,2,3,0,0,72,2,5110,0,1,1
9,2,1,0,0,63,0,5110,0,1,1
14,23,2,0,0,90,2,10,0,1,1
13,18,2,0,0,78,2,5110,0,1,1
11,22,4,0,0,62,0,5110,0,1,1
11,18,5,0,0,54,2,5110,0,1,1
11,1,5,0,0,93,1,5110,0,1,1
2,15,0,0,1,15,1,10,0,0,0
3,12,2,0,0,9,0,50,0,0,0
10,2,5,0,0,70,0,1470,0,1,1
1,14,1,0,1,13,0,10,0,1,0
13,19,4,0,0,67,2,1020,0,0,1
1,15,4,0,1,4,2,10,0,0,0
10,20,2,0,0,72,2,5110,0,1,1
13,1,4,0,0,91,0,2530,0,1,1
11,3,1,0,0,76,0,5110,0,1,1
9,1,1,0,0,80,2,2440,0,0,1
4,13,4,0,1,1,2,40,0,0,0
7,5,1,0,0,77,0,5100,0,1,1
4,14,0,0,1,2,1,10,0,0,0
12,5,6,0,1,80,0,2760,0,0,1
6,22,5,0,0,72,2,5110,0,1,1
9,5,6,0,0,98,2,5110,0,1,1
4,13,3,0,1,3,0,10,0,0,0
7,0,1,0,0,94,2,5110,0,0,1
9,0,0,0,0,50,1,2100,0,1,1
11,1,2,0,0,70,2,1410,0,1,1
11,4,3,0,1,75,1,1470,0,1,1
12,4,6,0,0,98,0,5110,0,1,1
11,5,0,0,0,94,2,5110,0,1,1
12,22,6,0,0,80,1,5110,0,0,1
10,1,4,0,0,57,2,5110,0,1,1
2,13,3,0,0,12,2,140,0,0,0
11,18,4,0,0,96,0,5090,0,1,1
10,21,2,0,0,73,0,4600,0,1,1
11,2,5,0,0,75,0,5110,0,1,1
9,1,0,0,0,91,2,1300,0,1,1
10,3,2,0,0,91,0,5100,0,1,1
10,5,3,0,0,95,2,5110,0,1,1
3,16,0,0,1,12,2,110,0,0,0
2,13,4,0,1,1,0,30,0,0,0
10,3,4,0,0,77,2,2340,0,0,1
13,21,1,0,0,92,1,5110,0,1,1
6,3,4,0,0,94,1,2300,0,1,1
7,2,2,0,0,65,2,5110,0,1,1
12,1,3,0,0,96,2,1110,0,1,1
13,19,2,0,0,72,2,4810,0,1,1
4,8,1,0,1,19,1,10,0,0,0
12,18,6,0,0,56,0,5110,0,1,1
13,18,0,0,0,68,1,5110,0,0,1
11,3,2,0,0,58,1,5110,0,0,1
11,19,2,0,0,78,2,5110,0,1,1
10,0,0,0,0,68,2,2960,0,1,1
5,11,3,0,1,8,1,50,0,0,0
3,18,1,0,1,8,2,1430,0,0,0
13,18,4,0,0,91,0,5020,0,1,1
12,1,6,0,0,75,0,5110,0,1,1
1,17,0,0,1,19,0,20,0,0,0
5,18,1,0,0,98,1,5110,0,1,1
10,2,3,0,0,57,2,5110,0,1,1
7,18,2,0,0,95,0,5110,0,1,1
11,20,2,0,0,72,2,3000,0,1,1
2,13,3,0,1,11,0,20,0,0,0
12,0,1,0,0,61,1,5110,0,1,1
5,7,1,0,1,19,1,10,0,0,0
10,2,0,0,0,90,2,5110,0,0,1
10,21,0,0,0,56,0,2080,0,0,1
6,3,1,0,0,61,0,5100,0,0,1
11,19,4,0,0,97,1,5110,0,1,1
13,20,0,0,0,67,1,5110,0,1,1
10,18,6,0,0,94,2,5110,0,1,1
3,15,3,0,1,7,1,10,0,0,0
13,22,5,0,0,85,0,5110,0,1,1
9,1,6,0,1,99,2,2490,0,1,1
5,2,5,0,0,50,1,1240,0,0,1
9,2,6,0,0,60,1,2100,0,0,1
4,12,1,0,0,0,1,120,0,0,0
11,18,1,0,0,80,0,5110,0,0,1
11,20,2,0,0,61,2,2870,0,1,1
13,19,0,0,0,90,2,5110,0,0,1
11,20,0,0,0,77,1,2050,0,0,1
9,18,6,0,0,73,0,5110,0,0,1
9,2,2,0,0,63,2,5110,0,0,1
12,5,4,0,0,98,2,5110,0,1,1
9,5,2,0,0,73,0,1270,0,1,1
9,5,1,0,0,64,2,2510,0,1,1
9,19,2,0,0,94,2,2440,0,1,1
2,16,1,0,1,5,2,180,0,0,0
12,19,5,0,0,56,2,4530,0,1,1
9,19,1,0,0,54,1,5100,0,0,1
12,4,2,0,0,74,0,2490,0,1,1
13,23,0,0,0,54,0,1990,0,1,1
6,4,2,0,0,91,0,5110,0,1,1
1,17,1,0,1,1,2,40,0,1,0
13,18,5,0,0,85,2,1350,0,1,1
13,21,2,0,0,54,2,2440,0,1,1
9,1,6,0,0,59,0,5110,0,1,1
10,18,1,0,0,92,2,2550,0,1,1
12,18,5,0,0,52,0,4490,0,1,1
8,1,0,0,0,51,1,5110,0,1,1
10,22,5,0,0,55,2,5110,0,0,1
12,18,2,0,0,70,2,1160,0,1,1
9,23,3,0,0,87,2,2220,0,1,1
13,0,0,0,0,71,0,5110,0,1,1
11,18,3,0,0,52,0,1270,0,0,1
9,1,3,0,0,78,2,4520,0,1,1
1,11,3,0,1,17,0,100,0,0,0
11,23,4,0,0,88,2,5110,0,1,1
6,19,4,0,0,71,0,5110,0,1,1
3,15,0,0,1,2,0,60,0,0,0
5,7,0,0,1,15,2,380,0,0,0
9,0,6,0,0,88,0,5110,0,1,1
12,0,5,0,0,61,2,5110,0,1,1
6,18,6,0,0,94,1,1480,0,1,1
13,20,0,0,0,65,0,5110,0,0,1
2,15,4,0,1,19,1,70,0,1,0
12,19,2,0,1,74,0,1060,0,1,1
11,19,2,0,0,73,2,5110,0,1,1
7,1,6,0,0,67,2,5110,0,1,1
11,23,3,0,0,69,1,1480,0,1,1
2,9,1,0,1,15,0,20,0,0,0
12,19,3,0,0,83,2,3230,0,1,1
10,18,0,0,0,55,2,5110,0,1,1
12,1,1,0,0,98,0,5100,0,0,1
5,17,2,0,1,7,0,90,0,0,0
12,18,1,0,1,59,1,2200,0,0,1
3,18,2,0,1,1,0,10,0,0,0
3,8,1,0,1,0,1,10,0,0,0
10,1,2,0,0,61,0,1290,0,0,1
10,4,3,0,0,66,2,5110,0,1,1
5,14,4,0,0,18,2,10,0,0,0
5,18,0,0,1,1,2,60,0,0,0
8,23,3,0,0,69,1,5110,0,0,1
11,22,5,0,0,70,1,5110,0,1,1
1,18,0,0,1,7,2,40,0,0,0
13,3,2,0,0,62,0,5110,0,1,1
13,4,1,0,0,73,2,5100,0,1,1
12,3,6,0,0,94,2,2340,0,1,1
11,17,4,0,1,12,1,300,0,0,0
10,20,2,0,0,61,1,5110,0,1,1
10,0,3,0,0,73,2,5110,0,1,1
9,3,3,0,0,76,0,5100,0,1,1
10,3,3,0,0,98,1,5110,0,0,1
11,2,0,0,0,57,2,2360,0,1,1
10,1,4,0,0,94,1,5110,0,1,1
12,3,4,0,0,56,1,5110,0,1,1
12,18,0,0,0,63,0,5110,0,0,1
1,16,4,0,0,13,0,260,0,0,0
7,0,6,0,0,89,2,5110,0,1,1
5,12,2,0,1,17,1,10,0,1,0
11,1,6,0,0,68,1,5110,0,1,1
11,0,5,0,0,82,1,5110,0,1,1
1,8,2,0,0,16,2,90,0,0,0
9,5,4,0,0,56,2,5110,0,1,1
6,18,1,0,0,65,1,5110,0,0,1
11,19,1,0,0,97,1,5110,0,1,1
9,18,6,0,0,92,1,5110,0,1,1
12,21,3,0,0,63,2,5110,0,1,1
8,18,1,0,1,2,0,370,0,0,0
13,22,6,0,0,59,2,5110,0,1,1
13,1,5,0,0,90,0,1260,0,1,1
11,23,1,0,0,58,2,5110,0,1,1
13,2,6,0,0,70,0,5110,0,1,1
11,0,6,0,0,96,2,5110,0,0,1
12,2,1,0,0,88,2,5080,0,1,1
13,19,2,0,0,67,0,5110,0,1,1
11,0,1,0,0,64,1,5110,0,1,1
3,12,0,0,1,4,1,20,0,0,0
13,3,0,0,0,70,0,2630,0,1,1
4,18,3,0,1,0,1,10,0,0,0
13,1,0,0,0,59,0,5110,0,0,1
11,1,1,0,0,58,1,5110,0,0,1
9,23,1,0,1,86,1,1090,0,1,1
9,0,0,0,1,86,1,1360,0,1,1
1,8,4,0,1,10,2,20,0,0,0
9,1,5,0,0,66,1,5110,0,1,1
3,17,1,0,1,13,1,100,0,0,0
9,18,0,0,0,95,1,5110,0,1,1
7,2,3,0,0,61,2,5110,0,1,1
12,23,5,0,0,94,0,5100,0,1,1
1,10,4,0,1,0,2,10,0,0,0
7,20,6,0,0,68,2,5110,0,0,1
12,1,3,0,0,65,2,5110,0,0,1
13,1,5,0,0,61,1,5110,0,1,1
10,0,5,0,0,85,2,4760,0,0,1
12,19,1,0,0,74,0,5110,0,0,1
10,20,5,0,0,84,2,5100,0,1,1
10,0,1,0,0,52,1,620,0,1,1
2,15,1,0,1,11,2,20,0,0,0
13,22,6,0,0,82,2,2690,0,1,1
11,22,0,0,0,94,1,5110,0,1,1
9,22,2,0,0,91,1,5080,0,1,1
1,11,0,0,1,16,0,10,0,0,0
2,15,0,0,1,16,1,70,0,0,0
12,5,3,0,0,59,0,2010,0,1,1
5,18,0,0,0,92,1,2480,0,0,1
9,22,0,0,0,66,0,5110,0,1,1
10,3,4,0,0,89,0,5110,0,1,1
1,18,4,0,1,9,1,120,0,0,0
11,1,0,0,0,84,2,5110,0,0,1
9,3,4,0,0,76,1,5110,0,1,1
13,2,5,0,0,63,1,5110,0,1,1
9,1,1,0,0,76,1,5110,0,0,1
1,8,0,0,0,13,2,240,0,0,0
1,18,0,0,1,13,2,220,0,0,0
12,5,6,0,0,72,0,5100,0,1,1
11,21,3,0,0,63,1,5100,0,0,1
5,17,4,0,0,5,2,30,0,0,0
11,20,1,0,0,78,2,1210,0,1,1
6,3,4,0,0,93,2,5100,0,1,1
12,4,5,0,0,81,0,5110,0,1,1
9,5,6,0,0,87,2,5110,0,1,1
4,19,2,0,1,74,2,1450,0,1,1
10,19,3,0,0,78,1,2100,0,0,1
5,8,0,0,1,19,0,190,0,0,0
10,1,2,0,0,84,1,5110,0,0,1
7,17,0,0,1,9,1,140,0,0,0
10,21,2,0,0,80,1,5110,0,0,1
9,0,3,0,1,79,1,1020,0,1,1
3,16,1,0,1,1,1,120,0,0,0
9,1,6,0,0,75,1,5110,0,1,1
5,17,0,0,0,4,0,100,0,0,0
5,4,1,0,0,50,1,5110,0,1,1
6,18,4,0,0,74,2,5110,0,1,1
12,5,2,0,0,66,1,5110,0,1,1
5,12,0,0,1,19,1,10,0,0,0
13,1,2,0,0,63,0,5110,0,1,1
13,2,3,0,0,89,1,5110,0,1,1
13,20,0,0,0,62,0,5110,0,1,1
9,1,3,0,1,70,1,1020,0,1,1
13,20,0,0,0,83,2,5110,0,1,1
9,2,4,0,1,94,1,2650,0,1,1
12,19,0,0,0,78,1,5110,0,0,1
10,18,2,0,0,76,1,4880,0,0,1
11,5,5,0,0,67,0,5110,0,1,1
5,4,0,0,0,83,1,5110,0,0,1
12,23,1,0,0,74,0,2960,0,1,1
11,23,6,0,0,64,1,2760,0,1,1
12,20,6,0,0,51,2,5110,0,0,1
12,20,0,0,0,54,2,5110,0,1,1
10,20,1,0,0,66,0,1160,0,1,1
11,1,4,0,0,70,2,5100,0,1,1
13,22,0,0,0,52,0,5110,0,1,1
13,4,2,0,0,62,2,20,0,0,1
5,23,5,0,0,93,0,5110,0,1,1
13,18,5,0,0,50,1,5110,0,1,1
3,12,2,0,1,0,2,10,0,0,0
9,5,0,0,0,67,2,5110,0,1,1
12,5,2,0,0,50,0,5110,0,1,1
4,4,5,0,0,78,0,5110,0,1,1
10,5,2,0,0,69,1,4340,0,1,1
4,21,6,0,0,93,2,5110,0,1,1
6,23,5,0,0,94,2,5110,0,1,1
11,22,6,0,1,83,2,5110,0,1,1
12,4,0,0,0,73,2,5110,0,1,1
9,23,5,0,0,83,0,5110,0,1,1
9,23,1,0,0,69,2,5110,0,0,1
11,19,5,0,0,88,1,2370,0,1,1
11,5,6,0,0,71,1,2380,0,0,1
10,20,2,0,0,79,1,5110,0,1,1
6,1,4,0,1,68,0,810,0,1,1
10,3,6,0,1,67,0,2970,0,1,1
9,5,2,0,0,88,0,5110,0,1,1
10,3,1,0,0,82,0,1550,0,1,1
6,12,2,0,1,16,1,80,0,0,0
5,21,4,0,0,63,2,5110,0,0,1
12,20,2,0,0,63,2,5110,0,1,1
7,23,5,0,0,51,2,5090,0,1,1
13,23,2,0,0,89,1,5110,0,1,1
9,1,5,0,1,78,0,2470,0,1,1
9,3,6,0,0,76,2,4810,0,1,1
9,20,3,0,0,79,1,5110,0,1,1
9,21,3,0,0,69,1,2250,0,0,1
4,17,3,0,1,4,1,50,0,0,0
9,3,2,0,0,88,2,2390,0,1,1
9,18,3,0,0,62,1,2100,0,1,1
11,2,2,0,0,63,1,2640,0,1,1
12,3,5,0,0,90,2,5110,0,1,1
10,5,4,0,0,92,2,1070,0,1,1
3,16,4,0,1,9,1,90,0,1,0
10,5,5,0,0,77,0,5110,0,1,1
9,3,4,0,0,71,2,1320,0,0,1
7,22,5,0,0,92,0,5110,0,1,1
4,1,2,0,0,50,1,2780,0,0,1
13,4,1,0,0,92,0,1060,0,1,1
12,1,3,0,0,50,1,5110,0,0,1
11,2,4,0,0,54,1,2310,0,0,1
5,13,4,0,0,16,1,130,0,0,0
7,0,0,0,0,95,2,390,0,0,1
13,22,6,0,0,86,1,5110,0,1,1
11,20,5,0,0,96,2,5110,0,1,1
3,15,2,0,0,16,0,20,0,0,0
13,3,0,0,0,77,2,2050,0,1,1
5,9,3,0,1,2,2,10,0,0,0
2,12,0,0,0,6,0,10,0,0,0
13,20,6,0,0,95,2,5110,0,0,1
12,20,1,0,0,74,0,1040,0,1,1
9,0,0,0,0,58,1,5110,0,1,1
5,7,4,0,1,16,1,140,0,0,0
6,19,1,0,0,98,2,1380,0,1,1
11,1,3,0,0,64,0,3000,0,1,1
2,14,3,0,1,0,0,130,0,0,0
4,18,1,0,1,4,1,130,0,0,0
12,5,5,0,0,73,0,5110,0,1,1
11,23,0,0,0,50,1,5110,0,0,1
12,23,3,0,0,74,2,5110,0,0,1
6,5,1,0,0,98,0,1290,0,1,1
11,22,0,0,0,76,2,5110,0,1,1
13,20,5,0,0,72,2,5110,0,1,1
11,23,2,0,0,66,1,5110,0,1,1
7,20,0,0,0,72,1,5110,0,1,1
5,22,4,0,1,70,2,2910,0,1,1
9,4,0,0,0,93,1,5100,0,1,1
12,13,0,0,1,10,2,10,0,0,0
11,1,4,0,0,53,0,5110,0,1,1
8,22,6,0,0,75,0,5100,0,0,1
13,0,5,0,0,69,0,4490,0,0,1
10,5,3,0,0,75,0,5110,0,0,1
2,7,4,0,1,1,2,10,0,0,0
11,18,2,0,0,76,0,5110,0,1,1
7,4,3,0,1,59,0,1300,0,1,1
12,13,4,0,1,2,1,10,0,0,0
9,12,1,0,1,6,1,120,0,0,0
12,4,5,0,0,57,0,5110,0,0,1
9,22,6,0,0,98,2,2520,0,0,1
12,0,0,0,0,73,0,5110,0,1,1
5,12,1,0,1,17,0,130,0,0,0
10,5,3,0,0,69,2,2540,0,1,1
10,3,1,0,0,83,1,5110,0,1,1
9,3,5,0,0,68,2,1340,0,1,1
10,5,6,0,0,79,2,5110,0,1,1
6,5,3,0,0,83,1,5110,0,0,1
10,4,6,0,0,69,2,2380,0,1,1
5,4,4,0,0,51,1,5110,0,0,1
1,7,2,0,1,12,1,100,0,0,0
13,19,0,0,0,96,2,4560,0,0,1
6,1,5,0,0,95,0,1290,0,1,1
5,9,1,0,1,4,2,120,0,0,0
9,23,3,0,0,82,1,2110,0,1,1
9,3,6,0,1,70,0,2640,0,1,1
12,1,2,0,0,87,1,5110,0,1,1
1,18,2,0,1,15,0,10,0,0,0
12,19,2,0,0,83,0,2800,0,1,1
12,20,5,0,0,51,0,5100,0,1,1
7,10,0,0,1,7,1,10,0,0,0
11,18,0,0,0,87,1,5110,0,1,1
9,9,1,0,1,4,2,20,0,0,0
11,23,4,0,0,91,2,5110,0,1,1
12,21,6,0,0,77,2,5070,0,0,1
12,1,5,0,0,77,0,5110,0,1,1
10,20,0,0,0,65,2,1420,0,0,1
10,4,5,0,0,80,0,1250,0,1,1
12,19,6,0,0,65,2,740,0,1,1
12,0,6,0,0,91,2,5110,0,1,1
11,21,3,0,0,97,2,5110,0,1,1
4,10,3,0,1,14,1,10,0,0,0
10,18,6,0,0,71,1,5110,0,1,1
5,12,2,0,1,10,1,10,0,0,0
10,2,0,0,0,71,1,2170,0,1,1
10,2,1,0,0,75,2,4490,0,1,1
10,23,6,0,0,50,2,5110,0,1,1
11,18,2,0,0,67,1,5110,0,1,1
5,10,2,0,0,9,2,10,0,1,0
2,9,1,0,1,17,0,40,0,0,0
4,17,4,0,1,9,0,10,0,0,0
11,3,0,0,0,68,0,5110,0,1,1
9,22,1,0,1,50,1,2630,0,1,1
10,2,0,0,1,59,0,1250,0,1,1
10,23,4,0,0,86,2,2540,0,0,1
5,21,1,0,0,50,1,2420,0,1,1
9,19,6,0,0,64,1,5110,0,1,1
5,13,1,0,1,12,2,40,0,0,0
12,4,0,0,1,83,1,1320,0,1,1
12,20,6,0,1,56,0,1410,0,1,1
5,15,2,0,1,6,1,100,0,0,0
5,22,2,0,0,81,0,5110,0,1,1
7,0,1,0,0,77,1,2480,0,1,1
10,18,4,0,0,55,2,10,0,1,1
11,21,3,0,0,85,1,5110,0,0,1
13,1,0,0,0,90,0,1310,0,1,1
11,3,2,0,0,53,1,5110,0,1,1
10,23,2,0,0,81,2,4870,0,0,1
1,13,4,0,1,16,0,10,0,0,0
11,3,5,0,1,54,2,2290,0,1,1
6,1,0,0,0,80,2,5110,0,1,1
14,20,3,0,0,79,2,30,0,1,1
10,2,5,0,0,76,0,5100,0,1,1
13,20,4,0,0,98,0,5110,0,0,1
2,11,0,0,1,16,2,30,0,0,0
10,21,1,0,0,74,2,5110,0,1,1
9,19,6,0,0,69,1,5110,0,1,1
11,19,1,0,0,55,2,5110,0,1,1
10,14,4,0,0,15,1,100,0,0,0
9,19,4,0,0,92,0,5110,0,0,1
13,18,3,0,1,59,2,2680,0,1,1
10,1,5,0,0,67,0,5110,0,1,1
10,19,3,0,0,67,1,4540,0,1,1
11,4,3,0,0,55,1,5110,0,0,1
12,19,6,0,0,51,0,5110,0,1,1
13,20,3,0,0,95,1,1450,0,1,1
9,0,3,0,0,92,2,5110,0,0,1
4,21,4,0,0,79,0,160,0,1,1
4,12,2,0,0,9,2,70,0,0,0
13,2,2,0,0,81,2,5110,0,1,1
12,3,5,0,0,79,1,5070,0,0,1
9,19,3,0,0,63,0,5110,0,1,1
9,18,0,0,0,68,0,1420,0,1,1
13,4,2,0,0,98,0,4460,0,1,1
9,5,4,0,1,67,2,2320,0,1,1
10,18,3,0,0,61,2,5090,0,1,1
9,19,4,0,0,75,0,1350,0,1,1
5,15,4,0,0,3,2,20,0,0,0
13,4,5,0,0,65,0,5110,0,1,1
9,3,3,0,0,87,1,5110,0,1,1
11,1,1,0,0,55,2,2030,0,1,1
12,23,1,0,0,99,0,450,0,1,1
10,22,6,0,0,57,0,20,0,1,1
13,3,0,0,0,77,2,5110,0,1,1
11,1,4,0,0,85,1,5110,0,0,1
11,18,3,0,1,96,0,1200,0,1,1
9,21,2,0,0,65,2,2080,0,0,1
12,22,2,0,0,54,1,5110,0,1,1
9,18,0,0,0,52,2,5100,0,1,1
9,0,4,0,0,80,0,2040,0,0,1
3,15,3,0,0,14,2,80,0,0,0
13,5,2,0,0,52,1,5110,0,1,1
1,12,2,0,1,1,2,150,0,0,0
3,17,3,0,1,11,0,10,0,0,0
11,1,0,0,0,97,0,5110,0,0,1
10,2,5,0,0,52,1,5110,0,1,1
10,5,4,0,0,64,0,1410,0,1,1
13,5,4,0,1,69,0,2170,0,1,1
12,2,2,0,0,58,1,5110,0,1,1
10,18,6,0,0,50,2,5110,0,1,1
9,5,5,0,0,99,0,5110,0,1,1
9,15,0,0,0,19,0,30,0,0,0
8,19,3,0,0,78,0,5100,0,1,1
13,1,0,0,0,63,0,5110,0,1,1
4,17,3,0,1,14,2,10,0,0,0
10,18,6,0,0,59,2,2030,0,1,1
7,9,1,0,1,7,1,10,0,0,0
11,22,3,0,0,62,0,4760,0,1,1
7,1,2,0,0,72,2,5110,0,1,1
9,19,6,0,0,53,0,5110,0,1,1
4,23,0,0,0,79,0,5090,0,0,1
5,17,0,0,1,16,1,160,0,0,0
11,18,5,0,0,50,0,5100,0,0,1
11,0,5,0,0,85,1,5090,0,1,1
7,0,3,0,0,84,2,2830,0,1,1
7,4,3,0,0,71,0,5110,0,0,1
4,22,5,0,0,58,2,5110,0,1,1
7,16,1,0,1,11,0,50,0,0,0
13,22,1,0,0,64,2,5110,0,1,1
12,1,0,0,0,62,2,2200,0,1,1
11,19,2,0,0,80,2,5110,0,0,1
9,3,2,0,0,54,1,2720,0,1,1
9,21,0,0,0,62,1,5110,0,1,1
8,23,0,0,0,70,0,2410,0,1,1
6,2,1,0,0,55,1,5110,0,1,1
8,21,4,0,0,87,1,1120,0,1,1
10,5,5,0,0,71,1,5110,0,1,1
12,5,3,0,1,98,0,1010,0,1,1
10,2,4,0,0,84,1,1060,0,0,1
12,22,6,0,0,51,2,5110,0,1,1
12,2,3,0,0,53,1,5110,0,1,1
11,0,5,0,0,59,1,10,0,1,1
4,13,0,0,1,12,2,10,0,0,0
13,2,6,0,0,93,0,5110,0,1,1
10,1,2,0,0,70,0,4860,0,1,1
7,20,2,0,0,79,0,5100,0,0,1
12,2,2,0,0,87,1,5110,0,1,1
11,0,6,0,0,72,2,5110,0,1,1
7,19,6,0,0,68,0,5090,0,1,1
7,16,2,0,0,4,0,20,0,0,0
12,4,0,0,0,93,2,2760,0,1,1
10,4,0,0,0,53,2,5110,0,0,1
13,22,3,0,1,79,2,920,0,1,1
13,19,0,0,1,57,2,2330,0,0,1
10,18,0,0,0,94,0,1460,0,1,1
10,22,0,0,0,85,0,5110,0,1,1
9,3,1,0,0,57,1,1250,0,0,1
13,21,6,0,0,92,0,4540,0,0,1
10,4,2,0,0,79,2,5110,0,1,1
3,11,2,0,1,19,1,130,0,1,0
9,3,5,0,0,90,2,1060,0,1,1
13,5,5,0,0,98,1,5110,0,1,1
4,7,0,0,1,15,1,320,0,0,0
10,22,5,0,0,64,0,5100,0,1,1
1,18,4,0,0,6,0,70,0,0,0
12,21,6,0,0,60,0,2530,0,1,1
12,23,2,0,0,69,0,2760,0,0,1
11,22,6,0,0,88,0,1230,0,1,1
9,13,4,0,1,6,1,370,0,0,0
12,2,1,0,0,82,2,4480,0,0,1
9,23,5,0,0,77,0,5110,0,1,1
4,7,2,0,1,12,2,10,0,0,0
7,18,4,0,0,61,0,5110,0,1,1
9,19,3,0,0,85,1,5110,0,0,1
3,14,0,0,1,13,2,20,0,0,0
6,0,1,0,0,91,1,5110,0,1,1
11,18,4,0,0,64,2,5100,0,0,1
4,18,3,0,0,66,1,5110,0,1,1
10,21,2,0,0,81,1,5110,0,1,1
9,13,4,0,0,19,1,70,0,0,0
2,13,4,0,1,19,2,110,0,0,0
11,3,1,0,0,51,0,5110,0,0,1
9,2,6,0,1,69,0,2120,0,1,1
1,10,1,0,1,11,0,30,0,0,0
5,9,3,0,1,15,0,470,0,0,0
8,21,0,0,0,51,1,5110,0,1,1
4,16,1,0,1,13,0,20,0,1,0
11,22,0,0,0,69,0,5100,0,1,1
9,1,2,0,0,71,2,5110,0,1,1
8,23,3,0,0,84,2,5110,0,0,1
12,0,6,0,0,60,2,4810,0,0,1
4,14,4,0,1,15,1,160,0,0,0
2,18,4,0,1,7,2,30,0,0,0
2,15,0,0,1,5,1,60,0,0,0
13,5,0,0,0,56,0,5100,0,1,1
6,0,0,0,0,53,2,5110,0,1,1
5,12,0,0,1,5,1,250,0,0,0
5,11,3,0,1,2,2,130,0,0,0
12,5,1,0,0,90,2,5110,0,0,1
13,21,5,0,0,68,1,2790,0,1,1
2,18,4,0,1,13,1,140,0,0,0
11,3,0,0,0,71,0,5100,0,1,1
3,20,1,0,0,63,1,5110,0,1,1
12,4,3,0,0,65,1,5110,0,1,1
11,21,2,0,0,86,0,5110,0,1,1
6,3,5,0,0,93,2,1130,0,1,1
11,1,4,0,0,80,1,5110,0,1,1
13,18,6,0,0,65,0,4520,0,1,1
12,1,5,0,1,63,2,2440,0,0,1
7,20,3,0,0,73,2,2230,0,1,1
12,3,3,0,0,96,2,5110,0,0,1
2,10,0,0,0,4,0,220,0,0,0
11,23,1,0,0,50,0,5110,0,1,1
11,3,4,0,0,90,1,5090,0,1,1
12,3,4,0,0,83,1,1490,0,1,1
4,16,1,0,1,6,0,10,0,0,0
9,0,2,0,0,93,2,1200,0,1,1
9,3,1,0,0,64,2,5110,0,1,1
13,5,6,0,0,68,1,5100,0,1,1
9,2,0,0,0,55,2,5110,0,1,1
10,20,4,0,0,91,1,5110,0,1,1
13,18,1,0,0,69,2,2480,0,1,1
13,19,3,0,0,94,0,5110,0,1,1
13,22,3,0,0,69,2,2560,0,1,1
10,22,6,0,0,94,1,230,0,0,1
11,21,5,0,0,50,1,5110,0,1,1
1,10,0,0,1,8,2,50,0,0,0
11,2,4,0,0,77,0,5110,0,0,1
12,22,1,0,0,92,1,5100,0,1,1
9,20,3,0,0,66,0,5110,0,1,1
10,18,5,0,0,90,0,5070,0,1,1
11,18,2,0,0,67,1,5110,0,0,1
12,4,2,0,0,71,0,5110,0,1,1
13,22,5,0,0,64,1,2640,0,1,1
12,4,5,0,1,81,1,2700,0,1,1
12,1,3,0,0,92,1,5110,0,1,1
4,11,1,0,1,5,2,30,0,0,0
12,3,2,0,0,56,0,4580,0,1,1
9,1,1,0,0,56,0,5100,0,1,1
9,18,5,0,0,92,0,5110,0,1,1
13,3,1,0,0,65,0,5110,0,1,1
10,21,5,0,0,68,2,5110,0,1,1
12,20,4,0,0,70,2,2200,0,0,1
13,21,2,0,0,78,0,5110,0,1,1
1,10,2,0,1,5,2,120,0,0,0
5,8,4,0,0,9,0,10,0,0,0
13,4,5,0,0,98,2,5110,0,1,1
10,2,0,0,0,87,1,5090,0,1,1
12,22,3,0,0,52,2,5110,0,1,1
5,7,1,0,0,17,2,10,0,0,0
13,20,1,0,0,91,0,2500,0,1,1
7,20,4,0,0,88,0,5110,0,1,1
13,22,0,0,0,61,0,5110,0,0,1
12,22,1,0,0,83,0,5110,0,1,1
13,4,5,0,0,88,0,1020,0,1,1
10,2,2,0,0,57,1,5100,0,1,1
2,11,4,0,1,3,2,250,0,0,0
12,1,6,0,0,51,2,5110,0,0,1
6,22,0,0,0,89,0,5110,0,1,1
5,14,0,0,1,15,2,10,0,0,0
13,19,3,0,1,53,0,1220,0,0,1
9,3,4,0,0,67,2,5110,0,0,1
13,2,1,0,0,68,0,5110,0,0,1
13,2,5,0,0,90,2,5110,0,1,1
10,0,3,0,0,58,0,5110,0,1,1
10,0,3,0,0,65,2,5110,0,1,1
10,0,2,0,1,61,1,1130,0,1,1
5,21,0,0,0,85,0,5110,0,0,1
11,1,3,0,0,87,1,10,0,0,1
13,5,0,0,0,56,1,5110,0,1,1
2,15,0,0,1,16,2,10,0,0,0
12,19,0,0,0,64,2,5110,0,0,1
11,1,4,0,0,73,0,5110,0,1,1
4,12,0,0,1,18,2,10,0,0,0
1,12,1,0,1,14,0,270,0,0,0
12,5,5,0,0,78,0,5110,0,1,1
12,1,0,0,0,88,1,5110,0,1,1
3,10,2,0,1,14,1,60,0,1,0
10,2,5,0,0,70,1,4510,0,1,1
8,20,4,0,0,88,0,5110,0,0,1
13,22,5,0,0,96,1,5110,0,1,1
9,20,2,0,0,62,1,5110,0,0,1
13,1,6,0,0,84,2,5110,0,1,1
12,1,1,0,0,93,0,5110,0,1,1
5,12,1,0,0,11,2,180,0,0,0
9,5,4,0,0,61,1,5110,0,1,1
12,2,2,0,0,85,2,5110,0,1,1
11,2,4,0,0,81,1,5100,0,1,1
13,0,4,0,0,78,2,5110,0,1,1
3,15,2,0,1,9,1,1310,0,0,0
13,2,5,0,0,91,2,5110,0,1,1
12,18,3,0,0,87,0,5110,0,1,1
6,18,1,0,0,51,1,2500,0,1,1
13,23,2,0,0,79,1,10,0,1,1
9,2,0,0,0,54,0,2290,0,1,1
11,18,1,0,0,95,2,2170,0,0,1
9,19,6,0,0,79,2,5110,0,1,1
11,2,0,0,0,56,2,5110,0,1,1
9,18,0,0,0,81,2,5110,0,1,1
10,3,3,0,0,73,1,5110,0,0,1
5,12,4,0,1,6,2,80,0,0,0
5,16,2,0,1,19,1,10,0,0,0
12,4,4,0,0,75,1,5110,0,1,1
12,21,6,0,0,99,2,5100,0,1,1
12,4,2,0,0,69,1,5110,0,0,1
3,16,3,0,1,2,2,120,0,0,0
12,1,0,0,0,74,1,5110,0,1,1
10,18,1,0,0,89,0,5110,0,0,1
12,4,0,0,0,96,2,5110,0,1,1
5,0,6,0,0,78,1,5110,0,1,1
10,3,5,0,0,64,0,4860,0,1,1
13,20,0,0,0,96,0,5110,0,1,1
12,0,3,0,0,63,0,4340,0,1,1
13,5,1,0,0,77,2,2820,0,1,1
1,10,2,0,1,14,2,10,0,0,0
9,0,2,0,0,56,0,5100,0,0,1
7,18,4,0,1,10,2,10,0,0,0
11,19,2,0,0,83,1,5100,0,0,1
10,1,2,0,0,74,2,5110,0,1,1
12,19,6,0,1,51,0,2720,0,0,1
10,23,4,0,0,76,0,5100,0,0,1
9,19,0,0,0,96,0,5110,0,1,1
13,23,2,0,0,80,2,5100,0,1,1
13,0,0,0,0,96,1,2450,0,1,1
12,1,3,0,0,81,1,5110,0,1,1
10,3,0,0,0,57,2,5110,0,0,1
11,23,1,0,0,50,0,5110,0,1,1
13,22,6,0,0,81,2,5110,0,1,1
5,3,0,0,0,53,2,5110,0,0,1
4,1,4,0,0,87,1,5110,0,0,1
13,23,4,0,0,98,2,5110,0,0,1
9,23,5,0,0,55,2,2480,0,0,1
9,22,2,0,0,99,1,5100,0,1,1
13,1,4,0,0,65,2,5110,0,0,1
11,20,0,0,0,60,0,5110,0,1,1
4,22,5,0,0,98,1,5110,0,1,1
11,4,0,0,0,70,2,2720,0,0,1
3,3,2,0,0,82,1,5110,0,0,1
12,5,5,0,0,82,0,5110,0,1,1
10,3,3,0,0,59,1,5110,0,1,1
12,4,0,0,0,95,1,5090,0,0,1
10,1,6,0,0,80,2,1030,0,1,1
13,1,1,0,0,77,0,5110,0,1,1
9,5,0,0,0,99,2,5110,0,0,1
11,3,0,0,0,63,2,5110,0,1,1
9,19,3,0,0,86,1,5110,0,1,1
9,4,5,0,0,70,1,2910,0,1,1
11,1,2,0,0,76,0,5110,0,0,1
13,19,1,0,0,66,2,5110,0,0,1
10,21,3,0,0,66,1,5110,0,1,1
9,1,1,0,0,52,2,5110,0,0,1
9,3,2,0,0,59,1,5110,0,1,1
11,5,6,0,0,61,1,5110,0,1,1
10,2,2,0,0,81,1,5110,0,1,1
9,14,3,0,0,6,0,190,0,0,0
12,0,2,0,0,71,1,5110,0,1,1
10,5,4,0,0,92,2,5100,0,1,1
10,22,3,0,0,59,0,5110,0,1,1
12,22,6,0,0,99,2,5110,0,1,1
10,19,0,0,0,58,0,5110,0,1,1
6,19,1,0,0,61,0,1410,0,1,1
3,8,2,0,1,7,0,120,0,0,0
13,4,6,0,0,64,2,5110,0,0,1
3,21,2,0,0,95,2,5110,0,1,1
11,22,5,0,0,70,2,10,0,1,1
12,23,1,0,0,51,1,5110,0,1,1
6,3,5,0,0,51,2,1390,0,0,1
9,1,5,0,0,51,2,5110,0,1,1
12,19,1,0,0,69,2,2980,0,1,1
11,5,4,0,0,53,1,5110,0,0,1
4,7,2,0,1,11,2,130,0,0,0
9,3,1,0,0,76,2,5110,0,1,1
13,18,4,0,0,98,2,5110,0,0,1
9,5,4,0,0,50,2,1260,0,0,1
12,19,4,0,0,83,1,5110,0,1,1
6,22,2,0,0,77,2,5100,0,1,1
12,5,0,0,0,97,0,5110,0,1,1
10,5,3,0,0,90,1,5110,0,1,1
9,0,2,0,0,85,2,820,0,1,1
9,2,1,0,1,90,1,1180,0,0,1
12,18,4,0,0,80,0,2830,0,0,1
11,22,3,0,0,78,1,4610,0,0,1
10,23,4,0,0,93,1,5110,0,1,1
8,23,4,0,0,75,0,5110,0,1,1
7,4,5,0,0,59,0,1390,0,1,1
5,3,4,0,0,97,1,1220,0,1,1
9,19,0,0,0,78,2,5110,0,1,1
13,4,5,0,1,51,1,2580,0,1,1
3,13,3,0,1,12,1,10,0,1,0
12,20,5,0,0,81,2,5110,0,1,1
11,5,0,0,0,58,2,5110,0,1,1
9,1,2,0,0,85,1,5110,0,1,1
10,21,5,0,1,50,2,10,0,1,1
10,2,0,0,0,76,2,5110,0,1,1
9,21,4,0,0,90,1,4530,0,1,1
8,23,3,0,0,98,0,5100,0,1,1
10,4,0,0,0,83,1,5110,0,1,1
9,23,6,0,0,88,2,5090,0,1,1
11,2,3,0,0,77,1,5110,0,1,1
12,10,2,0,1,1,1,20,0,0,0
13,19,5,0,1,79,2,2640,0,1,1
11,4,2,0,0,50,2,750,0,1,1
10,4,6,0,0,84,0,5110,0,1,1
6,1,5,0,0,67,2,5100,0,1,1
2,13,2,0,0,19,2,10,0,0,0
9,2,5,0,0,58,1,2940,0,0,1
3,17,4,0,1,10,0,130,0,0,0
13,3,4,0,0,73,2,5110,0,0,1
5,16,2,0,1,14,2,10,0,0,0
4,14,2,0,0,7,0,20,0,1,0
9,0,1,0,0,55,2,5110,0,1,1
9,23,2,0,0,88,1,2270,0,1,1
5,3,2,0,0,61,1,5110,0,1,1
11,4,6,0,0,81,0,5110,0,0,1
13,20,5,0,0,66,1,5100,0,0,1
10,1,0,0,0,74,2,5110,0,1,1
9,0,4,0,0,67,0,2920,0,1,1
10,4,5,0,1,73,0,1430,0,0,1
12,19,1,0,0,56,1,5110,0,1,1
12,23,2,0,0,74,2,1410,0,0,1
10,22,2,0,1,77,0,2080,0,1,1
10,20,3,0,0,60,1,5110,0,1,1
11,0,6,0,0,63,1,2480,0,0,1
10,18,2,0,0,87,1,5110,0,0,1
5,11,1,0,1,13,1,10,0,0,0
12,2,1,0,0,59,0,4560,0,1,1
11,5,6,0,0,87,0,5110,0,0,1
13,4,1,0,0,67,0,1140,0,1,1
11,18,1,0,0,72,0,5110,0,1,1
5,23,3,0,0,62,0,5110,0,1,1
3,13,1,0,1,11,1,120,0,0,0
11,16,4,0,1,18,0,40,0,0,0
10,5,1,0,0,80,2,1230,0,1,1
12,20,2,0,0,67,2,5110,0,1,1
9,4,2,0,0,64,2,5110,0,0,1
1,14,3,0,1,6,2,100,0,0,0
13,0,4,0,0,77,2,5110,0,0,1
13,22,1,0,0,61,1,1460,0,1,1
2,14,1,0,1,14,1,20,0,0,0
10,18,6,0,1,89,1,2540,0,1,1
12,22,1,0,0,73,2,5110,0,1,1
13,20,4,0,0,99,0,5110,0,1,1
9,19,4,0,1,88,1,1320,0,1,1
3,15,0,0,1,14,2,30,0,0,0
3,18,1,0,0,13,1,30,0,0,0
6,4,3,0,0,85,2,5100,0,0,1
12,21,4,0,0,59,1,5110,0,1,1
4,17,2,0,1,9,1,30,0,0,0
12,3,0,0,1,56,1,2000,0,1,1
9,2,4,0,0,70,2,5110,0,1,1
5,0,0,0,0,70,2,1470,0,0,1
7,8,4,0,0,10,2,90,0,0,0
9,22,6,0,0,88,0,5110,0,0,1
11,20,4,0,0,70,2,5110,0,1,1
11,4,4,0,0,92,0,2490,0,1,1
9,4,3,0,0,55,1,5100,0,1,1
4,13,1,0,0,10,1,10,0,0,0
9,23,2,0,0,89,0,5110,0,1,1
2,10,0,0,1,9,1,10,0,0,0
12,23,1,0,0,76,2,5110,0,0,1
13,3,6,0,0,86,2,2600,0,0,1
12,5,3,0,0,79,2,5110,0,1,1
10,18,3,0,0,88,2,5110,0,0,1
10,18,3,0,0,67,2,1160,0,1,1
5,5,6,0,0,81,1,5110,0,1,1
9,1,5,0,0,51,1,1050,0,1,1
10,4,4,0,0,69,2,5110,0,1,1
13,18,0,0,0,78,0,5110,0,1,1
13,23,6,0,0,72,2,2460,0,0,1
10,3,6,0,0,82,2,5110,0,1,1
5,7,1,0,1,6,0,10,0,0,0
3,9,4,0,0,16,1,10,0,0,0
2,14,1,0,1,13,2,30,0,0,0
11,2,0,0,0,95,2,5100,0,1,1
11,23,5,0,0,86,1,5110,0,1,1
10,0,4,0,0,63,1,10,0,1,1
9,23,1,0,0,78,0,5110,0,1,1
12,2,4,0,0,60,0,1120,0,1,1
6,2,1,0,0,76,0,5110,0,0,1
13,21,4,0,0,64,1,5110,0,0,1
8,1,5,0,0,96,0,5100,0,0,1
12,3,3,0,0,59,1,5110,0,0,1
13,4,4,0,0,52,1,5110,0,1,1
10,1,2,0,0,61,1,5110,0,1,1
4,7,1,0,1,2,2,10,0,0,0
9,18,3,0,0,95,0,1440,0,1,1
12,23,0,0,0,81,1,5110,0,1,1
5,18,0,0,0,87,2,5110,0,1,1
10,20,2,0,0,53,2,5080,0,1,1
12,23,6,0,0,67,2,5110,0,1,1
11,5,1,0,0,62,2,5100,0,1,1
10,5,0,0,0,78,1,2430,0,1,1
11,5,2,0,0,80,2,5110,0,0,1
12,22,4,0,1,84,1,1360,0,0,1
10,3,1,0,0,87,1,5110,0,0,1
9,19,6,0,0,67,0,5110,0,1,1
10,5,1,0,0,76,0,4830,0,1,1
6,5,5,0,0,70,1,5110,0,0,1
8,1,5,0,0,67,1,1170,0,1,1
9,1,4,0,0,91,0,5110,0,1,1
9,21,6,0,0,96,0,5110,0,1,1
11,18,0,0,0,88,2,2630,0,1,1
11,4,6,0,0,76,0,5110,0,1,1
12,2,1,0,0,58,1,1330,0,1,1
4,11,3,0,1,8,2,1890,0,0,0
10,18,0,0,1,88,2,1010,0,1,1
12,23,6,0,0,68,1,5110,0,0,1
3,18,1,0,1,16,0,20,0,0,0
12,19,6,0,0,70,1,1020,0,0,1
10,2,4,0,0,77,0,5110,0,0,1
11,23,2,0,0,96,1,5110,0,1,1
6,4,0,0,0,69,0,4410,0,1,1
1,10,3,0,1,4,2,270,0,0,0
11,3,4,0,0,96,0,5110,0,1,1
3,8,3,0,1,12,2,90,0,0,0
13,19,0,0,0,62,1,5110,0,1,1
2,17,0,0,1,18,1,10,0,0,0
12,19,1,0,0,57,1,5100,0,0,1
13,2,2,0,1,89,1,2480,0,1,1
5,5,2,0,1,53,2,210,0,1,1
13,19,0,0,0,97,0,5110,0,1,1
10,20,4,0,0,77,2,5110,0,1,1
13,20,1,0,0,52,1,5110,0,0,1
11,18,0,0,0,96,1,5100,0,0,1
12,23,0,0,0,88,0,5100,0,0,1
9,3,4,0,0,85,2,5110,0,0,1
9,4,6,0,0,52,2,5110,0,0,1
11,23,0,0,0,78,2,5080,0,1,1
12,18,6,0,0,85,1,1090,0,0,1
12,1,4,0,0,61,0,5110,0,0,1
9,21,5,0,0,69,0,5110,0,1,1
9,22,4,0,0,94,2,1880,0,1,1
13,18,3,0,0,86,2,1490,0,0,1
9,5,1,0,0,59,2,5110,0,1,1
10,21,2,0,0,66,2,5110,0,1,1
12,19,1,0,0,72,1,5110,0,1,1
10,1,4,0,1,97,1,930,0,1,1
9,19,1,0,0,96,0,5110,0,1,1
10,4,1,0,0,71,0,1070,0,1,1
10,21,5,0,0,55,0,5110,0,1,1
1,17,4,0,1,9,2,10,0,0,0
9,2,5,0,0,80,0,5110,0,0,1
10,2,5,0,0,88,0,5100,0,0,1
10,19,0,0,0,94,1,5110,0,1,1
5,16,0,0,1,7,2,100,0,0,0
13,1,3,0,0,88,1,5110,0,1,1
10,22,5,0,0,92,2,5110,0,1,1
13,22,3,0,0,54,2,5110,0,0,1
13,1,6,0,0,95,0,5110,0,0,1
5,0,3,0,0,95,0,5110,0,1,1
4,18,1,0,1,84,1,2690,0,1,1
7,19,5,0,0,57,1,5110,0,1,1
10,21,6,0,0,60,1,5110,0,1,1
10,21,2,0,0,77,2,5110,0,1,1
11,5,3,0,0,60,0,5110,0,0,1
11,4,5,0,0,80,1,5110,0,1,1
4,8,3,0,1,11,2,20,0,0,0
10,4,0,0,0,58,0,1920,0,1,1
12,21,2,0,0,60,2,2460,0,1,1
5,17,2,0,1,4,2,50,0,0,0
12,0,1,0,0,58,2,5110,0,0,1
2,11,3,0,1,10,1,190,0,0,0
13,23,0,0,0,53,0,2970,0,1,1
11,2,0,0,0,60,1,5100,0,1,1
10,20,2,0,0,92,2,5110,0,0,1
13,21,2,0,0,78,0,5110,0,1,1
9,18,0,0,0,53,1,5110,0,1,1
1,8,4,0,1,2,0,20,0,0,0
10,22,6,0,0,54,2,5110,0,1,1
13,3,6,0,0,63,2,5100,0,0,1
11,18,3,0,0,76,2,5100,0,1,1
7,14,0,0,1,3,2,20,0,1,0
3,18,1,0,1,2,0,10,0,0,0
11,21,1,0,0,93,1,5110,0,1,1
10,5,3,0,0,65,0,5110,0,1,1
3,12,2,0,1,5,1,50,0,0,0
8,18,3,0,0,71,0,1410,0,0,1
11,5,0,0,0,71,0,4850,0,1,1
14,3,1,0,1,83,0,10,0,1,1
9,2,1,0,0,67,1,5100,0,1,1
10,0,1,0,0,65,2,5110,0,1,1
3,12,0,0,1,16,1,150,0,0,0
10,18,0,0,0,68,1,5110,0,1,1
10,20,0,0,0,67,1,4500,0,0,1
4,18,0,0,1,2,2,10,0,0,0
10,2,2,0,0,83,0,5110,0,1,1
10,21,2,0,1,98,2,1140,0,0,1
6,18,1,0,0,76,2,5110,0,0,1
10,19,6,0,0,78,0,5110,0,1,1
10,3,1,0,0,86,2,5110,0,0,1
10,23,4,0,0,85,2,5110,0,0,1
13,23,3,0,0,56,2,5110,0,1,1
9,21,3,0,0,53,2,5110,0,1,1
9,0,2,0,0,52,2,4530,0,1,1
9,1,0,0,0,52,0,2420,0,1,1
3,11,3,0,1,19,0,40,0,0,0
7,7,4,0,1,14,0,110,0,1,0
8,3,4,0,0,64,0,5110,0,1,1
5,22,4,0,1,89,1,2520,0,1,1
6,3,3,0,0,56,0,5110,0,1,1
10,23,3,0,0,62,1,5110,0,1,1
5,12,0,0,1,19,1,40,0,0,0
8,0,0,0,0,52,2,5110,0,1,1
12,2,1,0,0,82,1,5100,0,0,1
13,3,3,0,0,53,2,5110,0,0,1
12,19,1,0,0,94,0,5110,0,1,1
11,19,5,0,0,78,1,5110,0,1,1
4,8,0,0,1,6,1,40,0,0,0
1,17,0,0,1,14,1,10,0,0,0
9,0,0,0,0,80,0,4580,0,0,1
3,12,4,0,0,19,0,20,0,0,0
13,0,1,0,0,86,1,2530,0,1,1
9,2,0,0,0,61,0,5110,0,1,1
13,22,0,0,1,71,1,2400,0,1,1
3,17,4,0,0,6,0,60,0,0,0
12,21,1,0,0,56,1,5110,0,1,1
11,0,5,0,0,93,1,4780,0,0,1
14,4,0,0,0,92,1,40,0,1,1
13,19,0,0,0,51,0,5100,0,1,1
9,5,3,0,0,61,0,2380,0,1,1
10,18,2,0,0,53,0,2680,0,1,1
11,0,0,0,0,82,1,4800,0,1,1
5,5,4,0,0,79,0,1380,0,1,1
12,4,0,0,0,92,0,2190,0,1,1
10,19,2,0,0,69,0,5110,0,1,1
11,19,5,0,0,84,0,5110,0,1,1
13,19,5,0,0,77,1,5110,0,0,1
13,20,6,0,0,68,1,5110,0,1,1
10,23,6,0,0,67,1,1030,0,1,1
10,1,6,0,0,57,2,2680,0,0,1
6,2,1,0,0,95,1,670,0,0,1
8,23,4,0,0,68,2,5110,0,1,1
3,15,1,0,1,15,2,10,0,0,0
9,18,5,0,0,89,0,5110,0,0,1
4,13,0,0,1,2,2,10,0,0,0
10,22,2,0,0,83,1,5110,0,1,1
10,23,6,0,0,90,0,1110,0,1,1
1,14,0,0,1,14,2,170,0,0,0
11,1,1,0,0,58,1,5110,0,0,1
1,15,4,0,1,3,1,10,0,0,0
11,1,4,0,1,85,0,1180,0,1,1
4,4,4,0,0,63,2,5100,0,1,1
9,3,5,0,0,59,2,5110,0,1,1
7,17,3,0,1,0,1,10,0,0,0
4,0,6,0,0,53,1,5110,0,0,1
6,19,2,0,1,59,2,1410,0,0,1
11,18,2,0,0,78,2,2940,0,1,1
2,11,0,0,1,0,0,30,0,0,0
9,19,3,0,0,98,0,4530,0,1,1
13,23,3,0,0,71,0,5110,0,1,1
11,21,4,0,0,90,1,5110,0,1,1
12,4,1,0,0,94,2,5110,0,1,1
11,19,3,0,0,59,1,1920,0,1,1
10,2,2,0,0,65,2,5110,0,1,1
10,1,3,0,0,54,1,2230,0,1,1
9,22,0,0,0,71,1,4740,0,0,1
10,22,2,0,0,77,2,5110,0,1,1
13,5,6,0,0,82,1,5110,0,0,1
9,5,0,0,1,85,2,1290,0,1,1
9,2,2,0,0,73,2,5110,0,1,1
13,2,2,0,0,80,0,1070,0,0,1
13,18,2,0,0,50,1,10,0,1,1
10,2,6,0,0,91,0,5110,0,1,1
3,22,3,0,0,76,1,5110,0,1,1
6,15,4,0,1,8,1,70,0,0,0
4,4,5,0,0,71,1,2900,0,1,1
11,18,0,0,0,89,0,5110,0,1,1
10,4,0,0,0,96,2,5110,0,1,1
12,1,5,0,0,92,1,5110,0,1,1
12,0,3,0,0,71,0,5110,0,0,1
7,13,3,0,1,12,2,80,0,0,0
12,20,3,0,0,68,1,2650,0,1,1
10,20,2,0,0,90,0,1070,0,0,1
11,22,2,0,0,64,0,5110,0,1,1
7,22,1,0,0,68,2,1420,0,1,1
11,2,2,0,0,87,0,5110,0,1,1
10,22,6,0,0,83,0,5110,0,1,1
1,7,1,0,1,9,2,10,0,0,0
6,3,3,0,0,50,2,5110,0,1,1
9,4,6,0,0,66,1,5110,0,1,1
10,19,5,0,0,61,2,5110,0,1,1
9,20,3,0,0,79,0,5110,0,0,1
12,0,2,0,0,82,0,5110,0,1,1
3,3,6,0,0,71,0,5110,0,0,1
10,19,1,0,0,82,0,1270,0,1,1
13,0,0,0,0,91,0,1120,0,0,1
2,8,0,0,1,10,2,120,0,0,0
5,16,4,0,1,16,2,10,0,0,0
9,16,0,0,0,18,0,20,0,0,0
10,23,5,0,0,62,2,4530,0,1,1
11,4,5,0,1,57,0,2520,0,1,1
1,17,3,0,1,1,0,10,0,0,0
12,1,4,0,0,62,1,5110,0,1,1
13,3,2,0,0,57,1,4820,0,0,1
1,16,3,0,1,11,2,20,0,0,0
1,17,2,0,0,15,0,10,0,0,0
11,21,5,0,0,53,1,1070,0,1,1
14,21,1,0,1,61,1,20,0,1,1
5,11,3,0,0,3,2,10,0,0,0
2,8,3,0,1,2,2,230,0,0,0
10,21,4,0,0,92,2,4800,0,1,1
12,4,6,0,0,58,0,5110,0,1,1
5,15,2,0,1,10,0,10,0,0,0
4,11,1,0,1,12,1,120,0,0,0
10,5,2,0,0,87,1,5110,0,1,1
10,21,1,0,0,52,0,5110,0,0,1
7,22,6,0,0,76,2,2260,0,0,1
9,0,5,0,0,85,1,5110,0,0,1
10,23,6,0,0,93,2,5110,0,1,1
2,14,0,0,1,3,1,20,0,0,0
9,2,5,0,0,92,2,5110,0,1,1
2,18,0,0,1,19,0,230,0,0,0
13,19,5,0,0,86,0,5110,0,1,1
7,18,3,0,0,50,1,5110,0,0,1
8,18,0,0,0,78,1,5110,0,1,1
10,23,5,0,0,62,0,3000,0,0,1
9,22,0,0,0,82,1,1130,0,1,1
11,2,4,0,0,59,1,4880,0,0,1
11,2,2,0,0,98,0,5110,0,1,1
10,20,3,0,0,71,2,2720,0,1,1
5,23,2,0,0,56,0,5110,0,1,1
11,3,1,0,0,68,1,5110,0,1,1
9,19,4,0,0,66,0,5110,0,1,1
6,2,6,0,1,62,1,2280,0,1,1
13,4,6,0,0,64,1,5110,0,0,1
13,18,2,0,0,86,2,5110,0,0,1
6,22,1,0,0,88,2,5110,0,0,1
13,21,0,0,0,96,1,5110,0,1,1
11,1,6,0,0,87,1,2610,0,1,1
9,23,1,0,0,63,1,5110,0,0,1
5,5,1,0,0,97,1,5110,0,1,1
12,0,2,0,0,99,0,5110,0,1,1
9,0,1,0,0,53,0,5110,0,1,1
7,21,4,0,0,61,0,5100,0,1,1
9,20,3,0,0,64,2,2380,0,1,1
7,0,2,0,0,79,0,1360,0,1,1
9,22,2,0,0,74,1,5110,0,1,1
2,9,0,0,0,14,2,10,0,0,0
8,1,1,0,0,51,0,5110,0,1,1
9,2,5,0,0,64,0,1170,0,1,1
9,19,0,0,0,94,0,5110,0,0,1
6,9,0,0,0,9,0,120,0,0,0
6,19,1,0,0,72,0,1240,0,0,1
13,22,4,0,0,60,0,2040,0,1,1
12,2,4,0,0,74,2,4810,0,1,1
13,0,0,0,0,94,1,5110,0,1,1
9,23,1,0,0,63,2,5110,0,1,1
12,20,4,0,0,98,2,1150,0,1,1
7,0,2,0,0,84,0,5110,0,1,1
1,11,2,0,1,4,0,70,0,0,0
7,21,2,0,0,96,0,5100,0,0,1
8,23,1,0,0,56,2,5110,0,1,1
13,3,5,0,0,55,2,5110,0,1,1
9,5,6,0,0,70,2,2340,0,1,1
10,3,4,0,0,85,0,5110,0,1,1
5,5,3,0,0,50,1,5110,0,1,1
12,21,2,0,0,61,1,1300,0,0,1
7,22,2,0,0,88,2,5110,0,0,1
13,2,1,0,0,70,2,2080,0,1,1
5,3,3,0,1,85,1,1490,0,0,1
12,23,4,0,0,82,0,5110,0,1,1
8,23,3,0,0,73,0,10,0,0,1
13,4,4,0,0,95,0,5080,0,1,1
13,19,0,0,0,93,2,5110,0,1,1
11,23,5,0,1,71,0,10,0,1,1
7,23,0,0,0,70,1,5110,0,0,1
4,11,1,0,0,0,0,10,1,0,0
10,1,5,0,0,76,1,5110,0,1,1
4,21,2,0,0,94,2,5110,0,0,1
11,5,2,0,0,83,2,5110,0,1,1
14,21,0,0,1,80,0,20,0,1,1
9,2,3,0,0,80,0,5110,0,1,1
4,12,3,0,0,1,1,10,0,0,0
3,13,3,0,1,1,1,80,0,0,0
10,0,0,0,0,77,2,5090,0,0,1
9,18,6,0,0,97,2,5110,0,1,1
6,0,4,0,1,83,2,2480,0,1,1
11,21,6,0,0,65,1,5110,0,1,1
9,1,3,0,0,84,2,5110,0,1,1
5,9,1,0,1,4,0,40,0,0,0
14,18,6,0,0,70,0,20,0,0,1
8,3,2,0,1,76,1,1810,0,1,1
12,22,6,0,0,50,1,5110,0,1,1
12,22,0,0,0,72,0,5110,0,1,1
11,0,2,0,0,88,0,5110,0,1,1
10,2,4,0,0,52,0,5110,0,1,1
11,18,6,0,0,50,0,5110,0,1,1
11,4,6,0,0,68,0,5110,0,1,1
9,22,4,0,0,80,2,5110,0,1,1
9,1,0,0,0,95,1,5110,0,1,1
10,2,6,0,0,94,1,5110,0,1,1
4,16,2,0,1,19,2,70,0,0,0
10,0,5,0,0,67,0,5100,0,1,1
13,23,4,0,0,86,1,5100,0,1,1
10,18,4,0,0,50,2,5110,0,0,1
9,5,0,0,1,73,0,1370,0,0,1
11,22,1,0,0,92,0,5100,0,1,1
10,20,3,0,0,88,0,5110,0,0,1
6,19,6,0,0,63,0,5110,0,1,1
13,1,2,0,0,85,1,1470,0,0,1
3,11,0,0,1,8,1,20,0,0,0
13,22,3,0,0,55,1,5110,0,1,1
13,20,6,0,0,68,1,5110,0,1,1
5,18,4,0,1,5,2,10,0,0,0
3,7,4,0,0,5,2,350,0,0,0
3,8,0,0,1,8,1,10,0,0,0
1,15,4,0,1,16,0,10,0,0,0
13,18,1,0,0,51,2,5110,0,1,1
14,18,4,0,1,58,2,40,0,1,1
9,4,3,0,0,75,0,5110,0,0,1
1,15,2,0,1,11,0,150,0,0,0
10,18,3,0,0,72,0,5110,0,1,1
9,22,0,0,0,76,1,5100,0,0,1
3,2,0,0,0,62,1,5110,0,1,1
9,1,1,0,0,91,2,4780,0,1,1
4,23,5,0,0,94,0,5110,0,1,1
1,10,3,0,0,14,1,10,0,0,0
9,20,0,0,0,52,1,5110,0,1,1
11,3,5,0,0,83,2,5110,0,1,1
13,22,1,0,0,75,2,5110,0,1,1
10,3,5,0,0,78,1,5110,0,1,1
1,8,4,0,1,13,0,10,0,0,0
9,21,0,0,0,85,2,5110,0,1,1
13,4,0,0,0,95,2,10,0,1,1
12,22,5,0,0,95,1,2830,0,1,1
12,3,2,0,0,86,2,5110,0,1,1
12,20,3,0,0,77,2,5110,0,1,1
12,1,5,0,1,72,1,2590,0,1,1
3,13,0,0,1,18,2,10,0,0,0
9,19,5,0,0,94,0,5110,0,0,1
12,22,0,0,0,97,0,980,0,1,1
5,19,6,0,1,86,0,2670,0,1,1
10,19,3,0,0,53,1,5090,0,0,1
4,23,1,0,0,70,1,2690,0,1,1
2,18,2,0,1,19,1,10,0,0,0
7,2,3,0,1,58,1,1620,0,0,1
13,3,5,0,0,97,2,5110,0,0,1
4,13,0,0,1,8,0,20,0,0,0
5,13,2,0,1,17,2,110,0,1,0
13,4,4,0,0,92,2,5110,0,1,1
13,23,0,0,0,88,0,5090,0,1,1
4,1,5,0,0,88,2,5110,0,1,1
12,20,6,0,0,76,2,5100,0,1,1
13,20,0,0,0,55,1,2910,0,0,1
9,0,5,0,0,89,0,5110,0,1,1
13,18,3,0,1,63,2,2260,0,1,1
5,14,4,0,1,15,0,40,0,0,0
11,1,3,0,0,58,2,2870,0,1,1
11,2,5,0,0,78,0,5110,0,1,1
13,20,1,0,0,70,1,5110,0,0,1
2,12,4,0,1,9,0,50,0,0,0
11,5,2,0,0,62,1,5110,0,0,1
2,8,0,0,1,13,2,60,0,1,0
9,2,4,0,0,59,0,2850,0,0,1
11,1,2,0,0,73,2,5110,0,0,1
13,21,0,0,1,77,2,2040,0,1,1
5,2,0,0,0,62,1,5110,0,1,1
13,19,6,0,0,98,2,5110,0,1,1
8,21,5,0,0,71,2,5110,0,1,1
11,1,6,0,0,76,2,5110,0,0,1
10,21,5,0,0,69,1,760,0,0,1
12,23,6,0,0,87,0,5110,0,0,1
9,22,2,0,0,51,2,5110,0,0,1
4,8,4,0,1,17,2,10,0,0,0
7,11,2,0,1,9,0,30,0,0,0
13,19,1,0,0,75,1,5110,0,1,1
11,2,2,0,0,66,0,5110,0,1,1
9,2,4,0,0,57,2,1280,0,0,1
10,18,1,0,0,88,0,5110,0,0,1
3,12,3,0,1,18,0,200,0,0,0
12,18,5,0,0,92,0,5100,0,0,1
4,15,2,0,1,7,0,10,0,0,0
10,23,2,0,0,85,2,5110,0,0,1
4,12,4,0,0,3,0,50,0,0,0
10,3,0,0,0,74,0,2800,0,1,1
5,12,4,0,1,3,0,50,0,0,0
11,18,6,0,0,52,1,5110,0,0,1
9,20,4,0,0,75,0,5100,0,0,1
1,15,0,0,1,12,1,10,0,0,0
13,20,4,0,0,93,2,5110,0,0,1
9,23,6,0,0,75,1,1340,0,1,1
12,3,4,0,0,77,0,5110,0,0,1
10,1,0,0,0,96,1,2630,0,1,1
11,0,1,0,0,60,0,5110,0,1,1
13,4,6,0,0,95,2,5110,0,1,1
2,16,4,0,1,11,1,50,0,0,0
13,20,2,0,0,58,1,5110,0,1,1
3,8,4,0,1,5,0,20,0,0,0
9,5,0,0,0,91,0,2390,0,0,1
13,5,0,0,0,56,0,5100,0,1,1
13,4,3,0,0,61,2,5110,0,1,1
9,19,0,0,0,77,2,5110,0,1,1
10,21,2,0,0,92,2,1370,0,0,1
12,2,2,0,0,99,2,1020,0,0,1
9,18,0,0,0,94,1,5090,0,1,1
10,18,1,0,0,86,0,5100,0,0,1
13,5,1,0,0,56,2,5100,0,1,1
2,10,2,0,1,17,1,40,0,1,0
10,1,2,0,0,76,2,5110,0,0,1
3,8,4,0,0,7,1,10,0,0,0
7,12,0,0,1,0,0,330,0,0,0
13,21,1,0,0,71,2,5110,0,1,1
12,20,4,0,0,50,0,5110,0,1,1
10,2,3,0,0,53,0,5110,0,1,1
4,11,3,0,1,9,0,10,0,0,0
11,3,1,0,0,55,2,5110,0,1,1
10,3,5,0,0,90,1,5110,0,1,1
11,22,6,0,1,81,1,2240,0,1,1
10,19,5,0,0,52,1,2160,0,1,1
3,17,4,0,1,7,1,90,0,0,0
8,1,1,0,0,52,0,5110,0,0,1
12,18,1,0,0,51,2,5110,0,1,1
10,18,1,0,0,94,2,4460,0,1,1
1,17,1,0,1,0,0,110,0,0,0
8,0,0,0,0,78,2,5110,0,1,1
6,20,4,0,0,73,1,5110,0,1,1
5,19,4,0,0,59,0,5100,0,1,1
10,20,2,0,0,74,2,5110,0,1,1
2,14,2,0,0,14,2,30,0,0,0
3,16,3,0,1,12,0,30,0,0,0
10,19,2,0,0,78,2,5110,0,1,1
10,19,2,0,0,81,1,5100,0,1,1
11,3,5,0,0,73,1,5100,0,1,1
9,22,1,0,0,79,0,5110,0,1,1
11,21,0,0,0,87,1,2170,0,1,1
6,0,1,0,0,67,2,5110,0,1,1
12,22,5,0,1,61,1,2600,0,0,1
5,15,3,0,1,0,2,10,0,0,0
13,20,4,0,0,71,0,5110,0,1,1
11,0,4,0,0,73,1,5110,0,1,1
13,23,1,0,0,61,1,5110,0,0,1
12,4,2,0,1,93,2,1990,0,0,1
13,0,4,0,0,94,1,5110,0,1,1
5,19,1,0,0,88,1,5110,0,1,1
10,5,4,0,0,56,1,5110,0,1,1
4,22,1,0,0,73,2,780,0,1,1
5,12,2,0,1,11,1,200,0,0,0
7,20,0,0,0,83,0,2190,0,1,1
2,18,4,0,1,17,1,10,0,0,0
10,21,6,0,0,74,2,5110,0,0,1
2,15,2,0,0,9,2,10,0,0,0
13,18,4,0,0,84,2,5110,0,1,1
13,21,4,0,0,65,1,2380,0,1,1
10,0,2,0,0,76,0,5110,0,1,1
11,4,5,0,0,70,2,5100,0,0,1
11,18,4,0,0,52,1,5090,0,1,1
10,5,1,0,0,63,1,5110,0,0,1
5,23,5,0,0,53,1,5110,0,0,1
9,21,1,0,0,53,0,5110,0,1,1
13,2,1,0,0,60,0,5110,0,1,1
12,18,5,0,1,59,2,470,0,1,1
10,4,6,0,0,76,2,2040,0,1,1
12,3,0,0,0,70,0,5110,0,1,1
2,17,4,0,1,1,0,80,0,0,0
13,2,1,0,0,53,2,4520,0,1,1
13,2,4,0,0,79,1,2180,0,1,1
4,18,3,0,1,14,0,80,0,0,0
10,21,1,0,1,93,0,2270,0,1,1
5,0,0,0,1,57,1,1450,0,1,1
5,2,4,0,0,80,0,5110,0,1,1
12,1,3,0,1,76,2,1070,0,1,1
5,3,4,0,0,81,2,5110,0,1,1
13,1,5,0,0,78,0,5110,0,1,1
10,23,4,0,0,89,1,5110,0,1,1
2,15,1,0,1,7,0,10,0,0,0
13,2,3,0,1,55,0,1180,0,0,1
3,8,2,0,1,4,0,10,0,0,0
3,12,2,0,1,2,2,10,0,1,0
3,3,6,0,0,52,0,5110,0,1,1
11,21,0,0,0,83,2,2350,0,0,1
11,19,6,0,0,55,1,5090,0,1,1
12,21,4,0,0,80,0,5110,0,1,1
11,2,3,0,0,59,1,4490,0,1,1
10,21,1,0,0,52,0,4840,0,1,1
10,23,3,0,0,81,1,2780,0,0,1
12,4,4,0,0,60,0,5110,0,1,1
11,1,0,0,0,79,0,5110,0,1,1
12,2,4,0,0,83,1,5110,0,1,1
10,2,4,0,0,97,2,5110,0,1,1
4,14,2,0,0,6,0,110,0,0,0
3,16,3,0,1,15,1,20,0,0,0
12,0,2,0,0,82,0,5110,0,1,1
9,4,5,0,0,83,0,5110,0,1,1
13,2,3,0,0,77,2,5110,0,1,1
9,19,4,0,0,51,1,2490,0,0,1
13,19,0,0,0,50,2,5110,0,1,1
12,22,2,0,0,88,0,5110,0,1,1
13,21,0,0,0,71,2,5110,0,0,1
13,1,1,0,0,52,2,5110,0,1,1
2,11,2,0,1,14,2,420,0,0,0
9,1,3,0,0,93,1,5110,0,1,1
2,16,4,0,1,17,0,140,0,0,0
9,21,0,0,0,53,1,5110,0,1,1
4,0,2,0,1,51,1,850,0,0,1
14,19,1,0,0,57,2,30,0,1,1
9,12,4,0,1,10,2,640,0,0,0
10,23,1,0,0,51,1,5110,0,0,1
12,3,0,0,0,81,0,5110,0,1,1
11,19,0,0,0,83,2,5110,0,0,1
9,1,4,0,0,69,1,5110,0,0,1
7,19,1,0,0,97,0,5110,0,1,1
12,23,2,0,0,86,2,5110,0,1,1
5,2,3,0,0,52,0,5110,0,1,1
11,3,2,0,0,93,2,5080,0,1,1
12,1,6,0,0,98,1,5110,0,1,1
1,15,3,0,0,10,2,120,0,0,0
10,3,2,0,0,70,2,5110,0,1,1
12,18,4,0,0,67,0,5110,0,1,1
9,21,6,0,0,86,0,5100,0,1,1
12,1,4,0,0,81,0,5110,0,1,1
12,0,6,0,0,81,1,5110,0,1,1
9,0,1,0,0,92,2,5110,0,1,1
11,3,2,0,0,77,0,5110,0,1,1
9,21,2,0,0,91,0,5110,0,1,1
3,0,5,0,1,89,0,1990,0,1,1
4,12,0,0,1,7,0,10,0,0,0
12,5,4,0,0,95,2,5110,0,1,1
12,3,2,0,0,52,2,2360,0,1,1
11,20,1,0,0,55,0,5110,0,1,1
10,18,4,0,0,81,2,10,0,0,1
9,0,4,0,0,50,0,1390,0,1,1
3,9,0,0,1,18,1,40,0,0,0
10,3,3,0,0,67,2,5110,0,1,1
1,17,1,0,1,11,2,40,0,0,0
12,0,0,0,0,93,1,2520,0,1,1
4,16,1,0,1,11,2,40,0,1,0
5,9,0,0,0,6,1,10,0,0,0
4,16,2,0,1,4,0,20,0,0,0
8,5,3,0,0,63,2,5100,0,1,1
9,0,6,0,0,76,2,5110,0,1,1
12,18,6,0,0,79,2,5110,0,1,1
9,20,1,0,0,50,2,5110,0,1,1
12,1,5,0,0,93,2,1300,0,1,1
10,1,2,0,0,83,1,5110,0,1,1
9,2,6,0,1,71,0,1270,0,1,1
2,13,4,0,1,6,1,230,0,0,0
12,21,5,0,0,85,0,1420,0,1,1
11,1,1,0,0,64,1,1390,0,1,1
9,20,0,0,0,64,1,10,0,1,1
4,13,4,0,1,15,1,110,0,0,0
11,2,4,0,1,86,1,1050,0,1,1
9,3,1,0,0,72,1,1020,0,1,1
12,23,6,0,0,87,0,5110,0,0,1
1,13,1,0,1,14,0,90,0,0,0
4,15,2,0,1,18,0,20,0,0,0
13,22,2,0,0,75,1,5110,0,1,1
13,1,5,0,0,54,0,5110,0,0,1
10,5,5,0,0,56,0,20,0,0,1
9,21,1,0,0,94,1,5110,0,1,1
10,23,3,0,0,73,2,5110,0,0,1
12,22,1,0,0,70,1,2780,0,1,1
13,2,6,0,0,67,0,5100,0,0,1
11,5,5,0,0,82,0,5110,0,0,1
13,0,5,0,1,95,1,20,0,1,1
12,22,5,0,0,98,1,5110,0,1,1
3,16,1,0,0,11,0,90,0,0,0
13,20,4,0,0,98,2,5110,0,0,1
13,5,0,0,0,74,2,5110,0,0,1
12,5,4,0,0,72,1,5110,0,0,1
1,8,4,0,1,1,0,20,0,0,0
10,3,5,0,0,66,2,5110,0,0,1
13,3,3,0,0,89,1,5110,0,0,1
10,0,5,0,0,55,2,5110,0,1,1
14,18,6,0,0,51,2,10,0,0,1
9,23,3,0,0,69,1,5110,0,1,1
10,1,6,0,0,66,1,2010,0,0,1
13,19,5,0,0,56,1,5110,0,1,1
13,1,2,0,1,55,2,2600,0,0,1
12,4,0,0,0,50,1,20,0,0,1
10,1,0,0,0,53,0,2730,0,0,1
9,19,4,0,0,76,2,5110,0,1,1
2,7,2,0,1,7,1,20,0,0,0
13,19,0,0,0,69,2,5110,0,1,1
10,2,2,0,1,55,1,1710,0,0,1
3,13,2,0,1,16,0,20,0,1,0
13,19,4,0,0,66,0,5100,0,1,1
9,2,6,0,0,90,1,5110,0,1,1
10,23,6,0,0,60,0,5110,0,0,1
2,12,1,0,1,7,1,140,0,0,0
11,20,0,0,0,55,1,5110,0,1,1
12,21,0,0,0,92,0,5110,0,1,1
10,4,2,0,1,51,2,2200,0,1,1
2,11,1,0,1,2,0,180,0,0,0
3,16,4,0,0,5,1,10,0,0,0
11,4,6,0,0,99,1,5090,0,1,1
8,7,0,0,1,19,1,170,0,0,0
6,21,2,0,1,91,2,2900,0,1,1
9,3,1,0,0,67,0,1080,0,0,1
4,10,2,0,0,0,2,80,0,0,0
11,23,3,0,1,77,0,2290,0,1,1
12,18,1,0,1,8,1,10,0,0,0
12,21,0,0,1,70,2,1120,0,1,1
12,5,0,0,0,81,1,930,0,1,1
8,20,3,0,0,93,0,5110,0,1,1
9,5,2,0,0,61,2,5110,0,0,1
4,9,1,0,1,5,0,160,0,0,0
10,2,4,0,0,58,1,5110,0,1,1
12,5,5,0,0,55,2,5110,0,1,1
13,21,6,0,0,57,0,5110,0,1,1
5,9,2,0,1,10,0,170,0,0,0
6,20,3,0,0,59,2,5110,0,1,1
3,12,0,0,0,1,2,130,0,0,0
11,0,3,0,0,91,0,4800,0,0,1
9,3,6,0,0,54,2,2870,0,0,1
3,11,3,0,1,5,2,10,0,0,0
12,19,1,0,0,61,2,2530,0,1,1
9,19,6,0,0,56,2,5090,0,1,1
10,23,0,0,0,79,0,5110,0,1,1
13,22,6,0,0,61,1,1360,0,1,1
10,0,2,0,0,61,2,4450,0,1,1
6,17,0,0,1,2,2,20,0,0,0
13,19,6,0,0,91,1,5110,0,1,1
12,19,5,0,0,54,0,5110,0,1,1
12,2,1,0,0,89,2,1020,0,1,1
12,1,4,0,0,55,1,5110,0,1,1
12,2,6,0,0,80,2,5110,0,1,1
9,0,6,0,0,71,1,2680,0,1,1
13,18,1,0,0,78,2,2960,0,1,1
11,0,0,0,0,59,0,1380,0,1,1
12,18,6,0,0,65,0,5110,0,0,1
4,9,2,0,1,0,2,260,0,0,0
12,21,4,0,0,87,2,1400,0,0,1
9,18,5,0,0,50,2,5100,0,1,1
13,18,6,0,0,83,1,5100,0,0,1
11,5,1,0,0,73,0,5110,0,1,1
8,18,1,0,0,51,1,4780,0,1,1
7,20,4,0,0,87,1,5110,0,0,1
12,5,0,0,0,95,1,5090,0,1,1
3,10,2,0,1,8,2,10,0,0,0
10,3,4,0,0,99,1,5110,0,1,1
9,4,5,0,0,75,0,5110,0,1,1
1,8,4,0,1,13,0,10,0,0,0
12,21,6,0,0,50,2,5110,0,0,1
11,23,5,0,0,55,2,1250,0,1,1
12,1,2,0,0,72,0,4860,0,1,1
5,22,5,0,0,51,0,5110,0,1,1
6,1,1,0,0,85,0,5110,0,1,1
12,2,5,0,0,89,2,5110,0,1,1
4,18,4,0,0,98,2,5100,0,1,1
11,4,2,0,0,85,0,5110,0,0,1
13,2,6,0,0,69,2,5110,0,0,1
5,1,5,0,0,57,0,5110,0,1,1
12,21,6,0,0,89,0,5110,0,0,1
11,4,3,0,1,51,1,2980,0,1,1
11,18,5,0,0,60,2,5110,0,0,1
12,21,0,0,1,54,1,10,0,1,1
12,21,4,0,0,81,2,2080,0,1,1
8,5,4,0,0,77,2,5110,0,1,1
4,21,1,0,0,71,0,5110,0,1,1
12,2,1,0,0,58,0,5110,0,1,1
13,1,5,0,0,62,1,5090,0,1,1
11,5,2,0,0,58,1,5110,0,1,1
9,1,3,0,0,75,1,1170,0,1,1
10,18,1,0,1,69,0,1210,0,1,1
2,13,2,0,1,12,2,210,0,0,0
13,4,3,0,0,76,0,5110,0,0,1
9,18,2,0,0,74,0,5110,0,0,1
13,21,1,0,0,99,2,5110,0,1,1
9,4,0,0,0,79,0,4500,0,1,1
11,18,2,0,0,64,2,5110,0,1,1
9,21,6,0,0,50,0,5110,0,1,1
13,19,0,0,0,98,1,5110,0,1,1
13,21,1,0,0,70,2,5110,0,1,1
9,1,1,0,0,51,2,5110,0,0,1
3,7,4,0,0,5,0,10,0,0,0
11,2,3,0,0,71,0,5110,0,1,1
10,18,3,0,0,82,2,1460,0,1,1
2,16,2,0,1,6,1,30,0,0,0
12,1,1,0,0,71,1,5080,0,1,1
11,0,6,0,0,84,1,5110,0,1,1
5,12,1,0,0,13,1,170,0,0,0
11,20,3,0,0,53,0,1910,0,1,1
12,20,6,0,0,63,0,5110,0,1,1
5,7,4,0,1,10,1,70,0,0,0
12,21,2,0,0,83,2,4320,0,1,1
12,18,1,0,0,72,1,1110,0,0,1
12,20,4,0,0,55,2,5110,0,1,1
2,12,0,0,1,5,1,160,0,0,0
10,1,6,0,0,88,0,5110,0,1,1
13,19,4,0,0,65,1,20,0,1,1
13,0,2,0,0,55,2,5110,0,0,1
9,22,2,0,0,89,2,2320,0,1,1
10,5,1,0,0,74,2,5110,0,1,1
5,18,4,0,1,16,1,10,0,0,0
11,2,4,0,0,79,1,5110,0,1,1
9,18,6,0,0,61,2,5110,0,1,1
1,12,0,0,1,17,2,10,0,0,0
13,0,2,0,0,55,1,10,0,0,1
9,23,4,0,1,54,2,2680,0,1,1
6,21,1,0,1,66,2,2120,0,1,1
12,21,3,0,0,76,0,4440,0,1,1
9,19,1,0,0,95,2,5110,0,1,1
4,21,3,0,0,74,0,5110,0,1,1
11,4,6,0,0,70,1,2120,0,1,1
11,4,1,0,0,55,0,5110,0,1,1
13,19,4,0,0,75,2,5110,0,1,1
12,23,3,0,1,95,2,1180,0,1,1
11,22,2,0,0,75,0,5110,0,0,1
10,23,5,0,0,94,0,5110,0,1,1
10,17,2,0,0,3,1,140,0,0,0
9,0,5,0,1,76,0,2840,0,1,1
9,21,2,0,0,90,2,5110,0,0,1
10,19,4,0,0,78,1,5110,0,1,1
12,1,1,0,0,95,0,5110,0,1,1
3,8,3,0,1,2,0,10,0,0,0
13,3,2,0,0,63,2,1050,0,0,1
9,23,3,0,0,83,0,5110,0,1,1
10,20,6,0,0,79,0,5110,0,0,1
9,4,2,0,0,82,2,1030,0,1,1
4,16,4,0,0,19,1,150,0,0,0
12,19,4,0,0,85,2,2820,0,0,1
6,8,4,0,1,1,2,10,0,0,0
10,23,0,0,0,51,0,5110,0,1,1
1,12,1,0,1,5,0,20,0,0,0
12,19,5,0,0,87,0,5110,0,1,1
11,18,2,0,0,98,1,5110,0,1,1
13,21,2,0,0,79,2,5110,0,0,1
9,19,5,0,0,98,1,5110,0,1,1
9,22,1,0,0,72,0,2660,0,1,1
10,22,3,0,0,54,0,5110,0,1,1
11,3,3,0,0,84,2,2840,0,1,1
5,12,4,0,0,14,2,160,0,1,0
13,1,3,0,0,53,1,5100,0,0,1
5,12,3,0,1,15,2,60,0,0,0
11,18,1,0,0,50,1,1450,0,0,1
1,11,2,0,1,2,0,10,0,0,0
12,21,5,0,0,96,0,5110,0,1,1
11,2,6,0,0,80,1,5110,0,1,1
9,3,5,0,0,92,0,5110,0,1,1
12,18,0,0,0,77,2,5110,0,0,1
9,4,5,0,0,58,2,5110,0,1,1
6,22,3,0,0,89,2,2060,0,1,1
9,3,1,0,0,51,2,5110,0,1,1
9,23,4,0,0,69,0,5110,0,1,1
2,13,4,0,1,3,0,110,0,0,0
10,23,6,0,0,93,0,5110,0,1,1
13,0,5,0,0,76,1,5110,0,0,1
13,3,1,0,0,75,1,5100,0,1,1
9,21,3,0,0,55,0,2580,0,0,1
3,5,5,0,0,53,0,2460,0,1,1
12,19,3,0,0,62,2,5110,0,1,1
11,2,1,0,0,88,1,5110,0,1,1
6,2,6,0,0,72,1,5110,0,1,1
12,3,2,0,0,99,1,5110,0,1,1
11,2,5,0,0,53,0,4860,0,1,1
9,1,0,0,0,91,1,2230,0,1,1
13,3,0,0,0,52,0,5110,0,1,1
11,2,2,0,0,70,0,5110,0,0,1
4,12,0,0,0,9,2,70,0,0,0
13,0,1,0,0,54,0,380,0,0,1
4,14,0,0,1,15,0,10,0,0,0
5,11,1,0,1,1,1,180,0,0,0
7,3,3,0,0,93,0,5100,0,1,1
9,5,6,0,0,90,2,5110,0,0,1
10,0,2,0,0,93,2,5110,0,1,1
4,11,0,0,0,1,2,110,0,0,0
11,4,4,0,1,68,2,2440,0,1,1
11,1,0,0,0,94,2,5110,0,1,1
9,5,5,0,0,64,1,1160,0,1,1
9,21,6,0,0,68,2,5110,0,1,1
10,3,0,0,1,62,1,1110,0,1,1
9,18,0,0,0,68,1,3020,0,1,1
12,2,0,0,0,98,2,4560,0,1,1
11,3,6,0,0,59,2,5110,0,0,1
4,15,2,0,1,12,2,10,0,0,0
13,22,0,0,0,92,0,5110,0,1,1
4,8,4,0,1,3,2,120,0,0,0
10,5,5,0,1,81,0,10,0,1,1
5,11,1,0,0,18,2,10,0,0,0
13,20,1,0,0,95,2,5110,0,1,1
10,18,4,0,0,58,1,5110,0,1,1
2,14,3,0,1,3,2,90,0,0,0
11,5,3,0,0,54,0,5100,0,1,1
5,12,4,0,1,2,0,10,0,0,0
10,22,3,0,1,98,2,1310,0,1,1
10,21,0,0,0,80,1,5110,0,0,1
10,22,0,0,0,58,1,5110,0,0,1
9,20,5,0,0,73,1,5110,0,1,1
10,3,5,0,0,92,1,5100,0,0,1
12,1,2,0,0,52,1,5110,0,0,1
10,22,4,0,0,91,1,5110,0,0,1
13,20,0,0,0,66,2,5110,0,0,1
11,2,0,0,0,63,0,5110,0,1,1
13,23,0,0,0,60,2,5110,0,0,1
5,14,3,0,1,8,0,70,0,0,0
5,13,4,0,1,13,0,10,0,0,0
10,0,5,0,1,85,0,2120,0,1,1
9,2,4,0,0,68,0,5110,0,0,1
3,18,0,0,0,16,1,10,0,0,0
13,18,6,0,0,80,0,5090,0,1,1
12,18,4,0,0,97,0,5110,0,1,1
12,21,6,0,0,96,0,5110,0,1,1
10,8,3,0,1,6,2,80,0,0,0
11,0,5,0,0,77,0,5110,0,1,1
3,14,0,0,1,10,2,10,0,0,0
4,16,4,0,1,12,0,110,0,0,0
12,23,3,0,0,52,1,5110,0,0,1
9,18,6,0,0,79,0,5110,0,1,1
9,0,6,0,0,81,1,5110,0,1,1
10,1,2,0,0,73,0,5110,0,1,1
2,9,3,0,1,7,1,160,0,0,0
12,2,0,0,0,59,0,4800,0,0,1
10,20,0,0,0,52,1,2660,0,1,1
13,3,5,0,0,82,1,1160,0,1,1
13,18,1,0,0,87,1,5110,0,1,1
5,14,2,0,1,17,2,220,0,1,0
4,8,4,0,1,2,2,20,0,0,0
11,18,2,0,0,65,1,2160,0,1,1
9,2,6,0,0,67,2,5110,0,1,1
10,18,0,0,0,67,2,5110,0,1,1
12,3,0,0,0,99,0,3000,0,1,1
9,23,0,0,0,95,2,1360,0,1,1
11,5,1,0,0,78,2,5110,0,1,1
3,15,4,0,1,19,1,40,0,0,0
11,20,1,0,0,76,1,5110,0,1,1
13,4,2,0,0,57,0,5110,0,1,1
9,4,0,0,0,64,1,5110,0,0,1
10,18,1,0,0,51,2,1280,0,1,1
1,14,1,0,1,3,1,10,0,0,0
13,18,2,0,0,71,0,5110,0,1,1
5,9,1,0,1,2,0,190,0,0,0
10,19,4,0,0,61,1,5110,0,1,1
2,18,3,0,1,0,1,10,0,0,0
4,17,3,0,1,15,1,210,0,0,0
9,21,5,0,0,58,1,1460,0,0,1
10,2,2,0,0,73,2,2120,0,0,1
2,14,0,0,0,5,2,50,0,0,0
10,3,0,0,0,82,0,1490,0,1,1
4,16,0,0,1,7,1,20,0,0,0
10,20,6,0,0,92,2,5110,0,1,1
12,22,3,0,0,77,1,5110,0,1,1
3,23,5,0,0,69,2,5100,0,0,1
9,4,0,0,0,74,1,4430,0,0,1
10,18,5,0,0,79,0,5110,0,1,1
10,2,1,0,0,74,1,5110,0,0,1
3,18,0,0,0,5,2,10,0,0,0
4,22,2,0,1,87,0,2600,0,1,1
6,20,2,0,0,66,1,1230,0,1,1
9,5,4,0,0,73,2,5110,0,0,1
9,1,1,0,0,88,2,5110,0,0,1
10,23,3,0,1,58,0,1050,0,1,1
9,1,1,0,0,88,1,5100,0,0,1
3,9,1,0,1,15,0,80,0,0,0
9,2,2,0,0,86,0,5110,0,1,1
10,2,3,0,0,91,1,1190,0,0,1
11,11,2,0,0,13,1,40,0,0,0
8,23,1,0,0,66,2,5110,0,1,1
13,1,4,0,0,53,2,1200,0,1,1
10,0,3,0,0,96,1,1080,0,1,1
9,20,0,0,0,74,0,5110,0,1,1
5,8,0,0,1,3,2,170,0,0,0
7,5,5,0,0,56,2,5110,0,0,1
12,2,1,0,0,98,1,2510,0,1,1
10,1,0,0,0,77,1,5110,0,1,1
9,3,2,0,0,85,1,5110,0,1,1
12,2,0,0,0,57,2,5110,0,1,1
12,18,5,0,1,74,0,2490,0,1,1
12,23,2,0,0,57,1,5110,0,0,1
9,20,2,0,0,50,2,1240,0,0,1
13,0,6,0,0,70,2,5110,0,0,1
11,21,6,0,0,77,0,5110,0,0,1
10,1,1,0,0,92,0,5110,0,1,1
10,4,5,0,0,98,1,1220,0,0,1
2,13,4,0,1,6,0,180,0,0,0
10,23,0,0,0,63,2,5110,0,1,1
11,23,3,0,0,87,2,5110,0,1,1
10,3,6,0,0,57,2,5110,0,1,1
3,11,2,0,1,9,0,10,0,0,0
10,20,0,0,0,73,1,5110,0,1,1
4,3,6,0,0,71,1,5110,0,1,1
12,20,3,0,0,58,2,4610,0,1,1
8,14,3,0,1,9,0,250,0,0,0
11,5,4,0,0,61,0,5110,0,0,1
5,18,2,0,1,6,0,10,0,0,0
13,4,3,0,0,94,0,5110,0,1,1
13,4,3,0,1,88,2,10,0,0,1
11,3,5,0,0,81,0,5110,0,1,1
12,20,0,0,0,89,0,5110,0,1,1
13,5,1,0,0,95,1,4800,0,1,1
12,1,6,0,0,80,2,5110,0,1,1
13,23,0,0,0,80,2,5110,0,1,1
12,21,2,0,0,61,1,5110,0,1,1
11,19,6,0,1,94,2,2800,0,1,1
9,22,6,0,0,89,2,5110,0,1,1
2,13,0,0,1,5,0,140,0,0,0
13,0,6,0,0,82,2,2680,0,1,1
10,21,5,0,0,96,1,5110,0,1,1
9,1,2,0,0,78,2,5100,0,1,1
9,18,4,0,0,70,2,5110,0,1,1
10,19,6,0,0,85,1,5110,0,0,1
11,21,0,0,0,50,1,5110,0,1,1
11,5,0,0,0,81,1,5110,0,1,1
12,22,6,0,0,61,1,5110,0,1,1
9,2,6,0,0,59,0,1460,0,0,1
11,18,5,0,0,57,2,5110,0,0,1
2,10,2,0,1,13,0,100,0,0,0
12,1,5,0,0,51,0,5110,0,1,1
9,18,6,0,1,98,2,2180,0,1,1
11,23,2,0,0,95,1,4570,0,1,1
6,4,2,0,0,91,1,1180,0,1,1
10,23,0,0,1,99,2,1230,0,0,1
3,12,1,0,0,15,1,40,0,0,0
13,22,4,0,0,71,1,5110,0,1,1
13,23,1,0,0,78,2,5110,0,1,1
10,20,6,0,0,75,2,5110,0,1,1
11,3,0,0,0,83,2,5100,0,1,1
11,20,4,0,0,69,2,2060,0,1,1
5,15,1,0,0,10,2,40,0,0,0
12,21,3,0,0,83,2,5110,0,1,1
4,16,3,0,1,3,1,200,0,0,0
13,20,3,0,0,90,2,4470,0,1,1
5,4,0,0,0,74,1,5110,0,0,1
9,3,4,0,0,97,0,1880,0,1,1
9,21,1,0,1,58,0,820,0,1,1
13,22,1,0,0,99,0,5110,0,1,1
8,5,5,0,1,71,0,10,0,1,1
12,2,0,0,0,63,0,5110,0,1,1
1,10,1,0,1,15,1,10,0,1,0
11,5,0,0,0,70,2,5110,0,1,1
10,5,5,0,0,52,2,5110,0,1,1
11,4,4,0,0,62,0,5110,0,1,1
9,19,1,0,0,59,1,5110,0,0,1
8,15,1,0,1,7,1,190,0,0,0
8,19,3,0,0,97,1,2110,0,0,1
10,19,3,0,0,63,1,5110,0,1,1
10,1,0,0,0,78,0,5110,0,1,1
11,4,5,0,0,88,1,5110,0,1,1
11,2,4,0,0,96,1,5110,0,1,1
13,22,6,0,0,67,1,5110,0,1,1
9,18,2,0,0,93,0,5110,0,1,1
9,2,5,0,0,60,0,5110,0,1,1
10,2,3,0,0,52,1,5110,0,1,1
9,20,6,0,0,57,1,5100,0,1,1
13,20,3,0,0,52,2,5110,0,0,1
9,0,3,0,0,60,2,5100,0,1,1
12,23,3,0,0,81,0,5110,0,1,1
11,1,2,0,1,55,1,2390,0,0,1
7,23,4,0,0,83,1,5110,0,1,1
12,19,4,0,0,58,1,5110,0,1,1
12,20,0,0,0,71,0,5110,0,1,1
10,1,2,0,0,82,2,1260,0,1,1
2,7,1,0,1,1,2,180,0,0,0
12,4,1,0,0,59,2,5110,0,0,1
9,2,3,0,0,84,0,5110,0,0,1
4,14,0,0,1,7,0,50,0,0,0
11,0,0,0,0,70,0,5110,0,1,1
10,19,4,0,0,87,1,5110,0,1,1
13,21,1,0,0,83,1,2330,0,1,1
12,3,2,0,0,70,0,5110,0,1,1
11,22,0,0,0,90,0,2060,0,1,1
6,3,6,0,0,70,1,5110,0,1,1
6,3,3,0,0,60,2,5110,0,1,1
9,20,5,0,0,58,0,5110,0,1,1
5,19,2,0,0,50,2,5110,0,1,1
13,19,4,0,0,95,0,410,0,1,1
12,1,2,0,0,76,2,5110,0,1,1
9,22,6,0,0,88,2,5110,0,1,1
9,2,5,0,0,74,2,1380,0,1,1
12,2,2,0,0,81,1,5110,0,0,1
5,0,4,0,0,86,0,2200,0,0,1
12,18,2,0,0,50,1,5110,0,1,1
13,18,2,0,0,81,0,5110,0,1,1
5,19,1,0,1,88,1,850,0,0,1
10,23,0,0,0,81,1,5110,0,1,1
4,18,5,0,0,90,1,5110,0,1,1
7,23,4,0,0,66,0,5100,0,1,1
3,17,4,0,1,2,0,50,0,0,0
3,16,3,0,1,15,2,450,0,0,0
5,0,0,0,0,78,0,4450,0,1,1
12,23,1,0,0,79,2,5110,0,1,1
2,10,2,0,1,15,2,120,0,1,0
3,8,1,0,1,4,1,10,0,0,0
12,19,3,0,0,86,0,5110,0,1,1
6,23,1,0,0,84,2,5100,0,1,1
9,1,0,0,1,63,2,1280,0,1,1
11,5,3,0,0,91,2,5110,0,1,1
11,19,0,0,0,51,2,5110,0,0,1
11,0,0,0,0,90,0,2740,0,1,1
10,0,3,0,0,75,0,2570,0,1,1
11,2,5,0,0,62,0,5110,0,1,1
6,19,2,0,0,97,1,5110,0,1,1
9,21,1,0,0,89,2,5110,0,1,1
5,10,3,0,1,12,2,10,0,0,0
5,2,4,0,0,97,0,5110,0,1,1
4,18,0,0,0,8,2,20,0,0,0
10,0,6,0,0,80,2,5110,0,1,1
9,22,4,0,0,53,0,5080,0,1,1
10,20,3,0,1,62,1,2910,0,1,1
4,16,4,0,1,17,0,50,0,0,0
10,2,4,0,0,53,2,1290,0,1,1
2,7,2,0,1,13,2,10,0,0,0
8,18,2,0,1,56,1,2510,0,0,1
4,23,6,0,0,73,2,5110,0,1,1
10,0,0,0,0,86,0,5110,0,1,1
12,19,2,0,1,69,2,2750,0,1,1
9,2,6,0,0,89,2,5110,0,1,1
11,19,6,0,0,86,1,1270,0,1,1
5,8,4,0,0,3,0,60,0,0,0
6,18,0,0,0,94,1,2650,0,1,1
10,21,6,0,0,96,2,5110,0,1,1
11,18,0,0,0,92,0,4390,0,1,1
13,4,4,0,1,99,2,1870,0,1,1
11,0,5,0,0,63,2,1980,0,1,1
10,19,6,0,0,77,1,5110,0,1,1
13,19,4,0,1,79,1,1280,0,0,1
6,3,1,0,0,78,0,5110,0,1,1
13,2,4,0,0,59,1,5110,0,1,1
12,22,3,0,1,72,0,2870,0,1,1
9,3,1,0,0,58,0,5110,0,1,1
9,22,1,0,0,98,0,5110,0,1,1
11,1,4,0,0,89,1,5110,0,1,1
11,21,1,0,1,68,1,2650,0,1,1
9,22,4,0,0,89,2,5110,0,1,1
13,18,0,0,1,78,0,1300,0,1,1
6,2,1,0,0,89,0,5110,0,1,1
11,19,6,0,0,72,2,5110,0,0,1
13,2,3,0,0,56,0,5110,0,0,1
11,4,1,0,0,85,2,1310,0,0,1
10,18,1,0,0,69,1,2750,0,1,1
8,1,0,0,0,57,0,5110,0,0,1
13,19,1,0,0,67,2,5110,0,1,1
11,0,5,0,0,55,0,940,0,1,1
12,23,5,0,0,80,1,5110,0,1,1
9,21,2,0,0,99,2,4540,0,1,1
11,18,4,0,0,95,0,5110,0,1,1
11,1,6,0,0,57,2,5100,0,0,1
6,1,5,0,0,57,1,1200,0,1,1
11,19,3,0,0,70,2,5110,0,1,1
2,8,0,0,0,12,0,1360,0,0,0
10,3,5,0,0,65,0,5110,0,0,1
7,23,3,0,0,98,0,5110,0,1,1
12,21,6,0,0,66,0,4500,0,1,1
11,23,2,0,0,79,0,5090,0,1,1
2,10,0,0,1,16,1,30,0,0,0
12,21,3,0,0,95,1,4760,0,1,1
7,19,6,0,0,84,0,2440,0,0,1
10,21,3,0,0,68,0,5110,0,1,1
5,18,6,0,0,84,1,5110,0,1,1
12,0,4,0,0,81,0,5110,0,1,1
12,21,5,0,0,60,0,5110,0,0,1
10,4,4,0,0,92,0,5110,0,1,1
1,18,2,0,1,15,1,30,0,0,0
13,1,1,0,1,74,2,2390,0,1,1
9,20,6,0,0,56,2,5110,0,1,1
11,20,0,0,0,83,2,5110,0,1,1
13,23,1,0,0,58,1,5110,0,0,1
9,20,3,0,0,60,2,5110,0,1,1
9,19,4,0,0,50,0,5110,0,1,1
9,23,0,0,0,74,1,5110,0,1,1
3,10,4,0,1,6,0,60,0,0,0
12,18,3,0,0,68,1,780,0,1,1
3,10,2,0,1,3,0,10,0,0,0
10,19,5,0,0,72,2,5110,0,1,1
5,0,4,0,1,62,1,2280,0,1,1
10,23,5,0,0,82,0,5100,0,0,1
4,7,2,0,1,1,0,40,0,0,0
9,21,1,0,0,50,0,10,0,0,1
2,18,2,0,0,13,2,70,0,0,0
13,21,3,0,0,62,1,5110,0,1,1
13,5,1,0,0,90,0,4540,0,1,1
9,3,3,0,0,52,2,5110,0,1,1
11,21,4,0,0,53,0,5110,0,1,1
10,3,0,0,0,67,0,5110,0,0,1
2,11,2,0,1,18,0,140,0,0,0
11,19,1,0,0,63,0,5110,0,1,1
9,19,5,0,0,91,1,5110,0,1,1
1,7,0,0,0,18,1,100,0,0,0
5,17,3,0,1,1,0,10,0,0,0
12,0,4,0,0,86,2,5110,0,1,1
11,0,0,0,0,84,2,5110,0,1,1
5,22,2,0,0,89,1,2960,0,1,1
13,5,5,0,0,56,2,5110,0,1,1
12,23,2,0,0,52,0,5110,0,1,1
12,2,6,0,0,91,0,5110,0,1,1
5,13,1,0,0,15,0,50,0,0,0
1,17,0,0,1,13,2,50,0,1,0
11,18,5,0,0,90,0,5110,0,0,1
9,18,4,0,0,92,1,5110,0,0,1
11,1,3,0,0,90,0,5110,0,0,1
12,18,4,0,0,63,1,1240,0,1,1
5,5,0,0,0,90,1,2860,0,1,1
1,12,1,0,0,3,0,150,0,0,0
9,19,4,0,0,72,2,5110,0,1,1
4,12,4,0,0,14,0,50,0,0,0
5,15,4,0,1,19,0,150,0,0,0
11,22,4,0,0,70,0,5110,0,1,1
9,23,4,0,0,65,2,5110,0,1,1
13,20,0,0,0,84,1,5110,0,0,1
3,7,4,0,1,18,1,250,0,0,0
10,19,6,0,0,97,2,5110,0,1,1
2,11,4,0,1,1,1,10,0,1,0
12,18,4,0,0,93,1,5110,0,0,1
11,2,2,0,0,77,1,5110,0,1,1
9,23,4,0,0,91,1,1340,0,0,1
12,22,3,0,0,71,2,20,0,1,1
10,21,2,0,0,62,1,5090,0,1,1
13,23,4,0,0,55,2,730,0,1,1
11,21,0,0,0,97,1,5110,0,1,1
2,8,0,0,1,12,0,40,0,0,0
13,21,4,0,0,52,2,1360,0,1,1
10,0,1,0,0,85,1,5110,0,1,1
3,3,6,0,0,91,1,5110,0,0,1
12,18,1,0,1,15,2,210,0,0,0
9,18,3,0,0,94,2,5110,0,1,1
9,3,1,0,0,63,0,5110,0,1,1
10,2,0,0,0,52,0,5110,0,1,1
4,15,3,0,1,7,1,40,0,0,0
10,21,4,0,0,99,2,5110,0,1,1
9,22,1,0,0,86,0,5110,0,1,1
1,11,0,0,1,11,2,10,0,0,0
13,0,6,0,0,89,1,1280,0,1,1
12,4,6,0,0,92,2,5110,0,1,1
14,4,3,0,1,51,1,20,0,1,1
8,21,4,0,0,82,2,5100,0,0,1
2,7,3,0,1,1,2,10,0,0,0
5,5,1,0,0,57,2,5110,0,1,1
9,19,4,0,1,96,1,2180,0,1,1
10,0,1,0,0,58,2,5110,0,1,1
14,3,2,0,1,88,1,40,0,1,1
13,22,3,0,0,61,1,5110,0,1,1
11,19,0,0,0,70,1,2960,0,1,1
11,23,4,0,0,71,1,1120,0,1,1
13,23,0,0,0,68,2,5110,0,1,1
10,5,1,0,0,87,1,5110,0,1,1
9,3,4,0,0,63,1,5110,0,1,1
11,5,3,0,0,56,0,5110,0,1,1
3,14,4,0,1,1,0,10,0,0,0
12,21,5,0,0,77,2,2390,0,1,1
12,23,0,0,0,75,1,5100,0,1,1
4,16,1,0,1,0,0,10,0,0,0
11,20,5,0,0,60,2,5040,0,1,1
12,21,2,0,0,67,0,5110,0,1,1
1,18,0,0,0,13,0,10,0,0,0
13,23,4,0,0,67,1,5110,0,1,1
4,13,0,0,1,8,0,20,0,0,0
4,23,1,0,0,59,2,1280,0,1,1
12,5,3,0,1,61,1,2490,0,1,1
7,1,2,0,1,72,2,2340,0,1,1
5,14,3,0,0,7,2,10,0,0,0
11,22,4,0,0,72,0,5110,0,1,1
13,4,6,0,0,71,2,4450,0,1,1
2,14,1,0,1,1,2,270,0,0,0
10,1,0,0,0,51,2,1200,0,1,1
12,2,4,0,1,61,2,2880,0,1,1
13,22,4,0,0,65,0,5110,0,1,1
3,14,2,0,1,3,2,270,0,0,0
4,18,0,0,1,14,2,40,0,0,0
1,17,1,0,1,18,1,10,0,0,0
9,21,4,0,0,98,0,5110,0,1,1
9,2,0,0,0,87,2,5110,0,0,1
9,19,5,0,0,66,1,1410,0,0,1
13,2,5,0,0,50,1,2450,0,1,1
12,18,1,0,0,51,1,5110,0,0,1
3,18,3,0,1,3,0,10,0,0,0
13,20,0,0,0,65,2,5110,0,0,1
12,21,4,0,0,78,1,5110,0,1,1
12,0,0,0,0,71,1,4400,0,1,1
4,20,5,0,0,50,1,5110,0,0,1
12,23,0,0,0,50,2,5110,0,1,1
5,2,0,0,0,69,1,4540,0,1,1
10,22,1,0,0,57,1,5110,0,1,1
10,3,6,0,0,79,2,5080,0,1,1
11,5,3,0,0,50,0,5110,0,1,1
13,18,3,0,0,98,1,5110,0,1,1
1,18,2,0,1,5,0,90,0,0,0
13,22,3,0,0,56,2,5110,0,1,1
13,3,3,0,0,61,1,5110,0,1,1
11,5,2,0,0,92,2,5110,0,0,1
10,18,6,0,0,70,2,2640,0,1,1
6,3,6,0,0,89,0,2330,0,1,1
5,4,3,0,0,91,0,5110,0,1,1
9,5,3,0,1,85,2,1300,0,0,1
12,5,2,0,0,68,2,4450,0,1,1
11,18,6,0,0,66,1,5110,0,1,1
13,23,0,0,0,95,1,5110,0,1,1
11,5,4,0,0,68,2,5100,0,1,1
13,0,5,0,0,98,1,5110,0,0,1
9,19,6,0,0,50,2,4520,0,1,1
13,19,0,0,0,84,0,1410,0,1,1
3,11,0,0,0,16,1,10,0,0,0
13,20,3,0,0,68,0,5110,0,0,1
9,18,5,0,0,78,2,5110,0,1,1
12,23,4,0,1,97,1,2310,0,0,1
12,2,1,0,0,51,1,5110,0,1,1
13,20,4,0,1,52,1,2390,0,1,1
1,9,4,0,1,17,1,10,0,0,0
5,18,4,0,1,0,1,100,0,0,0
11,2,5,0,0,90,2,5090,0,1,1
11,3,4,0,0,53,2,5110,0,1,1
9,1,1,0,0,57,0,2080,0,1,1
1,11,3,0,1,14,1,10,0,0,0
9,23,0,0,0,77,2,5110,0,0,1
11,5,6,0,0,58,0,5110,0,1,1
11,20,5,0,0,92,0,5110,0,1,1
11,5,5,0,0,50,2,5110,0,1,1
9,18,5,0,0,71,1,5110,0,0,1
4,3,1,0,0,87,0,5110,0,1,1
6,4,5,0,0,51,1,5110,0,1,1
5,4,0,0,0,53,0,5110,0,0,1
9,18,3,0,0,82,2,2180,0,1,1
11,4,5,0,0,51,2,5110,0,0,1
9,19,0,0,0,86,1,5110,0,0,1
11,0,0,0,1,90,0,2300,0,1,1
7,1,2,0,0,93,1,5100,0,1,1
9,1,6,0,0,68,2,5110,0,1,1
12,21,3,0,0,84,1,1030,0,0,1
13,0,0,0,0,70,0,5110,0,1,1
13,19,3,0,0,52,0,5110,0,0,1
6,23,2,0,0,85,2,2160,0,1,1
14,21,5,0,0,75,0,30,0,0,1
11,20,6,0,0,67,1,5110,0,1,1
4,15,1,0,1,16,1,10,0,0,0
13,18,6,0,0,80,2,5110,0,1,1
7,20,6,0,0,61,0,1110,0,1,1
5,9,2,0,1,9,0,60,0,0,0
12,23,1,0,0,75,1,5110,0,1,1
9,1,1,0,0,97,1,2750,0,0,1
10,21,4,0,0,95,0,5110,0,1,1
5,9,2,0,1,19,2,40,0,0,0
4,17,2,0,1,8,1,120,0,0,0
10,21,5,0,0,72,2,5110,0,1,1
7,23,2,0,0,66,0,1000,0,1,1
9,22,0,0,0,77,0,1250,0,1,1
7,18,2,0,0,85,1,5110,0,1,1
9,23,3,0,0,72,2,5110,0,0,1
13,21,5,0,0,88,0,5110,0,1,1
6,0,4,0,0,86,2,5110,0,1,1
9,18,0,0,0,68,2,4840,0,1,1
9,18,2,0,0,60,0,5110,0,1,1
9,1,5,0,0,53,1,5110,0,1,1
12,21,0,0,0,54,0,3000,0,1,1
13,0,3,0,0,61,1,5090,0,1,1
3,17,3,0,1,9,2,40,0,1,0
1,16,0,0,1,9,1,300,0,0,0
6,2,4,0,1,56,1,80,0,0,1
11,19,2,0,0,92,1,2140,0,1,1
10,19,2,0,0,94,2,2500,0,1,1
7,19,6,0,0,76,2,5110,0,1,1
9,0,6,0,1,65,1,1010,0,1,1
9,18,5,0,0,89,0,5110,0,1,1
13,5,5,0,0,55,0,2740,0,1,1
2,17,4,0,0,17,1,10,0,0,0
4,11,0,0,1,17,1,20,0,0,0
9,22,1,0,0,67,0,2080,0,1,1
12,21,3,0,0,95,1,5110,0,0,1
13,3,5,0,0,99,0,1020,0,1,1
13,4,6,0,0,98,0,4520,0,0,1
1,7,1,0,1,2,0,30,0,0,0
10,3,3,0,0,54,2,5110,0,0,1
11,23,6,0,0,69,1,2120,0,1,1
11,0,0,0,0,50,2,5110,0,0,1
11,23,0,0,0,74,2,2650,0,1,1
9,21,4,0,0,76,2,5100,0,1,1
9,20,2,0,0,87,0,5110,0,1,1
5,13,3,0,1,4,0,100,0,0,0
9,2,4,0,0,68,1,5100,0,1,1
13,22,1,0,0,90,1,5110,0,1,1
5,20,4,0,0,62,2,1150,0,1,1
6,20,1,0,0,79,1,5110,0,1,1
2,14,2,0,1,4,0,20,0,0,0
4,20,1,0,1,83,2,1450,0,1,1
2,10,0,0,0,12,2,400,0,0,0
11,19,2,0,0,98,2,5110,0,1,1
11,18,4,0,0,60,1,2360,0,1,1
4,14,3,0,1,8,2,110,0,1,0
10,20,2,0,0,69,0,2670,0,1,1
12,2,4,0,0,79,0,1300,0,1,1
12,21,4,0,0,73,1,5110,0,1,1
5,15,3,0,1,16,2,760,0,0,0
9,2,5,0,0,96,0,5110,0,1,1
11,3,0,0,0,57,0,5110,0,0,1
12,4,2,0,0,68,1,5110,0,1,1
13,2,0,0,0,89,0,5110,0,0,1
9,0,2,0,0,95,0,4510,0,1,1
8,21,3,0,0,65,1,1320,0,0,1
10,3,4,0,0,96,2,5090,0,0,1
4,2,4,0,1,72,2,1100,0,0,1
7,19,0,0,0,51,1,5110,0,1,1
11,1,5,0,0,72,1,2420,0,0,1
13,1,3,0,0,76,2,5110,0,1,1
5,7,0,0,1,17,2,20,0,0,0
12,0,1,0,0,78,2,5100,0,0,1
10,3,3,0,0,60,1,5110,0,1,1
5,7,0,0,1,18,0,140,0,0,0
13,5,1,0,0,64,1,5110,0,0,1
10,3,0,0,0,57,0,2030,0,1,1
13,20,1,0,0,91,0,5110,0,1,1
13,18,1,0,0,96,2,5110,0,0,1
4,1,3,0,0,94,1,5110,0,1,1
3,10,1,0,1,3,1,20,0,0,0
4,7,2,0,1,11,0,10,0,0,0
13,19,6,0,0,59,1,5110,0,1,1
10,4,3,0,0,99,2,5110,0,1,1
11,1,0,0,1,58,2,2740,0,0,1
9,4,2,0,0,87,0,5110,0,1,1
5,8,0,0,1,4,2,130,0,0,0
5,22,2,0,0,64,0,5110,0,1,1
2,9,2,0,1,9,1,190,0,0,0
11,20,0,0,0,65,0,5110,0,1,1
13,3,3,0,0,85,2,5110,0,1,1
12,18,4,0,1,99,0,2650,0,1,1
2,9,1,0,1,15,1,730,0,0,0
11,19,6,0,0,59,1,5110,0,1,1
1,18,2,0,1,9,2,10,0,0,0
4,17,4,0,1,0,0,30,0,1,0
10,3,0,0,0,65,1,5110,0,1,1
3,15,3,0,1,17,2,130,0,0,0
3,4,1,0,0,60,1,5110,0,0,1
9,0,0,0,0,92,0,5110,0,0,1
7,5,1,0,0,75,0,4610,0,0,1
12,22,5,0,0,61,0,5110,0,1,1
12,3,5,0,0,69,1,5100,0,1,1
4,10,1,0,1,4,1,50,0,1,0
2,17,3,0,1,17,1,150,0,0,0
3,20,2,0,0,93,1,2220,0,1,1
9,21,2,0,0,84,0,5110,0,1,1
5,15,3,0,0,4,0,20,0,0,0
2,11,3,0,1,0,2,240,0,0,0
2,15,3,0,1,8,1,330,0,0,0
13,1,2,0,0,51,1,5080,0,1,1
12,4,5,0,0,92,0,5110,0,1,1
5,8,0,0,1,14,1,240,0,0,0
7,4,6,0,0,79,1,2560,0,1,1
11,4,5,0,0,91,0,5110,0,1,1
9,22,3,0,0,68,0,1260,0,1,1
2,13,1,0,1,15,1,100,0,0,0
3,17,3,0,0,11,2,120,0,0,0
10,19,0,0,0,67,0,5110,0,0,1
11,1,2,0,0,88,0,5110,0,1,1
10,2,4,0,0,73,0,5110,0,0,1
3,21,4,0,0,88,2,2030,0,1,1
10,0,5,0,0,58,0,5110,0,0,1
12,4,1,0,0,97,0,5110,0,1,1
3,15,2,0,0,3,0,50,0,0,0
11,3,6,0,0,65,1,5110,0,1,1
12,21,5,0,0,73,1,5110,0,1,1
11,5,2,0,0,67,2,5110,0,1,1
13,3,6,0,0,84,2,5110,0,0,1
3,18,2,0,1,15,1,70,0,0,0
12,5,2,0,1,67,2,2120,0,1,1
7,17,3,0,1,15,1,20,0,0,0
11,1,5,0,0,53,0,2090,0,1,1
10,4,6,0,0,61,0,5110,0,1,1
13,20,5,0,0,83,0,2580,0,1,1
11,0,5,0,0,97,1,1100,0,1,1
11,3,3,0,1,68,0,2040,0,1,1
13,3,4,0,0,75,2,5110,0,1,1
9,21,3,0,0,53,1,5100,0,1,1
3,19,5,0,0,77,2,5110,0,1,1
9,19,3,0,0,89,2,5110,0,0,1
9,4,2,0,0,71,1,5110,0,1,1
10,5,1,0,0,57,2,130,0,0,1
12,21,1,0,1,91,2,1190,0,1,1
3,13,3,0,1,11,1,150,0,0,0
7,23,5,0,0,70,1,5110,0,1,1
11,5,4,0,0,68,0,5110,0,1,1
9,2,4,0,0,85,2,1030,0,0,1
11,20,4,0,0,93,0,5110,0,1,1
10,21,2,0,0,55,1,5110,0,1,1
10,4,4,0,0,52,1,5110,0,1,1
5,12,1,0,1,5,2,160,0,0,0
13,19,1,0,0,78,2,5110,0,1,1
8,23,6,0,0,52,1,2340,0,1,1
13,2,6,0,0,73,2,5110,0,1,1
12,18,1,0,1,93,0,2920,0,1,1
11,22,6,0,0,61,1,5110,0,1,1
10,19,0,0,0,92,2,5110,0,0,1
10,2,4,0,1,82,0,2660,0,1,1
11,21,5,0,0,59,1,5110,0,1,1
10,20,2,0,0,69,0,5110,0,1,1
11,0,5,0,0,63,1,5110,0,0,1
9,20,2,0,0,62,2,1420,0,1,1
1,11,3,0,1,9,0,10,0,0,0
1,18,4,0,1,11,2,270,0,0,0
12,18,6,0,0,50,1,5110,0,1,1
9,2,3,0,0,88,1,5110,0,1,1
5,18,2,0,1,9,0,20,0,0,0
10,3,5,0,0,88,1,5110,0,1,1
3,12,3,0,1,0,0,40,0,0,0
9,0,0,0,0,57,2,1850,0,1,1
12,23,3,0,0,99,1,5110,0,1,1
5,16,2,0,1,7,1,30,0,1,0
2,7,3,0,1,10,1,10,0,0,0
12,19,6,0,0,93,0,5110,0,1,1
9,4,2,0,0,85,0,4610,0,1,1
6,3,2,0,0,82,0,5110,0,1,1
10,2,5,0,0,63,1,5110,0,0,1
9,19,5,0,0,67,1,1230,0,1,1
9,5,3,0,0,87,1,5100,0,1,1
1,7,4,0,1,3,1,50,0,0,0
9,3,4,0,0,79,2,2650,0,1,1
13,0,3,0,0,51,2,5110,0,1,1
11,19,4,0,0,66,0,4490,0,1,1
11,5,1,0,0,76,1,1470,0,0,1
9,0,2,0,0,73,1,5110,0,1,1
12,5,3,0,0,51,1,5110,0,1,1
1,14,0,0,1,10,0,300,0,0,0
11,1,6,0,0,73,1,5110,0,1,1
4,8,1,0,1,2,0,40,0,0,0
12,1,2,0,0,67,1,5110,0,1,1
4,17,1,0,1,18,2,10,0,0,0
9,3,5,0,0,56,0,2170,0,1,1
11,0,4,0,0,73,1,2680,0,1,1
10,3,0,0,0,72,1,1130,0,1,1
4,9,4,0,1,0,2,20,0,0,0
11,23,2,0,0,91,2,5110,0,0,1
11,23,1,0,1,60,1,1430,0,1,1
13,5,2,0,0,50,1,2250,0,1,1
10,21,2,0,0,67,2,5110,0,0,1
8,2,4,0,1,80,2,1180,0,1,1
9,0,6,0,1,91,2,1100,0,1,1
4,12,1,0,1,8,2,10,0,0,0
7,2,2,0,0,69,2,1080,0,1,1
11,18,1,0,0,72,0,5110,0,1,1
4,8,3,0,0,5,1,10,0,1,0
12,4,4,0,1,66,2,2360,0,1,1
9,4,1,0,0,96,0,5110,0,1,1
13,2,0,0,0,67,0,2780,0,1,1
9,22,3,0,0,83,1,5110,0,1,1
9,3,1,0,0,60,0,5110,0,1,1
10,22,0,0,1,70,1,1330,0,0,1
10,3,3,0,0,56,2,5110,0,0,1
10,23,5,0,1,66,1,2560,0,1,1
13,22,0,0,0,64,1,5110,0,1,1
9,18,2,0,0,81,1,5110,0,1,1
9,4,0,0,0,99,1,1190,0,1,1
9,4,3,0,0,61,2,4490,0,0,1
4,13,3,0,1,6,2,240,0,1,0
9,18,1,0,0,84,0,5110,0,0,1
1,11,0,0,1,15,2,20,0,0,0
12,22,3,0,0,75,1,5110,0,1,1
13,1,4,0,0,82,2,5110,0,1,1
5,5,0,0,0,56,0,5110,0,1,1
10,23,5,0,0,92,1,5110,0,0,1
10,20,3,0,0,87,1,950,0,1,1
11,1,4,0,0,96,2,5090,0,1,1
5,17,4,0,1,17,1,10,0,0,0
9,4,6,0,0,98,2,5110,0,1,1
12,18,1,0,0,58,1,5110,0,0,1
12,1,4,0,0,81,1,5110,0,1,1
12,22,2,0,0,84,1,5110,0,0,1
11,18,4,0,0,58,0,2000,0,1,1
13,5,6,0,0,97,2,5110,0,1,1
13,2,1,0,0,66,0,990,0,0,1
10,18,1,0,0,98,1,5100,0,1,1
7,5,1,0,0,90,1,5110,0,1,1
9,21,6,0,1,66,2,2880,0,0,1
9,4,5,0,0,50,1,1080,0,1,1
12,23,0,0,0,73,1,5110,0,1,1
7,2,2,0,0,82,0,5110,0,0,1
11,19,6,0,0,62,0,5110,0,0,1
9,19,2,0,0,52,0,5110,0,1,1
5,10,1,0,0,5,2,40,0,0,0
11,19,4,0,0,50,2,5110,0,0,1
12,23,3,0,0,98,0,5110,0,0,1
10,19,6,0,0,65,1,5110,0,1,1
7,3,5,0,0,97,2,5110,0,1,1
12,1,3,0,0,54,0,5110,0,1,1
8,3,3,0,0,73,0,5110,0,0,1
13,1,4,0,0,79,0,5100,0,1,1
7,20,0,0,0,95,1,5110,0,0,1
12,22,3,0,0,86,0,5110,0,1,1
13,4,2,0,0,92,0,5110,0,1,1
13,5,1,0,0,67,0,5110,0,1,1
12,19,6,0,0,64,1,2830,0,1,1
4,20,6,0,0,91,0,4530,0,0,1
4,15,1,0,1,4,2,50,0,0,0
9,4,0,0,0,58,1,5110,0,1,1
9,20,3,0,0,95,0,5110,0,1,1
7,18,5,0,1,94,2,2400,0,0,1
9,21,4,0,0,71,1,5110,0,1,1
7,5,5,0,0,80,2,5110,0,0,1
13,3,3,0,1,66,2,2470,0,1,1
1,11,4,0,1,13,1,10,0,1,0
11,18,2,0,1,70,0,10,0,1,1
11,22,4,0,0,60,2,5110,0,0,1
7,18,5,0,0,89,1,5110,0,1,1
12,1,6,0,0,82,1,5110,0,1,1
10,2,2,0,0,56,2,1140,0,1,1
10,5,6,0,0,50,2,5110,0,1,1
12,19,2,0,0,83,0,5110,0,1,1
9,5,2,0,0,83,1,5110,0,1,1
13,1,3,0,0,95,0,2020,0,1,1
7,18,3,0,1,9,1,10,0,0,0
2,8,0,0,1,15,0,10,0,0,0
7,22,1,0,0,84,1,5110,0,1,1
9,20,2,0,0,86,1,5110,0,0,1
2,7,0,0,1,6,2,230,0,0,0
11,5,4,0,1,74,2,2050,0,1,1
12,18,5,0,0,70,2,4520,0,0,1
9,1,0,0,1,77,1,2980,0,1,1
1,18,4,0,1,18,2,90,0,0,0
12,5,0,0,0,90,1,2220,0,0,1
10,22,3,0,0,84,0,5110,0,0,1
2,18,0,0,1,1,0,70,0,0,0
12,19,0,0,0,77,0,5110,0,0,1
4,5,0,0,0,55,2,5110,0,1,1
11,23,1,0,0,78,0,5110,0,1,1
10,22,6,0,0,53,2,4500,0,1,1
5,16,3,0,1,7,1,180,0,0,0
11,21,4,0,0,87,0,5110,0,1,1
1,11,2,0,0,2,0,50,0,0,0
11,20,5,0,0,69,1,5110,0,1,1
3,18,3,0,1,17,1,10,0,0,0
10,3,2,0,0,74,2,5100,0,0,1
11,23,6,0,0,98,0,5110,0,1,1
11,22,6,0,0,72,2,5110,0,1,1
13,2,2,0,0,99,2,5110,0,1,1
1,10,2,0,0,17,2,80,0,0,0
10,21,2,0,0,98,2,5110,0,1,1
1,13,4,0,1,18,0,20,0,0,0
11,21,0,0,0,91,1,5110,0,1,1
3,13,0,0,1,3,0,150,0,1,0
10,3,5,0,0,59,2,2850,0,1,1
10,21,0,0,0,76,2,5110,0,0,1
12,5,4,0,0,85,2,5110,0,1,1
10,4,6,0,0,60,2,1890,0,0,1
12,22,5,0,0,77,1,5110,0,1,1
12,3,2,0,0,56,2,5110,0,1,1
9,19,2,0,0,57,2,4500,0,1,1
13,18,6,0,0,87,0,1200,0,0,1
5,5,0,0,0,67,1,5110,0,1,1
7,18,2,0,0,62,2,5080,0,1,1
13,1,6,0,0,85,1,5100,0,0,1
12,1,6,0,0,73,0,5110,0,1,1
8,2,3,0,0,57,1,5110,0,1,1
12,1,4,0,0,60,0,1280,0,0,1
9,22,3,0,0,61,0,4580,0,1,1
11,3,2,0,0,61,1,5110,0,1,1
4,2,6,0,0,60,2,5110,0,0,1
12,23,6,0,0,78,0,5110,0,0,1
10,22,5,0,0,67,1,2910,0,1,1
9,2,1,0,1,50,0,2240,0,1,1
10,4,4,0,0,62,2,5110,0,1,1
6,4,0,0,0,60,2,5110,0,0,1
13,3,1,0,0,55,0,2460,0,1,1
10,2,1,0,0,76,1,5110,0,0,1
5,14,1,0,1,13,2,20,0,0,0
7,18,3,0,0,66,2,1100,0,1,1
8,0,6,0,0,55,1,5110,0,1,1
10,20,1,0,0,81,0,1140,0,1,1
9,18,2,0,0,73,2,5110,0,1,1
13,3,2,0,0,66,1,5110,0,1,1
13,1,4,0,0,76,0,1260,0,1,1
3,13,4,0,0,6,0,50,0,0,0
13,2,0,0,0,97,0,1470,0,1,1
11,21,4,0,0,89,1,5110,0,1,1
9,1,2,0,1,91,0,2650,0,1,1
12,21,4,0,0,83,0,5100,0,0,1
3,0,4,0,0,58,1,5110,0,1,1
9,23,6,0,0,97,0,5110,0,1,1
9,3,2,0,0,61,1,4810,0,0,1
13,22,6,0,0,97,0,5110,0,1,1
3,9,1,0,1,13,0,10,0,0,0
11,4,0,0,0,68,2,2620,0,1,1
11,22,5,0,0,67,0,5110,0,1,1
13,3,4,0,0,76,0,5110,0,1,1
2,18,3,0,1,14,2,50,0,0,0
12,4,4,0,0,59,2,820,0,1,1
9,23,1,0,0,82,1,5110,0,1,1
13,23,4,0,0,79,2,5100,0,1,1
8,22,5,0,1,84,0,2220,0,1,1
11,17,4,0,1,16,2,10,0,0,0
9,1,0,0,0,63,1,2020,0,1,1
12,1,0,0,0,96,2,5110,0,1,1
1,16,4,0,1,14,0,10,0,0,0
11,3,4,0,0,83,0,1400,0,1,1
11,2,4,0,0,92,1,5110,0,1,1
6,5,5,0,0,77,1,5100,0,1,1
9,20,2,0,0,64,1,5100,0,0,1
13,0,3,0,0,96,1,1370,0,1,1
11,2,0,0,0,52,1,5110,0,0,1
10,22,6,0,0,63,0,5110,0,0,1
13,5,1,0,0,78,1,2610,0,1,1
12,2,3,0,0,70,2,5110,0,1,1
7,1,4,0,0,81,0,5110,0,1,1
13,1,4,0,0,54,2,1170,0,1,1
12,3,4,0,1,87,0,2610,0,1,1
13,4,3,0,0,51,2,5100,0,1,1
7,23,6,0,0,97,1,5110,0,1,1
13,0,5,0,0,63,2,5090,0,0,1
13,20,4,0,1,86,2,2400,0,1,1
4,22,6,0,0,51,0,5110,0,1,1
13,0,0,0,1,94,2,1220,0,1,1
10,22,4,0,0,55,1,5110,0,1,1
13,0,3,0,0,73,0,1040,0,1,1
11,21,0,0,0,99,0,5100,0,0,1
12,23,0,0,0,53,1,5110,0,0,1
10,20,3,0,0,65,2,5100,0,1,1
11,0,5,0,0,52,1,5110,0,0,1
2,18,2,0,1,3,1,10,0,0,0
12,21,5,0,0,73,0,5110,0,1,1
13,20,3,0,0,96,1,5110,0,1,1
11,3,2,0,0,55,2,5110,0,1,1
10,23,2,0,0,89,0,5110,0,0,1
5,12,3,0,1,10,0,10,0,0,0
4,12,3,0,1,15,0,20,0,0,0
4,23,5,0,0,95,2,5110,0,1,1
9,19,6,0,0,73,2,5110,0,1,1
12,3,5,0,0,94,2,5110,0,1,1
12,1,4,0,0,66,0,5110,0,0,1
11,1,2,0,0,65,0,5110,0,1,1
1,8,1,0,1,16,2,10,0,0,0
2,12,3,0,1,2,0,10,0,0,0
13,19,2,0,0,74,2,5110,0,1,1
10,19,2,0,0,88,0,5110,0,0,1
10,18,4,0,0,59,0,5110,0,1,1
13,18,3,0,1,81,0,1080,0,1,1
11,20,6,0,0,52,1,5110,0,1,1
9,20,5,0,0,78,0,5100,0,1,1
12,5,2,0,0,65,1,5110,0,1,1
9,0,3,0,0,81,2,5110,0,1,1
5,12,4,0,1,11,2,220,0,0,0
13,5,4,0,0,93,0,5110,0,0,1
13,5,1,0,1,51,2,1160,0,1,1
11,20,2,0,0,65,2,4600,0,1,1
9,18,6,0,0,51,1,5110,0,1,1
11,21,4,0,0,95,1,5110,0,1,1
6,19,0,0,0,75,0,1260,0,1,1
13,22,1,0,0,94,0,5110,0,1,1
13,4,0,0,1,81,2,2640,0,1,1
13,21,6,0,1,98,0,2730,0,0,1
5,8,3,0,1,1,0,2310,0,0,0
10,21,4,0,0,74,2,5110,0,1,1
11,18,1,0,0,77,2,5110,0,1,1
10,1,5,0,0,93,1,5110,0,1,1
10,18,4,0,0,85,2,2230,0,1,1
4,17,0,0,1,4,0,30,0,0,0
13,20,3,0,0,88,0,1040,0,0,1
14,21,5,0,0,90,1,30,0,1,1
7,3,0,0,0,84,2,5110,0,1,1
1,8,3,0,1,2,1,10,0,0,0
11,0,3,0,0,85,0,2050,0,0,1
9,2,2,0,0,64,2,5110,0,1,1
3,22,0,0,0,75,2,5110,0,1,1
12,5,4,0,0,56,0,4820,0,1,1
2,8,1,0,1,1,1,10,0,0,0
13,19,1,0,0,99,0,5110,0,0,1
8,3,0,0,0,71,1,5110,0,0,1
4,0,5,0,0,79,2,5110,0,1,1
9,23,1,0,0,63,1,5110,0,1,1
6,0,6,0,0,78,0,5080,0,0,1
13,1,2,0,0,51,1,5110,0,1,1
12,2,1,0,0,83,2,5110,0,0,1
11,4,4,0,0,67,0,2800,0,0,1
13,21,2,0,0,81,2,1390,0,1,1
2,18,2,0,1,14,1,30,0,1,0
3,18,0,0,1,13,2,90,0,0,0
9,18,4,0,0,94,1,2880,0,1,1
9,21,6,0,0,82,2,5110,0,1,1
1,9,2,0,0,18,1,10,0,0,0
12,22,3,0,0,87,0,2960,0,0,1
12,21,5,0,0,80,0,5110,0,0,1
12,18,1,0,0,81,0,5110,0,0,1
10,0,5,0,0,55,1,5110,0,1,1
12,3,5,0,0,89,2,5110,0,1,1
3,9,4,0,1,5,0,80,0,0,0
11,1,0,0,0,52,0,5110,0,0,1
10,0,3,0,0,70,1,5110,0,1,1
10,3,2,0,0,96,0,4530,0,0,1
7,23,6,0,0,50,2,5110,0,1,1
2,11,1,0,1,15,2,30,0,0,0
3,4,4,0,0,90,0,2780,0,1,1
13,4,3,0,0,66,1,5110,0,1,1
12,20,0,0,0,52,2,2750,0,0,1
2,18,3,0,1,12,1,10,0,0,0
9,1,5,0,1,76,0,2340,0,0,1
1,9,4,0,1,5,2,90,0,0,0
11,23,0,0,0,91,2,1300,0,0,1
13,4,6,0,0,94,0,5110,0,1,1
1,17,2,0,1,11,2,40,0,0,0
12,22,4,0,0,76,0,5110,0,1,1
11,1,1,0,0,74,0,4520,0,1,1
9,0,5,0,0,87,1,2560,0,0,1
11,18,3,0,0,58,1,5110,0,1,1
13,19,0,0,0,81,1,5110,0,1,1
13,18,3,0,0,68,2,5110,0,0,1
10,1,6,0,0,75,1,5110,0,0,1
12,18,1,0,0,56,2,1190,0,1,1
5,9,2,0,0,2,1,20,0,0,0
10,20,0,0,0,83,0,60,0,1,1
3,8,3,0,1,8,1,10,0,0,0
5,15,0,0,1,17,1,40,0,0,0
9,0,0,0,0,93,0,5110,0,1,1
10,0,4,0,0,60,0,5110,0,0,1
11,1,3,0,0,82,1,5110,0,1,1
11,19,0,0,0,60,1,4530,0,1,1
12,21,6,0,1,51,2,1380,0,1,1
8,21,1,0,0,68,0,1130,0,0,1
2,7,1,0,1,0,1,240,0,0,0
4,16,3,0,1,14,0,100,0,0,0
11,0,5,0,0,99,0,2210,0,1,1
9,4,1,0,0,82,1,5110,0,1,1
8,19,2,0,0,64,0,5110,0,1,1
13,3,4,0,0,72,2,5100,0,1,1
11,23,5,0,0,76,0,5110,0,0,1
5,8,3,0,1,17,2,100,0,0,0
10,1,5,0,0,61,2,5110,0,1,1
10,1,2,0,0,56,1,5110,0,0,1
9,3,5,0,0,79,2,5110,0,1,1
1,16,1,0,1,11,1,50,0,0,0
2,9,2,0,1,13,0,10,0,0,0
10,3,3,0,0,89,0,5110,0,0,1
5,18,4,0,1,83,0,2010,0,0,1
4,1,4,0,0,75,1,2660,0,1,1
12,22,0,0,0,71,1,5110,0,1,1
11,5,5,0,0,73,0,5110,0,1,1
10,1,5,0,0,80,0,4620,0,0,1
12,0,4,0,0,50,2,2270,0,1,1
12,19,2,0,0,81,0,1020,0,0,1
12,4,2,0,0,55,2,5100,0,1,1
5,18,1,0,1,17,0,20,0,0,0
13,19,0,0,1,66,0,1460,0,1,1
10,4,0,0,0,52,1,5100,0,1,1
1,7,4,0,1,16,0,20,0,0,0
13,1,2,0,0,88,0,5100,0,1,1
12,21,0,0,0,95,0,4580,0,1,1
11,4,6,0,0,86,0,5110,0,0,1
6,18,3,0,0,82,2,5110,0,1,1
12,21,0,0,0,99,2,2250,0,0,1
9,22,1,0,0,55,1,5110,0,1,1
10,5,0,0,0,83,2,2930,0,1,1
4,8,4,0,1,14,1,360,0,0,0
5,9,3,0,1,0,0,30,0,0,0
5,23,1,0,0,50,1,4830,0,1,1
6,2,0,0,0,77,2,5100,0,1,1
10,2,0,0,0,65,0,2080,0,0,1
13,19,6,0,0,71,0,5110,0,0,1
9,1,4,0,0,62,2,5110,0,0,1
13,21,4,0,0,59,1,2040,0,1,1
12,3,3,0,0,71,1,5100,0,0,1
5,16,3,0,1,5,2,50,0,0,0
5,5,6,0,0,59,2,5100,0,1,1
4,12,1,0,0,11,0,140,0,0,0
11,18,4,0,0,79,0,1270,0,1,1
3,16,3,0,1,13,0,10,0,0,0
4,2,2,0,0,51,1,5090,0,1,1
13,22,1,0,0,92,1,5100,0,0,1
5,7,2,0,1,8,0,30,0,0,0
10,4,5,0,1,91,0,2650,0,0,1
11,2,6,0,0,52,0,5110,0,0,1
9,22,5,0,0,69,0,1330,0,1,1
12,5,1,0,0,80,1,5110,0,1,1
10,19,0,0,0,77,1,5110,0,1,1
11,4,5,0,0,79,2,4530,0,1,1
9,4,5,0,0,74,0,1470,0,1,1
9,23,4,0,0,54,0,5110,0,1,1
9,21,4,0,0,82,0,5110,0,1,1
2,7,4,0,1,8,2,220,0,0,0
11,22,5,0,1,95,2,1190,0,1,1
13,19,6,0,0,52,0,5110,0,1,1
3,18,4,0,1,0,2,50,0,0,0
10,22,2,0,0,53,1,5110,0,1,1
7,20,5,0,0,70,2,5110,0,0,1
7,19,2,0,0,89,2,5110,0,0,1
1,14,3,0,1,2,2,60,0,0,0
9,21,3,0,0,56,0,5110,0,0,1
9,22,3,0,1,79,0,1500,0,1,1
9,23,3,0,0,88,1,5110,0,0,1
11,19,4,0,0,58,1,2080,0,1,1
2,12,4,0,0,16,2,50,0,0,0
10,1,4,0,0,89,0,5110,0,1,1
2,15,1,0,1,14,2,20,0,0,0
13,0,3,0,0,65,2,5110,0,1,1
12,22,0,0,0,51,1,5110,0,1,1
10,21,3,0,0,87,0,5110,0,1,1
11,22,3,0,0,50,1,5110,0,1,1
9,3,1,0,0,89,2,5110,0,0,1
9,2,3,0,0,92,1,5110,0,1,1
4,7,3,0,1,5,2,20,0,1,0
8,19,4,0,0,56,1,5110,0,1,1
12,2,6,0,0,52,1,2150,0,0,1
10,22,6,0,0,99,2,5100,0,1,1
3,15,0,0,0,10,0,10,0,0,0
9,3,0,0,0,85,0,5110,0,0,1
9,5,6,0,0,67,2,2370,0,1,1
10,19,0,0,0,83,2,2330,0,1,1
10,21,5,0,0,58,2,4500,0,1,1
11,19,2,0,0,64,1,5110,0,1,1
5,11,0,0,1,11,1,10,0,0,0
12,4,3,0,0,66,0,2300,0,1,1
11,4,5,0,1,61,0,1370,0,1,1
12,22,6,0,0,83,2,5110,0,1,1
13,1,1,0,0,60,1,5110,0,0,1
9,3,3,0,0,68,2,2120,0,0,1
11,3,5,0,0,51,1,5110,0,1,1
5,17,1,0,1,15,0,10,0,0,0
1,7,1,0,0,10,0,40,0,0,0
12,1,1,0,0,65,0,5110,0,1,1
11,5,0,0,0,51,1,5110,0,1,1
11,1,2,0,0,65,1,5110,0,0,1
12,19,5,0,0,67,2,5110,0,1,1
11,4,4,0,0,96,1,1140,0,1,1
7,3,1,0,0,54,1,1320,0,1,1
13,4,6,0,0,87,1,5110,0,0,1
4,10,3,0,1,11,0,80,0,0,0
12,4,6,0,0,63,2,4440,0,1,1
13,21,3,0,0,62,2,5110,0,0,1
5,10,1,0,1,17,0,60,0,0,0
10,4,4,0,1,98,1,1360,0,1,1
5,14,1,0,1,15,2,130,0,0,0
1,15,3,0,1,0,2,60,0,0,0
12,2,5,0,0,75,1,5110,0,1,1
12,0,2,0,1,50,2,2570,0,0,1
1,15,3,0,1,17,1,280,0,0,0
1,16,0,0,1,5,0,80,0,0,0
9,1,1,0,0,63,2,5110,0,0,1
12,2,6,0,1,62,0,2890,0,1,1
12,0,2,0,1,71,2,160,0,1,1
10,0,4,0,1,93,1,1110,0,1,1
9,23,2,0,1,78,1,1340,0,1,1
1,15,0,0,1,4,1,250,0,0,0
11,0,2,0,0,64,1,2180,0,1,1
12,2,5,0,0,51,1,2830,0,1,1
9,19,1,0,0,54,1,5110,0,1,1
11,5,3,0,0,98,2,5110,0,1,1
10,22,6,0,0,98,1,4790,0,1,1
10,19,2,0,0,80,1,5100,0,1,1
10,4,3,0,0,50,2,5110,0,0,1
10,0,5,0,0,94,2,5110,0,0,1
4,22,1,0,0,58,2,4610,0,1,1
10,2,2,0,0,58,1,5110,0,1,1
11,0,6,0,1,99,1,1120,0,1,1
10,3,5,0,0,75,1,5090,0,1,1
11,20,5,0,1,65,1,2210,0,1,1
10,2,1,0,1,89,2,1040,0,0,1
8,17,0,0,0,9,2,20,0,0,0
4,14,4,0,1,0,2,10,0,0,0
13,1,1,0,0,85,2,5110,0,1,1
12,0,3,0,0,56,1,5110,0,0,1
10,20,5,0,1,91,2,5100,0,1,1
10,2,5,0,0,62,0,2440,0,0,1
12,5,0,0,0,76,1,5100,0,1,1
10,21,0,0,0,85,2,5110,0,1,1
4,8,2,0,1,10,0,20,0,0,0
13,21,5,0,0,63,0,5110,0,1,1
12,23,0,0,0,55,1,1360,0,1,1
12,5,2,0,1,69,1,2460,0,1,1
12,3,6,0,0,89,0,5110,0,1,1
7,3,1,0,0,87,0,5110,0,1,1
1,8,4,0,1,19,1,120,0,0,0
9,4,4,0,0,66,1,5100,0,1,1
10,2,6,0,0,99,2,5110,0,1,1
5,7,2,0,0,14,0,10,0,0,0
11,0,4,0,0,56,2,5110,0,1,1
2,16,2,0,1,12,0,10,0,0,0
9,0,6,0,1,89,0,2650,0,1,1
13,19,1,0,0,75,2,4630,0,1,1
10,20,4,0,0,86,1,750,0,0,1
9,19,0,0,0,86,1,4490,0,0,1
13,19,6,0,1,87,1,1100,0,1,1
1,15,3,0,1,1,2,10,0,0,0
9,20,1,0,0,82,2,5110,0,1,1
9,2,2,0,0,90,2,2700,0,1,1
11,4,0,0,0,71,1,1120,0,0,1
10,1,4,0,1,81,2,1480,0,1,1
12,0,1,0,1,64,0,2450,0,1,1
12,18,3,0,0,99,0,5110,0,0,1
9,22,4,0,0,55,2,5110,0,1,1
9,3,6,0,0,74,1,5110,0,1,1
3,22,5,0,0,64,0,1180,0,0,1
3,19,0,0,0,94,1,5110,0,1,1
8,20,2,0,0,70,0,2060,0,0,1
7,23,4,0,0,86,0,5110,0,0,1
12,22,5,0,0,68,2,5110,0,1,1
11,0,2,0,0,83,2,2370,0,1,1
10,3,4,0,0,81,0,5110,0,1,1
9,18,5,0,0,84,1,5110,0,0,1
12,0,0,0,0,90,0,2140,0,1,1
14,20,6,0,0,97,1,70,0,1,1
10,18,3,0,1,54,0,2390,0,1,1
11,22,1,0,0,65,0,5090,0,1,1
9,22,4,0,0,55,0,2740,0,0,1
7,5,2,0,0,99,1,5110,0,1,1
9,21,4,0,0,60,0,4550,0,1,1
1,12,3,0,0,17,0,10,0,0,0
12,20,4,0,0,95,0,5110,0,1,1
2,10,4,0,1,13,1,10,0,0,0
12,22,3,0,0,56,1,5110,0,0,1
11,7,4,0,0,5,2,10,0,0,0
9,0,5,0,0,71,2,5110,0,1,1
3,11,0,0,1,12,1,10,0,0,0
11,2,2,0,0,73,1,5110,0,1,1
3,11,3,0,1,12,2,80,0,1,0
1,14,1,0,1,18,1,40,0,0,0
9,18,0,0,0,75,1,5110,0,1,1
9,21,0,0,0,62,2,5110,0,1,1
12,4,2,0,0,90,1,5110,0,1,1
6,18,4,0,0,61,1,4630,0,1,1
10,5,6,0,0,87,1,5110,0,1,1
11,22,5,0,0,61,0,5110,0,1,1
12,2,0,0,0,81,0,5110,0,0,1
5,19,2,0,1,53,0,2310,0,1,1
12,19,2,0,0,90,2,5110,0,1,1
6,1,1,0,0,83,1,5110,0,1,1
13,18,0,0,0,70,2,2740,0,1,1
4,18,4,0,1,0,1,10,0,0,0
3,10,2,0,1,14,0,20,0,0,0
3,13,1,0,1,18,0,10,0,0,0
8,18,1,0,0,6,2,460,0,0,0
10,1,0,0,0,91,2,1320,0,1,1
11,4,0,0,0,75,2,5110,0,1,1
12,20,5,0,0,73,1,5110,0,0,1
6,18,1,0,1,50,2,2540,0,1,1
6,0,5,0,0,65,1,5110,0,0,1
11,21,4,0,0,62,1,5110,0,1,1
11,0,0,0,1,88,1,2360,0,1,1
7,22,5,0,0,92,0,5110,0,1,1
3,20,3,0,0,99,1,5110,0,0,1
4,13,4,0,0,10,0,120,0,0,0
6,0,6,0,0,71,0,5110,0,0,1
8,20,2,0,0,58,2,5100,0,1,1
12,21,6,0,0,69,2,5110,0,1,1
12,1,3,0,0,81,0,4600,0,0,1
1,13,4,0,0,7,0,10,0,0,0
12,20,4,0,1,76,0,2840,0,1,1
7,2,5,0,0,75,2,1370,0,1,1
13,22,0,0,0,85,2,4800,0,1,1
13,21,4,0,0,76,1,2340,0,1,1
11,19,5,0,0,99,2,5100,0,0,1
11,20,4,0,0,71,0,5110,0,1,1
12,1,3,0,0,57,2,5110,0,1,1
13,2,3,0,0,89,1,5110,0,1,1
11,5,5,0,0,70,0,2680,0,1,1
1,14,2,0,1,17,2,10,0,0,0
9,5,6,0,0,79,1,2040,0,1,1
11,4,2,0,0,77,0,5110,0,1,1
10,3,4,0,0,71,1,1160,0,0,1
11,20,0,0,0,62,1,2350,0,1,1
12,20,3,0,1,83,1,10,0,0,1
6,22,1,0,0,60,0,5110,0,1,1
7,0,3,0,0,62,0,1450,0,1,1
4,15,3,0,1,1,1,90,0,0,0
11,2,6,0,0,77,0,5110,0,1,1
12,19,4,0,0,88,2,5110,0,1,1
12,3,6,0,0,52,2,5110,0,1,1
2,18,4,0,1,3,2,10,0,0,0
13,22,3,0,0,71,1,5110,0,1,1
13,19,0,0,0,96,0,5110,0,0,1
12,22,6,0,0,56,1,5110,0,0,1
13,21,2,0,0,60,1,5090,0,1,1
1,17,0,0,1,6,2,20,0,0,0
10,23,4,0,0,66,0,5110,0,0,1
3,13,1,0,1,7,0,80,0,0,0
9,23,4,0,1,58,0,2810,0,1,1
13,1,3,0,0,56,0,5110,0,0,1
10,4,1,0,0,66,2,5110,0,1,1
6,22,2,0,0,63,0,5110,0,1,1
5,13,4,0,1,9,0,10,0,0,0
12,19,1,0,0,99,0,5110,0,1,1
13,20,5,0,1,54,1,2820,0,1,1
13,22,4,0,0,50,1,2430,0,1,1
11,2,0,0,0,62,0,5110,0,1,1
5,0,6,0,0,73,0,2540,0,0,1
12,3,2,0,0,73,1,1490,0,1,1
4,2,5,0,0,67,0,1980,0,0,1
11,2,4,0,0,96,2,5110,0,0,1
2,9,1,0,1,19,0,80,0,0,0
3,0,6,0,0,59,1,5110,0,1,1
10,19,2,0,0,74,0,5100,0,1,1
9,19,1,0,0,64,1,5110,0,1,1
4,8,0,0,1,6,1,150,0,0,0
11,2,1,0,0,81,1,5110,0,1,1
12,21,0,0,1,55,0,2280,0,1,1
6,20,4,0,0,77,0,5110,0,1,1
3,14,0,0,1,7,2,10,0,0,0
10,22,1,0,1,63,2,2940,0,1,1
12,22,6,0,0,53,2,5110,0,0,1
13,21,1,0,0,60,0,5110,0,0,1
9,0,3,0,0,98,0,5110,0,0,1
5,14,0,0,0,11,1,10,0,1,0
5,13,1,0,1,16,2,70,0,0,0
10,19,3,0,0,62,0,5100,0,1,1
12,0,6,0,0,91,0,5110,0,0,1
6,20,0,0,0,80,1,5110,0,1,1
12,22,1,0,0,56,2,5110,0,1,1
5,20,4,0,0,79,0,1480,0,0,1
5,23,4,0,0,67,1,5110,0,1,1
3,9,3,0,1,2,0,10,0,0,0
11,20,5,0,0,90,1,5110,0,1,1
13,3,0,0,0,83,2,5110,0,1,1
11,20,6,0,0,59,2,5110,0,1,1
3,14,4,0,1,2,0,170,0,0,0
8,19,0,0,0,56,1,5100,0,0,1
12,4,1,0,0,71,2,5110,0,0,1
10,2,6,0,0,57,0,2030,0,0,1
9,20,5,0,0,81,2,5090,0,1,1
11,2,6,0,0,88,2,5110,0,1,1
9,22,1,0,0,98,1,5110,0,1,1
12,20,1,0,0,91,2,5100,0,1,1
3,9,0,0,1,8,0,20,0,0,0
10,2,2,0,0,72,1,4340,0,1,1
7,1,1,0,0,59,1,5110,0,1,1
10,23,2,0,0,52,0,1190,0,1,1
12,2,0,0,1,55,2,2500,0,1,1
9,0,6,0,0,79,0,2290,0,1,1
11,1,5,0,1,53,2,2010,0,0,1
11,19,1,0,0,87,0,5110,0,1,1
13,5,1,0,0,96,2,5110,0,1,1
10,19,5,0,0,73,0,2580,0,1,1
2,16,1,0,1,19,1,70,0,0,0
11,0,1,0,0,64,2,1370,0,1,1
13,5,6,0,0,63,2,5110,0,1,1
12,1,6,0,0,92,0,5110,0,1,1
11,18,0,0,0,82,1,5110,0,1,1
4,17,3,0,1,11,1,440,0,0,0
11,3,5,0,0,56,0,2900,0,0,1
13,23,6,0,0,81,1,5110,0,1,1
11,18,0,0,0,85,2,5110,0,1,1
11,20,6,0,0,85,0,5110,0,1,1
4,18,0,0,1,13,0,30,0,0,0
11,3,1,0,0,94,0,5110,0,1,1
12,18,6,0,0,89,1,5110,0,1,1
8,1,6,0,0,80,2,5110,0,1,1
6,4,2,0,0,80,0,5110,0,1,1
10,19,1,0,0,69,2,5110,0,1,1
12,2,0,0,0,63,0,390,0,1,1
3,9,2,0,0,16,0,20,0,0,0
6,20,3,0,0,65,2,5100,0,1,1
11,5,5,0,0,91,0,5110,0,1,1
13,1,4,0,1,52,1,2900,0,0,1
12,2,1,0,0,97,1,5110,0,1,1
10,2,2,0,0,73,1,5110,0,1,1
10,2,4,0,0,90,2,5110,0,0,1
10,22,6,0,0,62,1,5110,0,1,1
12,1,2,0,0,54,0,5110,0,0,1
9,23,5,0,0,97,1,5110,0,1,1
4,5,2,0,0,84,1,1170,0,1,1
13,4,3,0,0,90,2,2300,0,1,1
4,9,4,0,1,8,0,10,0,0,0
13,3,5,0,0,79,1,5110,0,1,1
11,2,5,0,0,74,2,5040,0,1,1
11,3,4,0,0,94,1,2850,0,0,1
1,8,3,0,0,3,0,50,0,0,0
10,3,3,0,0,95,0,5110,0,1,1
9,4,3,0,0,94,0,1440,0,0,1
4,7,1,0,0,16,0,10,0,0,0
13,19,6,0,0,68,2,5110,0,1,1
10,0,5,0,1,74,1,1070,0,0,1
12,19,1,0,1,92,2,2560,0,1,1
9,19,3,0,0,69,0,5110,0,1,1
13,0,5,0,0,67,2,5110,0,1,1
11,18,4,0,0,50,1,5100,0,0,1
10,20,5,0,0,66,2,5110,0,1,1
3,12,3,0,1,15,2,530,0,0,0
10,23,4,0,0,85,0,5110,0,1,1
5,12,0,0,1,1,2,120,0,0,0
3,14,3,0,1,18,0,70,0,0,0
1,15,1,0,1,11,0,230,0,0,0
10,23,1,0,1,66,0,2130,0,1,1
5,15,3,0,1,7,2,120,0,0,0
12,20,2,0,0,63,2,5110,0,0,1
9,3,1,0,0,94,2,4830,0,1,1
12,0,6,0,0,51,2,5110,0,0,1
12,19,1,0,0,60,1,5110,0,0,1
3,7,3,0,1,8,1,10,0,0,0
13,18,3,0,0,79,2,5110,0,1,1
9,0,6,0,0,78,0,5090,0,1,1
4,16,0,0,0,8,0,20,0,0,0
9,22,5,0,0,85,2,5110,0,0,1
12,4,0,0,0,92,1,5110,0,0,1
13,3,5,0,1,62,0,1490,0,1,1
8,1,3,0,0,52,2,5100,0,1,1
11,21,1,0,0,94,0,5110,0,1,1
11,21,5,0,0,64,2,5110,0,0,1
13,22,5,0,0,72,0,5080,0,1,1
13,22,0,0,0,53,1,5110,0,1,1
10,4,2,0,0,64,1,5100,0,1,1
7,22,3,0,0,55,0,4520,0,0,1
12,20,4,0,0,79,1,5110,0,1,1
10,0,2,0,0,94,2,5110,0,1,1
9,18,3,0,1,15,2,50,0,0,0
9,1,1,0,0,89,0,5100,0,1,1
4,8,4,0,1,11,0,100,0,0,0
12,18,4,0,0,88,2,1250,0,1,1
2,12,0,0,0,4,1,20,0,0,0
2,9,1,0,1,12,0,300,0,0,0
5,4,1,0,0,93,2,5100,0,1,1
10,19,1,0,1,80,2,2020,0,1,1
11,19,5,0,0,52,2,4880,0,0,1
10,22,6,0,0,89,1,5110,0,1,1
5,18,2,0,0,13,1,30,0,0,0
1,17,1,0,1,15,2,10,0,0,0
7,3,3,0,0,57,0,5110,0,1,1
13,22,5,0,0,84,0,1050,0,1,1
5,7,3,0,0,14,1,260,0,0,0
9,23,4,0,0,83,0,460,0,1,1
13,1,5,0,0,81,2,4510,0,0,1
10,1,5,0,1,82,0,2630,0,1,1
3,9,1,0,1,4,0,90,0,0,0
12,21,3,0,0,99,0,2800,0,1,1
13,5,3,0,0,91,0,5110,0,1,1
10,20,5,0,0,97,2,2820,0,1,1
9,18,5,0,0,97,2,5110,0,0,1
7,2,0,0,0,98,2,5110,0,1,1
12,23,2,0,0,54,0,1200,0,0,1
11,1,4,0,0,59,2,5110,0,0,1
2,13,4,0,1,16,2,10,0,0,0
13,0,2,0,0,77,1,2500,0,1,1
1,15,0,0,1,15,1,10,0,0,0
10,21,0,0,0,66,2,5110,0,1,1
11,20,5,0,0,67,2,1140,0,1,1
8,20,4,0,1,51,0,930,0,1,1
10,4,3,0,0,96,1,5110,0,1,1
13,23,6,0,0,56,2,5110,0,1,1
10,3,5,0,0,73,1,5110,0,0,1
11,4,1,0,0,51,2,5110,0,0,1
10,5,0,0,0,84,0,5110,0,0,1
13,2,4,0,0,63,2,5110,0,1,1
5,0,3,0,0,66,0,5110,0,0,1
11,23,2,0,0,55,0,5110,0,1,1
13,5,2,0,0,56,2,5110,0,1,1
10,18,1,0,0,54,1,5110,0,1,1
12,23,6,0,0,54,1,4840,0,1,1
4,11,1,0,1,10,0,10,0,0,0
13,1,1,0,0,50,0,970,0,0,1
3,11,0,0,0,4,2,190,0,0,0
9,4,0,0,0,82,0,4910,0,0,1
2,11,4,0,1,14,2,50,0,0,0
11,23,6,0,0,83,0,5110,0,1,1
11,1,6,0,0,85,2,5100,0,0,1
9,21,3,0,0,87,1,2170,0,0,1
2,11,4,0,0,12,1,10,0,0,0
12,21,4,0,1,86,2,2360,0,1,1
13,4,6,0,0,77,2,2170,0,1,1
11,18,2,0,1,65,0,2060,0,0,1
13,22,1,0,0,61,0,5110,0,0,1
13,23,4,0,0,60,1,1150,0,1,1
11,22,3,0,0,92,2,5110,0,1,1
12,4,3,0,0,62,1,5110,0,1,1
9,4,3,0,0,67,2,2880,0,0,1
9,4,1,0,0,84,1,2380,0,1,1
8,23,6,0,0,75,0,5110,0,1,1
12,4,4,0,0,89,0,5110,0,0,1
12,2,3,0,0,60,2,5110,0,1,1
5,16,1,0,1,10,1,20,0,0,0
4,17,3,0,1,6,2,10,0,0,0
2,12,4,0,1,15,0,80,0,0,0
10,21,2,0,0,71,1,5110,0,1,1
4,0,5,0,1,78,1,2430,0,1,1
1,12,3,0,1,19,2,10,0,0,0
10,3,1,0,0,67,1,5100,0,0,1
3,16,3,0,1,3,2,10,0,0,0
11,4,1,0,0,52,0,1330,0,1,1
9,19,4,0,0,54,0,4820,0,1,1
4,15,1,0,1,9,0,10,0,0,0
13,18,6,0,1,98,1,2050,0,1,1
3,11,4,0,1,0,1,10,0,0,0
13,0,5,0,0,72,0,5110,0,0,1
5,9,1,0,1,11,1,10,0,0,0
9,18,4,0,0,82,1,5110,0,1,1
10,19,6,0,0,60,1,5090,0,1,1
10,5,1,0,0,60,2,5110,0,1,1
11,20,1,0,0,98,0,5110,0,1,1
10,19,3,0,0,75,0,5110,0,1,1
13,21,2,0,0,67,1,990,0,1,1
9,19,5,0,0,89,2,5100,0,1,1
9,18,5,0,0,62,2,5110,0,1,1
10,21,3,0,0,85,1,4610,0,0,1
12,19,4,0,0,80,1,1200,0,1,1
4,2,2,0,0,56,1,5110,0,1,1
9,22,0,0,0,90,0,5110,0,0,1
5,13,2,0,1,16,0,200,0,0,0
4,15,0,0,1,3,1,60,0,0,0
12,2,0,0,0,70,1,5110,0,0,1
12,0,0,0,0,99,0,5110,0,1,1
5,4,0,0,0,77,1,5100,0,1,1
10,18,5,0,0,75,0,5110,0,0,1
5,4,1,0,0,78,1,1210,0,1,1
9,3,4,0,0,95,2,1070,0,0,1
13,0,0,0,0,95,1,4430,0,0,1
11,21,1,0,0,77,0,20,0,1,1
12,18,2,0,0,55,0,4880,0,1,1
13,3,6,0,0,82,0,5110,0,0,1
4,14,2,0,1,16,1,20,0,0,0
9,18,6,0,0,51,1,1230,0,1,1
8,20,3,0,0,83,0,5110,0,0,1
6,4,5,0,0,80,2,2380,0,1,1
13,23,0,0,0,91,2,5110,0,1,1
2,10,3,0,1,13,0,30,0,0,0
13,22,0,0,0,76,2,5110,0,1,1
12,0,6,0,1,59,1,1250,0,1,1
4,14,4,0,1,13,1,20,0,0,0
13,22,5,0,0,79,1,5110,0,0,1
12,1,3,0,0,59,2,5110,0,1,1
11,5,4,0,0,74,1,5110,0,0,1
2,12,2,0,1,9,0,10,0,0,0
9,4,2,0,0,68,2,10,0,1,1
8,4,6,0,0,65,2,5110,0,1,1
13,18,1,0,0,76,2,5110,0,1,1
10,20,6,0,0,50,0,5110,0,1,1
13,1,0,0,0,73,2,2400,0,0,1
13,2,3,0,0,86,2,5110,0,1,1
12,23,0,0,0,94,2,10,0,1,1
11,0,5,0,0,66,0,5110,0,1,1
9,4,6,0,0,95,1,5110,0,1,1
12,18,4,0,0,91,0,5110,0,1,1
3,15,0,0,1,10,0,10,0,0,0
9,5,1,0,0,90,2,5110,0,1,1
12,2,2,0,0,68,1,1860,0,1,1
9,0,2,0,0,74,0,5110,0,1,1
3,2,1,0,0,73,0,5110,0,1,1
13,2,3,0,0,84,0,5110,0,1,1
1,13,3,0,1,11,1,10,0,0,0
4,7,0,0,0,1,2,10,0,0,0
10,22,0,0,0,92,1,2820,0,1,1
1,7,2,0,1,3,0,10,0,0,0
10,18,6,0,1,78,0,1810,0,1,1
6,0,3,0,0,79,2,5110,0,0,1
10,22,0,0,0,63,1,5110,0,1,1
12,4,2,0,0,99,0,2460,0,1,1
9,0,2,0,0,95,1,5110,0,1,1
9,19,2,0,0,54,0,5100,0,1,1
12,22,3,0,1,58,1,2250,0,1,1
11,3,6,0,0,65,0,5110,0,1,1
4,1,5,0,0,85,2,5110,0,0,1
6,20,0,0,0,82,0,5110,0,1,1
10,2,4,0,0,52,1,5110,0,1,1
1,14,4,0,1,10,2,10,0,0,0
9,2,3,0,0,90,0,5100,0,1,1
9,1,0,0,0,76,1,5110,0,1,1
4,9,0,0,1,18,1,50,0,0,0
12,19,0,0,0,68,2,5100,0,1,1
13,0,4,0,0,65,2,5110,0,1,1
12,3,0,0,0,59,2,5110,0,1,1
2,13,4,0,1,11,1,110,0,0,0
13,21,3,0,0,87,1,5110,0,1,1
12,22,5,0,0,57,0,5110,0,0,1
11,4,6,0,0,71,1,5110,0,0,1
9,5,4,0,0,75,1,5110,0,1,1
7,5,6,0,0,90,0,1040,0,1,1
4,11,1,0,1,9,1,20,0,0,0
5,11,4,0,1,0,2,10,0,0,0
7,21,4,0,0,87,0,5110,0,0,1
10,18,2,0,1,57,1,2100,0,1,1
1,18,1,0,1,4,0,180,0,0,0
13,2,4,0,0,90,1,5110,0,1,1
8,7,3,0,1,17,1,40,0,0,0
10,13,3,0,1,1,2,10,0,0,0
9,18,0,0,0,64,1,5110,0,0,1
9,21,0,0,1,91,0,1010,0,0,1
9,21,4,0,1,58,2,1250,0,0,1
12,20,4,0,1,71,2,2120,0,1,1
5,17,1,0,1,17,2,130,0,0,0
9,1,2,0,0,52,1,5110,0,0,1
5,18,3,0,1,17,0,60,0,0,0
4,10,4,0,1,14,1,100,1,0,0
12,0,1,0,0,72,0,4600,0,0,1
13,19,6,0,0,99,1,5110,0,1,1
7,5,5,0,0,80,2,2730,0,0,1
13,3,3,0,0,66,1,2250,0,0,1
12,3,0,0,0,82,2,5110,0,0,1
6,2,3,0,0,67,2,5110,0,0,1
11,1,1,0,0,82,2,1380,0,1,1
3,16,3,0,0,3,0,50,0,0,0
5,14,2,0,1,2,0,10,0,0,0
11,1,1,0,0,96,0,5110,0,0,1
11,23,3,0,0,73,1,5110,0,1,1
12,3,5,0,0,59,0,5090,0,1,1
11,20,6,0,0,67,1,5100,0,1,1
10,3,2,0,0,68,2,5110,0,1,1
11,22,2,0,0,72,1,5110,0,1,1
9,4,5,0,0,79,0,5110,0,0,1
11,1,0,0,0,87,1,5110,0,1,1
6,18,5,0,0,70,2,2100,0,1,1
13,20,5,0,0,80,0,5110,0,1,1
13,3,4,0,0,61,0,4380,0,0,1
13,18,2,0,0,55,1,2240,0,1,1
10,19,0,0,0,56,0,5110,0,1,1
11,22,4,0,0,85,2,2080,0,1,1
1,18,2,0,1,15,2,10,0,1,0
6,16,1,0,1,15,2,60,0,0,0
7,4,0,0,0,51,0,5110,0,1,1
2,7,0,0,1,2,1,740,0,0,0
13,22,3,0,0,89,1,5110,0,0,1
1,16,0,0,1,5,2,190,0,0,0
3,18,3,0,1,19,0,20,0,0,0
9,23,3,0,0,75,0,5110,0,1,1
9,18,1,0,0,68,1,5110,0,1,1
13,5,2,0,0,91,0,2550,0,0,1
5,18,1,0,1,6,2,140,0,0,0
12,23,5,0,0,65,1,2240,0,1,1
5,18,3,0,1,12,0,270,0,0,0
9,21,3,0,0,60,0,1040,0,1,1
12,0,4,0,0,65,1,5110,0,0,1
13,1,4,0,0,83,1,5110,0,1,1
11,22,6,0,0,71,2,5110,0,1,1
13,21,3,0,0,65,2,5100,0,0,1
7,1,0,0,0,81,2,5110,0,1,1
10,1,5,0,0,54,2,5110,0,1,1
9,0,6,0,1,65,2,1060,0,1,1
5,15,4,0,0,7,0,90,0,0,0
13,18,3,0,0,71,0,5110,0,1,1
13,20,5,0,0,60,1,5110,0,1,1
12,22,2,0,1,71,2,2240,0,0,1
13,23,0,0,0,50,0,1420,0,1,1
12,5,4,0,0,52,2,5090,0,1,1
12,3,2,0,0,74,1,5110,0,1,1
13,23,1,0,0,89,1,5110,0,1,1
10,21,6,0,0,64,1,5110,0,1,1
11,21,2,0,0,74,1,5110,0,1,1
13,2,4,0,0,92,0,5110,0,0,1
12,2,2,0,0,63,2,5110,0,1,1
4,17,2,0,1,19,2,90,0,0,0
9,1,4,0,0,72,1,5100,0,1,1
2,11,2,0,1,18,1,90,0,1,0
9,19,2,0,0,96,2,2010,0,0,1
13,0,2,0,0,60,2,5110,0,1,1
9,21,0,0,0,66,2,5110,0,0,1
5,3,0,0,0,75,1,5110,0,0,1
3,18,0,0,1,19,2,70,0,0,0
12,23,1,0,0,82,0,5110,0,1,1
9,21,5,0,1,52,0,2530,0,0,1
12,22,3,0,0,93,1,5110,0,0,1
13,0,1,0,0,74,2,5110,0,1,1
4,12,3,0,1,6,2,10,0,0,0
13,1,1,0,0,79,2,5110,0,1,1
12,20,1,0,0,84,1,5110,0,1,1
5,5,6,0,0,73,2,5100,0,1,1
13,2,1,0,1,67,2,2610,0,1,1
9,2,6,0,0,92,1,5110,0,1,1
10,21,2,0,0,81,1,5110,0,1,1
10,19,4,0,0,51,1,5100,0,1,1
1,9,0,0,1,7,2,10,0,0,0
13,5,5,0,0,96,2,5110,0,1,1
5,10,3,0,0,6,1,10,0,0,0
11,3,0,0,0,82,1,5110,0,0,1
12,20,5,0,1,87,0,2900,0,1,1
13,18,5,0,0,71,1,4720,0,1,1
9,20,5,0,0,71,2,5110,0,1,1
13,5,5,0,0,79,0,5110,0,1,1
12,5,3,0,0,53,0,5110,0,1,1
10,3,5,0,0,97,0,2650,0,0,1
13,3,1,0,0,55,0,5110,0,1,1
10,1,1,0,0,78,0,5110,0,1,1
5,23,5,0,0,51,2,4740,0,1,1
10,19,1,0,0,56,1,5110,0,1,1
11,3,5,0,0,93,1,770,0,0,1
13,20,3,0,0,57,2,5110,0,1,1
1,8,1,0,1,12,1,10,0,0,0
13,19,0,0,0,86,1,20,0,1,1
12,21,4,0,0,61,2,5110,0,0,1
8,22,0,0,0,63,0,5110,0,1,1
11,22,1,0,0,65,0,5110,0,1,1
10,19,4,0,0,93,0,5110,0,0,1
9,4,1,0,0,54,2,1320,0,1,1
12,0,5,0,0,54,0,1160,0,0,1
12,4,0,0,0,82,0,1170,0,0,1
13,3,6,0,0,82,1,5110,0,1,1
12,22,0,0,0,62,0,5110,0,1,1
11,21,0,0,0,57,1,5110,0,1,1
11,20,1,0,0,86,1,5110,0,1,1
12,19,1,0,1,59,2,2700,0,0,1
1,15,4,0,1,2,0,10,0,0,0
5,2,0,0,0,91,1,5070,0,0,1
10,3,4,0,0,60,0,5110,0,1,1
11,20,2,0,0,98,2,5100,0,1,1
10,21,2,0,0,68,0,5110,0,1,1
6,0,6,0,0,89,1,5100,0,1,1
9,22,6,0,0,64,0,2310,0,1,1
12,5,5,0,0,63,1,5110,0,1,1
11,3,0,0,0,84,0,5110,0,0,1
1,18,0,0,1,2,0,40,0,0,0
12,4,5,0,0,78,2,4750,0,1,1
13,0,1,0,0,99,1,5110,0,1,1
13,5,3,0,0,51,1,5110,0,1,1
13,0,5,0,0,88,1,5110,0,1,1
13,19,0,0,0,79,1,4900,0,1,1
3,23,6,0,1,78,2,2970,0,1,1
13,5,1,0,0,95,0,4430,0,1,1
4,13,4,0,1,1,0,20,0,0,0
12,1,5,0,0,50,2,2730,0,1,1
11,20,2,0,0,57,0,5110,0,0,1
13,19,3,0,0,61,2,5110,0,1,1
12,21,3,0,0,82,0,5100,0,0,1
2,14,1,0,1,14,1,20,0,0,0
9,0,0,0,0,82,2,5110,0,0,1
10,20,2,0,0,80,1,5110,0,1,1
12,21,2,0,0,51,0,5100,0,0,1
9,1,4,0,0,87,0,2210,0,1,1
1,16,1,0,1,11,0,30,0,0,0
13,23,6,0,0,84,2,5110,0,1,1
4,15,2,0,1,10,1,10,0,0,0
11,23,0,0,0,96,1,5110,0,1,1
5,9,2,0,1,9,1,10,0,0,0
11,21,0,0,0,87,1,5110,0,1,1
12,4,1,0,1,67,0,10,0,1,1
10,1,0,0,0,76,2,5110,0,1,1
11,20,1,0,0,64,1,5110,0,1,1
11,1,1,0,0,87,1,5110,0,1,1
11,3,4,0,0,97,1,2900,0,0,1
1,16,1,0,0,15,1,30,0,0,0
9,19,4,0,0,90,0,5110,0,1,1
11,23,2,0,0,62,1,5100,0,0,1
4,22,0,0,0,79,2,5110,0,1,1
11,4,0,0,0,63,2,1320,0,1,1
12,22,2,0,0,92,0,5110,0,1,1
9,3,2,0,0,88,2,5110,0,1,1
1,12,2,0,1,3,1,10,1,0,0
13,23,3,0,0,52,2,5110,0,1,1
13,20,5,0,0,90,0,1390,0,1,1
13,23,6,0,0,70,1,5090,0,0,1
2,7,4,0,1,18,0,10,0,0,0
2,14,1,0,1,14,2,60,0,0,0
9,2,0,0,1,55,2,1090,0,1,1
11,22,6,0,0,61,0,5110,0,1,1
2,13,3,0,1,18,2,10,0,0,0
9,20,4,0,0,90,1,550,0,1,1
8,4,6,0,0,66,0,5110,0,1,1
1,15,3,0,1,8,2,30,0,0,0
11,1,6,0,0,80,0,5110,0,0,1
13,1,5,0,0,82,2,5110,0,1,1
1,14,3,0,1,3,2,10,0,0,0
13,3,6,0,0,77,1,5110,0,0,1
4,20,5,0,0,93,0,5110,0,1,1
13,20,3,0,0,74,2,570,0,0,1
13,3,1,0,0,67,0,5110,0,1,1
13,22,2,0,0,89,2,5100,0,1,1
11,3,4,0,0,86,2,5110,0,1,1
9,2,3,0,0,69,2,5110,0,0,1
9,5,5,0,0,61,2,1680,0,0,1
9,20,1,0,0,52,1,5110,0,1,1
5,8,3,0,1,13,0,50,0,1,0
3,12,3,0,1,5,1,10,0,0,0
7,3,1,0,0,86,1,4460,0,0,1
6,3,4,0,0,97,1,2530,0,0,1
10,5,4,0,0,89,0,5010,0,0,1
7,18,4,0,0,84,1,5110,0,1,1
3,10,0,0,1,18,2,10,0,0,0
12,3,1,0,0,82,1,5110,0,1,1
9,2,2,0,0,89,1,5110,0,1,1
12,21,0,0,0,66,2,5090,0,0,1
8,20,2,0,0,78,0,20,0,0,1
3,0,6,0,0,60,2,5100,0,1,1
4,16,3,0,1,13,0,10,0,0,0
10,2,6,0,0,97,1,1060,0,1,1
14,18,3,0,0,52,2,30,0,1,1
7,1,2,0,0,56,0,2590,0,0,1
5,23,6,0,0,94,1,1710,0,0,1
13,5,6,0,0,88,2,1180,0,1,1
4,7,1,0,0,8,1,20,0,0,0
10,5,4,0,0,74,1,5110,0,0,1
10,0,3,0,1,67,0,130,0,1,1
12,23,3,0,0,59,0,5110,0,0,1
10,0,4,0,0,87,2,1190,0,1,1
11,19,5,0,0,53,0,5110,0,1,1
1,8,0,0,1,9,2,90,0,0,0
12,22,6,0,0,75,0,5110,0,1,1
5,14,2,0,1,18,2,20,0,0,0
13,0,2,0,0,85,1,5110,0,0,1
9,22,2,0,0,61,1,2130,0,1,1
4,11,1,0,1,4,2,40,0,0,0
13,2,2,0,0,99,0,5110,0,1,1
4,9,1,0,1,9,1,10,0,0,0
11,2,5,0,0,99,1,5110,0,1,1
2,7,4,0,1,19,1,150,0,0,0
10,22,4,0,0,93,0,5110,0,1,1
4,5,1,0,0,95,1,5110,0,1,1
9,20,6,0,0,86,0,5110,0,0,1
11,2,4,0,0,79,1,5110,0,1,1
13,4,1,0,0,73,1,5110,0,1,1
12,21,3,0,0,71,1,5110,0,0,1
11,23,1,0,0,80,1,5110,0,1,1
13,3,6,0,0,61,2,5110,0,1,1
10,21,2,0,0,97,0,5110,0,1,1
13,23,6,0,1,87,0,2000,0,0,1
4,20,5,0,1,90,1,1390,0,0,1
13,18,0,0,1,87,2,1190,0,1,1
2,14,4,0,0,13,1,90,0,0,0
11,2,5,0,0,82,2,5100,0,0,1
3,11,1,0,1,4,1,20,0,0,0
1,7,2,0,1,13,0,10,0,0,0
10,3,3,0,0,67,2,5110,0,1,1
7,4,2,0,0,61,2,5110,0,1,1
9,4,3,0,0,52,1,5110,0,0,1
12,19,2,0,0,67,2,5110,0,1,1
9,20,2,0,0,83,0,5110,0,1,1
9,5,0,0,0,74,0,5110,0,1,1
9,2,1,0,0,69,1,5110,0,1,1
9,5,4,0,0,94,0,5110,0,1,1
9,2,1,0,0,50,1,5110,0,1,1
10,2,4,0,0,84,0,5100,0,1,1
10,2,1,0,0,76,0,5110,0,1,1
13,19,2,0,0,77,1,5110,0,0,1
9,19,5,0,0,86,1,5110,0,1,1
10,5,4,0,0,99,1,5100,0,1,1
5,1,4,0,0,95,2,5110,0,1,1
11,22,3,0,0,57,2,5110,0,1,1
9,3,3,0,0,73,1,5110,0,0,1
10,3,3,0,0,96,0,5110,0,1,1
12,2,1,0,0,64,0,2430,0,1,1
11,5,5,0,0,73,2,5110,0,1,1
9,19,4,0,0,56,2,2100,0,1,1
13,23,4,0,0,50,2,5110,0,1,1
10,18,5,0,0,54,1,5110,0,1,1
12,23,4,0,0,82,0,5110,0,0,1
1,7,4,0,1,9,0,110,0,0,0
10,3,4,0,0,58,0,5110,0,1,1
3,11,4,0,1,2,0,10,0,0,0
11,2,1,0,0,82,0,2120,0,0,1
9,20,2,0,0,87,1,5100,0,0,1
2,8,1,0,1,5,0,10,0,0,0
13,2,1,0,0,73,0,1130,0,1,1
1,18,0,0,1,10,1,90,0,0,0
11,1,6,0,0,60,2,5100,0,1,1
12,5,0,0,0,93,2,5110,0,1,1
12,22,2,0,0,78,2,1150,0,1,1
8,19,1,0,1,80,0,1280,0,0,1
1,18,0,0,0,14,0,10,0,0,0
11,20,6,0,0,78,2,270,0,1,1
11,5,4,0,0,73,1,5110,0,1,1
9,18,4,0,0,84,2,1040,0,1,1
2,13,3,0,0,10,2,100,0,0,0
9,23,5,0,0,51,1,5110,0,1,1
10,18,3,0,1,90,1,10,0,1,1
11,5,1,0,0,65,0,5110,0,0,1
13,20,3,0,0,62,1,5110,0,0,1
3,17,2,0,0,0,0,40,0,0,0
7,22,5,0,0,91,1,5110,0,1,1
5,17,4,0,1,2,1,2180,0,0,0
12,1,5,0,0,93,2,5110,0,0,1
12,3,4,0,0,74,2,5110,0,1,1
10,3,0,0,0,62,0,5100,0,0,1
4,9,1,0,1,9,1,10,0,0,0
1,16,0,0,1,4,0,10,0,0,0
10,1,6,0,0,65,2,5110,0,1,1
10,21,0,0,0,63,0,5100,0,1,1
11,23,3,0,0,98,0,5110,0,1,1
9,20,0,0,0,87,0,1430,0,1,1
6,20,0,0,1,69,0,2660,0,1,1
4,15,0,0,1,5,1,260,0,0,0
10,22,2,0,0,97,1,5100,0,1,1
5,21,5,0,0,61,1,5100,0,0,1
8,3,5,0,0,65,1,5110,0,1,1
12,23,3,0,0,62,0,2790,0,0,1
12,2,3,0,0,78,0,5110,0,1,1
12,2,2,0,0,99,1,720,0,1,1
11,1,2,0,0,56,0,5110,0,0,1
10,1,0,0,0,74,1,5110,0,1,1
9,20,6,0,0,79,2,5110,0,1,1
9,23,3,0,0,62,1,5110,0,0,1
6,18,6,0,0,52,0,5110,0,1,1
9,19,3,0,0,63,1,2610,0,0,1
5,11,2,0,1,4,0,90,0,0,0
13,18,2,0,0,84,1,1540,0,1,1
9,23,5,0,0,90,2,1050,0,0,1
13,4,6,0,0,71,1,5110,0,1,1
11,21,6,0,0,66,2,5110,0,0,1
11,2,6,0,0,92,1,5110,0,1,1
9,4,3,0,1,71,2,10,0,1,1
10,3,5,0,0,80,0,5110,0,1,1
6,23,6,0,0,97,0,5110,0,1,1
13,2,4,0,0,54,2,1260,0,1,1
11,4,3,0,0,90,2,5110,0,1,1
13,0,6,0,0,62,0,2740,0,1,1
5,7,0,0,0,17,2,80,0,0,0
4,8,3,0,1,10,0,60,0,0,0
11,5,2,0,0,51,1,1170,0,0,1
13,20,6,0,0,87,0,5100,0,0,1
11,4,5,0,0,69,1,5110,0,1,1
13,20,1,0,0,87,0,1410,0,1,1
11,4,0,0,0,63,2,5110,0,1,1
13,2,2,0,0,97,1,2230,0,0,1
14,5,1,0,0,85,1,40,0,1,1
4,18,2,0,1,5,1,10,0,1,0
12,1,5,0,0,68,0,5110,0,1,1
11,12,1,0,1,5,2,70,0,0,0
9,20,5,0,0,68,0,2310,0,0,1
13,3,4,0,0,50,2,2000,0,1,1
1,9,4,0,1,18,1,10,0,0,0
13,23,4,0,0,81,0,5110,0,1,1
6,2,0,0,0,50,1,5110,0,1,1
7,5,4,0,0,82,1,5110,0,1,1
4,20,3,0,0,94,0,2820,0,1,1
12,3,2,0,0,94,2,1990,0,1,1
9,15,1,0,1,18,1,20,0,1,0
10,3,3,0,0,94,2,5100,0,1,1
12,3,6,0,0,53,0,5110,0,0,1
11,1,1,0,0,66,2,5110,0,1,1
1,8,4,0,1,0,1,50,0,0,0
9,19,0,0,0,74,2,5110,0,1,1
3,9,1,0,0,14,1,10,0,0,0
12,2,1,0,0,57,2,5110,0,1,1
10,21,2,0,0,66,2,5110,0,0,1
5,4,3,0,0,51,2,5110,0,1,1
10,2,6,0,0,73,2,1300,0,1,1
12,19,3,0,0,62,0,5110,0,1,1
4,14,2,0,1,10,1,20,0,0,0
9,10,3,0,1,5,2,30,0,0,0
9,0,6,0,0,75,1,5110,0,0,1
13,0,2,0,0,81,2,5110,0,1,1
13,22,3,0,0,52,0,5110,0,1,1
2,15,1,0,0,5,2,60,0,0,0
9,2,2,0,0,92,2,990,0,1,1
6,21,2,0,0,59,2,70,0,1,1
5,23,5,0,0,94,2,5110,0,1,1
9,2,4,0,0,58,2,1150,0,1,1
10,2,5,0,0,85,0,5110,0,1,1
12,23,5,0,0,60,2,5110,0,1,1
1,8,2,0,1,16,0,210,0,0,0
11,1,0,0,0,81,1,5110,0,0,1
12,0,5,0,0,86,1,5110,0,0,1
13,5,4,0,0,77,1,5110,0,1,1
10,2,3,0,0,59,2,5110,0,1,1
4,10,1,0,1,10,0,160,0,0,0
3,14,4,0,1,4,0,10,0,0,0
9,19,3,0,0,89,2,5110,0,0,1
4,14,1,0,1,16,0,10,0,0,0
10,18,6,0,0,77,0,5110,0,1,1
9,4,3,0,1,96,1,2210,0,1,1
5,16,3,0,0,4,0,10,0,0,0
9,3,5,0,0,73,1,1000,0,1,1
11,5,1,0,0,67,1,2440,0,1,1
9,4,2,0,0,81,0,5110,0,1,1
8,23,0,0,0,85,0,5110,0,1,1
13,1,3,0,0,83,0,5110,0,1,1
5,2,6,0,0,93,0,1470,0,1,1
10,4,1,0,0,86,1,2340,0,0,1
9,1,5,0,0,59,0,2280,0,0,1
12,19,0,0,0,88,1,1290,0,0,1
10,22,4,0,0,79,0,5110,0,0,1
11,20,4,0,0,54,0,5110,0,0,1
6,3,1,0,0,80,1,1460,0,0,1
9,2,6,0,0,84,1,5110,0,1,1
4,2,1,0,0,66,0,4530,0,1,1
11,2,6,0,0,59,0,5110,0,1,1
9,23,4,0,0,96,0,2060,0,1,1
11,21,6,0,0,88,2,5110,0,0,1
10,0,0,0,0,95,2,2560,0,1,1
12,4,1,0,0,54,2,5110,0,1,1
12,2,5,0,0,98,1,5110,0,1,1
6,5,6,0,0,65,1,5100,0,1,1
13,5,1,0,0,58,0,1410,0,1,1
13,19,0,0,0,74,1,5110,0,1,1
13,18,0,0,0,53,0,5110,0,1,1
11,1,3,0,0,96,1,5090,0,1,1
11,2,0,0,0,60,1,5110,0,1,1
9,2,1,0,0,90,1,5110,0,0,1
9,3,2,0,0,64,1,5110,0,1,1
6,2,5,0,0,77,2,1150,0,1,1
13,1,4,0,0,88,0,5110,0,1,1
1,18,1,0,1,2,1,10,0,0,0
3,17,1,0,1,12,0,20,0,0,0
11,5,2,0,0,95,2,2280,0,1,1
5,9,1,0,1,3,1,10,0,0,0
12,22,3,0,0,92,2,5110,0,1,1
10,18,2,0,0,92,2,5110,0,1,1
2,16,2,0,1,2,2,390,0,0,0
9,21,4,0,0,74,1,1350,0,1,1
9,22,0,0,0,82,1,5110,0,1,1
10,5,5,0,0,93,0,5110,0,0,1
10,22,1,0,0,66,2,5110,0,1,1
5,2,1,0,0,87,1,5100,0,1,1
10,1,3,0,1,76,1,2690,0,1,1
2,7,4,0,1,3,0,10,0,0,0
13,18,2,0,0,87,1,4470,0,1,1
13,3,0,0,0,59,0,5110,0,1,1
11,18,5,0,0,56,2,5110,0,1,1
10,19,3,0,0,52,2,5110,0,1,1
5,0,1,0,0,87,1,5110,0,1,1
5,15,3,0,1,4,2,100,0,0,0
10,23,3,0,0,84,0,5110,0,1,1
8,0,2,0,0,67,1,5110,0,1,1
10,20,2,0,0,98,1,5110,0,1,1
1,11,3,0,1,1,0,40,0,0,0
5,16,2,0,1,16,1,120,0,0,0
5,10,4,0,1,5,2,100,0,0,0
9,4,6,0,0,74,2,5100,0,0,1
11,0,5,0,1,63,1,2950,0,1,1
12,23,5,0,0,82,2,5110,0,1,1
13,21,1,0,0,70,1,5110,0,0,1
9,23,5,0,0,64,2,5110,0,1,1
2,12,1,0,0,18,1,20,0,0,0
9,1,5,0,0,63,0,5110,0,1,1
10,23,4,0,0,81,1,5100,0,0,1
8,17,0,0,1,8,1,90,0,0,0
12,5,5,0,0,61,0,4810,0,0,1
10,21,5,0,0,99,2,5100,0,1,1
12,4,1,0,0,53,0,5110,0,1,1
11,21,6,0,0,52,1,4840,0,1,1
9,4,0,0,0,92,2,5100,0,1,1
8,9,1,0,1,14,1,30,0,0,0
2,7,4,0,1,14,2,10,0,0,0
3,16,2,0,1,1,2,120,0,0,0
9,0,2,0,0,80,1,5100,0,1,1
10,1,3,0,0,86,1,4440,0,0,1
10,5,3,0,0,65,1,4750,0,1,1
12,23,3,0,0,97,1,5100,0,1,1
1,16,1,0,1,4,1,40,0,0,0
2,17,1,0,1,7,2,20,0,0,0
12,18,2,0,0,63,1,5110,0,0,1
13,20,3,0,0,85,0,5110,0,0,1
2,16,3,0,1,9,2,100,0,0,0
5,15,0,0,1,17,1,10,0,0,0
10,1,6,0,0,97,1,5110,0,0,1
5,15,3,0,1,7,2,20,0,0,0
4,7,3,0,1,7,0,10,0,0,0
7,2,6,0,0,72,0,1230,0,1,1
13,22,0,0,0,64,0,5110,0,1,1
9,1,1,0,0,77,2,5110,0,1,1
1,16,0,0,0,1,0,10,0,0,0
9,5,2,0,0,90,0,5100,0,1,1
9,4,0,0,0,91,1,5110,0,0,1
3,8,2,0,1,16,1,10,0,0,0
11,5,5,0,0,97,2,1100,0,1,1
1,16,2,0,1,14,1,10,0,0,0
12,5,1,0,0,85,0,5110,0,1,1
13,22,1,0,0,62,1,5100,0,1,1
10,1,5,0,0,97,1,5110,0,1,1
5,21,3,0,0,66,0,5110,0,0,1
13,21,2,0,0,58,0,5110,0,0,1
11,22,6,0,0,81,0,5100,0,1,1
9,3,4,0,0,90,2,5110,0,1,1
10,22,2,0,0,79,2,4760,0,1,1
3,12,0,0,1,11,1,100,0,0,0
13,18,2,0,0,66,2,5110,0,1,1
12,0,4,0,0,86,2,4500,0,0,1
13,21,0,0,0,77,2,5110,0,1,1
6,5,6,0,1,73,0,2220,0,0,1
3,18,2,0,1,9,0,550,0,0,0
13,5,3,0,0,86,0,5110,0,1,1
5,8,1,0,0,12,0,70,0,0,0
13,3,6,0,0,92,0,5110,0,1,1
10,4,3,0,0,63,2,5110,0,1,1
10,19,0,0,0,69,1,2040,0,0,1
13,5,5,0,1,82,2,2830,0,0,1
11,19,0,0,0,89,2,5110,0,1,1
2,12,0,0,1,15,0,290,0,0,0
3,7,2,0,1,4,2,40,0,0,0
7,20,2,0,0,78,1,5110,0,1,1
2,12,2,0,1,5,0,20,0,0,0
11,1,5,0,0,95,2,5110,0,1,1
13,18,6,0,1,81,1,10,0,0,1
9,21,1,0,1,83,1,1430,0,1,1
11,23,1,0,0,72,2,5110,0,1,1
12,22,4,0,0,69,1,5110,0,1,1
13,1,6,0,0,73,1,10,0,1,1
12,18,2,0,0,92,2,5110,0,1,1
12,5,2,0,0,73,0,5100,0,1,1
10,19,0,0,0,54,0,5100,0,1,1
12,19,5,0,0,94,1,2910,0,0,1
11,21,2,0,0,78,2,1480,0,1,1
12,2,1,0,0,74,1,5110,0,1,1
13,4,0,0,1,92,0,2190,0,1,1
11,23,1,0,0,99,0,2240,0,1,1
9,0,1,0,0,61,2,5110,0,1,1
13,1,6,0,0,98,2,5110,0,1,1
11,0,3,0,0,58,1,1470,0,1,1
2,7,2,0,1,8,2,30,0,0,0
13,20,6,0,0,89,2,5110,0,0,1
13,0,3,0,0,84,2,2220,0,1,1
12,19,3,0,0,78,1,4540,0,1,1
4,19,0,0,0,84,1,5100,0,1,1
5,2,0,0,0,82,1,5110,0,1,1
13,4,3,0,0,79,1,4510,0,1,1
5,17,3,0,1,0,0,10,0,0,0
4,18,0,0,0,92,2,5110,0,1,1
9,23,1,0,1,96,2,1400,0,1,1
12,23,2,0,0,78,0,5110,0,1,1
1,10,1,0,1,10,1,20,0,0,0
11,1,1,0,0,76,1,2190,0,0,1
10,1,1,0,0,70,2,5110,0,0,1
11,18,0,0,0,55,2,5110,0,0,1
9,18,2,0,0,93,1,5110,0,0,1
13,0,3,0,0,83,2,5110,0,1,1
6,2,1,0,0,68,1,2130,0,1,1
2,17,0,0,1,19,1,10,0,0,0
13,1,2,0,1,80,0,2920,0,1,1
12,19,5,0,0,97,2,2180,0,0,1
12,4,1,0,0,64,1,5110,0,0,1
10,22,1,0,1,83,2,1370,0,1,1
9,18,5,0,1,78,0,2800,0,1,1
10,21,5,0,0,85,2,2780,0,1,1
13,18,4,0,0,57,0,5110,0,1,1
5,14,4,0,1,16,0,70,0,0,0
1,14,3,0,0,4,2,40,0,0,0
12,1,6,0,0,93,2,5110,0,1,1
12,18,0,0,0,62,1,1900,0,1,1
2,9,0,0,1,18,0,510,0,0,0
12,1,1,0,1,88,1,20,0,1,1
10,0,2,0,0,50,2,1470,0,1,1
9,4,5,0,0,69,0,5110,0,1,1
9,22,5,0,1,65,0,2760,0,0,1
9,1,5,0,0,78,1,5110,0,1,1
13,4,5,0,0,58,0,5100,0,1,1
5,11,4,0,1,0,2,20,0,0,0
13,18,0,0,0,88,1,5110,0,1,1
13,4,5,0,0,55,1,5110,0,0,1
13,21,1,0,0,80,0,5110,0,1,1
13,20,0,0,1,74,2,2470,0,1,1
13,5,5,0,0,52,2,5110,0,1,1
3,9,2,0,1,14,0,10,0,0,0
13,18,3,0,0,84,0,5110,0,1,1
11,22,2,0,0,69,2,5110,0,1,1
10,18,6,0,0,97,0,4920,0,0,1
1,7,0,0,1,1,2,10,0,0,0
13,0,2,0,1,76,0,2510,0,1,1
11,1,5,0,0,64,2,5110,0,1,1
12,20,2,0,0,96,0,1370,0,1,1
13,1,1,0,0,66,2,5110,0,0,1
10,22,4,0,0,63,0,5110,0,1,1
9,5,0,0,1,69,2,1110,0,1,1
1,17,2,0,1,3,0,130,0,0,0
3,17,1,0,1,3,0,10,0,0,0
10,17,2,0,1,2,0,10,0,0,0
9,5,2,0,0,56,2,5110,0,0,1
9,0,2,0,0,66,0,5100,0,1,1
9,5,0,0,0,59,1,5020,0,1,1
14,21,6,0,1,87,2,110,0,1,1
4,15,2,0,0,4,0,10,0,0,0
13,0,5,0,0,74,1,4800,0,1,1
12,20,3,0,0,64,0,5110,0,1,1
13,19,4,0,0,65,0,5110,0,0,1
12,21,3,0,0,90,1,5110,0,1,1
11,3,0,0,0,92,0,5100,0,0,1
11,2,1,0,0,61,2,5110,0,0,1
9,3,3,0,0,54,2,5110,0,1,1
13,23,5,0,0,79,0,1180,0,1,1
13,2,6,0,0,93,2,5110,0,1,1
2,18,1,0,0,4,2,30,0,0,0
13,3,3,0,0,66,0,5110,0,1,1
13,19,0,0,0,73,0,2800,0,1,1
11,0,0,0,0,94,0,5100,0,1,1
11,22,4,0,0,88,1,4860,0,0,1
13,23,0,0,0,70,2,1100,0,0,1
10,20,3,0,0,61,2,5110,0,1,1
13,22,6,0,0,80,1,5110,0,1,1
11,20,6,0,0,55,1,5110,0,1,1
11,22,1,0,0,85,1,1920,0,1,1
3,5,2,0,0,86,0,5100,0,0,1
9,1,2,0,0,70,0,5110,0,0,1
12,20,4,0,0,79,2,5110,0,1,1
11,22,5,0,0,77,2,5110,0,1,1
11,4,0,0,0,71,0,5110,0,1,1
5,15,3,0,0,1,0,50,0,0,0
7,4,0,0,0,78,2,5110,0,1,1
13,2,0,0,0,74,0,5110,0,1,1
12,18,1,0,0,72,1,5100,0,0,1
13,2,6,0,0,84,1,5110,0,0,1
9,3,0,0,0,64,1,5110,0,1,1
8,4,2,0,0,69,1,5090,0,1,1
9,18,3,0,0,82,2,5110,0,1,1
6,22,2,0,0,75,0,5100,0,1,1
13,2,2,0,0,53,1,4620,0,1,1
12,4,0,0,1,69,1,2820,0,0,1
12,22,1,0,0,59,0,5110,0,1,1
11,0,3,0,0,77,1,5110,0,1,1
10,22,3,0,0,69,2,5110,0,1,1
9,21,4,0,0,56,1,5100,0,1,1
11,18,2,0,0,67,1,5110,0,1,1
5,10,4,0,1,19,1,690,0,0,0
11,2,6,0,1,52,0,2240,0,1,1
12,19,3,0,0,65,2,1020,0,0,1
12,4,6,0,0,91,1,5110,0,1,1
2,8,1,0,1,9,1,10,0,0,0
12,1,6,0,0,89,1,5080,0,1,1
13,1,6,0,0,82,1,5110,0,1,1
10,20,6,0,0,55,0,5110,0,0,1
10,4,3,0,0,83,0,4480,0,1,1
9,22,3,0,0,80,0,5100,0,0,1
12,20,0,0,1,88,2,2020,0,0,1
10,0,3,0,0,74,2,1330,0,1,1
13,4,5,0,0,86,0,5110,0,1,1
12,1,6,0,0,65,2,2800,0,0,1
4,13,4,0,1,6,1,20,0,0,0
13,0,1,0,0,69,0,5110,0,0,1
5,16,3,0,1,13,0,150,0,0,0
12,21,5,0,0,87,0,2710,0,1,1
12,5,4,0,0,86,1,5110,0,0,1
12,4,3,0,0,58,0,1250,0,0,1
11,1,2,0,0,98,2,5110,0,1,1
11,18,3,0,0,62,2,1490,0,1,1
4,15,2,0,1,15,2,30,0,0,0
8,1,5,0,0,76,0,5110,0,0,1
11,21,0,0,0,63,1,5110,0,1,1
9,5,2,0,0,56,2,5110,0,1,1
5,18,4,0,1,12,2,10,0,1,0
5,23,4,0,0,79,2,5110,0,0,1
10,21,4,0,0,51,2,5110,0,1,1
10,22,0,0,0,96,2,5110,0,1,1
2,15,2,0,1,7,2,40,0,0,0
12,5,3,0,0,74,1,5110,0,1,1
4,18,0,0,1,0,1,30,0,0,0
13,2,6,0,0,66,2,5110,0,1,1
3,12,4,0,0,9,1,10,0,0,0
12,3,1,0,0,82,1,1260,0,1,1
11,1,1,0,0,56,1,4480,0,1,1
12,21,3,0,0,60,0,5110,0,0,1
1,15,1,0,1,10,0,70,0,0,0
9,2,0,0,0,97,2,5110,0,1,1
11,21,4,0,0,71,0,5110,0,1,1
11,21,1,0,0,69,2,5110,0,1,1
10,19,2,0,0,90,0,5110,0,1,1
3,11,2,0,1,6,2,30,0,0,0
12,18,4,0,0,57,0,5100,0,1,1
2,17,4,0,1,13,2,10,0,0,0
10,5,0,0,0,78,2,1180,0,1,1
10,5,3,0,0,65,0,2130,0,1,1
10,18,2,0,0,88,0,5110,0,1,1
4,17,3,0,1,19,1,10,0,0,0
12,1,3,0,0,90,2,1270,0,1,1
9,21,3,0,0,85,2,5110,0,1,1
4,9,3,0,1,15,2,20,0,0,0
11,19,3,0,0,96,2,5110,0,0,1
5,23,0,0,0,66,2,5110,0,1,1
4,13,1,0,1,5,1,70,0,0,0
5,22,2,0,0,92,2,5110,0,1,1
13,5,0,0,0,77,2,5110,0,1,1
13,19,2,0,0,79,1,2500,0,0,1
11,2,3,0,0,82,2,5110,0,1,1
9,19,1,0,0,85,2,5110,0,0,1
13,21,6,0,0,94,2,5110,0,0,1
13,5,2,0,1,70,2,2120,0,1,1
13,2,3,0,0,60,0,5110,0,1,1
2,10,2,0,1,10,0,10,0,0,0
13,4,6,0,0,93,1,5090,0,1,1
11,22,2,0,1,81,2,2750,0,0,1
11,3,1,0,0,65,2,5110,0,0,1
9,19,2,0,0,62,0,4370,0,1,1
11,19,5,0,0,69,0,5110,0,0,1
11,0,5,0,0,72,2,5110,0,1,1
2,13,3,0,1,4,1,20,0,0,0
13,19,0,0,0,86,1,5110,0,1,1
10,5,1,0,0,87,1,1230,0,0,1
4,15,3,0,1,17,1,150,0,0,0
11,4,6,0,0,69,0,5090,0,1,1
10,2,5,0,0,99,2,5110,0,1,1
1,17,0,0,1,4,0,10,0,0,0
11,1,2,0,0,55,2,1320,0,1,1
2,16,4,0,1,19,0,10,0,0,0
12,4,0,0,0,56,0,5110,0,1,1
13,5,3,0,0,56,0,10,0,1,1
10,2,0,0,0,84,1,2140,0,1,1
8,19,4,0,0,88,2,5110,0,1,1
13,1,6,0,0,74,0,5110,0,1,1
3,9,1,0,1,11,2,90,0,0,0
13,3,6,0,0,80,2,5110,0,0,1
2,13,1,0,1,10,0,10,0,0,0
6,18,0,0,0,69,0,5110,0,1,1
10,2,2,0,0,89,2,5110,0,1,1
11,0,2,0,0,87,1,5110,0,1,1
11,0,0,0,1,90,1,2010,0,1,1
13,20,6,0,0,73,1,5110,0,0,1
13,5,2,0,0,79,2,5110,0,1,1
9,4,1,0,0,75,2,5110,0,0,1
13,23,5,0,0,76,0,5110,0,1,1
11,20,1,0,0,83,2,5110,0,1,1
3,10,1,0,1,10,0,50,0,0,0
12,0,0,0,1,73,1,2060,0,1,1
13,0,5,0,0,73,0,5110,0,0,1
12,1,4,0,0,78,2,5110,0,1,1
13,20,4,0,0,83,0,5110,0,1,1
2,13,4,0,1,7,0,10,0,0,0
12,18,3,0,0,88,0,5110,0,1,1
5,23,0,0,0,97,2,2040,0,1,1
9,4,4,0,0,52,1,5090,0,1,1
11,1,6,0,0,78,2,5110,0,1,1
9,19,0,0,0,90,0,5100,0,1,1
6,0,4,0,0,84,1,5110,0,0,1
10,19,5,0,0,87,2,1880,0,1,1
12,23,4,0,0,73,0,5110,0,1,1
9,22,5,0,0,53,0,4480,0,1,1
1,16,1,0,1,19,0,10,0,0,0
9,19,1,0,0,54,1,2050,0,0,1
11,19,1,0,0,93,2,1500,0,1,1
13,1,6,0,1,84,1,2140,0,1,1
13,19,4,0,0,63,1,1340,0,1,1
11,3,3,0,0,73,1,5110,0,1,1
4,14,3,0,1,13,2,670,0,0,0
12,1,6,0,0,51,2,5110,0,0,1
5,12,0,0,1,14,2,10,0,0,0
6,5,6,0,0,93,1,5110,0,1,1
10,4,6,0,0,52,1,4570,0,1,1
10,0,3,0,0,89,2,2200,0,1,1
10,0,1,0,0,55,0,2580,0,1,1
3,23,1,0,1,95,1,10,0,1,1
1,10,1,0,1,17,0,50,0,0,0
9,1,4,0,0,56,0,5110,0,0,1
4,21,6,0,0,75,1,5110,0,0,1
13,5,4,0,0,74,0,5100,0,1,1
10,4,5,0,0,92,2,5110,0,1,1
7,19,3,0,0,79,2,5110,0,0,1
9,1,0,0,0,92,1,2300,0,0,1
11,3,3,0,0,99,0,5110,0,0,1
3,11,0,0,1,10,2,10,0,0,0
4,8,1,0,1,6,1,10,0,0,0
10,5,2,0,0,87,2,5110,0,1,1
3,7,3,0,1,8,1,120,0,0,0
9,0,5,0,0,86,2,10,0,1,1
2,18,2,0,1,0,2,10,0,0,0
9,23,1,0,1,90,1,1210,0,1,1
1,14,3,0,1,11,0,10,0,0,0
10,21,4,0,1,80,2,2690,0,1,1
10,1,5,0,0,99,0,2830,0,1,1
10,5,4,0,0,84,2,5100,0,1,1
3,14,1,0,1,4,1,70,0,0,0
13,2,0,0,0,93,2,2900,0,1,1
5,4,1,0,0,51,2,5100,0,1,1
12,18,0,0,0,79,1,5110,0,1,1
9,3,5,0,0,59,2,5110,0,1,1
11,20,0,0,0,85,1,5110,0,0,1
12,3,4,0,0,52,1,4510,0,1,1
12,5,1,0,1,71,1,2740,0,1,1
10,21,4,0,0,56,1,5110,0,1,1
3,5,2,0,0,98,2,1390,0,1,1
3,18,3,0,1,11,2,730,0,0,0
13,5,4,0,0,79,1,2290,0,1,1
4,15,2,0,1,5,1,10,0,0,0
2,16,1,0,1,2,1,40,0,0,0
9,18,5,0,0,86,1,5110,0,1,1
13,0,1,0,0,55,2,5110,0,1,1
2,9,3,0,0,8,0,150,0,0,0
13,5,2,0,0,65,0,5110,0,1,1
3,9,0,0,0,0,1,110,0,0,0
11,23,4,0,0,93,1,4490,0,1,1
11,21,2,0,0,52,0,5100,0,0,1
13,4,1,0,0,73,2,5110,0,1,1
5,13,4,0,1,13,2,80,0,0,0
6,21,3,0,0,74,2,5110,0,1,1
13,5,4,0,0,94,2,5110,0,1,1
12,23,4,0,0,79,2,5110,0,1,1
10,18,2,0,0,73,1,5110,0,1,1
11,23,2,0,0,77,1,2440,0,1,1
4,10,3,0,1,13,2,10,0,0,0
4,7,1,0,0,7,0,20,0,0,0
11,23,4,0,0,68,0,5110,0,1,1
13,2,3,0,0,85,1,5110,0,1,1
3,18,2,0,1,6,2,10,0,0,0
3,10,3,0,1,15,1,10,0,0,0
13,3,5,0,0,87,2,1350,0,1,1
10,19,4,0,0,79,2,5110,0,1,1
2,16,1,0,1,7,1,150,0,0,0
11,18,1,0,0,95,1,5110,0,1,1
9,0,4,0,0,66,0,5110,0,0,1
9,5,4,0,0,86,0,5110,0,0,1
4,15,3,0,1,15,2,10,0,0,0
8,14,4,0,1,1,1,10,0,0,0
2,9,2,0,0,7,0,20,0,0,0
10,21,3,0,1,53,1,2320,0,1,1
12,20,3,0,0,59,0,2370,0,1,1
10,18,1,0,1,82,1,1160,0,1,1
5,20,1,0,0,83,0,5110,0,1,1
2,12,4,0,0,0,1,110,0,0,0
9,4,5,0,0,83,1,5110,0,1,1
13,19,0,0,0,89,2,4780,0,1,1
9,5,4,0,0,62,0,5110,0,1,1
2,7,3,0,1,13,1,100,0,0,0
12,5,2,0,0,83,0,2550,0,1,1
11,3,4,0,0,50,2,2090,0,0,1
11,4,2,0,0,54,0,5110,0,1,1
7,3,5,0,0,97,2,5110,0,1,1
5,11,2,0,1,0,2,10,0,0,0
10,20,6,0,0,80,0,2630,0,1,1
11,18,5,0,0,73,0,5100,0,1,1
3,15,1,0,1,15,1,50,0,0,0
13,1,0,0,0,61,2,430,0,0,1
1,9,0,0,1,11,2,10,0,0,0
11,22,3,0,0,94,1,2290,0,1,1
12,22,1,0,0,75,0,2150,0,1,1
5,12,2,0,1,9,2,410,0,0,0
3,13,1,0,1,13,2,10,0,0,0
1,11,4,0,1,8,0,40,0,0,0
13,19,1,0,0,62,2,1140,0,1,1
5,10,1,0,1,18,2,20,0,1,0
11,19,1,0,0,55,0,5110,0,1,1
11,21,6,0,0,69,0,5110,0,1,1
13,23,5,0,0,87,2,5110,0,1,1
9,21,4,0,0,52,0,5110,0,0,1
9,5,6,0,0,63,1,60,0,1,1
10,3,3,0,0,89,2,5110,0,1,1
13,22,5,0,0,62,0,5100,0,1,1
11,22,0,0,0,67,2,5110,0,1,1
11,2,5,0,0,53,2,2680,0,1,1
13,21,6,0,0,80,2,5110,0,1,1
9,20,6,0,0,52,1,5110,0,0,1
12,3,3,0,1,89,2,2440,0,1,1
12,3,3,0,0,52,1,5110,0,0,1
11,19,4,0,0,97,1,1190,0,1,1
11,21,1,0,0,58,2,2030,0,1,1
10,19,1,0,0,95,1,5110,0,1,1
8,17,3,0,0,3,1,30,0,0,0
9,2,1,0,0,78,0,5110,0,1,1
11,19,0,0,0,88,1,5110,0,0,1
9,19,3,0,0,64,2,5110,0,0,1
7,4,6,0,0,56,1,5110,0,1,1
11,20,5,0,1,61,1,500,0,1,1
12,4,2,0,0,73,1,5110,0,1,1
12,19,4,0,0,69,2,5110,0,1,1
10,19,3,0,0,60,0,1820,0,1,1
13,5,3,0,0,70,1,5110,0,1,1
5,3,3,0,0,82,1,5110,0,1,1
11,2,4,0,0,85,2,5110,0,0,1
13,21,0,0,0,80,1,5080,0,0,1
13,2,2,0,1,91,0,2280,0,1,1
12,4,4,0,0,57,2,5100,0,1,1
10,23,5,0,1,85,0,1460,0,0,1
10,2,0,0,0,83,2,5110,0,1,1
11,23,1,0,0,73,0,5110,0,1,1
1,16,1,0,1,10,2,150,0,0,0
10,19,6,0,0,62,0,5110,0,1,1
10,13,1,0,1,19,0,180,0,0,0
9,0,0,0,0,95,0,5110,0,1,1
8,22,4,0,0,77,0,5110,0,1,1
1,18,3,0,0,15,0,60,0,1,0
12,21,1,0,1,56,1,1250,0,1,1
9,19,4,0,0,83,2,5110,0,0,1
10,19,2,0,0,95,2,1350,0,0,1
9,5,1,0,0,55,0,5110,0,1,1
12,17,0,0,0,12,1,10,0,0,0
12,22,6,0,0,69,1,5110,0,1,1
10,22,6,0,0,90,0,900,0,0,1
9,3,5,0,0,77,0,5110,0,1,1
2,16,2,0,1,12,0,60,0,0,0
13,18,4,0,0,79,0,4490,0,0,1
10,18,3,0,0,82,1,5110,0,1,1
1,8,3,0,1,19,1,50,0,0,0
5,2,3,0,0,88,0,5110,0,1,1
10,2,1,0,0,52,1,160,0,1,1
12,20,0,0,0,72,0,5110,0,1,1
9,7,0,0,1,14,0,40,0,0,0
10,2,3,0,0,56,2,5110,0,1,1
10,21,0,0,0,64,1,5110,0,0,1
11,0,1,0,0,86,0,5110,0,1,1
11,5,0,0,0,93,2,5110,0,1,1
4,19,1,0,0,65,0,5110,0,1,1
13,22,6,0,0,51,0,5110,0,1,1
8,19,1,0,0,53,1,2180,0,1,1
8,4,6,0,0,53,0,5110,0,1,1
4,0,1,0,0,66,1,5110,0,0,1
10,3,2,0,0,92,0,2500,0,0,1
13,3,6,0,0,55,1,5110,0,1,1
12,20,5,0,0,50,2,5110,0,1,1
4,15,0,0,1,19,1,210,0,0,0
12,23,2,0,0,56,2,5110,0,1,1
5,2,1,0,0,85,0,5110,0,1,1
13,19,4,0,0,69,0,5110,0,1,1
13,21,2,0,0,55,2,5110,0,1,1
13,18,4,0,0,95,0,5110,0,1,1
1,8,2,0,1,3,0,10,0,0,0
13,3,6,0,0,96,1,5110,0,0,1
13,4,5,0,0,86,0,5110,0,1,1
11,18,1,0,0,64,0,4430,0,1,1
1,8,0,0,1,9,0,320,0,0,0
12,5,2,0,0,59,0,5110,0,0,1
10,2,2,0,0,77,1,5110,0,1,1
9,2,6,0,0,90,1,2550,0,0,1
4,18,3,0,1,91,0,2180,0,1,1
10,21,6,0,0,66,2,2680,0,0,1
9,4,3,0,0,93,1,1480,0,1,1
12,21,5,0,0,62,1,5110,0,1,1
11,5,0,0,0,56,0,1160,0,1,1
11,18,0,0,0,79,0,5110,0,1,1
11,5,0,0,0,72,0,2740,0,1,1
3,9,2,0,1,15,1,10,0,0,0
13,0,0,0,0,54,2,5110,0,1,1
11,5,2,0,0,66,1,2200,0,0,1
9,21,6,0,0,99,0,5110,0,1,1
12,22,6,0,0,71,2,2850,0,1,1
3,14,0,0,1,13,2,40,0,0,0
12,22,4,0,0,60,2,5110,0,1,1
10,22,0,0,0,51,1,1480,0,0,1
10,20,5,0,0,75,1,5110,0,1,1
13,22,2,0,0,67,0,950,0,1,1
11,18,4,0,0,99,1,5110,0,1,1
9,0,3,0,0,65,1,1390,0,0,1
9,21,3,0,0,97,0,5110,0,0,1
10,21,1,0,1,97,2,1480,0,1,1
12,1,2,0,1,71,0,2610,0,0,1
6,21,2,0,0,72,1,5110,0,0,1
1,7,2,0,0,1,0,20,0,0,0
11,18,1,0,0,92,0,5110,0,0,1
8,22,5,0,0,89,0,4610,0,0,1
9,5,6,0,0,98,0,2180,0,0,1
10,19,3,0,0,68,2,5100,0,0,1
5,14,2,0,0,3,0,20,0,0,0
10,18,4,0,0,70,2,2320,0,1,1
9,2,6,0,1,76,1,1230,0,1,1
13,0,6,0,0,76,0,5070,0,1,1
9,1,0,0,0,97,0,5110,0,1,1
13,2,4,0,0,61,2,5110,0,1,1
11,1,1,0,0,68,1,2400,0,1,1
12,3,4,0,0,92,0,5110,0,0,1
9,18,3,0,0,80,0,2460,0,1,1
4,8,2,0,1,13,1,60,0,1,0
3,22,1,0,0,54,1,5100,0,0,1
2,7,3,0,1,14,0,110,0,0,0
5,16,1,0,1,4,2,10,0,0,0
9,4,0,0,0,69,1,5110,0,0,1
10,18,6,0,1,96,2,1200,0,1,1
9,0,2,0,0,78,1,2750,0,1,1
11,21,1,0,0,64,1,5110,0,1,1
5,16,3,0,0,3,0,70,0,0,0
10,1,6,0,0,67,0,1200,0,1,1
11,18,5,0,0,85,2,5110,0,1,1
12,21,6,0,0,92,0,5110,0,0,1
12,22,5,0,0,86,2,1310,0,0,1
9,20,2,0,1,74,2,2060,0,1,1
5,11,4,0,1,12,1,120,0,0,0
9,5,6,0,0,80,2,5100,0,1,1
9,19,6,0,0,97,0,5110,0,1,1
12,20,3,0,0,82,2,5110,0,1,1
10,3,2,0,0,78,1,4830,0,1,1
9,22,6,0,0,55,2,5110,0,1,1
11,16,4,0,1,17,1,20,0,0,0
11,22,1,0,0,85,0,5110,0,1,1
11,2,5,0,0,80,2,5110,0,1,1
5,15,0,0,1,9,2,10,0,0,0
11,2,1,0,0,79,0,5110,0,0,1
13,22,6,0,0,61,2,1010,0,0,1
11,18,3,0,0,66,1,5110,0,1,1
9,23,5,0,0,87,2,5110,0,1,1
13,3,6,0,0,73,1,5110,0,1,1
5,2,0,0,0,72,1,4780,0,1,1
4,10,4,0,1,5,0,10,0,0,0
10,4,5,0,0,68,1,5110,0,0,1
9,0,5,0,1,70,1,2220,0,1,1
13,19,2,0,0,74,1,2200,0,0,1
9,23,2,0,0,56,2,5110,0,1,1
5,12,0,0,1,0,0,30,0,0,0
11,2,2,0,1,80,0,2660,0,1,1
6,0,6,0,0,71,2,5110,0,0,1
4,18,3,0,1,13,0,30,0,0,0
2,16,3,0,1,18,1,10,0,0,0
11,0,4,0,0,99,0,5110,0,1,1
13,4,3,0,0,77,1,5110,0,0,1
4,10,4,0,1,7,2,60,0,0,0
1,13,0,0,0,17,0,20,0,0,0
12,2,6,0,0,54,2,5110,0,1,1
6,8,4,0,0,6,0,20,0,0,0
12,3,3,0,0,73,0,5110,0,0,1
13,22,4,0,0,59,0,2660,0,1,1
13,20,3,0,1,99,1,1010,0,1,1
13,21,2,0,1,70,2,580,0,1,1
10,21,1,0,0,90,1,2230,0,1,1
2,9,0,0,1,16,1,360,0,0,0
2,11,2,0,1,16,1,100,0,1,0
13,21,2,0,0,76,2,5110,0,1,1
12,22,4,0,0,52,2,4510,0,1,1
4,10,3,0,1,13,0,10,0,0,0
3,9,4,0,1,12,2,10,0,0,0
5,14,2,0,1,13,2,50,0,0,0
13,2,1,0,0,69,2,5110,0,1,1
2,10,3,0,1,12,1,90,0,0,0
12,5,0,0,0,68,2,5110,0,0,1
10,5,0,0,0,81,0,5110,0,1,1
5,13,3,0,1,16,1,90,0,0,0
10,23,5,0,0,97,1,2560,0,1,1
12,21,0,0,0,96,0,2310,0,1,1
12,23,2,0,0,50,2,1380,0,1,1
9,2,3,0,0,95,0,5110,0,0,1
14,2,1,0,0,69,1,20,0,1,1
10,3,2,0,0,92,0,5110,0,1,1
12,4,3,0,0,90,1,5090,0,1,1
9,1,1,0,0,73,0,5100,0,0,1
7,23,1,0,1,74,1,2180,0,0,1
2,12,0,0,1,19,1,180,0,0,0
10,2,6,0,1,76,0,1460,0,0,1
11,3,2,0,0,84,2,4380,0,0,1
9,19,1,0,0,78,0,5110,0,0,1
11,23,0,0,0,55,1,5110,0,1,1
5,13,4,0,0,5,0,40,0,0,0
13,0,4,0,0,78,0,2960,0,1,1
11,4,4,0,0,66,2,5110,0,1,1
1,14,3,0,1,5,1,10,0,0,0
9,3,2,0,0,69,1,1500,0,1,1
9,1,3,0,0,52,0,5110,0,1,1
1,18,0,0,1,4,1,10,0,0,0
2,16,2,0,0,17,1,10,0,0,0
7,2,2,0,0,95,1,2860,0,1,1
12,22,6,0,0,50,0,5110,0,1,1
11,20,1,0,0,98,0,5110,0,1,1
13,18,1,0,0,78,2,5110,0,0,1
11,5,3,0,0,90,1,1330,0,0,1
11,23,4,0,0,67,1,5110,0,1,1
13,20,0,0,0,67,1,5110,0,1,1
9,23,2,0,0,90,2,1130,0,1,1
13,18,5,0,1,90,2,2670,0,1,1
9,1,0,0,0,56,2,5110,0,1,1
12,18,1,0,0,70,0,5110,0,0,1
9,20,4,0,0,75,2,5110,0,0,1
12,1,1,0,0,54,0,4730,0,0,1
10,1,3,0,0,99,2,5110,0,0,1
12,19,5,0,0,66,0,5110,0,1,1
9,3,6,0,0,65,2,5110,0,1,1
2,18,0,0,1,11,0,90,0,0,0
11,0,6,0,0,85,2,5110,0,1,1
11,18,6,0,0,61,0,5110,0,1,1
3,12,1,0,1,12,0,10,0,0,0
13,21,0,0,0,58,1,5110,0,1,1
10,0,1,0,0,95,0,5110,0,0,1
8,1,0,0,0,63,2,5110,0,1,1
9,23,3,0,1,86,1,2710,0,1,1
2,13,2,0,1,15,1,30,0,0,0
10,1,0,0,0,98,0,5100,0,1,1
13,1,2,0,0,79,0,5110,0,1,1
3,20,6,0,0,93,2,5110,0,1,1
13,21,6,0,1,95,0,1260,0,1,1
11,19,3,0,0,82,1,5110,0,0,1
12,3,1,0,0,53,2,2620,0,1,1
12,18,4,0,0,57,1,2300,0,0,1
12,0,2,0,0,91,1,4410,0,1,1
10,3,2,0,0,50,0,2700,0,0,1
4,23,3,0,0,68,0,5110,0,1,1
9,18,0,0,0,86,2,5110,0,1,1
10,22,1,0,0,75,2,5110,0,1,1
13,2,4,0,0,51,1,5110,0,1,1
9,3,4,0,0,90,2,5110,0,0,1
10,4,0,0,0,85,0,2560,0,0,1
8,4,4,0,0,54,2,5110,0,0,1
9,23,5,0,0,67,2,5110,0,1,1
6,1,0,0,0,50,0,5110,0,0,1
11,23,4,0,0,78,1,5110,0,1,1
12,18,4,0,0,72,0,5110,0,1,1
11,23,1,0,0,95,1,5110,0,0,1
13,19,1,0,0,67,1,5100,0,1,1
11,18,6,0,0,62,1,5110,0,1,1
11,19,4,0,0,82,1,5110,0,0,1
5,13,4,0,1,9,0,10,0,0,0
13,19,5,0,0,68,0,5110,0,1,1
9,23,4,0,0,63,0,5110,0,0,1
9,3,6,0,0,73,2,5110,0,0,1
5,1,5,0,0,82,2,5110,0,1,1
12,5,1,0,0,81,2,4430,0,1,1
10,23,6,0,0,89,1,5110,0,0,1
6,20,6,0,0,61,2,5110,0,1,1
9,19,5,0,0,95,1,5110,0,1,1
12,22,5,0,0,90,2,5110,0,1,1
10,23,3,0,0,92,1,1140,0,1,1
11,3,5,0,0,62,0,5110,0,1,1
11,1,3,0,0,92,0,5110,0,0,1
11,2,3,0,0,58,0,5110,0,1,1
3,13,2,0,1,3,0,340,0,0,0
9,3,4,0,0,73,0,5100,0,0,1
12,22,0,0,0,88,0,4570,0,1,1
3,18,3,0,0,19,1,100,0,0,0
13,1,2,0,0,57,2,5110,0,0,1
8,21,3,0,0,68,1,4490,0,1,1
11,2,5,0,0,91,0,5110,0,1,1
10,21,2,0,0,77,0,5110,0,1,1
10,3,3,0,0,77,1,5110,0,1,1
9,4,1,0,0,62,2,1340,0,1,1
9,22,1,0,0,83,2,2080,0,0,1
12,0,3,0,0,72,2,5110,0,1,1
2,18,4,0,1,9,2,80,0,0,0
3,18,5,0,0,51,0,5110,0,1,1
3,12,4,0,1,5,2,330,0,0,0
11,22,5,0,0,84,2,5110,0,1,1
8,22,1,0,0,50,0,5110,0,1,1
10,2,6,0,0,77,1,5110,0,1,1
9,14,3,0,1,5,0,200,0,0,0
10,20,2,0,0,68,2,2910,0,0,1
10,5,4,0,0,94,2,5110,0,1,1
11,22,5,0,0,93,0,5110,0,1,1
11,19,4,0,0,68,0,5110,0,1,1
9,3,4,0,0,63,0,1030,0,0,1
11,4,4,0,0,78,2,1070,0,1,1
9,21,2,0,0,57,2,2220,0,0,1
10,22,5,0,0,65,1,5110,0,1,1
10,1,5,0,0,97,2,5110,0,1,1
9,2,6,0,0,54,2,5110,0,0,1
11,1,6,0,0,55,2,5110,0,1,1
9,5,2,0,1,94,1,2980,0,0,1
10,2,1,0,1,72,2,1480,0,1,1
11,4,5,0,0,82,1,4580,0,0,1
1,15,0,0,1,10,0,90,0,0,0
13,21,3,0,0,79,0,5110,0,1,1
2,17,4,0,1,11,0,30,0,0,0
10,19,3,0,0,81,1,5100,0,1,1
13,20,2,0,0,64,1,5110,0,0,1
3,14,3,0,1,9,2,20,0,0,0
9,20,3,0,0,50,1,1130,0,1,1
13,3,2,0,0,90,0,5110,0,1,1
11,21,2,0,0,96,1,5110,0,1,1
11,5,5,0,0,78,0,5100,0,0,1
10,0,6,0,1,63,2,2250,0,0,1
1,12,2,0,1,8,2,80,0,0,0
2,7,0,0,1,15,2,20,0,0,0
2,14,4,0,1,19,0,100,0,0,0
6,19,0,0,0,78,1,5110,0,1,1
12,19,5,0,0,74,0,5100,0,0,1
10,23,6,0,0,89,2,5110,0,1,1
10,23,2,0,0,99,2,5110,0,0,1
9,0,3,0,0,57,0,4500,0,1,1
11,22,0,0,0,64,1,5110,0,1,1
5,14,2,0,1,19,1,10,0,0,0
11,23,3,0,0,56,1,5110,0,1,1
12,4,0,0,0,50,2,5100,0,1,1
10,4,1,0,0,54,0,5100,0,0,1
7,22,6,0,0,58,1,5110,0,1,1
13,22,0,0,0,53,2,1330,0,1,1
7,22,0,0,0,55,1,1160,0,1,1
10,21,3,0,0,62,0,2080,0,0,1
11,19,0,0,1,92,0,2220,0,1,1
13,1,3,0,0,88,0,5110,0,1,1
11,18,4,0,0,74,1,5110,0,0,1
11,23,5,0,0,71,0,5110,0,1,1
13,1,0,0,0,88,0,5110,0,1,1
8,21,4,0,0,92,0,5110,0,1,1
10,21,3,0,0,92,1,5100,0,1,1
6,2,3,0,0,84,0,2940,0,0,1
12,19,5,0,0,55,0,5110,0,1,1
2,10,1,0,1,14,1,10,0,0,0
10,2,5,0,0,53,2,4750,0,1,1
13,3,4,0,0,85,2,5110,0,1,1
13,1,0,0,0,82,0,5110,0,1,1
5,3,6,0,0,67,0,5110,0,1,1
9,0,4,0,0,99,0,5110,0,1,1
7,19,4,0,0,95,2,5090,0,1,1
11,1,6,0,1,70,2,2630,0,1,1
10,23,3,0,0,71,0,1440,0,1,1
13,1,6,0,0,71,0,1250,0,1,1
10,22,2,0,0,94,2,5110,0,1,1
11,23,3,0,0,88,2,5110,0,1,1
11,14,1,0,1,1,2,20,0,0,0
11,21,4,0,0,93,0,5110,0,1,1
8,5,3,0,0,90,0,1080,0,1,1
10,3,1,0,0,80,0,5110,0,1,1
10,3,1,0,0,84,2,1360,0,1,1
13,1,2,0,0,64,0,5110,0,0,1
9,22,2,0,0,74,2,5100,0,1,1
12,1,6,0,0,62,2,5110,0,0,1
10,2,2,0,0,92,1,5110,0,1,1
13,0,3,0,0,56,2,5110,0,1,1
13,0,4,0,0,60,0,2840,0,1,1
12,18,3,0,0,94,0,5110,0,1,1
11,0,3,0,0,67,2,5110,0,1,1
13,5,3,0,0,50,2,5110,0,1,1
11,4,0,0,0,96,2,4790,0,1,1
1,17,3,0,1,12,0,190,0,0,0
11,19,3,0,0,84,0,5100,0,1,1
11,18,5,0,0,93,0,5110,0,1,1
10,20,3,0,0,63,1,5110,0,0,1
4,8,3,0,1,8,0,60,0,0,0
11,1,1,0,0,70,1,5110,0,1,1
13,3,5,0,0,58,1,5090,0,1,1
13,23,2,0,0,51,0,1350,0,1,1
12,0,3,0,0,94,1,5110,0,1,1
5,5,2,0,1,70,1,1190,0,1,1
9,20,2,0,1,66,1,2370,0,1,1
13,3,3,0,0,72,0,1050,0,1,1
13,0,2,0,1,95,2,10,0,1,1
5,8,4,0,1,13,2,160,0,0,0
9,20,6,0,0,86,0,5110,0,0,1
13,4,4,0,0,53,1,5110,0,0,1
9,20,3,0,1,74,1,1030,0,1,1
12,23,3,0,1,64,1,2660,0,0,1
2,9,1,0,1,17,0,10,0,0,0
13,21,3,0,0,80,2,5110,0,1,1
4,21,3,0,0,77,1,5110,0,1,1
4,12,3,0,1,10,0,40,0,0,0
10,18,6,0,0,60,2,5110,0,1,1
10,19,3,0,1,90,1,2380,0,1,1
13,3,0,0,0,67,2,1350,0,1,1
11,22,5,0,0,64,1,5110,0,0,1
6,2,6,0,0,87,1,5110,0,1,1
1,18,3,0,1,10,2,10,0,0,0
11,19,4,0,0,63,1,5100,0,0,1
11,5,0,0,0,98,2,5110,0,1,1
9,0,5,0,0,51,1,5100,0,1,1
8,2,6,0,0,97,1,5070,0,1,1
6,0,0,0,0,81,1,5110,0,1,1
12,1,6,0,0,64,1,5110,0,0,1
9,5,1,0,0,89,0,5110,0,1,1
13,22,1,0,0,71,1,4480,0,1,1
3,20,5,0,0,72,1,5110,0,1,1
13,1,1,0,0,80,2,5110,0,1,1
13,23,2,0,0,59,0,5110,0,0,1
13,23,6,0,0,77,0,5110,0,1,1
5,12,3,0,1,9,2,10,0,0,0
4,18,3,0,1,13,2,30,0,0,0
10,3,2,0,0,56,1,5110,0,1,1
13,18,6,0,1,68,0,1410,0,1,1
5,14,4,0,0,7,0,100,0,0,0
9,19,3,0,0,86,0,5110,0,1,1
2,8,4,0,0,11,2,10,0,0,0
12,3,6,0,0,68,0,5110,0,0,1
13,5,3,0,0,85,1,5110,0,1,1
13,23,4,0,0,96,0,5100,0,1,1
11,0,5,0,0,91,2,5110,0,0,1
5,12,4,0,0,7,0,30,0,0,0
12,1,5,0,1,61,1,1180,0,0,1
5,14,4,0,1,11,1,340,0,0,0
9,4,2,0,0,70,1,2890,0,0,1
5,20,6,0,0,67,2,5110,0,1,1
11,3,5,0,0,96,0,5110,0,1,1
13,23,0,0,0,67,0,5110,0,0,1
12,1,2,0,0,68,1,5110,0,1,1
11,4,3,0,0,58,1,5110,0,1,1
2,7,1,0,1,0,0,10,0,0,0
11,3,5,0,0,61,0,5110,0,1,1
11,20,3,0,0,64,0,5110,0,1,1
13,0,0,0,0,67,1,5110,0,1,1
10,1,0,0,0,94,1,1370,0,1,1
3,8,4,0,1,12,0,110,0,0,0
12,21,5,0,0,63,1,5110,0,1,1
3,11,1,0,1,19,1,10,0,0,0
10,20,0,0,0,89,2,5110,0,1,1
13,0,2,0,0,69,1,5100,0,0,1
13,0,0,0,0,69,2,10,0,0,1
1,12,0,0,0,1,2,20,0,0,0
10,21,6,0,0,78,2,720,0,1,1
11,1,1,0,0,50,1,5110,0,1,1
13,20,5,0,0,54,2,5100,0,1,1
13,19,6,0,0,84,0,5100,0,0,1
12,18,4,0,0,77,2,5110,0,0,1
12,2,2,0,0,83,1,5110,0,0,1
12,3,1,0,0,75,1,5100,0,1,1
7,4,0,0,0,80,2,5110,0,1,1
13,3,1,0,0,79,2,5110,0,1,1
1,7,1,0,1,1,1,40,0,0,0
9,21,1,0,1,75,1,2460,0,1,1
9,21,3,0,0,98,1,5110,0,1,1
9,4,4,0,0,73,1,5110,0,1,1
12,1,5,0,0,50,0,5110,0,1,1
3,13,1,0,1,15,1,50,0,0,0
11,1,3,0,0,94,2,5110,0,1,1
3,15,1,0,1,18,0,10,0,0,0
12,22,1,0,0,58,2,5110,0,1,1
10,3,1,0,0,67,0,4480,0,1,1
3,22,1,0,0,68,2,5100,0,1,1
7,2,2,0,1,95,0,2080,0,1,1
4,12,3,0,1,10,1,120,0,0,0
11,21,6,0,1,93,0,1080,0,1,1
1,7,2,0,1,11,1,50,0,0,0
14,2,2,0,0,56,1,40,0,1,1
12,1,6,0,1,81,1,2870,0,1,1
3,17,2,0,1,18,2,10,0,0,0
11,20,4,0,0,83,0,5110,0,1,1
4,2,0,0,0,74,0,5110,0,1,1
9,19,6,0,0,84,2,5110,0,1,1
12,3,6,0,1,63,0,1120,0,1,1
10,22,0,0,0,94,2,5080,0,0,1
11,18,4,0,0,68,0,5110,0,0,1
12,21,4,0,0,97,0,5110,0,1,1
10,4,5,0,0,92,0,5110,0,1,1
12,19,6,0,0,60,1,5110,0,1,1
10,18,3,0,0,84,0,5110,0,1,1
12,2,2,0,0,94,0,5110,0,1,1
13,1,0,0,0,54,1,2630,0,1,1
10,22,0,0,0,80,0,5110,0,1,1
10,23,2,0,0,96,1,5110,0,1,1
12,21,0,0,0,72,1,5100,0,1,1
10,5,2,0,0,94,0,1270,0,1,1
9,22,4,0,0,96,0,5100,0,0,1
13,20,1,0,0,87,1,2190,0,1,1
2,11,4,0,1,18,1,40,0,0,0
13,0,2,0,0,84,2,5110,0,1,1
6,3,6,0,0,84,2,5110,0,1,1
11,3,0,0,0,68,2,1280,0,1,1
13,2,1,0,0,82,2,1220,0,1,1
12,1,3,0,1,55,0,2320,0,1,1
3,23,3,0,0,95,1,2700,0,0,1
11,18,5,0,0,69,2,1460,0,1,1
9,18,5,0,0,56,1,5110,0,1,1
10,22,4,0,0,53,2,5110,0,1,1
10,19,4,0,0,74,0,5110,0,1,1
11,20,6,0,0,73,0,5110,0,0,1
13,4,5,0,0,99,2,5110,0,0,1
11,3,2,0,0,96,1,5100,0,1,1
10,12,4,0,1,5,0,10,0,0,0
11,4,0,0,0,58,0,1010,0,0,1
12,19,2,0,0,61,1,5110,0,0,1
5,4,2,0,0,64,0,4530,0,1,1
9,21,1,0,0,70,0,5110,0,1,1
11,18,2,0,0,70,2,5110,0,1,1
11,20,2,0,0,75,2,5110,0,0,1
8,10,4,0,1,10,1,330,0,0,0
9,0,0,0,0,87,0,350,0,1,1
10,0,4,0,0,96,2,5110,0,1,1
10,3,6,0,0,71,1,5100,0,0,1
5,12,1,0,1,6,1,20,0,0,0
13,0,3,0,1,61,1,1950,0,1,1
14,21,4,0,1,96,0,30,0,1,1
5,2,2,0,0,86,2,5110,0,1,1
13,4,4,0,0,63,2,5100,0,1,1
12,23,0,0,0,54,0,2760,0,1,1
10,23,2,0,0,97,0,5110,0,1,1
9,3,6,0,0,83,1,5110,0,1,1
11,0,2,0,0,97,1,5110,0,0,1
11,2,5,0,0,80,1,5110,0,1,1
13,4,6,0,0,50,2,5110,0,0,1
3,18,3,0,1,19,1,70,0,0,0
9,1,3,0,0,54,1,5100,0,0,1
1,17,1,0,1,1,2,30,0,0,0
11,4,5,0,0,83,1,20,0,1,1
1,12,0,0,1,16,1,10,0,0,0
2,8,0,0,1,3,0,30,0,0,0
13,19,1,0,0,87,0,5110,0,1,1
9,19,0,0,0,92,0,4570,0,1,1
9,2,6,0,0,52,0,5110,0,0,1
10,21,4,0,0,80,0,2250,0,1,1
12,4,1,0,0,69,1,5110,0,1,1
11,21,5,0,0,53,2,5110,0,1,1
13,19,6,0,0,78,1,5100,0,1,1
12,18,0,0,0,98,1,1050,0,1,1
5,14,2,0,0,18,0,200,0,1,0
4,11,3,0,0,2,1,40,0,1,0
1,12,4,0,1,1,1,370,0,0,0
13,18,1,0,0,54,2,5110,0,1,1
12,0,0,0,1,81,2,1480,0,0,1
9,18,1,0,0,93,1,2950,0,1,1
12,23,0,0,0,92,1,5110,0,1,1
9,2,6,0,0,82,1,5110,0,1,1
11,20,4,0,0,90,0,5110,0,0,1
1,16,2,0,1,16,2,80,0,0,0
11,0,5,0,1,50,2,2860,0,0,1
13,4,2,0,1,88,2,2680,0,1,1
13,0,6,0,0,90,0,5110,0,1,1
9,18,1,0,0,70,1,5110,0,0,1
10,5,6,0,0,77,1,5100,0,1,1
11,3,5,0,1,63,2,1260,0,0,1
9,23,2,0,0,73,2,2090,0,0,1
10,1,5,0,0,72,1,2910,0,0,1
6,7,2,0,1,1,1,60,0,0,0
13,23,0,0,0,96,1,5110,0,0,1
13,20,4,0,0,94,2,5100,0,0,1
10,19,4,0,0,92,1,5110,0,1,1
13,5,2,0,0,58,1,1030,0,1,1
12,21,1,0,0,75,2,5110,0,1,1
13,22,3,0,0,89,1,5110,0,1,1
12,4,2,0,0,65,0,1420,0,1,1
10,2,0,0,0,66,0,5110,0,0,1
10,4,5,0,0,58,1,5110,0,1,1
11,4,3,0,0,91,2,5110,0,0,1
10,23,6,0,0,84,0,5110,0,1,1
14,23,5,0,1,91,0,10,0,1,1
9,4,2,0,0,68,0,2030,0,0,1
11,5,1,0,0,52,1,5110,0,1,1
12,2,1,0,0,69,1,2360,0,1,1
10,4,4,0,0,70,2,5110,0,1,1
2,15,0,0,0,0,1,60,0,0,0
10,3,3,0,0,91,1,5110,0,0,1
13,21,5,0,0,83,1,5110,0,1,1
5,16,2,0,0,12,2,180,0,0,0
11,18,2,0,0,97,2,1020,0,1,1
12,23,1,0,0,60,0,5110,0,1,1
11,19,2,0,0,98,2,5110,0,1,1
9,21,6,0,0,74,2,5110,0,1,1
13,19,3,0,0,56,0,5110,0,0,1
6,4,0,0,0,67,0,5100,0,0,1
10,21,6,0,0,62,2,2640,0,1,1
9,1,1,0,0,76,1,5110,0,0,1
3,12,2,0,1,12,0,130,0,0,0
12,19,0,0,0,73,2,5110,0,1,1
13,1,1,0,0,90,1,5090,0,1,1
10,0,6,0,1,65,0,2630,0,1,1
9,21,4,0,0,76,0,5110,0,0,1
13,22,2,0,0,53,2,5110,0,1,1
11,5,6,0,0,98,2,5110,0,0,1
11,2,3,0,0,98,2,5110,0,1,1
9,18,3,0,0,97,0,5070,0,1,1
12,20,6,0,0,83,2,2690,0,1,1
10,1,2,0,0,57,2,4480,0,0,1
9,22,4,0,0,82,2,5110,0,1,1
11,23,4,0,0,55,2,5110,0,0,1
9,1,3,0,0,60,2,5110,0,1,1
9,21,3,0,1,88,1,2510,0,1,1
10,5,1,0,0,72,1,5110,0,1,1
5,2,3,0,0,58,1,5110,0,1,1
8,9,3,0,1,6,2,10,0,0,0
11,2,2,0,1,71,0,2670,0,1,1
12,4,5,0,0,77,2,5110,0,1,1
4,11,1,0,1,18,2,20,0,0,0
8,22,1,0,0,77,0,2190,0,1,1
10,19,5,0,0,93,2,2320,0,0,1
2,11,3,0,1,9,2,30,0,0,0
12,1,5,0,0,56,0,4490,0,1,1
13,2,5,0,1,91,1,2760,0,1,1
13,3,4,0,0,64,1,5110,0,1,1
12,4,1,0,0,80,2,5110,0,1,1
12,21,5,0,0,74,2,5110,0,1,1
10,23,0,0,0,60,2,2340,0,1,1
13,5,6,0,0,79,0,5110,0,1,1
12,19,0,0,0,89,0,1470,0,1,1
9,4,6,0,0,73,1,5110,0,1,1
11,4,0,0,0,94,0,5110,0,1,1
11,22,3,0,0,52,2,5110,0,1,1
10,21,6,0,0,56,2,5110,0,0,1
11,5,4,0,0,90,1,4740,0,1,1
4,16,4,0,1,11,1,40,0,0,0
10,2,2,0,0,61,2,5110,0,1,1
3,8,4,0,1,11,0,10,0,0,0
5,9,1,0,1,14,2,30,0,0,0
11,21,2,0,0,99,1,5100,0,1,1
11,22,2,0,0,59,2,5110,0,1,1
11,23,2,0,0,88,1,2830,0,1,1
10,23,3,0,0,51,2,5110,0,1,1
9,18,4,0,0,78,2,5110,0,1,1
5,20,0,0,0,86,2,1280,0,1,1
5,16,0,0,0,9,1,30,0,0,0
13,21,0,0,0,53,2,5110,0,0,1
5,20,4,0,0,71,0,5100,0,1,1
5,18,0,0,1,4,1,110,0,0,0
4,13,0,0,1,16,0,10,0,0,0
13,23,0,0,0,82,1,2740,0,0,1
2,9,1,0,1,11,2,10,0,0,0
7,18,3,0,1,78,2,1490,0,1,1
11,21,5,0,0,77,0,4490,0,0,1
9,20,6,0,0,85,1,5110,0,1,1
12,0,5,0,0,50,1,5110,0,0,1
10,1,3,0,0,73,0,5110,0,0,1
10,5,5,0,0,64,2,2050,0,1,1
11,1,2,0,0,60,1,5110,0,1,1
5,5,5,0,0,89,0,5110,0,1,1
13,2,2,0,0,93,1,5110,0,0,1
1,17,2,0,1,14,1,130,0,0,0
11,2,2,0,0,56,2,5110,0,1,1
11,5,5,0,0,91,2,2320,0,1,1
4,4,3,0,0,50,1,5110,0,1,1
11,2,3,0,0,98,1,5110,0,0,1
13,2,2,0,0,72,0,4890,0,1,1
12,5,4,0,0,81,0,5110,0,1,1
5,8,4,0,1,6,1,20,0,0,0
13,2,6,0,0,85,0,5110,0,1,1
10,19,4,0,0,78,1,5110,0,0,1
13,3,3,0,0,88,0,5110,0,1,1
7,20,6,0,0,73,1,4580,0,0,1
12,18,1,0,0,53,2,1320,0,1,1
11,4,2,0,0,61,1,4450,0,0,1
1,9,0,0,1,2,1,100,0,0,0
11,0,2,0,0,66,2,5110,0,1,1
9,23,4,0,0,84,0,5110,0,1,1
12,5,3,0,0,88,0,5100,0,1,1
9,5,3,0,0,57,1,2650,0,0,1
11,2,5,0,0,54,0,5110,0,1,1
11,21,0,0,0,95,0,5110,0,1,1
12,4,0,0,0,86,1,5110,0,0,1
12,4,0,0,1,62,2,1140,0,1,1
11,20,0,0,0,97,1,5100,0,1,1
13,2,1,0,0,97,1,5110,0,1,1
13,5,5,0,0,60,2,5110,0,1,1
7,22,4,0,0,91,0,5110,0,0,1
2,7,1,0,1,10,0,10,0,0,0
11,19,0,0,0,70,1,5110,0,1,1
9,8,3,0,1,15,1,20,0,0,0
4,4,3,0,1,66,0,2240,0,1,1
13,22,1,0,0,87,1,5110,0,0,1
12,1,1,0,0,90,1,2640,0,1,1
3,21,2,0,0,78,1,5110,0,0,1
2,8,3,0,1,5,0,10,0,0,0
5,20,6,0,0,85,2,5110,0,1,1
13,19,1,0,1,63,0,2290,0,1,1
13,23,2,0,0,72,1,5100,0,1,1
10,18,2,0,0,68,1,2880,0,1,1
10,18,6,0,1,95,0,2750,0,1,1
13,1,0,0,0,54,2,5110,0,1,1
12,1,2,0,0,76,0,2370,0,1,1
9,18,6,0,0,81,0,1130,0,1,1
10,21,2,0,0,94,1,5110,0,1,1
9,4,5,0,0,88,2,5110,0,1,1
5,8,2,0,1,1,2,180,0,0,0
9,23,5,0,0,92,1,5110,0,1,1
11,19,0,0,0,50,2,5110,0,1,1
5,11,4,0,1,13,0,10,0,0,0
12,5,2,0,0,96,0,4750,0,1,1
10,5,6,0,0,72,0,2870,0,1,1
10,22,4,0,0,58,0,5110,0,1,1
12,4,6,0,0,89,0,2170,0,1,1
13,0,2,0,0,88,1,5110,0,1,1
6,4,6,0,0,70,0,5110,0,1,1
11,23,3,0,0,97,0,5110,0,0,1
4,9,1,0,1,5,0,10,0,0,0
1,16,0,0,1,16,0,10,0,0,0
4,11,3,0,1,6,2,20,0,0,0
9,0,5,0,0,72,0,5110,0,1,1
11,23,2,0,0,57,0,5110,0,1,1
13,1,1,0,0,50,2,5110,0,0,1
1,16,0,0,1,7,0,10,0,0,0
3,16,3,0,1,0,2,10,0,0,0
11,23,1,0,1,53,0,2390,0,0,1
1,13,4,0,1,12,1,10,0,0,0
10,22,1,0,0,74,2,5110,0,1,1
10,1,6,0,0,93,0,1410,0,1,1
9,20,2,0,0,50,1,1030,0,1,1
11,22,4,0,0,88,2,5110,0,1,1
11,2,5,0,0,87,2,5110,0,1,1
3,12,0,0,1,4,0,10,0,0,0
11,19,0,0,0,99,0,5110,0,1,1
14,1,2,0,1,75,1,10,1,1,1
11,2,0,0,0,50,2,5110,0,0,1
8,8,3,0,1,13,1,170,0,0,0
10,19,4,0,0,53,2,5110,0,1,1
2,16,4,0,1,2,0,190,0,0,0
10,19,3,0,0,79,1,5110,0,1,1
9,21,2,0,0,95,1,5110,0,1,1
3,15,3,0,1,1,0,10,0,0,0
11,0,1,0,0,98,2,2710,0,1,1
9,22,1,0,0,92,1,5110,0,1,1
4,18,1,0,0,61,1,5110,0,1,1
11,21,5,0,0,94,2,5110,0,0,1
9,4,0,0,0,74,2,5110,0,1,1
11,21,6,0,0,87,1,5100,0,1,1
9,5,1,0,0,86,0,5110,0,1,1
7,3,2,0,0,98,2,5110,0,1,1
10,21,6,0,0,91,1,5110,0,0,1
9,22,0,0,0,55,1,1350,0,1,1
9,7,2,0,1,16,1,80,0,0,0
9,21,4,0,0,79,2,5110,0,1,1
11,1,6,0,0,97,0,5110,0,1,1
9,23,3,0,0,99,2,5110,0,1,1
6,23,1,0,0,59,2,5110,0,1,1
11,22,3,0,0,62,0,2400,0,1,1
10,23,2,0,0,57,2,5100,0,1,1
1,17,2,0,1,5,1,30,0,0,0
3,15,3,0,1,10,2,150,0,0,0
13,1,3,0,0,66,2,1100,0,1,1
12,21,2,0,0,73,1,5100,0,0,1
11,18,4,0,0,68,1,5100,0,1,1
13,5,0,0,0,81,1,5110,0,1,1
12,19,6,0,1,92,1,2160,0,1,1
9,22,1,0,0,86,0,10,0,0,1
11,19,2,0,1,66,1,2310,0,1,1
2,12,3,0,0,9,2,10,0,0,0
9,1,0,0,0,56,2,1500,0,1,1
6,19,3,0,0,96,2,5110,0,1,1
14,21,3,0,0,98,2,10,0,1,1
12,18,1,0,1,89,2,1160,0,1,1
9,0,4,0,0,74,1,1240,0,0,1
10,21,6,0,0,69,1,1030,0,1,1
5,18,2,0,0,56,1,2090,0,1,1
11,18,5,0,0,56,0,5100,0,0,1
13,0,3,0,0,67,1,5100,0,1,1
1,14,4,0,0,9,1,20,0,0,0
1,10,0,0,1,19,2,40,0,0,0
12,3,2,0,0,71,1,5110,0,1,1
13,2,2,0,0,54,0,5110,0,1,1
9,20,4,0,0,91,0,2370,0,1,1
12,21,6,0,0,53,0,5110,0,1,1
11,0,6,0,0,66,0,5110,0,1,1
9,19,0,0,0,92,0,5110,0,1,1
11,3,3,0,0,90,1,5100,0,0,1
13,1,1,0,0,50,1,5110,0,1,1
11,4,3,0,0,70,2,5110,0,1,1
9,20,6,0,0,70,1,4780,0,1,1
11,23,3,0,1,65,2,1130,0,1,1
13,18,6,0,0,58,1,5100,0,1,1
9,5,2,0,0,80,2,5110,0,0,1
1,14,4,0,1,9,0,40,0,0,0
13,19,2,0,0,58,2,5110,0,1,1
7,0,0,0,0,70,1,5110,0,1,1
5,7,2,0,0,15,0,70,0,0,0
10,22,4,0,0,70,1,5110,0,1,1
11,1,5,0,0,57,0,5110,0,1,1
1,15,0,0,1,17,2,10,0,0,0
3,13,0,0,1,18,0,10,0,0,0
3,23,4,0,0,95,2,2160,0,1,1
5,10,4,0,1,12,0,20,0,0,0
11,4,1,0,0,59,1,5110,0,0,1
10,20,3,0,0,84,0,1110,0,1,1
9,19,5,0,0,95,2,5100,0,1,1
9,5,5,0,0,61,0,2640,0,0,1
4,4,1,0,0,97,2,5110,0,1,1
11,19,3,0,0,76,0,5110,0,1,1
11,22,2,0,0,91,1,5110,0,1,1
10,22,4,0,0,56,2,5110,0,1,1
6,4,0,0,0,75,0,5110,0,0,1
10,20,2,0,0,87,0,5110,0,1,1
9,4,0,0,0,58,2,5110,0,0,1
11,4,1,0,0,66,2,1020,0,1,1
10,22,4,0,0,51,2,5110,0,0,1
11,1,3,0,1,68,2,2240,0,1,1
10,19,3,0,0,67,2,1110,0,1,1
12,1,4,0,0,74,1,5110,0,1,1
9,3,1,0,0,75,2,5110,0,0,1
12,23,1,0,0,51,2,1400,0,1,1
4,9,2,0,1,6,0,10,0,0,0
4,10,4,0,1,8,0,50,0,0,0
5,15,0,0,1,9,1,60,0,0,0
3,21,0,0,0,55,1,4610,0,1,1
10,18,2,0,0,52,0,5110,0,1,1
12,21,5,0,0,73,0,5110,0,1,1
4,9,0,0,1,0,0,100,0,0,0
10,18,0,0,1,97,0,2680,0,1,1
7,23,1,0,0,95,2,5110,0,1,1
10,4,6,0,0,76,0,5110,0,1,1
13,19,2,0,0,89,2,1080,0,1,1
11,2,4,0,0,76,1,1140,0,1,1
13,23,4,0,0,78,1,1350,0,0,1
1,8,3,0,1,8,2,10,0,0,0
5,16,1,0,1,14,1,10,0,0,0
9,19,3,0,0,95,2,5110,0,1,1
12,4,2,0,0,54,0,2530,0,1,1
4,22,5,0,0,99,0,1500,0,1,1
10,23,1,0,0,54,2,5110,0,1,1
13,3,3,0,0,50,2,2900,0,1,1
12,5,4,0,0,74,1,5110,0,1,1
11,1,3,0,0,54,1,5110,0,0,1
10,0,6,0,0,93,0,5110,0,1,1
12,23,2,0,0,90,1,3790,0,1,1
12,4,1,0,1,93,1,1390,0,1,1
4,17,3,0,1,13,2,150,0,1,0
7,7,2,0,0,16,1,10,0,0,0
12,4,6,0,0,94,2,1270,0,1,1
6,3,1,0,0,73,0,800,0,1,1
5,20,5,0,0,58,0,5110,0,1,1
3,21,4,0,0,65,1,5110,0,0,1
9,19,0,0,0,77,1,1350,0,0,1
9,5,4,0,0,61,1,2340,0,1,1
9,5,3,0,1,87,1,2700,0,0,1
9,20,5,0,0,81,0,5110,0,1,1
12,5,6,0,1,87,2,2760,0,0,1
10,20,0,0,0,63,0,5110,0,0,1
11,0,2,0,0,73,2,2700,0,0,1
3,9,2,0,1,1,2,270,0,0,0
9,5,0,0,0,75,1,5110,0,1,1
13,3,3,0,1,88,2,1490,0,1,1
9,4,2,0,0,66,0,5110,0,1,1
12,3,2,0,0,91,1,2010,0,0,1
7,3,0,0,0,74,0,1130,0,1,1
12,1,6,0,0,65,1,2290,0,1,1
9,22,3,0,0,91,0,2170,0,1,1
10,21,1,0,0,90,0,5110,0,1,1
12,18,2,0,0,54,0,4770,0,1,1
7,22,6,0,0,87,2,5110,0,1,1
4,18,0,0,1,17,1,190,0,0,0
13,18,6,0,0,73,1,1210,0,1,1
11,23,6,0,0,60,0,1140,0,1,1
10,2,3,0,0,90,0,5110,0,1,1
13,23,1,0,0,50,0,5110,0,1,1
3,7,1,0,1,11,0,10,0,0,0
12,2,0,0,0,95,1,1180,0,1,1
5,22,2,0,0,75,1,5110,0,1,1
11,20,2,0,0,88,1,1280,0,1,1
13,0,4,0,0,91,2,5110,0,1,1
12,21,3,0,0,78,0,5110,0,1,1
1,9,3,0,1,4,2,180,0,0,0
12,4,5,0,0,66,0,5100,0,1,1
11,23,1,0,1,86,1,2900,0,1,1
1,18,3,0,1,10,2,10,0,0,0
4,14,0,0,1,12,0,10,0,0,0
10,18,1,0,0,94,2,5110,0,1,1
3,12,0,0,1,1,0,100,0,0,0
9,1,5,0,0,52,2,5110,0,1,1
10,3,5,0,0,84,2,5110,0,1,1
12,18,2,0,0,75,1,5110,0,1,1
9,4,5,0,0,98,2,5110,0,1,1
12,20,2,0,0,52,0,5100,0,1,1
11,19,2,0,0,56,0,1400,0,1,1
11,3,5,0,0,89,2,5100,0,1,1
3,11,0,0,0,11,2,10,0,0,0
10,21,0,0,0,94,0,5110,0,1,1
10,22,6,0,1,82,1,1330,0,0,1
10,23,4,0,0,73,0,1370,0,1,1
6,1,4,0,0,81,2,5110,0,1,1
3,15,3,0,0,17,1,110,0,0,0
12,5,6,0,1,60,0,2590,0,1,1
12,3,4,0,0,66,0,5100,0,1,1
13,22,4,0,0,83,2,5100,0,1,1
11,0,4,0,0,70,1,5110,0,1,1
7,20,6,0,0,61,1,5110,0,1,1
11,2,2,0,0,67,1,5110,0,1,1
10,19,4,0,0,91,1,5110,0,1,1
1,17,1,0,1,10,1,40,0,0,0
10,0,0,0,0,76,1,5110,0,0,1
12,19,4,0,0,84,0,5110,0,1,1
7,2,6,0,0,96,0,5100,0,1,1
9,23,3,0,0,60,2,5110,0,1,1
10,23,0,0,0,52,0,5110,0,1,1
12,19,5,0,0,53,1,5110,0,1,1
11,22,5,0,0,73,1,5110,0,1,1
11,1,2,0,1,50,1,1020,0,1,1
12,1,6,0,0,55,1,2400,0,1,1
13,23,3,0,0,88,1,5110,0,0,1
12,2,5,0,0,66,1,1450,0,1,1
5,11,0,0,1,19,0,70,0,0,0
9,5,6,0,0,64,1,5110,0,1,1
11,5,5,0,0,92,0,5110,0,1,1
10,0,2,0,1,55,2,1450,0,0,1
10,2,2,0,0,90,1,4430,0,1,1
12,5,6,0,1,82,1,2780,0,1,1
11,22,3,0,0,85,1,4770,0,1,1
9,21,0,0,0,99,0,5110,0,0,1
12,21,2,0,0,57,2,4490,0,1,1
5,11,1,0,0,18,1,10,0,0,0
9,2,4,0,0,54,2,5110,0,1,1
10,5,2,0,0,82,1,5110,0,0,1
13,19,3,0,0,73,1,5110,0,1,1
9,3,2,0,0,73,1,5110,0,1,1
13,3,3,0,0,85,0,5100,0,0,1
12,19,6,0,0,68,0,5110,0,1,1
2,9,0,0,1,17,1,10,0,0,0
13,1,3,0,1,53,1,1420,0,1,1
7,18,1,0,0,82,2,5110,0,1,1
10,3,3,0,1,53,0,1230,0,1,1
10,0,6,0,0,91,0,5110,0,1,1
12,22,0,0,0,69,1,1410,0,0,1
5,9,4,0,0,10,1,10,0,1,0
11,4,5,0,0,82,1,2740,0,1,1
10,20,3,0,0,52,0,5110,0,1,1
1,12,3,0,1,16,0,10,0,0,0
13,19,5,0,0,84,0,5110,0,1,1
8,9,4,0,0,1,0,30,0,0,0
4,5,0,0,0,90,2,1140,0,1,1
1,11,3,0,1,14,1,10,0,0,0
10,19,5,0,0,88,2,2030,0,1,1
9,3,2,0,0,79,1,1000,0,0,1
7,19,5,0,0,69,1,5110,0,0,1
10,20,4,0,0,90,0,5110,0,1,1
10,1,3,0,0,67,0,5110,0,1,1
13,19,5,0,0,54,2,5110,0,1,1
11,0,6,0,0,81,0,5110,0,1,1
13,22,5,0,0,62,0,5110,0,0,1
11,20,0,0,0,96,2,5110,0,1,1
3,16,0,0,1,2,2,160,0,0,0
11,23,1,0,0,76,0,4510,0,1,1
10,4,0,0,0,64,2,4380,0,1,1
5,3,0,0,0,84,1,5090,0,1,1
3,17,1,0,1,19,1,40,0,0,0
10,19,1,0,0,52,0,5110,0,1,1
11,2,5,0,0,75,0,5110,0,1,1
10,0,5,0,0,73,1,5110,0,1,1
8,21,3,0,1,54,2,2600,0,0,1
1,14,4,0,1,12,1,2630,0,0,0
7,3,0,0,0,66,0,5100,0,1,1
11,5,1,0,0,63,1,5110,0,1,1
9,19,3,0,0,66,0,5110,0,1,1
1,13,2,0,1,3,1,10,0,0,0
7,18,1,0,0,99,2,5110,0,1,1
4,2,4,0,0,94,0,5110,0,1,1
8,15,1,0,1,17,1,10,0,0,0
2,13,1,0,1,10,0,160,0,0,0
10,3,1,0,0,70,1,5110,0,1,1
13,20,2,0,0,67,1,5110,0,1,1
1,11,1,0,1,7,1,190,0,0,0
13,1,3,0,0,66,1,5110,0,1,1
4,12,3,0,1,13,0,10,0,0,0
10,20,0,0,0,95,2,5110,0,0,1
13,2,0,0,0,64,1,1250,0,0,1
3,23,0,0,0,73,1,5110,0,1,1
11,1,0,0,0,55,1,5110,0,0,1
12,21,1,0,0,92,1,5110,0,1,1
9,20,6,0,0,69,0,4810,0,1,1
9,1,6,0,0,85,1,5110,0,1,1
9,18,3,0,0,58,2,5110,0,1,1
11,1,6,0,0,52,1,2300,0,1,1
3,12,3,0,1,5,0,10,0,0,0
5,13,0,0,0,18,2,10,0,0,0
3,0,2,0,0,84,0,5110,0,1,1
5,3,2,0,0,99,0,5110,0,0,1
1,13,4,0,0,17,0,10,0,0,0
11,23,0,0,0,76,1,1240,0,0,1
10,22,5,0,0,83,2,5110,0,1,1
2,9,0,0,0,4,0,670,0,1,0
9,22,1,0,0,79,2,5110,0,1,1
9,1,2,0,0,56,1,1300,0,0,1
10,1,4,0,0,98,0,5110,0,0,1
13,4,6,0,0,67,1,5110,0,1,1
9,21,2,0,0,94,0,5100,0,0,1
1,14,2,0,1,4,2,530,0,0,0
6,21,0,0,0,87,2,5100,0,0,1
4,14,0,0,1,5,2,10,0,0,0
13,18,4,0,0,53,0,5110,0,1,1
4,7,0,0,1,5,2,10,0,0,0
12,18,0,0,0,96,2,5110,0,1,1
11,5,0,0,1,93,2,2940,0,0,1
3,13,2,0,0,19,0,40,0,0,0
12,5,1,0,0,74,0,5110,0,1,1
12,19,0,0,0,95,1,5110,0,0,1
9,2,2,0,0,91,1,5110,0,0,1
11,5,3,0,0,99,2,5090,0,1,1
5,9,1,0,0,0,2,10,0,0,0
13,20,0,0,0,99,1,5110,0,1,1
3,15,4,0,1,10,0,10,0,0,0
13,2,0,0,0,64,2,5110,0,1,1
11,18,3,0,0,80,2,5100,0,1,1
12,0,1,0,0,55,0,4540,0,0,1
9,22,3,0,0,61,0,2020,0,1,1
9,2,1,0,0,77,2,5110,0,1,1
10,19,3,0,0,88,1,5100,0,0,1
5,16,4,0,1,14,1,90,0,0,0
4,18,5,0,1,72,2,2980,0,1,1
3,13,2,0,1,1,1,10,0,0,0
4,16,3,0,1,8,0,10,0,0,0
11,4,5,0,0,52,2,5110,0,1,1
10,3,3,0,0,88,2,2140,0,1,1
5,10,2,0,0,5,0,30,0,0,0
11,3,0,0,0,63,1,4350,0,1,1
12,2,1,0,0,93,0,5110,0,1,1
9,19,4,0,0,75,1,5110,0,0,1
11,4,3,0,0,85,0,5110,0,1,1
6,19,2,0,0,91,0,5100,0,1,1
10,3,1,0,0,75,1,5110,0,1,1
9,18,6,0,0,80,1,5110,0,1,1
3,13,1,0,0,2,2,20,0,0,0
9,2,0,0,1,54,2,2460,0,0,1
10,20,1,0,0,54,1,5110,0,1,1
10,20,0,0,0,75,0,1100,0,1,1
4,5,6,0,0,78,1,5110,0,1,1
10,19,0,0,1,92,2,1380,0,0,1
13,2,1,0,0,93,1,5110,0,0,1
12,19,1,0,0,69,0,5110,0,1,1
12,22,6,0,0,67,0,5110,0,1,1
1,11,0,0,1,12,1,30,0,0,0
9,23,5,0,0,75,0,1080,0,1,1
12,1,2,0,0,76,0,5110,0,0,1
13,22,2,0,1,52,1,2620,0,1,1
10,1,0,0,0,72,2,5110,0,1,1
12,4,4,0,1,58,2,2410,0,1,1
9,2,6,0,0,52,0,5110,0,1,1
12,3,6,0,0,81,0,5110,0,1,1
3,15,0,0,1,15,1,10,0,0,0
3,16,3,0,1,4,1,110,0,0,0
11,2,6,0,1,73,0,2440,0,0,1
13,2,4,0,0,75,2,5110,0,1,1
5,17,3,0,1,19,2,20,0,0,0
9,20,5,0,0,68,0,2030,0,1,1
5,15,2,0,1,13,1,20,0,0,0
10,10,4,0,1,9,0,60,0,0,0
12,18,6,0,0,90,2,4510,0,1,1
11,22,4,0,0,87,1,5110,0,1,1
11,18,1,0,0,82,2,5110,0,1,1
9,18,3,0,0,58,0,2470,0,0,1
11,2,5,0,0,70,1,4500,0,1,1
9,22,0,0,1,56,0,1710,0,0,1
11,1,2,0,0,60,2,2470,0,0,1
12,19,6,0,0,84,0,5110,0,1,1
9,1,3,0,1,80,2,1200,0,0,1
11,23,5,0,1,76,1,2220,0,0,1
8,0,2,0,0,69,1,5110,0,1,1
11,20,0,0,1,57,1,2260,0,1,1
12,23,2,0,0,77,2,2210,0,0,1
12,22,2,0,0,65,0,5110,0,1,1
11,2,6,0,0,84,1,5110,0,1,1
2,16,4,0,1,8,0,10,0,0,0
9,21,6,0,0,55,0,5110,0,1,1
5,2,5,0,0,98,1,5110,0,1,1
6,19,0,0,0,69,0,5100,0,1,1
3,10,3,0,1,13,1,70,0,0,0
10,2,6,0,0,90,0,5110,0,1,1
11,19,1,0,0,94,0,5110,0,1,1
9,0,1,0,1,77,2,1410,0,1,1
3,14,2,0,1,2,1,50,0,0,0
9,18,6,0,1,92,0,1220,0,1,1
10,3,0,0,0,74,0,5110,0,0,1
4,20,1,0,0,81,0,5110,0,0,1
7,21,4,0,0,57,1,5100,0,1,1
13,22,3,0,0,59,1,5100,0,1,1
9,2,4,0,0,83,0,5100,0,1,1
13,18,1,0,0,65,0,5110,0,1,1
10,4,5,0,0,63,2,1190,0,1,1
10,18,0,0,0,96,1,5110,0,1,1
4,8,1,0,1,19,2,270,0,0,0
14,23,6,0,1,83,0,40,0,1,1
7,5,2,0,0,54,2,5110,0,1,1
10,18,4,0,0,87,0,5110,0,1,1
5,11,4,0,1,19,2,40,0,0,0
11,19,5,0,0,78,0,2300,0,1,1
5,14,2,0,0,19,0,20,0,0,0
3,11,1,0,1,15,1,30,0,0,0
8,3,3,0,0,79,0,5110,0,0,1
11,3,2,0,0,54,0,1310,0,1,1
6,4,6,0,0,67,2,5110,0,0,1
9,4,5,0,0,95,2,5110,0,1,1
13,20,1,0,0,87,2,5110,0,0,1
1,10,3,0,0,9,1,20,0,0,0
13,0,5,0,0,92,1,1270,0,1,1
10,23,6,0,0,86,2,5100,0,1,1
12,0,1,0,0,64,2,5110,0,0,1
9,23,4,0,0,90,0,5110,0,1,1
12,1,2,0,0,70,2,5110,0,1,1
9,0,6,0,0,99,0,5110,0,1,1
10,23,4,0,1,90,1,1160,0,1,1
12,5,3,0,0,64,1,5110,0,1,1
11,22,2,0,0,85,2,5110,0,1,1
9,22,0,0,0,71,0,5110,0,0,1
10,0,5,0,0,86,1,5110,0,1,1
9,20,2,0,0,78,2,5110,0,0,1
9,1,4,0,0,78,0,2680,0,1,1
4,14,1,0,1,8,1,220,0,0,0
11,23,2,0,0,77,1,5110,0,0,1
7,3,0,0,0,52,1,5110,0,1,1
10,0,1,0,0,93,0,5100,0,0,1
9,20,0,0,0,52,0,5110,0,0,1
9,21,5,0,0,54,0,5110,0,1,1
6,5,2,0,0,78,2,5100,0,1,1
13,2,5,0,0,83,2,5110,0,1,1
13,21,3,0,0,98,1,5110,0,1,1
3,0,4,0,0,66,0,5110,0,1,1
12,5,2,0,0,52,1,5110,0,1,1
13,19,1,0,0,88,1,2260,0,1,1
12,5,0,0,0,85,2,5110,0,1,1
12,3,6,0,0,59,1,2280,0,1,1
12,5,5,0,0,51,0,150,0,0,1
13,2,5,0,0,69,1,5110,0,1,1
13,4,6,0,0,95,0,5110,0,0,1
9,1,6,0,0,66,0,5100,0,1,1
12,21,6,0,0,61,0,5110,0,0,1
5,13,2,0,1,15,0,10,0,0,0
5,18,1,0,0,17,2,50,0,0,0
14,18,0,0,0,87,1,40,0,1,1
10,21,1,0,0,85,1,5110,0,1,1
11,20,4,0,0,67,2,5110,0,0,1
9,4,1,0,0,63,1,5110,0,0,1
10,2,6,0,0,72,1,5110,0,1,1
3,15,2,0,1,9,1,70,0,0,0
12,19,0,0,0,89,0,5110,0,0,1
9,4,3,0,0,56,0,5100,0,1,1
12,2,0,0,0,82,1,5110,0,0,1
8,19,6,0,0,90,1,2160,0,1,1
13,18,3,0,0,73,2,2500,0,1,1
12,21,2,0,0,85,1,2660,0,1,1
13,18,4,0,0,63,0,5110,0,1,1
11,0,0,0,0,82,0,760,0,1,1
3,10,3,0,0,6,0,10,0,0,0
13,20,5,0,0,70,2,5110,0,1,1
12,21,2,0,0,65,0,5110,0,0,1
12,22,3,0,0,84,2,4660,0,1,1
5,7,2,0,0,1,1,80,0,0,0
9,4,1,0,0,62,1,2040,0,1,1
5,14,2,0,1,12,2,70,0,0,0
9,2,4,0,0,89,0,5110,0,1,1
9,21,0,0,0,73,2,5110,0,1,1
12,18,1,0,0,74,1,2430,0,1,1
14,1,5,0,0,50,1,30,0,1,1
10,0,1,0,0,88,1,2300,0,1,1
11,18,4,0,0,63,2,5110,0,1,1
2,10,2,0,1,17,1,10,0,0,0
4,7,1,0,1,10,2,30,0,0,0
13,3,4,0,1,55,0,250,0,1,1
1,16,2,0,1,12,1,10,0,0,0
4,15,4,0,1,13,1,10,0,0,0
12,3,5,0,1,70,2,2220,0,1,1
10,18,6,0,0,98,1,5110,0,0,1
9,3,1,0,0,95,0,2140,0,1,1
10,5,4,0,0,64,1,5110,0,0,1
12,1,0,0,1,94,0,1450,0,1,1
10,19,2,0,0,78,0,5110,0,1,1
11,1,2,0,0,79,1,5110,0,0,1
5,2,4,0,0,74,0,1270,0,1,1
13,1,3,0,0,66,2,5110,0,1,1
9,2,6,0,1,88,0,2050,0,1,1
2,10,0,0,0,13,2,40,0,0,0
9,0,5,0,0,55,0,5100,0,1,1
10,19,6,0,0,76,0,5100,0,0,1
13,18,2,0,0,98,2,2610,0,1,1
11,21,6,0,0,61,0,5110,0,0,1
8,12,0,0,1,9,0,20,0,0,0
13,20,3,0,0,58,2,5110,0,1,1
8,2,4,0,0,64,2,5110,0,1,1
12,1,0,0,0,54,2,950,0,0,1
12,3,4,0,0,62,0,4820,0,1,1
11,3,3,0,0,53,1,4790,0,0,1
14,1,1,0,0,94,1,20,0,1,1
7,3,6,0,0,97,1,5110,0,1,1
2,15,1,0,1,8,2,10,0,0,0
11,2,3,0,0,71,2,5100,0,1,1
2,17,0,0,1,9,1,10,0,0,0
12,22,4,0,0,73,2,5110,0,1,1
9,20,3,0,0,71,2,4790,0,1,1
13,4,6,0,0,56,1,1260,0,1,1
9,5,4,0,0,89,0,5110,0,1,1
9,3,6,0,0,59,2,1330,0,1,1
10,1,3,0,0,93,1,5110,0,1,1
9,22,2,0,0,68,0,4390,0,1,1
10,3,6,0,0,92,0,5110,0,1,1
9,3,3,0,0,99,0,5110,0,0,1
11,21,6,0,0,54,0,5100,0,1,1
12,19,3,0,0,68,2,5110,0,1,1
9,20,3,0,0,77,2,1480,0,1,1
9,20,1,0,0,98,1,5100,0,1,1
12,20,0,0,0,94,0,5110,0,1,1
5,15,2,0,1,10,0,230,0,0,0
11,1,5,0,0,95,1,5110,0,1,1
3,17,4,0,1,16,1,90,0,0,0
10,18,2,0,0,70,0,5110,0,1,1
13,21,6,0,0,67,2,5100,0,1,1
10,22,3,0,0,59,1,5110,0,1,1
10,19,2,0,0,69,1,5110,0,1,1
12,2,3,0,0,66,1,5110,0,1,1
12,20,2,0,0,71,2,5110,0,0,1
14,1,4,0,1,59,1,40,0,1,1
10,22,5,0,0,76,0,1130,0,1,1
2,7,3,0,1,2,1,80,0,0,0
10,18,5,0,0,97,0,1450,0,1,1
11,3,2,0,0,77,0,5110,0,1,1
9,2,6,0,1,91,1,1310,0,1,1
1,13,0,0,1,8,0,140,0,1,0
5,17,2,0,1,17,1,250,0,1,0
11,19,4,0,0,86,0,10,0,1,1
11,20,0,0,0,84,1,2650,0,1,1
9,4,5,0,0,92,2,2740,0,1,1
10,22,0,0,0,78,2,5110,0,1,1
13,22,5,0,0,86,2,5110,0,1,1
11,5,2,0,0,91,2,1170,0,0,1
11,2,2,0,0,99,2,5110,0,1,1
11,0,6,0,0,94,1,5110,0,1,1
9,18,5,0,0,58,0,5110,0,1,1
13,23,2,0,0,94,1,5110,0,1,1
9,1,3,0,0,97,1,5110,0,0,1
4,11,1,0,1,2,0,10,0,0,0
2,14,4,0,1,18,2,50,0,0,0
4,2,2,0,0,98,0,4470,0,1,1
9,4,0,0,0,75,1,5110,0,1,1
13,19,1,0,0,55,2,5110,0,1,1
7,21,1,0,0,55,2,5110,0,1,1
13,4,4,0,0,66,2,5110,0,1,1
13,4,5,0,0,76,1,5090,0,0,1
13,23,6,0,1,99,0,2070,0,1,1
12,0,4,0,1,68,2,230,0,1,1
9,5,4,0,0,69,1,5110,0,1,1
11,2,6,0,0,52,2,2770,0,1,1
9,5,2,0,0,64,2,1380,0,1,1
13,2,0,0,0,91,2,5100,0,1,1
10,5,5,0,0,87,1,5110,0,1,1
10,22,4,0,0,95,0,5110,0,1,1
9,20,5,0,0,63,0,5110,0,1,1
4,10,0,0,0,0,0,60,0,0,0
13,2,0,0,0,89,0,5110,0,1,1
9,22,0,0,0,99,2,5110,0,0,1
3,16,3,0,1,10,0,130,0,0,0
9,3,5,0,0,97,2,5110,0,1,1
9,3,6,0,0,86,0,5110,0,1,1
11,5,5,0,0,55,0,4500,0,1,1
1,7,0,0,1,14,1,10,0,0,0
1,9,1,0,1,3,0,10,0,0,0
9,2,2,0,1,58,0,2880,0,1,1
1,13,0,0,1,10,1,60,0,0,0
10,21,3,0,0,81,0,5100,0,1,1
11,0,0,0,0,58,2,5110,0,1,1
12,4,1,0,0,93,0,5110,0,1,1
11,22,5,0,0,65,0,5110,0,0,1
3,16,2,0,1,15,2,10,0,0,0
11,0,5,0,0,85,1,5110,0,1,1
10,1,1,0,0,89,0,5110,0,1,1
11,4,6,0,0,65,2,1430,0,1,1
12,19,5,0,0,84,1,5110,0,1,1
9,21,3,0,0,99,0,5110,0,1,1
11,22,4,0,0,76,0,4770,0,1,1
9,18,2,0,0,73,1,5110,0,1,1
1,12,1,0,0,5,2,120,0,0,0
9,4,4,0,0,94,1,5110,0,0,1
10,23,6,0,0,97,1,5110,0,1,1
13,0,4,0,0,93,0,5110,0,1,1
11,20,1,0,0,76,1,5110,0,1,1
11,5,2,0,0,85,2,2370,0,0,1
11,3,1,0,0,51,0,5100,0,0,1
11,21,6,0,0,56,1,5110,0,0,1
5,12,0,0,1,4,2,10,1,0,0
9,4,3,0,1,66,0,2380,0,0,1
2,16,2,0,1,12,2,170,0,1,0
10,19,4,0,0,85,2,5110,0,1,1
5,17,2,0,1,9,1,10,0,0,0
11,4,6,0,0,77,2,5110,0,0,1
11,0,1,0,0,76,2,5100,0,1,1
6,23,3,0,1,97,2,2180,0,1,1
12,1,5,0,0,92,2,5110,0,1,1
13,19,3,0,0,76,2,5100,0,1,1
7,22,2,0,0,70,1,4780,0,1,1
5,7,4,0,1,19,1,110,0,0,0
4,13,4,0,1,13,2,300,0,1,0
5,1,6,0,0,61,0,5110,0,1,1
12,5,5,0,0,65,0,5110,0,0,1
13,0,2,0,0,74,2,5110,0,1,1
11,18,2,0,0,58,2,5110,0,1,1
12,5,1,0,0,74,2,5110,0,1,1
9,16,2,0,0,10,1,350,0,0,0
11,15,2,0,1,16,2,30,0,0,0
1,13,3,0,1,17,1,100,0,0,0
12,0,6,0,0,89,1,5110,0,0,1
6,10,2,0,0,16,0,90,0,0,0
12,5,5,0,0,51,1,5100,0,1,1
9,18,4,0,0,72,2,5110,0,1,1
10,18,1,0,0,80,0,2000,0,0,1
9,22,5,0,0,79,1,5110,0,1,1
10,0,0,0,0,80,0,5110,0,1,1
12,1,2,0,0,90,1,5110,0,1,1
13,21,4,0,0,98,2,5110,0,0,1
9,1,3,0,0,72,0,5110,0,1,1
1,9,3,0,1,1,0,100,0,0,0
9,18,5,0,0,58,2,5110,0,1,1
12,5,3,0,0,74,0,2730,0,1,1
13,5,0,0,0,84,2,4830,0,0,1
13,21,3,0,0,62,1,5100,0,1,1
3,9,2,0,1,0,0,40,0,0,0
9,23,2,0,0,95,2,5110,0,1,1
11,20,5,0,1,89,0,2460,0,1,1
9,1,0,0,1,99,2,1130,0,1,1
10,21,2,0,0,63,1,5110,0,1,1
13,22,2,0,0,75,1,5110,0,1,1
9,18,0,0,0,71,0,2280,0,1,1
13,3,3,0,1,74,2,2590,0,0,1
12,18,3,0,0,86,1,5100,0,1,1
13,21,2,0,0,94,1,5110,0,1,1
1,9,2,0,1,16,0,20,0,0,0
3,15,3,0,1,19,1,290,0,0,0
6,1,3,0,0,69,1,5110,0,1,1
12,21,1,0,0,77,1,2800,0,1,1
2,8,4,0,0,19,0,20,0,0,0
9,21,3,0,0,84,0,1350,0,1,1
11,18,4,0,0,92,2,5110,0,1,1
4,16,0,0,1,8,2,220,0,0,0
11,4,6,0,0,54,2,5110,0,1,1
11,22,0,0,0,93,0,5080,0,0,1
11,3,3,0,0,78,2,5110,0,1,1
4,8,0,0,0,2,0,20,0,0,0
9,23,1,0,0,65,0,5110,0,1,1
11,21,5,0,0,81,1,2630,0,0,1
4,11,0,0,1,11,0,270,0,0,0
9,0,4,0,0,85,0,5110,0,1,1
12,2,2,0,0,96,0,5110,0,1,1
11,1,6,0,0,84,2,5100,0,1,1
5,15,3,0,1,17,2,10,1,1,0
11,22,0,0,0,81,0,2230,0,1,1
9,18,1,0,0,64,2,5110,0,1,1
10,0,3,0,0,80,1,5110,0,1,1
3,2,2,0,0,76,1,2070,0,0,1
5,1,0,0,0,92,0,5110,0,0,1
4,18,4,0,1,7,1,60,0,0,0
3,7,3,0,1,10,2,390,0,0,0
12,20,3,0,0,54,2,5110,0,1,1
11,4,6,0,0,62,0,2310,0,1,1
6,19,1,0,0,51,2,5110,0,1,1
9,4,4,0,0,90,1,2310,0,1,1
11,23,2,0,0,99,2,5110,0,1,1
12,23,4,0,1,65,1,1210,0,1,1
9,0,3,0,0,99,0,5110,0,0,1
12,19,5,0,0,66,0,5110,0,1,1
12,1,6,0,0,74,2,5100,0,1,1
9,16,1,0,1,9,1,30,0,0,0
10,23,2,0,0,59,0,5110,0,1,1
11,21,3,0,0,79,2,5110,0,1,1
10,0,3,0,0,50,0,5090,0,1,1
9,0,4,0,0,67,1,5110,0,1,1
2,14,3,0,1,19,1,140,0,1,0
10,4,1,0,1,57,1,1460,0,1,1
12,23,0,0,0,86,1,5110,0,1,1
11,0,6,0,0,56,0,5110,0,0,1
10,19,3,0,0,73,2,2560,0,0,1
4,1,0,0,0,90,2,5110,0,0,1
11,23,6,0,0,93,1,5110,0,0,1
10,0,3,0,0,95,2,5100,0,1,1
4,13,1,0,1,14,1,10,0,0,0
10,3,2,0,0,83,0,5110,0,1,1
4,10,2,0,0,18,1,250,0,0,0
9,21,5,0,0,85,1,1110,0,0,1
2,8,4,0,1,14,2,10,0,0,0
9,13,1,0,1,5,2,10,0,0,0
10,5,0,0,0,81,1,1310,0,1,1
11,1,1,0,0,65,0,5110,0,1,1
12,22,3,0,0,92,2,5100,0,1,1
12,20,4,0,0,68,0,5110,0,1,1
11,18,3,0,0,92,0,5110,0,1,1
10,3,5,0,0,58,0,5110,0,1,1
4,8,0,0,0,13,1,210,0,0,0
12,1,4,0,0,94,0,5110,0,0,1
11,20,5,0,0,53,2,2600,0,1,1
10,1,2,0,1,86,1,1450,0,1,1
5,22,5,0,0,52,1,5100,0,1,1
9,2,0,0,0,98,2,5110,0,1,1
7,20,2,0,0,52,0,5110,0,1,1
13,19,1,0,1,57,1,2060,0,0,1
6,2,0,0,0,70,2,5110,0,1,1
9,21,5,0,0,53,2,5110,0,1,1
9,22,5,0,0,75,2,5110,0,1,1
13,23,4,0,0,80,0,5110,0,1,1
9,0,2,0,1,50,2,2680,0,1,1
9,3,6,0,0,99,0,2490,0,1,1
7,1,1,0,0,91,0,5110,0,0,1
9,21,1,0,0,95,2,2280,0,1,1
12,3,5,0,0,92,2,5110,0,1,1
9,3,0,0,0,74,2,1480,0,1,1
10,4,0,0,0,70,0,5110,0,1,1
5,2,1,0,0,58,0,2250,0,1,1
10,5,4,0,0,58,0,5100,0,1,1
3,16,1,0,1,14,2,10,0,0,0
13,18,1,0,0,84,0,960,0,1,1
2,16,4,0,1,3,2,10,0,0,0
3,15,1,0,1,6,0,10,0,0,0
10,3,4,0,0,59,0,1050,0,1,1
10,20,3,0,0,65,1,2340,0,1,1
13,4,6,0,0,64,0,1940,0,1,1
4,17,3,0,0,3,1,450,0,0,0
10,1,6,0,0,73,1,5110,0,1,1
11,3,5,0,0,54,1,5110,0,1,1
11,2,2,0,0,80,1,160,0,1,1
3,13,0,0,1,18,1,10,0,0,0
10,21,1,0,0,53,2,5110,0,1,1
11,1,5,0,0,62,0,5090,0,1,1
12,3,1,0,0,99,1,5110,0,1,1
9,5,6,0,0,78,1,5110,0,1,1
12,18,6,0,0,55,2,5100,0,1,1
12,3,3,0,0,65,0,5100,0,0,1
13,0,5,0,1,76,0,2460,0,0,1
12,5,4,0,0,75,1,5110,0,0,1
12,21,0,0,0,90,0,5110,0,1,1
11,20,6,0,0,80,0,5110,0,1,1
13,20,2,0,0,67,1,5110,0,1,1
4,17,3,0,1,17,2,180,0,0,0
12,20,3,0,0,79,1,5110,0,1,1
10,19,4,0,0,86,0,2380,0,1,1
11,1,4,0,0,51,0,5100,0,0,1
9,5,3,0,0,79,2,5110,0,1,1
10,4,3,0,0,98,1,5110,0,1,1
5,10,0,0,1,19,2,50,0,0,0
10,15,0,0,1,7,0,90,0,0,0
1,17,3,0,1,1,0,20,0,0,0
11,5,6,0,0,53,2,2210,0,1,1
10,2,2,0,1,60,2,1170,0,1,1
9,3,1,0,0,65,0,5110,0,1,1
9,19,2,0,0,70,0,5110,0,1,1
1,9,1,0,0,14,1,10,0,0,0
3,9,2,0,1,5,0,50,0,0,0
9,20,0,0,0,97,0,5100,0,1,1
5,3,6,0,0,82,1,5110,0,0,1
12,3,1,0,0,59,1,5110,0,0,1
10,1,6,0,0,56,0,5110,0,1,1
3,8,2,0,1,2,2,10,0,0,0
10,18,6,0,0,72,2,5110,0,1,1
4,11,0,0,0,4,0,60,0,0,0
4,10,1,0,1,5,0,60,0,0,0
12,18,5,0,0,73,2,5110,0,1,1
13,23,0,0,0,56,0,5090,0,1,1
10,21,6,0,0,98,1,2490,0,1,1
12,19,3,0,0,60,1,240,0,0,1
2,9,0,0,1,15,1,10,0,0,0
1,17,2,0,1,8,0,10,0,0,0
4,8,0,0,1,0,1,70,0,0,0
7,18,2,0,0,56,2,4740,0,1,1
13,5,5,0,0,79,2,5110,0,1,1
7,20,3,0,0,51,0,5110,0,1,1
13,22,6,0,0,95,0,5110,0,1,1
13,3,4,0,0,94,1,2900,0,1,1
7,5,4,0,0,98,1,5110,0,0,1
3,7,1,0,1,4,0,80,0,0,0
10,0,3,0,1,56,0,2550,0,1,1
9,21,4,0,0,68,2,5110,0,1,1
3,4,4,0,0,80,1,4470,0,1,1
10,19,0,0,0,83,2,5110,0,1,1
12,0,3,0,0,89,1,2600,0,1,1
10,21,0,0,0,63,1,5110,0,1,1
1,10,1,0,1,15,0,80,0,0,0
9,5,1,0,0,76,1,2100,0,1,1
10,3,4,0,0,95,2,5110,0,1,1
12,21,3,0,0,56,2,5110,0,1,1
10,3,3,0,0,98,1,5110,0,1,1
12,0,2,0,0,58,1,5110,0,1,1
5,18,1,0,1,3,1,10,0,0,0
11,3,6,0,0,94,1,5110,0,1,1
13,19,0,0,1,85,1,2250,0,1,1
8,20,1,0,0,53,2,5110,0,1,1
12,5,5,0,0,57,1,5110,0,1,1
5,14,1,0,1,4,1,170,0,0,0
2,15,4,0,1,12,2,130,0,0,0
13,0,4,0,0,95,2,5110,0,0,1
11,23,3,0,0,92,0,5110,0,1,1
13,19,2,0,0,70,1,5110,0,1,1
13,22,5,0,0,92,2,5110,0,1,1
9,5,6,0,0,74,1,1050,0,1,1
10,18,3,0,0,68,2,5110,0,1,1
11,0,1,0,0,50,1,5100,0,0,1
10,1,5,0,0,97,0,5110,0,0,1
12,2,4,0,1,95,2,1360,0,0,1
5,18,3,0,0,16,1,30,0,0,0
10,5,1,0,0,73,0,5110,0,1,1
2,9,0,0,1,6,0,40,0,0,0
12,23,6,0,0,95,1,5110,0,1,1
12,19,2,0,0,78,0,5110,0,1,1
3,8,4,0,1,14,1,10,0,0,0
7,0,6,0,0,76,0,5110,0,1,1
4,23,2,0,0,96,0,1250,0,1,1
11,19,4,0,1,64,1,2840,0,1,1
2,17,0,0,1,7,0,10,0,0,0
9,21,3,0,0,75,0,5110,0,1,1
12,20,2,0,0,95,1,5110,0,1,1
11,1,3,0,0,60,2,5110,0,1,1
12,4,3,0,0,95,2,2080,0,1,1
4,1,4,0,0,88,2,5100,0,1,1
4,3,6,0,0,84,2,2300,0,1,1
3,17,4,0,1,7,1,50,0,0,0
9,8,4,0,0,19,1,210,0,0,0
9,3,5,0,0,78,0,5110,0,1,1
12,17,0,0,1,6,0,10,0,0,0
10,1,1,0,0,62,0,5110,0,0,1
10,22,0,0,0,57,1,5110,0,1,1
5,12,0,0,1,10,1,40,0,0,0
7,4,5,0,0,52,0,5110,0,1,1
11,19,1,0,0,90,0,5090,0,1,1
3,16,0,0,1,4,2,10,0,0,0
1,13,0,0,1,7,1,190,0,0,0
4,16,1,0,0,8,1,120,0,0,0
12,19,1,0,0,71,2,5110,0,1,1
9,3,2,0,0,66,2,1580,0,0,1
10,3,5,0,0,72,0,5100,0,1,1
12,4,1,0,0,87,0,5110,0,1,1
11,0,3,0,0,99,1,5110,0,1,1
12,18,0,0,0,79,2,5110,0,0,1
12,2,3,0,0,89,1,1420,0,1,1
11,21,5,0,0,76,2,5110,0,1,1
10,3,2,0,0,79,0,5100,0,1,1
13,5,6,0,0,72,0,1260,0,1,1
7,3,0,0,0,94,1,5110,0,1,1
11,21,4,0,0,57,1,5080,0,1,1
8,5,1,0,0,88,0,5110,0,1,1
11,18,4,0,0,52,2,4490,0,1,1
9,21,0,0,0,61,2,5110,0,0,1
11,5,2,0,0,64,0,5110,0,0,1
13,23,6,0,0,92,2,5110,0,1,1
13,18,6,0,0,96,0,5110,0,1,1
9,3,0,0,0,80,0,2350,0,1,1
13,23,6,0,0,67,0,5110,0,0,1
12,23,3,0,0,95,2,5110,0,0,1
5,18,6,0,0,75,2,2150,0,1,1
12,2,6,0,0,75,0,1060,0,1,1
12,20,4,0,0,56,2,5110,0,1,1
13,23,6,0,0,59,2,5100,0,0,1
8,0,5,0,1,59,0,40,0,1,1
11,1,5,0,0,74,0,5110,0,1,1
5,8,1,0,1,17,2,10,0,0,0
3,21,4,0,0,73,1,5110,0,1,1
4,13,3,0,0,7,2,80,0,0,0
12,18,0,0,0,87,2,4800,0,1,1
12,19,5,0,0,53,1,1160,0,1,1
10,3,2,0,0,93,0,5100,0,1,1
10,22,6,0,0,70,2,5110,0,0,1
10,5,5,0,0,58,0,4580,0,1,1
5,4,0,0,0,68,2,5100,0,0,1
8,18,6,0,0,79,1,5110,0,1,1
13,19,1,0,0,61,0,5110,0,1,1
11,21,6,0,0,84,2,5110,0,1,1
13,0,6,0,0,79,1,5110,0,0,1
11,5,2,0,0,87,0,5110,0,1,1
12,23,4,0,0,65,0,1490,0,0,1
4,18,4,0,1,9,2,300,0,0,0
12,0,5,0,0,53,0,5110,0,1,1
12,5,3,0,0,99,1,1020,0,1,1
11,2,2,0,0,63,2,5110,0,1,1
9,20,6,0,0,96,0,1290,0,1,1
12,23,2,0,0,68,2,5110,0,0,1
1,18,4,0,0,2,0,340,0,0,0
9,1,4,0,0,83,1,5110,0,0,1
11,2,3,0,0,79,1,2940,0,1,1
13,0,6,0,1,75,2,1460,0,1,1
6,20,1,0,0,99,2,4660,0,1,1
10,2,4,0,0,64,2,5110,0,1,1
7,21,1,0,0,96,2,5110,0,1,1
13,0,5,0,0,81,2,5110,0,1,1
13,5,3,0,0,54,2,1190,0,1,1
11,1,3,0,0,86,2,5110,0,1,1
12,21,6,0,0,69,1,5110,0,1,1
9,21,6,0,0,72,0,5110,0,1,1
9,1,0,0,0,51,2,5110,0,1,1
4,7,2,0,1,10,2,10,0,0,0
11,20,2,0,0,98,1,5110,0,1,1
11,5,2,0,0,95,1,5110,0,1,1
9,2,4,0,0,53,1,4430,0,0,1
13,20,1,0,0,88,2,5110,0,1,1
10,23,0,0,0,50,1,5110,0,1,1
10,23,0,0,0,65,1,5110,0,1,1
7,9,0,0,1,3,1,30,0,0,0
2,13,3,0,1,1,1,10,0,0,0
12,3,6,0,0,87,2,5110,0,1,1
11,22,4,0,0,65,2,5110,0,0,1
12,0,3,0,0,80,2,1400,0,1,1
5,8,4,0,1,15,0,30,0,0,0
9,2,1,0,0,64,2,5110,0,1,1
13,18,4,0,0,57,0,5110,0,1,1
13,2,2,0,0,61,2,2080,0,1,1
3,7,4,0,1,19,2,10,0,0,0
10,3,3,0,0,58,0,5110,0,0,1
11,1,3,0,0,99,1,5110,0,1,1
13,18,6,0,0,73,1,5110,0,1,1
10,5,0,0,0,51,1,5110,0,1,1
9,19,4,0,0,61,1,2620,0,0,1
12,20,2,0,0,80,0,5110,0,1,1
12,18,3,0,0,60,2,730,0,0,1
1,12,4,0,1,13,1,110,0,0,0
9,2,3,0,1,54,2,2560,0,1,1
12,19,0,0,0,84,1,1110,0,1,1
13,20,5,0,1,85,0,1090,0,1,1
12,21,3,0,0,99,0,5110,0,1,1
13,0,6,0,0,87,2,5110,0,1,1
2,8,0,0,1,6,1,210,0,0,0
12,1,0,0,0,88,1,5110,0,1,1
10,0,2,0,0,54,1,5110,0,0,1
13,5,6,0,1,79,0,1080,0,1,1
12,22,3,0,0,69,2,4640,0,1,1
11,23,6,0,0,69,0,5110,0,1,1
12,21,4,0,0,54,1,1240,0,0,1
12,19,3,0,0,50,1,5100,0,1,1
9,22,2,0,0,67,2,5110,0,0,1
2,10,1,0,0,6,1,10,0,0,0
5,9,3,0,1,12,2,70,0,0,0
11,22,3,0,0,95,0,5100,0,1,1
11,3,4,0,0,78,0,5110,0,1,1
5,1,4,0,0,74,2,5110,0,1,1
11,3,4,0,0,67,2,5110,0,1,1
13,21,4,0,0,82,0,5110,0,1,1
12,1,6,0,0,77,0,5110,0,1,1
12,2,4,0,0,68,2,5110,0,0,1
5,4,5,0,0,61,0,5110,0,1,1
9,22,4,0,0,53,0,5110,0,1,1
12,5,1,0,0,59,2,5110,0,1,1
12,22,0,0,0,68,2,5110,0,0,1
9,1,4,0,0,74,2,5110,0,1,1
4,3,5,0,0,81,2,5110,0,1,1
13,4,4,0,0,82,1,5100,0,1,1
11,22,4,0,0,82,2,5110,0,1,1
1,16,0,0,1,2,0,100,0,0,0
10,5,6,0,0,56,2,5110,0,1,1
11,2,3,0,0,70,2,5100,0,1,1
5,14,1,0,1,11,2,10,0,0,0
11,3,4,0,0,61,2,5110,0,1,1
10,4,1,0,0,59,1,5110,0,0,1
10,19,6,0,0,99,0,5110,0,1,1
13,5,1,0,0,72,0,5110,0,1,1
10,22,4,0,0,87,1,5110,0,1,1
9,19,5,0,0,60,2,250,0,0,1
1,7,4,0,0,17,0,10,0,0,0
11,4,3,0,0,51,1,5110,0,1,1
11,5,6,0,1,86,2,2270,0,1,1
9,9,3,0,1,6,2,60,0,0,0
4,11,1,0,1,5,2,10,0,0,0
7,3,2,0,0,75,1,1310,0,0,1
13,4,6,0,0,82,2,10,0,1,1
10,22,1,0,0,99,0,1270,0,1,1
10,21,6,0,0,90,1,4620,0,0,1
5,7,2,0,1,15,2,60,0,0,0
9,20,0,0,1,89,2,2950,0,0,1
3,15,2,0,1,9,1,10,0,0,0
10,1,4,0,0,76,0,2710,0,1,1
10,19,0,0,0,50,1,5110,0,1,1
12,1,5,0,0,82,0,5110,0,0,1
10,23,3,0,0,99,2,5110,0,1,1
5,4,3,0,0,59,2,5110,0,1,1
5,18,4,0,0,56,0,5110,0,1,1
12,3,3,0,0,93,2,5100,0,0,1
11,21,3,0,0,76,1,2930,0,1,1
13,3,5,0,0,93,1,5090,0,1,1
1,9,3,0,1,2,1,10,0,0,0
10,2,0,0,1,68,1,1480,0,1,1
8,12,4,0,1,1,0,10,0,0,0
6,0,4,0,0,79,1,5110,0,0,1
9,19,4,0,0,88,1,5110,0,1,1
5,19,0,0,0,52,0,5110,0,1,1
12,20,4,0,0,75,2,5100,0,1,1
5,10,4,0,1,10,1,640,0,0,0
7,4,5,0,0,73,0,5110,0,1,1
10,19,1,0,0,52,2,5110,0,0,1
4,9,2,0,0,13,1,70,0,0,0
1,13,3,0,1,6,0,10,0,0,0
11,22,2,0,0,84,0,5090,0,1,1
11,2,3,0,0,98,2,5110,0,1,1
11,4,6,0,0,94,2,5110,0,1,1
5,12,4,0,0,1,0,40,0,0,0
13,3,1,0,0,77,1,5110,0,1,1
4,11,3,0,1,11,2,30,0,1,0
11,0,4,0,0,79,2,5110,0,1,1
13,3,0,0,1,58,1,2600,0,1,1
10,18,6,0,1,56,0,2460,0,1,1
13,0,6,0,0,52,1,2750,0,0,1
11,18,5,0,0,74,2,5110,0,0,1
13,2,2,0,0,93,2,5110,0,1,1
11,2,4,0,0,84,2,2940,0,1,1
4,13,3,0,0,1,0,30,0,0,0
6,18,5,0,0,88,2,5110,0,1,1
5,18,4,0,1,19,0,250,0,0,0
10,23,4,0,0,61,1,5110,0,1,1
10,2,4,0,0,95,1,5110,0,1,1
8,23,1,0,0,92,2,2210,0,0,1
11,1,6,0,0,56,1,5110,0,1,1
9,23,5,0,0,65,0,5110,0,1,1
12,2,1,0,0,66,1,1210,0,1,1
4,15,2,0,1,19,2,20,0,0,0
12,19,1,0,0,71,0,5110,0,1,1
13,23,3,0,0,72,2,5090,0,1,1
11,4,6,0,0,65,1,5110,0,1,1
10,20,2,0,0,80,1,5110,0,1,1
4,9,4,0,1,12,2,70,0,0,0
11,4,4,0,0,83,2,5110,0,1,1
2,9,4,0,1,0,0,250,0,0,0
10,1,5,0,0,82,1,5110,0,1,1
11,2,3,0,0,85,0,5100,0,0,1
10,2,2,0,0,54,0,2210,0,1,1
7,18,0,0,0,56,2,5110,0,1,1
13,2,0,0,0,96,2,5110,0,1,1
9,0,1,0,1,77,0,1030,0,1,1
12,3,4,0,0,60,2,5110,0,1,1
2,15,2,0,1,13,0,10,0,0,0
10,5,1,0,0,76,0,1230,0,1,1
5,0,1,0,0,51,2,5110,0,1,1
11,18,0,0,0,61,1,5110,0,1,1
5,0,1,0,0,57,0,5080,0,1,1
14,2,4,0,1,93,2,20,0,1,1
9,23,6,0,0,73,1,5110,0,1,1
9,5,1,0,1,95,2,1020,0,1,1
4,10,1,0,1,8,2,130,0,0,0
12,22,4,0,0,60,2,5110,0,0,1
12,3,3,0,0,99,1,5110,0,1,1
13,19,1,0,0,88,1,5110,0,1,1
9,3,0,0,0,68,1,5110,0,1,1
5,0,4,0,0,85,2,1010,0,1,1
11,19,4,0,0,89,2,5110,0,1,1
7,3,6,0,0,93,2,4360,0,1,1
8,2,3,0,0,87,2,5110,0,1,1
9,1,0,0,0,75,2,5110,0,1,1
9,22,6,0,1,63,2,1060,0,1,1
9,1,4,0,0,81,1,5110,0,0,1
10,14,3,0,1,7,0,20,0,0,0
12,22,0,0,0,67,0,1200,0,1,1
1,12,4,0,1,6,1,20,0,0,0
12,22,6,0,0,69,0,5110,0,1,1
5,3,1,0,0,93,2,5110,0,1,1
1,11,1,0,1,11,1,90,0,0,0
13,2,6,0,1,80,0,1260,0,1,1
13,1,3,0,0,83,0,5110,0,1,1
12,20,4,0,0,66,0,5110,0,1,1
13,22,1,0,0,84,1,5110,0,1,1
11,2,2,0,0,57,0,5110,0,1,1
5,23,1,0,0,58,1,1210,0,1,1
9,0,4,0,0,57,0,5110,0,1,1
9,22,0,0,0,72,2,5110,0,1,1
9,4,5,0,0,90,1,5110,0,1,1
6,8,4,0,0,4,1,60,0,0,0
3,10,4,0,1,4,1,140,0,0,0
1,10,4,0,1,4,0,40,0,0,0
13,20,3,0,0,62,0,5110,0,1,1
5,10,4,0,1,6,1,10,0,0,0
11,19,4,0,0,80,1,5110,0,0,1
2,8,2,0,1,5,0,10,0,0,0
13,18,3,0,1,58,0,2050,0,1,1
9,5,1,0,0,97,0,5110,0,0,1
5,18,4,0,0,91,1,5100,0,1,1
10,3,3,0,0,97,2,2040,0,1,1
13,21,1,0,0,58,2,5110,0,1,1
11,22,2,0,0,85,2,5110,0,1,1
11,2,4,0,0,71,0,5110,0,1,1
10,23,4,0,0,59,1,5110,0,0,1
10,17,2,0,0,16,1,70,0,0,0
10,5,1,0,1,80,2,2950,0,1,1
9,22,6,0,0,87,0,4480,0,1,1
11,23,3,0,0,76,2,5100,0,1,1
3,17,2,0,0,2,1,10,0,0,0
12,3,6,0,0,66,2,5110,0,1,1
13,2,3,0,0,64,0,5100,0,0,1
12,2,6,0,0,73,2,2770,0,1,1
12,5,0,0,0,75,1,5110,0,1,1
11,0,0,0,0,82,0,1410,0,0,1
9,20,4,0,0,62,2,5100,0,0,1
10,1,2,0,0,75,0,5100,0,1,1
4,3,4,0,0,61,0,5100,0,1,1
1,14,1,0,0,8,2,10,0,0,0
1,9,2,0,0,0,1,30,0,0,0
9,3,2,0,0,87,2,5110,0,0,1
13,4,2,0,0,98,2,5110,0,0,1
5,13,1,0,1,4,0,150,0,0,0
11,19,2,0,0,69,2,5110,0,1,1
9,22,2,0,0,64,2,2740,0,0,1
1,9,1,0,1,19,0,10,0,0,0
11,0,4,0,0,92,1,5110,0,1,1
3,11,3,0,1,11,0,10,0,0,0
3,18,1,0,1,17,2,150,0,0,0
9,4,5,0,0,70,0,1090,0,1,1
13,22,4,0,0,87,0,5100,0,1,1
10,18,2,0,0,75,1,4810,0,1,1
9,2,3,0,0,57,2,5110,0,1,1
10,23,0,0,0,59,0,5110,0,1,1
9,1,0,0,0,97,1,5110,0,1,1
1,16,2,0,0,15,1,20,0,0,0
9,21,5,0,0,76,0,5110,0,0,1
11,7,1,0,1,2,2,50,0,0,0
1,14,3,0,1,17,1,120,0,0,0
11,18,2,0,0,73,2,5100,0,1,1
4,17,0,0,1,5,1,90,0,0,0
10,2,5,0,0,55,0,1320,0,1,1
8,2,5,0,0,63,0,5110,0,1,1
11,23,4,0,0,58,2,5110,0,1,1
4,9,4,0,1,3,0,70,0,0,0
2,15,4,0,1,14,1,350,0,0,0
13,22,5,0,0,72,1,5110,0,1,1
5,3,3,0,0,88,1,1160,0,1,1
12,22,4,0,0,63,0,5110,0,1,1
12,19,6,0,0,77,0,5110,0,1,1
10,18,2,0,0,70,0,5110,0,1,1
4,14,3,0,1,7,2,10,0,0,0
10,5,4,0,0,50,0,5110,0,1,1
12,20,5,0,0,55,0,5110,0,1,1
10,21,2,0,0,79,0,5110,0,1,1
10,9,0,0,1,15,1,150,0,0,0
4,13,4,0,1,1,2,10,0,0,0
13,3,1,0,0,64,1,5110,0,0,1
13,4,2,0,0,61,1,5100,0,1,1
11,22,5,0,0,78,1,5110,0,0,1
4,18,0,0,0,86,0,4560,0,1,1
11,21,2,0,0,81,2,5110,0,0,1
7,18,2,0,0,55,0,5110,0,1,1
9,18,2,0,0,64,1,5110,0,1,1
9,22,0,0,0,52,1,2030,0,1,1
5,9,3,0,1,8,1,10,0,0,0
12,1,2,0,0,76,0,5110,0,0,1
10,4,4,0,0,85,2,2240,0,1,1
2,16,1,0,1,8,0,180,0,0,0
5,12,2,0,1,17,0,40,0,0,0
11,5,2,0,0,94,1,2970,0,1,1
1,12,4,0,1,8,2,30,0,0,0
10,4,3,0,0,82,1,1080,0,1,1
5,16,3,0,1,6,0,690,0,1,0
11,2,5,0,0,68,0,5110,0,1,1
10,19,1,0,0,86,2,5110,0,1,1
9,19,5,0,0,97,1,5100,0,1,1
11,21,2,0,0,96,0,5110,0,1,1
13,1,5,0,0,82,2,2120,0,1,1
5,4,1,0,0,56,0,5110,0,1,1
5,16,2,0,1,6,1,150,0,0,0
13,19,4,0,0,63,0,5110,0,0,1
1,9,2,0,1,7,0,200,0,0,0
9,23,2,0,1,54,1,2560,0,1,1
5,9,0,0,0,16,2,50,0,0,0
5,17,4,0,0,5,2,750,0,0,0
9,23,0,0,0,63,1,5110,0,0,1
2,11,0,0,1,14,1,180,0,0,0
1,15,2,0,1,9,1,40,0,0,0
11,18,5,0,0,51,0,5110,0,1,1
6,3,0,0,0,80,0,5110,0,1,1
9,3,3,0,0,69,1,5110,0,1,1
10,4,5,0,0,59,1,5110,0,1,1
13,21,4,0,0,88,2,4500,0,1,1
8,0,0,0,1,64,0,2050,0,0,1
9,20,1,0,0,71,0,5110,0,1,1
9,19,4,0,0,96,2,4510,0,1,1
1,9,2,0,1,8,1,20,0,0,0
12,23,0,0,0,55,1,5110,0,0,1
12,18,3,0,0,88,1,5110,0,1,1
9,4,5,0,0,50,1,5110,0,1,1
12,20,3,0,0,73,0,1080,0,1,1
4,11,3,0,0,17,2,60,0,0,0
13,21,4,0,0,58,1,5110,0,1,1
12,22,6,0,0,59,2,5110,0,1,1
4,8,2,0,1,8,0,50,0,0,0
4,13,1,0,1,6,2,10,0,0,0
9,2,1,0,0,76,1,5110,0,1,1
11,1,6,0,0,58,1,5110,0,1,1
2,18,4,0,1,4,0,40,0,0,0
9,23,4,0,0,98,0,5110,0,1,1
12,3,0,0,0,62,1,5110,0,1,1
10,19,3,0,1,88,1,2460,0,1,1
12,20,3,0,0,84,0,2900,0,1,1
11,3,6,0,0,84,1,1370,0,1,1
8,18,5,0,0,73,2,5110,0,0,1
12,1,4,0,0,71,0,5110,0,1,1
9,5,5,0,0,69,2,1070,0,1,1
10,15,1,0,1,4,2,40,0,0,0
13,19,0,0,0,91,2,5110,0,0,1
4,0,2,0,0,90,1,5110,0,1,1
11,21,0,0,0,68,2,4780,0,0,1
6,0,0,0,0,82,1,5110,0,1,1
11,1,4,0,0,50,2,1060,0,1,1
4,20,4,0,0,81,2,2740,0,0,1
11,23,6,0,0,75,2,2150,0,1,1
10,4,1,0,0,77,2,5110,0,1,1
12,21,3,0,0,62,1,5110,0,1,1
13,1,4,0,0,96,0,5110,0,0,1
2,11,4,0,1,3,0,30,0,0,0
5,23,5,0,0,58,1,5110,0,1,1
5,20,1,0,0,69,0,5110,0,1,1
10,4,2,0,0,66,0,5110,0,1,1
9,5,1,0,0,84,1,5110,0,0,1
10,18,2,0,1,50,1,1070,0,1,1
11,0,6,0,0,81,2,5110,0,1,1
10,20,2,0,0,51,1,5110,0,1,1
12,1,0,0,0,85,2,20,0,0,1
9,1,3,0,1,68,2,2660,0,1,1
10,18,6,0,0,62,2,5110,0,1,1
13,4,3,0,0,92,0,5110,0,0,1
12,19,3,0,0,88,0,5110,0,1,1
6,18,2,0,0,64,1,2490,0,1,1
9,23,5,0,0,93,2,5100,0,1,1
12,3,6,0,0,53,1,5110,0,1,1
10,1,5,0,0,61,2,2070,0,0,1
12,4,0,0,0,97,1,5110,0,1,1
11,23,2,0,0,76,2,1090,0,0,1
10,21,1,0,0,88,0,5100,0,1,1
12,23,2,0,0,85,2,2280,0,1,1
10,4,2,0,0,73,0,5110,0,0,1
7,3,0,0,0,73,0,5110,0,1,1
5,1,2,0,0,79,1,2660,0,1,1
10,5,5,0,0,99,2,5110,0,1,1
1,9,4,0,1,15,2,30,0,0,0
7,15,0,0,0,13,2,10,0,0,0
9,5,6,0,0,53,2,5110,0,1,1
12,5,4,0,0,62,1,5110,0,1,1
11,19,3,0,0,71,2,2330,0,1,1
5,18,6,0,0,95,1,5110,0,1,1
10,1,5,0,0,93,2,960,0,0,1
1,9,1,0,1,5,2,300,0,0,0
13,20,0,0,0,78,0,5110,0,1,1
12,3,3,0,0,70,2,5110,0,0,1
6,0,1,0,0,73,1,5110,0,1,1
3,11,1,0,1,11,1,50,0,0,0
11,2,4,0,0,72,0,5110,0,1,1
12,21,0,0,0,52,0,5110,0,0,1
6,18,0,0,0,75,0,5110,0,1,1
13,5,5,0,0,77,1,5110,0,1,1
13,23,3,0,0,70,2,5110,0,0,1
10,19,0,0,0,93,0,5110,0,1,1
12,0,1,0,1,54,2,2740,0,1,1
13,23,1,0,0,50,2,5100,0,1,1
13,3,4,0,0,52,0,2140,0,1,1
13,22,3,0,0,96,1,5110,0,1,1
11,1,3,0,0,63,0,5110,0,0,1
5,3,4,0,0,84,2,5110,0,0,1
11,2,3,0,0,65,1,2040,0,1,1
1,9,0,0,0,12,2,10,0,0,0
9,2,0,0,0,82,2,1990,0,1,1
3,9,1,0,0,9,2,70,0,1,0
12,22,0,0,1,61,1,2350,0,1,1
9,21,3,0,0,78,0,5110,0,1,1
11,2,0,0,0,81,2,5110,0,1,1
11,5,3,0,0,91,0,5100,0,0,1
9,19,5,0,0,67,0,5110,0,1,1
13,4,4,0,0,57,1,1390,0,0,1
12,20,2,0,0,62,0,4450,0,1,1
13,5,3,0,0,86,1,1240,0,1,1
5,22,6,0,0,71,1,5110,0,1,1
3,17,2,0,1,12,2,10,0,0,0
9,1,6,0,0,82,2,5110,0,0,1
10,5,3,0,0,53,0,5110,0,0,1
7,3,4,0,0,79,0,5110,0,1,1
13,23,3,0,0,64,2,5110,0,1,1
5,13,0,0,1,8,2,10,0,0,0
11,3,5,0,0,89,2,5110,0,0,1
13,20,1,0,1,78,0,2080,0,0,1
12,0,6,0,0,58,2,5110,0,1,1
5,15,0,0,0,19,0,60,0,0,0
11,22,4,0,0,61,2,5110,0,1,1
9,3,0,0,0,82,0,5110,0,1,1
2,16,1,0,1,0,0,50,0,0,0
10,23,5,0,0,84,2,5110,0,1,1
12,0,6,0,0,62,0,5100,0,0,1
11,2,2,0,0,63,0,5110,0,1,1
13,5,6,0,0,63,0,1130,0,0,1
4,8,4,0,0,16,0,10,0,0,0
11,18,3,0,0,56,2,5110,0,1,1
7,23,3,0,0,80,1,5110,0,1,1
9,18,5,0,0,78,2,10,0,1,1
12,5,0,0,0,99,2,5090,0,1,1
11,21,4,0,0,89,0,4370,0,0,1
11,21,5,0,0,61,2,1800,0,1,1
13,0,4,0,0,87,0,5110,0,0,1
4,9,0,0,0,9,2,80,0,0,0
5,10,2,0,1,17,2,10,0,0,0
13,1,5,0,1,93,2,1070,0,1,1
11,20,4,0,0,97,1,5110,0,1,1
6,23,2,0,0,82,1,5100,0,1,1
13,3,1,0,0,95,1,5110,0,0,1
12,18,4,0,0,85,1,5110,0,0,1
13,0,5,0,0,53,1,5100,0,1,1
12,0,4,0,0,77,0,5110,0,1,1
4,18,4,0,1,2,0,120,0,0,0
5,10,4,0,0,4,1,40,0,0,0
3,13,1,0,1,17,1,20,0,0,0
10,1,6,0,0,87,1,2290,0,1,1
9,22,1,0,0,64,0,2000,0,1,1
11,21,3,0,0,56,0,1470,0,0,1
12,18,6,0,0,59,1,5110,0,1,1
9,19,4,0,1,63,0,1250,0,1,1
9,21,5,0,0,79,1,2250,0,1,1
10,3,5,0,0,85,1,1400,0,1,1
12,20,3,0,0,53,2,5110,0,1,1
11,3,2,0,0,79,2,5110,0,1,1
9,20,6,0,0,53,0,5110,0,0,1
9,21,6,0,0,64,0,4660,0,1,1
11,5,1,0,0,65,2,5110,0,1,1
2,12,2,0,1,12,2,50,0,0,0
9,23,1,0,0,82,2,5110,0,1,1
2,7,3,0,1,6,0,80,0,0,0
3,15,1,0,1,5,2,210,0,0,0
11,0,2,0,0,62,2,2120,0,1,1
7,2,5,0,0,82,2,5110,0,1,1
6,1,1,0,0,93,2,5100,0,1,1
9,2,4,0,0,75,0,5110,0,1,1
9,11,0,0,0,4,0,10,0,0,0
12,2,5,0,0,92,2,3000,0,1,1
5,8,3,0,1,17,2,100,0,0,0
3,17,4,0,1,13,0,130,0,0,0
9,20,2,0,0,58,2,5110,0,1,1
5,1,3,0,0,54,2,5110,0,1,1
11,4,2,0,0,77,2,5110,0,1,1
12,4,2,0,0,55,2,5110,0,1,1
10,3,5,0,0,51,0,2920,0,1,1
6,22,1,0,0,81,0,5110,0,1,1
5,17,2,0,1,17,0,10,0,0,0
1,11,1,0,0,11,2,10,0,0,0
1,15,2,0,1,0,1,10,0,0,0
10,18,0,0,0,50,2,5110,0,0,1
12,20,2,0,0,60,0,5100,0,1,1
5,8,3,0,0,16,1,130,0,0,0
9,3,3,0,0,83,0,5110,0,1,1
9,1,2,0,0,99,1,5110,0,1,1
5,2,2,0,0,57,1,5110,0,1,1
6,2,0,0,0,54,1,5110,0,0,1
2,8,4,0,1,10,0,110,0,0,0
9,23,2,0,0,96,2,4860,0,1,1
9,0,6,0,0,70,2,1450,0,1,1
12,22,6,0,0,68,1,5110,0,1,1
2,7,0,0,1,2,2,10,0,0,0
5,18,6,0,0,78,1,5110,0,1,1
10,21,3,0,0,98,0,5110,0,1,1
5,2,3,0,0,56,0,5110,0,1,1
9,23,6,0,1,91,2,2440,0,1,1
12,4,1,0,0,51,0,4560,0,1,1
13,3,2,0,0,93,0,5110,0,1,1
6,21,2,0,0,61,2,5110,0,1,1
11,5,0,0,1,91,1,1350,0,1,1
11,5,0,0,0,94,1,2520,0,0,1
9,22,3,0,0,66,0,2880,0,1,1
12,5,1,0,0,55,1,1200,0,0,1
12,23,0,0,0,76,2,5110,0,0,1
12,5,0,0,0,55,1,5110,0,1,1
6,21,3,0,0,90,0,4370,0,1,1
9,5,6,0,0,80,0,5110,0,1,1
9,19,3,0,0,92,1,5110,0,0,1
6,23,5,0,0,55,0,1260,0,1,1
13,0,4,0,0,88,2,2300,0,1,1
11,23,3,0,0,90,2,1160,0,1,1
12,5,5,0,0,89,0,5110,0,1,1
4,16,1,0,1,3,0,10,0,1,0
5,4,1,0,0,91,1,5110,0,1,1
9,19,3,0,0,54,1,1400,0,1,1
1,14,1,0,1,12,1,10,0,0,0
13,1,2,0,0,55,1,4800,0,1,1
9,23,2,0,0,67,1,5110,0,0,1
4,12,0,0,1,12,1,10,0,0,0
2,14,0,0,1,1,2,20,0,0,0
9,0,2,0,0,67,0,1020,0,1,1
12,21,6,0,0,62,0,2080,0,0,1
9,2,6,0,0,84,2,5110,0,1,1
13,1,5,0,0,71,0,5110,0,1,1
9,1,3,0,0,89,2,5110,0,1,1
13,3,4,0,0,62,2,1010,0,1,1
9,2,1,0,0,70,2,5110,0,0,1
3,18,2,0,1,0,0,140,0,0,0
5,10,3,0,1,12,1,50,0,0,0
3,5,5,0,0,64,2,5110,0,0,1
13,18,4,0,0,72,0,5110,0,1,1
8,21,4,0,0,51,1,5110,0,1,1
10,0,3,0,0,51,0,5110,0,0,1
9,4,5,0,0,57,1,5090,0,1,1
2,17,2,0,1,18,2,10,0,0,0
10,3,4,0,0,91,2,5110,0,1,1
13,5,6,0,0,71,0,1160,0,1,1
5,16,3,0,0,12,2,10,0,0,0
9,19,5,0,0,61,2,5110,0,1,1
12,5,2,0,0,85,2,5110,0,1,1
5,8,2,0,0,2,1,30,0,0,0
11,23,4,0,0,86,0,5100,0,1,1
10,1,6,0,0,76,1,5110,0,1,1
11,18,1,0,1,65,2,2610,0,1,1
6,19,5,0,0,50,2,5110,0,1,1
13,3,0,0,0,84,0,1210,0,1,1
13,4,0,0,0,77,0,2330,0,1,1
13,18,3,0,0,88,1,2640,0,1,1
13,3,0,0,0,94,1,5110,0,0,1
2,17,4,0,1,4,0,970,0,0,0
11,20,3,0,0,98,2,5110,0,1,1
9,22,6,0,0,86,0,5110,0,0,1
10,1,6,0,0,62,0,2330,0,1,1
11,4,0,0,0,74,1,5110,0,0,1
13,22,5,0,0,78,1,5110,0,1,1
5,0,5,0,0,82,1,5110,0,0,1
12,2,0,0,0,68,1,5110,0,1,1
5,17,3,0,0,6,2,190,0,0,0
11,5,1,0,0,75,0,5110,0,0,1
10,22,4,0,1,64,1,2890,0,1,1
9,20,0,0,0,53,2,5110,0,1,1
4,18,0,0,1,6,0,270,0,0,0
9,5,0,0,0,96,2,5100,0,1,1
9,5,0,0,0,58,2,5110,0,1,1
13,4,0,0,0,74,1,5110,0,1,1
11,23,6,0,0,92,1,5110,0,1,1
10,22,3,0,0,76,0,5110,0,1,1
11,2,1,0,0,54,2,5110,0,1,1
11,2,5,0,0,92,0,5110,0,0,1
9,18,1,0,0,66,0,2130,0,1,1
11,18,5,0,0,70,1,5110,0,1,1
13,2,4,0,0,63,0,1390,0,1,1
9,19,6,0,0,85,0,5110,0,1,1
12,2,2,0,0,79,0,5110,0,1,1
11,2,0,0,0,59,1,5110,0,1,1
9,23,1,0,0,55,0,5110,0,1,1
9,4,6,0,0,90,1,5110,0,0,1
9,21,6,0,0,73,1,2820,0,1,1
5,14,4,0,1,16,2,30,0,0,0
12,23,1,0,1,77,2,2860,0,1,1
4,15,1,0,1,6,2,130,0,0,0
13,18,1,0,0,60,1,5110,0,1,1
12,1,6,0,0,89,0,5110,0,1,1
13,4,0,0,0,62,1,4570,0,1,1
12,18,2,0,0,84,1,5110,0,1,1
8,4,3,0,0,91,0,5110,0,1,1
10,0,1,0,1,52,2,1230,0,1,1
11,0,2,0,0,72,0,5110,0,1,1
7,22,0,0,0,94,0,5110,0,0,1
10,19,6,0,0,57,1,5110,0,1,1
11,3,0,0,0,53,0,5110,0,0,1
2,17,0,0,1,7,2,10,0,0,0
13,18,4,0,0,73,1,10,0,1,1
1,14,2,0,1,17,2,40,0,0,0
5,10,0,0,1,18,0,200,0,0,0
9,18,0,0,0,61,1,5110,0,0,1
13,4,1,0,0,75,2,4360,0,1,1
5,7,4,0,1,8,1,70,0,0,0
9,21,6,0,1,87,0,2960,0,1,1
11,2,0,0,0,76,0,2940,0,0,1
8,7,4,0,1,8,1,10,0,0,0
9,19,4,0,0,51,1,5110,0,1,1
12,4,2,0,0,75,1,2600,0,1,1
10,2,5,0,0,92,2,5110,0,0,1
9,2,4,0,0,98,0,5110,0,0,1
13,3,5,0,0,99,2,5110,0,1,1
9,1,2,0,0,75,0,5110,0,1,1
9,3,3,0,0,95,2,5110,0,1,1
9,10,2,0,0,9,2,10,0,0,0
4,9,1,0,1,7,1,10,0,0,0
9,3,5,0,1,86,1,1080,0,1,1
10,22,6,0,0,96,2,20,0,1,1
11,0,0,0,0,58,2,5110,0,1,1
8,10,3,0,1,3,2,50,0,0,0
11,2,2,0,1,79,1,1090,0,1,1
13,5,0,0,1,96,0,2600,0,1,1
13,18,3,0,1,57,2,20,0,1,1
9,21,4,0,1,50,2,1040,0,1,1
10,23,3,0,0,93,0,5110,0,1,1
11,2,2,0,0,74,1,5110,0,1,1
9,8,3,0,1,2,2,30,0,0,0
2,18,3,0,1,6,2,10,0,0,0
9,21,2,0,1,98,0,2080,0,1,1
12,23,0,0,1,56,1,2240,0,1,1
10,22,3,0,0,55,1,2200,0,0,1
5,18,2,0,1,0,0,150,0,0,0
9,3,1,0,0,50,0,5110,0,1,1
5,7,0,0,1,6,1,140,0,0,0
10,5,6,0,0,74,1,5110,0,1,1
10,1,4,0,0,91,0,5110,0,1,1
5,11,3,0,0,7,2,10,0,0,0
12,22,3,0,1,97,1,10,0,0,1
12,23,2,0,0,99,0,5110,0,1,1
11,2,3,0,0,67,1,5100,0,1,1
12,22,1,0,0,86,2,5110,0,1,1
13,2,2,0,0,81,2,1010,0,1,1
13,18,4,0,0,99,0,5110,0,1,1
11,18,3,0,0,90,1,5100,0,0,1
7,18,5,0,0,66,1,1190,0,1,1
5,10,1,0,1,15,2,50,0,1,0
9,0,1,0,0,52,0,5110,0,1,1
6,3,5,0,0,63,2,5110,0,1,1
11,1,1,0,0,73,2,5110,0,1,1
13,18,6,0,0,86,2,1010,0,1,1
3,5,0,0,0,63,1,5110,0,1,1
9,1,5,0,0,54,0,2440,0,0,1
11,20,1,0,1,62,2,2260,0,1,1
4,18,0,0,0,9,0,10,0,1,0
8,22,5,0,0,79,1,1050,0,1,1
3,17,1,0,1,1,2,40,0,0,0
11,1,6,0,1,58,1,2080,0,1,1
10,3,6,0,0,99,1,5110,0,0,1
9,18,2,0,0,74,0,5110,0,1,1
5,9,3,0,1,3,0,10,0,0,0
9,5,2,0,1,68,2,2720,0,1,1
3,8,0,0,1,14,0,30,0,0,0
10,22,6,0,0,61,0,5110,0,0,1
11,21,0,0,0,79,2,5110,0,1,1
6,3,2,0,0,71,0,5110,0,1,1
1,15,2,0,1,17,2,230,0,0,0
13,23,1,0,0,53,1,5110,0,1,1
13,1,6,0,0,52,0,2560,0,0,1
12,5,5,0,0,98,0,5110,0,1,1
11,19,6,0,0,95,0,5110,0,1,1
13,2,1,0,0,82,2,5110,0,0,1
10,17,3,0,1,8,2,150,0,0,0
12,21,2,0,0,75,0,5100,0,1,1
10,8,4,0,0,1,0,180,0,0,0
11,1,0,0,1,83,1,2690,0,1,1
10,0,5,0,0,63,2,1330,0,1,1
12,18,6,0,0,64,0,5100,0,0,1
9,4,4,0,0,79,0,5110,0,1,1
12,3,5,0,0,81,2,5070,0,1,1
8,20,2,0,0,90,2,1490,0,1,1
4,16,4,0,1,5,0,10,0,0,0
11,1,4,0,1,55,0,780,0,1,1
11,22,3,0,0,68,1,5110,0,1,1
9,3,0,0,0,82,2,5110,0,1,1
1,11,1,0,1,17,1,10,0,0,0
12,21,2,0,0,69,2,5110,0,1,1
5,19,4,0,0,70,2,5110,0,1,1
11,0,3,0,0,91,0,5110,0,1,1
11,3,1,0,0,72,2,5100,0,1,1
4,10,1,0,1,6,2,100,0,0,0
13,3,2,0,0,55,2,5110,0,1,1
10,3,4,0,0,79,2,5100,0,1,1
8,3,5,0,0,76,0,5110,0,0,1
9,18,1,0,0,99,2,5110,0,1,1
7,20,5,0,0,94,1,1300,0,1,1
2,18,2,0,1,19,1,20,0,0,0
7,23,5,0,0,96,0,5100,0,1,1
12,19,0,0,0,84,1,1360,0,1,1
10,7,2,0,1,17,1,70,0,0,0
11,20,6,0,0,90,2,5110,0,1,1
4,16,1,0,1,12,2,100,0,0,0
12,21,3,0,0,72,1,5110,0,1,1
9,1,6,0,0,89,1,5110,0,1,1
11,0,3,0,0,78,2,5110,0,1,1
9,2,6,0,0,85,2,5110,0,1,1
10,21,4,0,0,99,1,5110,0,0,1
9,19,6,0,0,67,2,5110,0,1,1
7,21,4,0,0,84,1,5110,0,1,1
5,17,3,0,1,0,2,10,0,0,0
5,22,0,0,0,79,2,2470,0,1,1
13,20,4,0,0,59,1,1670,0,0,1
8,20,1,0,0,91,2,5110,0,1,1
13,1,6,0,0,93,0,5110,0,1,1
4,7,0,0,1,10,1,70,0,0,0
9,19,0,0,0,98,0,5110,0,1,1
4,13,1,0,1,1,2,10,0,0,0
3,10,3,0,1,8,2,130,0,0,0
5,11,1,0,1,1,2,10,0,0,0
11,5,4,0,0,68,0,4490,0,1,1
3,14,4,0,1,3,2,150,0,0,0
5,5,2,0,0,81,0,1150,0,1,1
13,21,1,0,0,54,2,5110,0,1,1
12,22,4,0,0,76,1,5110,0,0,1
5,10,4,0,1,7,1,190,0,0,0
13,23,6,0,0,67,1,2560,0,1,1
9,23,5,0,0,89,1,4510,0,1,1
9,3,3,0,0,57,2,5110,0,1,1
12,1,5,0,0,97,0,4430,0,0,1
13,22,1,0,0,84,2,5110,0,1,1
3,11,2,0,0,11,0,10,0,0,0
7,22,5,0,0,90,2,4780,0,0,1
3,16,4,0,0,3,0,10,0,1,0
9,5,4,0,0,86,1,5110,0,1,1
13,3,3,0,0,56,2,2260,0,1,1
12,0,4,0,0,94,0,5110,0,1,1
11,22,2,0,0,62,0,5110,0,1,1
9,21,2,0,0,70,1,5110,0,1,1
2,14,1,0,0,7,1,620,0,0,0
12,18,3,0,0,53,0,5100,0,1,1
13,4,3,0,0,50,1,5110,0,1,1
6,10,1,0,0,7,2,20,0,0,0
11,18,3,0,1,95,2,2320,0,1,1
12,3,6,0,0,72,1,5100,0,0,1
11,19,2,0,0,98,1,2910,0,0,1
10,23,6,0,0,96,2,2740,0,0,1
12,22,2,0,0,75,1,1060,0,0,1
11,4,4,0,0,62,1,5110,0,1,1
10,22,4,0,0,92,1,5100,0,0,1
7,13,3,0,1,4,1,10,0,0,0
12,20,5,0,0,95,0,5110,0,1,1
12,3,1,0,0,74,0,5110,0,0,1
6,20,4,0,0,63,1,5110,0,1,1
10,22,2,0,0,85,0,2830,0,1,1
4,7,1,0,1,5,2,300,0,0,0
10,3,3,0,0,98,1,5110,0,1,1
9,2,4,0,0,53,0,5100,0,0,1
11,23,0,0,0,54,1,5110,0,1,1
12,23,1,0,0,92,2,5110,0,1,1
1,10,2,0,1,5,0,140,0,0,0
10,4,0,0,0,73,2,5110,0,1,1
9,22,2,0,0,98,2,1040,0,0,1
12,21,4,0,0,53,0,5110,0,1,1
11,20,2,0,1,83,2,1030,0,1,1
10,22,0,0,0,97,1,5110,0,1,1
12,23,2,0,0,52,1,5110,0,1,1
6,16,3,0,0,12,2,20,0,0,0
3,17,4,0,1,8,0,280,0,0,0
13,22,0,0,0,71,0,2470,0,0,1
11,23,2,0,1,95,2,2100,0,1,1
13,18,1,0,0,73,0,2150,0,1,1
11,3,4,0,0,93,0,2460,0,1,1
12,3,2,0,0,70,2,2730,0,0,1
3,14,3,0,1,13,1,120,0,0,0
12,2,4,0,0,97,0,4480,0,1,1
12,13,3,0,1,13,1,10,0,0,0
11,22,2,0,0,92,2,5110,0,1,1
5,12,3,0,1,10,2,10,0,0,0
7,3,6,0,0,73,2,5110,0,1,1
10,4,2,0,0,77,2,5110,0,1,1
10,5,1,0,0,68,1,5110,0,0,1
12,3,5,0,0,75,0,5110,0,0,1
2,9,0,0,1,5,1,10,0,0,0
10,21,3,0,0,68,2,5110,0,0,1
9,4,3,0,0,80,1,780,0,1,1
3,8,3,0,1,18,0,10,0,0,0
10,23,5,0,1,58,1,1190,0,1,1
3,11,1,0,1,0,0,10,0,0,0
10,5,5,0,0,63,0,5110,0,1,1
7,0,6,0,0,67,0,5110,0,1,1
5,10,2,0,1,11,2,50,0,0,0
4,18,0,0,1,12,2,30,0,0,0
12,18,2,0,0,85,1,5110,0,1,1
12,22,1,0,1,65,0,2850,0,1,1
4,12,1,0,1,13,1,10,0,0,0
12,5,1,0,0,77,2,5110,0,0,1
13,19,0,0,0,94,2,5110,0,1,1
4,18,1,0,1,18,2,30,0,0,0
13,22,6,0,0,92,2,1030,0,0,1
2,14,3,0,0,4,1,20,0,0,0
10,5,2,0,0,88,0,5110,0,1,1
11,21,2,0,0,57,0,5110,0,1,1
3,8,0,0,1,19,0,10,0,0,0
2,17,2,0,1,4,2,250,0,0,0
11,3,3,0,0,89,0,4490,0,1,1
6,23,2,0,0,61,0,5110,0,0,1
10,20,0,0,0,83,2,5110,0,1,1
12,20,5,0,0,81,1,5110,0,1,1
5,9,2,0,1,15,2,100,0,0,0
12,18,0,0,0,72,0,1060,0,1,1
9,19,6,0,0,98,1,5110,0,0,1
5,18,5,0,0,95,1,5110,0,1,1
12,23,5,0,0,68,0,1040,0,1,1
10,2,4,0,0,72,0,5110,0,1,1
12,23,3,0,0,75,1,5100,0,0,1
3,21,1,0,0,74,2,5110,0,1,1
7,10,0,0,0,17,1,10,0,0,0
11,3,4,0,0,68,1,5110,0,1,1
12,0,0,0,0,53,2,5110,0,0,1
11,1,3,0,0,83,2,5110,0,1,1
11,22,1,0,1,70,0,1180,0,0,1
11,18,4,0,0,61,2,5110,0,0,1
13,22,6,0,0,68,1,5100,0,0,1
8,0,4,0,0,89,2,20,0,1,1
10,18,5,0,0,92,1,5110,0,1,1
13,3,3,0,0,51,0,5110,0,1,1
3,12,1,0,1,12,0,120,0,0,0
13,20,5,0,0,54,1,5100,0,1,1
11,0,4,0,0,78,0,5110,0,1,1
9,3,3,0,0,52,0,5110,0,1,1
13,1,3,0,0,81,1,1400,0,1,1
7,21,1,0,0,60,2,5110,0,0,1
13,4,3,0,0,83,2,5110,0,1,1
10,20,5,0,0,61,0,5110,0,1,1
11,1,2,0,0,53,0,5110,0,1,1
9,18,6,0,0,50,2,5110,0,0,1
5,14,0,0,1,11,1,10,0,0,0
3,14,0,0,0,9,2,70,0,0,0
1,9,0,0,1,17,2,10,0,0,0
10,5,3,0,0,75,2,5110,0,1,1
13,19,6,0,0,79,2,5110,0,1,1
10,0,2,0,0,51,1,1050,0,1,1
5,9,0,0,1,8,2,10,0,0,0
11,20,3,0,0,51,2,5100,0,1,1
13,4,2,0,0,80,2,5110,0,1,1
5,17,1,0,1,18,0,70,0,0,0
10,4,1,0,1,86,1,20,0,1,1
9,3,6,0,0,73,1,2330,0,1,1
12,19,1,0,0,53,2,5110,0,1,1
2,10,2,0,1,4,0,150,0,0,0
12,2,6,0,0,54,2,4550,0,1,1
4,1,0,0,0,55,2,1070,0,1,1
2,13,2,0,1,17,2,120,0,0,0
13,22,4,0,0,98,2,5110,0,1,1
9,23,3,0,0,93,1,5100,0,1,1
11,5,5,0,0,90,0,5110,0,0,1
10,3,4,0,0,51,0,2600,0,1,1
9,19,0,0,0,68,1,2480,0,0,1
13,21,2,0,0,62,2,5110,0,0,1
10,0,5,0,0,62,2,5110,0,0,1
10,2,6,0,0,68,2,5110,0,0,1
13,4,5,0,0,76,0,5100,0,1,1
10,2,3,0,0,89,1,5110,0,0,1
10,21,6,0,0,52,0,5110,0,1,1
13,23,1,0,0,88,2,5110,0,1,1
10,19,3,0,0,78,2,5110,0,1,1
9,0,5,0,0,74,2,5110,0,0,1
8,21,1,0,0,80,0,10,0,1,1
4,18,4,0,1,17,2,710,0,0,0
10,0,2,0,0,87,0,1150,0,1,1
10,2,3,0,0,55,2,1030,0,1,1
13,0,4,0,0,86,2,5110,0,0,1
11,5,1,0,0,86,0,5110,0,0,1
12,18,0,0,0,95,1,1370,0,1,1
12,2,2,0,0,61,1,5110,0,1,1
12,23,5,0,0,97,1,5110,0,1,1
5,21,1,0,0,52,2,5100,0,0,1
12,4,6,0,0,88,2,5090,0,1,1
2,7,4,0,1,12,0,60,0,0,0
10,1,5,0,1,93,2,1470,0,0,1
9,2,0,0,0,63,2,5110,0,1,1
12,18,0,0,0,86,2,5110,0,1,1
4,18,3,0,0,14,0,30,0,0,0
12,21,3,0,0,58,0,5110,0,0,1
12,21,4,0,0,84,2,4510,0,1,1
13,21,2,0,0,98,0,2320,0,0,1
13,4,6,0,0,88,0,5110,0,0,1
11,23,1,0,0,97,1,460,0,1,1
4,15,0,0,1,15,0,10,0,0,0
5,16,1,0,1,11,0,120,0,0,0
12,4,4,0,0,66,2,5110,0,0,1
13,2,1,0,0,62,0,2370,0,1,1
11,18,3,0,0,58,1,5110,0,1,1
12,2,6,0,0,82,2,5110,0,0,1
11,2,1,0,0,93,2,1080,0,1,1
9,2,5,0,0,75,2,2440,0,1,1
12,19,2,0,0,56,2,5100,0,0,1
2,12,3,0,1,6,2,130,0,0,0
10,19,2,0,0,91,0,5110,0,1,1
11,2,2,0,1,62,0,1180,0,1,1
13,1,2,0,1,58,0,2830,0,1,1
10,0,6,0,0,79,2,5110,0,0,1
9,20,1,0,0,61,0,5110,0,1,1
12,23,6,0,0,71,2,2280,0,1,1
13,20,1,0,0,60,1,4900,0,1,1
4,12,0,0,1,12,1,180,0,0,0
10,5,0,0,0,63,2,5110,0,0,1
11,5,5,0,0,81,2,5110,0,1,1
3,7,4,0,1,8,1,130,0,0,0
9,21,0,0,0,59,0,5110,0,0,1
10,23,1,0,0,62,2,5110,0,1,1
5,3,2,0,0,61,2,5110,0,1,1
9,0,6,0,0,51,1,5110,0,1,1
9,17,3,0,0,5,2,110,0,0,0
11,18,3,0,1,58,1,10,0,1,1
2,7,2,0,1,7,2,20,0,0,0
13,20,2,0,0,50,1,10,0,1,1
10,4,2,0,0,55,2,4740,0,0,1
12,0,2,0,0,70,1,5110,0,0,1
12,20,4,0,0,94,1,5110,0,0,1
12,22,4,0,0,75,0,1050,0,1,1
9,3,6,0,0,68,2,5110,0,0,1
2,14,2,0,1,15,0,10,0,0,0
13,21,0,0,0,61,1,5110,0,1,1
11,0,5,0,0,68,2,5100,0,1,1
11,2,2,0,0,94,2,1310,0,1,1
11,2,6,0,0,88,2,5100,0,0,1
1,17,2,0,1,8,1,10,0,0,0
12,3,1,0,0,87,0,4520,0,1,1
4,1,5,0,0,72,0,2480,0,1,1
2,12,0,0,1,9,0,280,0,0,0
13,3,1,0,0,87,1,5110,0,1,1
9,5,0,0,0,89,2,2910,0,1,1
13,23,2,0,0,87,2,5110,0,1,1
6,23,6,0,1,59,0,2760,0,1,1
11,0,6,0,0,81,0,5110,0,1,1
9,20,1,0,0,63,2,5110,0,1,1
12,1,2,0,0,57,0,5100,0,0,1
5,21,2,0,0,71,1,5110,0,1,1
2,10,0,0,1,2,0,60,0,0,0
3,2,4,0,0,77,2,2940,0,1,1
9,19,1,0,0,53,0,2820,0,1,1
9,1,5,0,0,87,2,5110,0,0,1
13,1,4,0,0,62,2,5110,0,1,1
13,21,5,0,0,60,0,1030,0,1,1
12,2,6,0,0,87,2,5110,0,1,1
3,19,1,0,0,95,2,5110,0,1,1
7,2,3,0,0,58,0,5110,0,1,1
10,5,3,0,0,50,0,5110,0,1,1
9,20,6,0,0,71,0,5110,0,1,1
2,8,0,0,1,16,1,10,0,0,0
4,22,6,0,0,50,1,2510,0,1,1
2,7,4,0,1,16,2,90,0,0,0
11,1,2,0,0,68,1,5110,0,0,1
8,4,0,0,0,73,2,5110,0,0,1
12,19,5,0,0,68,2,5100,0,1,1
12,4,2,0,0,85,2,5110,0,1,1
12,18,6,0,0,87,1,4590,0,1,1
9,22,1,0,1,97,1,2780,0,1,1
13,0,1,0,1,66,1,2960,0,1,1
10,19,3,0,0,69,0,210,0,1,1
12,2,1,0,0,88,0,5100,0,1,1
11,19,3,0,0,97,2,5110,0,0,1
6,3,2,0,0,71,2,5090,0,1,1
10,21,0,0,0,60,1,2000,0,1,1
10,18,0,0,0,59,2,2480,0,1,1
13,21,3,0,0,90,0,1140,0,1,1
10,22,0,0,0,93,2,5110,0,1,1
4,16,2,0,0,18,0,10,0,0,0
11,20,3,0,0,56,2,5110,0,0,1
9,20,4,0,0,70,1,1120,0,1,1
10,19,0,0,1,64,1,1390,0,1,1
12,2,3,0,0,88,2,5110,0,1,1
12,21,6,0,0,81,1,4500,0,0,1
13,0,0,0,0,96,2,5100,0,0,1
12,20,4,0,0,50,1,5110,0,0,1
5,11,4,0,1,13,1,250,0,1,0
8,21,0,0,0,97,1,5110,0,0,1
12,2,1,0,0,96,0,5110,0,1,1
10,23,1,0,0,85,0,5110,0,0,1
9,22,0,0,1,64,0,2380,0,1,1
7,13,1,0,1,16,0,110,0,0,0
9,22,1,0,0,75,1,5110,0,0,1
11,21,1,0,0,63,1,5110,0,0,1
10,23,0,0,0,61,2,5110,0,1,1
9,19,4,0,0,81,0,1040,0,1,1
8,18,3,0,0,58,2,5110,0,1,1
11,20,4,0,0,55,1,4370,0,1,1
4,18,0,0,1,19,0,150,0,0,0
7,22,3,0,1,90,2,1330,0,1,1
12,2,0,0,1,56,1,2500,0,0,1
12,2,6,0,0,96,1,2460,0,1,1
11,23,1,0,0,69,2,5110,0,1,1
12,19,0,0,1,51,1,1370,0,1,1
11,18,3,0,0,61,0,5110,0,1,1
13,2,5,0,0,59,2,1140,0,1,1
12,21,4,0,0,91,0,5110,0,1,1
5,16,4,0,1,2,2,10,0,0,0
13,20,5,0,0,91,2,4510,0,1,1
13,2,0,0,0,52,0,5110,0,1,1
9,23,4,0,0,77,2,5110,0,0,1
12,5,1,0,0,88,0,5110,0,1,1
9,2,4,0,0,61,2,5110,0,1,1
6,5,6,0,1,84,1,2780,0,1,1
13,4,3,0,0,79,2,5100,0,1,1
2,15,1,0,0,7,1,190,0,0,0
7,9,0,0,1,9,2,10,0,0,0
12,1,2,0,0,79,0,5110,0,1,1
11,19,3,0,0,74,0,1420,0,1,1
5,4,6,0,0,84,1,5110,0,1,1
9,2,0,0,0,61,0,5110,0,0,1
8,19,1,0,0,89,1,2190,0,1,1
12,22,4,0,1,87,2,2340,0,1,1
4,18,2,0,1,4,1,90,0,0,0
5,10,2,0,1,19,2,320,0,0,0
13,3,5,0,0,95,0,5110,0,1,1
13,5,5,0,0,73,1,5110,0,1,1
10,23,6,0,0,66,1,5110,0,0,1
9,4,2,0,0,98,1,980,0,1,1
9,21,5,0,0,67,0,5110,0,1,1
11,4,4,0,0,93,2,5110,0,1,1
12,21,5,0,0,52,0,5110,0,0,1
7,1,3,0,0,62,2,5110,0,1,1
8,7,4,0,0,9,1,310,0,0,0
9,0,5,0,0,93,1,5110,0,1,1
10,1,6,0,0,65,2,4870,0,1,1
8,3,1,0,0,85,0,5110,0,1,1
10,1,6,0,0,95,0,5110,0,0,1
10,22,3,0,0,83,1,5110,0,0,1
9,0,3,0,0,90,2,5110,0,1,1
9,18,0,0,0,78,1,1340,0,1,1
5,12,4,0,0,3,0,80,0,0,0
10,2,1,0,0,55,1,5110,0,1,1
3,7,1,0,1,14,0,10,0,0,0
4,2,2,0,0,76,1,5110,0,1,1
9,23,5,0,0,71,0,5110,0,0,1
2,9,4,0,1,0,2,10,0,0,0
12,2,4,0,0,56,0,5110,0,1,1
5,15,1,0,1,9,0,20,0,0,0
5,9,0,0,1,10,2,100,0,0,0
11,2,3,0,0,92,0,5110,0,1,1
10,5,2,0,0,57,2,5110,0,1,1
1,18,4,0,1,5,0,10,0,0,0
12,20,3,0,0,82,0,2200,0,1,1
4,20,2,0,0,65,1,1940,0,0,1
7,18,0,0,1,80,0,2750,0,1,1
12,4,5,0,0,59,0,5100,0,1,1
3,18,5,0,0,88,2,4770,0,1,1
5,5,2,0,0,72,1,5100,0,0,1
3,23,5,0,0,75,1,2890,0,1,1
12,22,4,0,0,99,2,5110,0,0,1
12,0,1,0,0,60,1,5110,0,1,1
10,2,2,0,0,95,1,5110,0,1,1
5,1,4,0,0,98,1,5110,0,1,1
9,22,6,0,1,87,0,2500,0,1,1
11,19,3,0,0,95,2,4800,0,1,1
9,22,2,0,0,96,1,620,0,1,1
12,20,3,0,0,65,1,5110,0,0,1
11,22,0,0,0,78,0,5110,0,1,1
11,0,2,0,0,53,0,5100,0,1,1
1,12,0,0,0,1,1,320,0,0,0
11,18,6,0,0,84,2,5110,0,1,1
10,18,0,0,0,63,0,1130,0,1,1
9,20,5,0,0,99,0,5110,0,0,1
9,5,1,0,0,89,0,4450,0,1,1
10,1,0,0,0,84,2,2600,0,0,1
5,17,4,0,1,10,2,10,0,0,0
10,19,1,0,0,64,2,5110,0,0,1
11,21,5,0,0,60,1,5110,0,1,1
1,17,4,0,1,2,1,510,0,0,0
4,11,1,0,1,18,2,50,0,0,0
12,19,0,0,0,71,0,5100,0,1,1
11,21,5,0,0,98,1,5100,0,1,1
9,1,6,0,0,52,1,5100,0,1,1
5,2,2,0,0,56,2,4530,0,1,1
13,23,3,0,0,74,1,5110,0,1,1
3,11,1,0,1,0,1,10,0,0,0
10,0,3,0,0,70,1,5110,0,0,1
12,1,6,0,0,57,2,5110,0,0,1
11,3,2,0,0,53,0,5110,0,1,1
1,14,3,0,1,19,0,10,0,0,0
11,20,2,0,1,79,1,1940,0,1,1
5,0,4,0,0,66,1,5110,0,0,1
9,5,6,0,0,57,1,5110,0,1,1
12,3,6,0,0,54,0,5110,0,1,1
9,2,1,0,0,94,1,5110,0,0,1
1,10,4,0,1,0,1,130,0,0,0
11,18,3,0,0,74,0,2520,0,0,1
12,20,1,0,0,79,0,5090,0,1,1
11,18,1,0,0,83,2,5110,0,1,1
11,1,3,0,0,56,1,5110,0,1,1
1,9,2,0,1,1,1,90,0,0,0
11,20,1,0,1,97,2,2680,0,1,1
13,3,0,0,0,69,2,2190,0,1,1
13,20,6,0,0,70,0,5110,0,1,1
7,21,0,0,0,63,1,5110,0,1,1
11,5,6,0,0,91,2,2900,0,1,1
3,20,3,0,0,94,1,2420,0,1,1
10,1,5,0,0,55,2,4520,0,1,1
3,10,4,0,1,13,2,20,0,1,0
10,5,6,0,0,94,0,5110,0,1,1
13,0,2,0,0,53,0,1050,0,1,1
4,12,4,0,1,11,1,10,0,0,0
10,4,6,0,0,90,2,5110,0,1,1
13,0,4,0,1,95,0,2940,0,0,1
10,3,2,0,0,61,2,5100,0,1,1
9,21,4,0,0,62,2,4540,0,1,1
5,1,3,0,0,77,0,5090,0,1,1
5,19,3,0,0,76,0,5110,0,0,1
8,18,2,0,0,92,1,2620,0,0,1
13,4,0,0,0,58,2,5110,0,0,1
12,18,5,0,0,68,2,5110,0,0,1
12,20,0,0,0,51,2,1080,0,1,1
9,19,2,0,0,65,1,5110,0,0,1
4,11,1,0,1,0,2,10,0,0,0
1,17,2,0,1,14,1,20,0,0,0
11,20,3,0,0,69,0,4870,0,0,1
8,1,5,0,0,53,0,5110,0,1,1
3,9,0,0,1,14,2,30,0,0,0
9,18,6,0,0,68,2,2240,0,1,1
12,0,5,0,0,93,1,5110,0,1,1
5,2,0,0,0,80,2,5110,0,1,1
4,9,1,0,1,15,1,10,0,0,0
8,20,0,0,0,98,0,5110,0,0,1
12,0,0,0,0,53,2,5110,0,1,1
12,18,6,0,0,92,1,5110,0,1,1
11,23,0,0,0,79,1,5110,0,1,1
1,10,1,0,1,0,2,10,0,0,0
12,23,6,0,0,60,2,5110,0,0,1
12,3,1,0,0,67,2,2640,0,1,1
2,8,4,0,1,17,0,50,0,0,0
10,18,1,0,0,95,2,5100,0,1,1
11,19,5,0,0,85,0,5110,0,0,1
10,4,2,0,0,59,1,2800,0,1,1
6,23,0,0,0,52,0,5100,0,1,1
5,17,2,0,1,1,1,340,0,0,0
8,2,1,0,1,68,1,1380,0,1,1
11,4,6,0,0,75,1,5100,0,1,1
9,19,0,0,0,80,2,1210,0,0,1
11,21,5,0,0,90,0,5110,0,1,1
13,23,6,0,0,98,1,5110,0,0,1
9,5,5,0,0,93,2,5110,0,1,1
9,4,0,0,0,96,2,5100,0,1,1
11,21,2,0,0,86,2,4610,0,0,1
11,18,4,0,1,68,1,1100,0,1,1
11,4,0,0,0,55,1,5110,0,1,1
13,20,6,0,0,75,1,5110,0,1,1
13,2,1,0,0,81,1,5110,0,1,1
9,1,0,0,0,88,2,2050,0,0,1
11,0,6,0,0,80,0,5110,0,1,1
1,10,1,0,1,1,1,90,0,0,0
9,4,5,0,1,62,2,2290,0,0,1
7,4,6,0,0,76,1,5110,0,1,1
11,1,3,0,0,72,2,4560,0,1,1
9,9,3,0,0,18,1,40,0,0,0
10,18,2,0,0,93,1,5110,0,1,1
12,4,1,0,0,70,1,5110,0,1,1
5,9,0,0,1,10,0,90,0,0,0
9,5,1,0,0,97,0,4810,0,1,1
4,12,4,0,1,15,1,60,0,0,0
10,8,1,0,1,10,1,210,0,0,0
3,10,2,0,1,2,2,10,0,1,0
10,4,1,0,0,56,1,5100,0,1,1
4,3,1,0,0,94,2,5110,0,1,1
10,20,5,0,0,85,2,5110,0,1,1
1,10,0,0,1,4,1,10,0,0,0
11,4,2,0,0,58,0,5110,0,0,1
9,23,0,0,0,60,2,5110,0,1,1
9,5,1,0,0,96,0,2610,0,0,1
10,0,2,0,0,57,1,5110,0,0,1
3,8,3,0,0,6,1,70,0,0,0
7,20,4,0,0,68,0,10,0,1,1
3,14,0,0,1,4,0,20,0,0,0
13,1,5,0,0,95,0,5110,0,1,1
1,10,4,0,0,13,0,10,0,1,0
10,8,0,0,1,6,0,110,0,0,0
12,3,0,0,0,82,2,5110,0,0,1
11,22,4,0,0,72,1,5110,0,0,1
9,21,1,0,0,64,1,5110,0,0,1
2,18,0,0,1,7,0,120,0,0,0
11,0,1,0,0,63,2,5110,0,1,1
10,23,3,0,0,71,0,5110,0,1,1
3,16,2,0,1,17,2,10,0,0,0
10,2,5,0,0,61,1,1030,0,1,1
12,1,0,0,0,51,2,5110,0,1,1
10,12,4,0,1,11,2,10,0,0,0
2,14,1,0,0,15,1,30,0,0,0
1,10,2,0,1,7,0,190,0,0,0
10,18,3,0,0,74,1,5110,0,0,1
11,21,6,0,0,94,1,5110,0,0,1
12,4,3,0,0,90,0,5110,0,1,1
12,21,6,0,0,95,1,5110,0,1,1
12,4,4,0,0,90,2,5110,0,1,1
1,11,0,0,0,12,0,20,0,0,0
1,12,2,0,1,15,1,30,0,0,0
4,19,3,0,0,73,2,5110,0,1,1
6,20,1,0,0,60,2,5090,0,1,1
12,23,5,0,1,54,2,1150,0,1,1
3,18,2,0,1,4,2,20,0,0,0
13,23,6,0,0,56,0,2600,0,0,1
10,19,4,0,0,73,2,5110,0,1,1
5,20,3,0,0,95,0,5110,0,1,1
4,20,4,0,0,62,1,5110,0,0,1
6,0,3,0,0,69,2,5110,0,1,1
9,23,5,0,0,88,0,5110,0,1,1
10,21,5,0,0,92,0,5110,0,1,1
5,10,4,0,1,12,2,10,0,0,0
9,5,4,0,0,79,0,2830,0,1,1
12,19,0,0,0,57,2,5110,0,1,1
9,19,6,0,0,70,2,5090,0,0,1
5,8,2,0,1,9,2,10,0,0,0
11,2,3,0,0,81,2,5110,0,1,1
12,3,1,0,0,78,2,5110,0,1,1
13,4,4,0,0,82,0,2340,0,1,1
13,20,1,0,0,92,2,5110,0,0,1
12,18,1,0,0,64,1,10,0,1,1
11,0,2,0,0,50,0,5110,0,1,1
9,22,2,0,0,86,2,2500,0,0,1
9,5,1,0,0,90,1,5110,0,0,1
10,18,6,0,0,80,2,960,0,1,1
1,9,3,0,1,7,1,10,0,1,0
7,19,1,0,0,74,0,5110,0,1,1
10,22,3,0,0,96,2,5110,0,1,1
9,1,3,0,0,96,0,5110,0,1,1
13,1,0,0,0,88,1,2690,0,1,1
3,18,5,0,1,57,1,2570,0,1,1
11,2,2,0,0,72,1,1490,0,1,1
13,19,2,0,0,73,1,5100,0,1,1
4,19,0,0,0,56,1,5100,0,0,1
9,5,3,0,0,97,1,5110,0,1,1
11,5,0,0,0,59,1,5110,0,0,1
4,17,2,0,1,11,1,10,0,0,0
9,1,5,0,1,64,0,1400,0,1,1
12,18,1,0,1,73,1,2450,0,1,1
3,9,0,0,1,8,0,10,0,0,0
8,20,4,0,0,68,1,5110,0,1,1
9,3,6,0,0,64,2,5110,0,1,1
11,5,1,0,1,82,0,1260,0,1,1
13,18,4,0,0,53,1,5110,0,1,1
5,13,2,0,1,1,1,170,0,0,0
9,22,2,0,0,59,0,5100,0,1,1
12,0,4,0,0,75,1,1290,0,1,1
3,15,0,0,1,9,0,10,0,0,0
13,4,6,0,0,88,2,5110,0,1,1
13,23,4,0,0,78,0,5110,0,1,1
10,18,4,0,0,55,1,5110,0,1,1
13,23,5,0,1,81,1,2110,0,0,1
12,18,2,0,1,63,0,1130,0,1,1
12,0,4,0,0,85,2,4430,0,1,1
13,20,3,0,0,57,2,5110,0,0,1
12,23,4,0,0,77,0,4660,0,1,1
3,12,3,0,0,6,0,40,0,0,0
8,0,5,0,0,82,2,5110,0,1,1
11,15,2,0,1,10,2,80,0,1,0
3,4,5,0,0,71,2,5100,0,1,1
9,18,1,0,0,90,2,1250,0,0,1
10,0,0,0,0,82,0,5110,0,1,1
12,0,2,0,0,75,1,5100,0,1,1
4,1,0,0,0,68,2,1390,0,1,1
5,15,0,0,1,8,1,60,0,0,0
9,23,2,0,0,73,1,5110,0,1,1
6,19,0,0,1,67,1,1130,0,0,1
11,2,4,0,0,95,0,5110,0,1,1
9,20,6,0,0,89,2,5110,0,1,1
12,4,0,0,0,58,1,5110,0,1,1
4,21,5,0,0,67,0,1190,0,1,1
11,20,4,0,0,66,2,5110,0,0,1
3,9,4,0,1,3,1,10,0,0,0
12,23,5,0,1,51,0,1060,0,1,1
5,20,0,0,0,69,0,5110,0,1,1
12,18,0,0,0,86,2,5100,0,1,1
12,18,1,0,0,87,0,5110,0,1,1
13,19,6,0,0,57,1,5110,0,1,1
9,1,1,0,0,82,2,5100,0,1,1
4,11,0,0,1,16,0,140,0,0,0
13,0,5,0,0,69,2,4770,0,1,1
12,21,0,0,0,71,0,5110,0,1,1
13,1,0,0,0,96,2,5090,0,1,1
12,3,4,0,0,96,1,5110,0,0,1
13,23,0,0,0,70,2,5070,0,0,1
12,22,2,0,0,68,2,5110,0,1,1
7,22,2,0,0,93,2,1380,0,1,1
11,22,1,0,0,63,1,5110,0,1,1
12,0,6,0,0,54,2,5110,0,1,1
10,3,1,0,0,89,0,5110,0,1,1
4,9,4,0,1,7,0,70,0,0,0
3,10,2,0,0,6,0,10,0,0,0
10,5,1,0,0,75,2,5110,0,1,1
4,10,0,0,1,9,2,20,0,0,0
7,23,3,0,1,80,0,1110,0,1,1
8,2,2,0,0,77,1,5110,0,1,1
12,5,1,0,0,80,0,5110,0,1,1
10,0,6,0,0,53,1,5110,0,1,1
13,4,5,0,0,57,0,5110,0,1,1
5,8,4,0,1,5,1,10,0,0,0
9,4,4,0,0,62,1,5110,0,1,1
9,23,0,0,0,53,2,5110,0,1,1
9,22,1,0,0,82,2,4810,0,1,1
5,7,4,0,1,13,0,190,0,0,0
12,21,0,0,0,69,0,5110,0,1,1
10,20,1,0,0,88,0,5100,0,1,1
10,23,6,0,0,83,1,5100,0,1,1
10,23,1,0,0,82,2,5110,0,0,1
11,4,2,0,0,68,1,5110,0,1,1
5,23,3,0,0,77,1,5110,0,1,1
12,23,6,0,0,87,1,5110,0,1,1
10,19,6,0,0,74,2,4810,0,1,1
12,21,4,0,0,54,1,5110,0,1,1
2,11,2,0,0,14,0,60,0,0,0
4,12,3,0,0,4,1,50,0,1,0
13,5,0,0,0,54,2,220,0,1,1
1,15,0,0,1,7,2,60,0,0,0
13,23,6,0,0,76,0,5110,0,1,1
3,13,3,0,1,18,1,10,0,0,0
13,1,5,0,0,53,2,4360,0,0,1
10,23,4,0,0,79,2,1050,0,1,1
4,16,4,0,1,4,0,10,0,0,0
10,1,1,0,1,88,2,2580,0,1,1
11,5,0,0,0,92,2,5110,0,1,1
4,9,1,0,1,14,0,10,0,0,0
1,7,4,0,1,10,0,290,0,0,0
13,4,5,0,0,96,1,2410,0,1,1
13,0,6,0,0,77,0,5110,0,1,1
12,3,4,0,1,62,0,1420,0,1,1
3,11,2,0,1,15,1,70,0,0,0
10,23,2,0,0,55,0,5110,0,1,1
10,0,2,0,0,94,0,5110,0,1,1
2,14,4,0,1,14,2,20,0,0,0
10,21,1,0,0,68,1,5110,0,0,1
5,0,5,0,0,58,2,5110,0,0,1
9,21,3,0,1,93,2,1630,0,1,1
10,23,0,0,0,68,0,5110,0,0,1
11,20,0,0,0,85,2,5110,0,1,1
12,4,1,0,0,80,0,5110,0,1,1
10,20,1,0,0,64,1,5090,0,1,1
11,20,4,0,0,64,1,5110,0,1,1
13,1,2,0,0,69,1,700,0,1,1
9,5,5,0,0,94,2,5110,0,1,1
2,9,1,0,1,0,2,310,0,0,0
6,5,2,0,0,75,0,5110,0,1,1
1,10,2,0,1,3,1,10,0,0,0
10,4,5,0,0,60,1,1400,0,1,1
9,18,6,0,0,84,2,5110,0,0,1
10,5,6,0,0,54,0,5110,0,1,1
13,0,2,0,0,66,0,5110,0,1,1
9,21,4,0,0,92,1,2100,0,1,1
10,18,1,0,0,57,0,5110,0,1,1
12,23,0,0,0,81,0,1120,0,1,1
13,2,0,0,0,63,0,5110,0,1,1
10,20,3,0,0,55,0,5110,0,1,1
13,1,6,0,0,66,1,2570,0,0,1
8,10,3,0,1,7,1,90,0,0,0
10,22,1,0,0,76,2,1750,0,1,1
12,20,2,0,0,52,0,5110,0,1,1
12,21,4,0,0,65,0,5110,0,1,1
13,21,3,0,0,62,2,5110,0,1,1
12,0,6,0,0,82,2,5110,0,0,1
11,20,0,0,0,75,2,5110,0,1,1
3,9,0,0,1,1,0,170,0,0,0
9,18,1,0,0,90,1,5110,0,0,1
5,13,3,0,1,15,1,210,0,0,0
11,23,2,0,1,54,2,2350,0,1,1
9,3,6,0,0,90,0,5110,0,1,1
9,22,6,0,0,78,2,2410,0,1,1
13,18,2,0,0,92,2,1930,0,1,1
7,4,3,0,0,95,0,5100,0,1,1
3,18,1,0,1,0,2,100,0,0,0
1,14,1,0,1,8,2,210,0,0,0
13,4,2,0,0,80,2,5110,0,0,1
10,0,3,0,1,51,2,2710,0,1,1
10,4,2,0,0,87,2,5110,0,1,1
10,21,4,0,0,57,2,5110,0,1,1
10,4,0,0,0,80,0,2460,0,0,1
12,22,3,0,0,77,0,1300,0,1,1
11,4,1,0,0,65,0,1460,0,1,1
13,22,4,0,0,68,2,5110,0,1,1
9,3,3,0,0,98,2,5110,0,0,1
10,0,5,0,0,75,2,5110,0,1,1
10,18,3,0,0,83,1,2120,0,0,1
6,1,2,0,0,85,2,1290,0,0,1
3,7,0,0,1,1,2,10,0,0,0
11,19,0,0,1,52,1,2130,0,1,1
7,12,1,0,1,2,1,10,0,0,0
5,2,4,0,0,55,1,5110,0,0,1
3,11,0,0,1,19,2,10,0,0,0
10,8,0,0,1,3,0,10,0,0,0
9,21,2,0,0,82,0,5110,0,1,1
10,2,1,0,0,89,1,5110,0,1,1
9,5,6,0,0,76,0,4620,0,1,1
11,19,4,0,0,70,0,5110,0,0,1
10,18,2,0,1,63,1,1860,0,1,1
13,1,3,0,0,81,2,5110,0,0,1
11,23,4,0,0,70,2,1810,0,1,1
9,22,1,0,0,82,0,5110,0,1,1
13,19,4,0,0,75,2,2610,0,1,1
10,22,0,0,0,86,1,5110,0,1,1
13,21,3,0,0,91,1,5110,0,1,1
1,13,1,0,1,9,1,10,0,0,0
10,19,5,0,0,57,1,5100,0,1,1
13,3,1,0,0,59,0,5100,0,1,1
7,5,0,0,0,57,2,5110,0,1,1
12,4,1,0,0,84,1,5090,0,1,1
13,19,0,0,0,96,2,2920,0,1,1
5,7,2,0,1,9,1,160,0,0,0
11,3,6,0,0,62,0,1280,0,1,1
9,4,4,0,0,83,2,1270,0,0,1
13,2,1,0,0,77,0,5110,0,1,1
9,4,0,0,0,73,0,5100,0,1,1
6,2,1,0,0,75,0,5110,0,0,1
11,5,1,0,0,69,1,5110,0,1,1
2,9,1,0,1,9,0,210,0,0,0
9,4,3,0,0,80,0,5110,0,1,1
9,22,3,0,0,97,1,2310,0,1,1
9,19,5,0,0,65,0,2820,0,1,1
2,17,1,0,1,2,2,10,0,0,0
3,21,5,0,0,92,1,5110,0,1,1
11,3,6,0,0,59,0,5100,0,1,1
13,2,0,0,0,96,1,5110,0,1,1
5,13,4,0,0,7,1,20,0,0,0
12,4,3,0,0,93,0,5110,0,1,1
9,4,4,0,0,69,2,5110,0,1,1
12,19,5,0,0,78,2,1100,0,0,1
12,0,4,0,1,79,0,1140,0,1,1
12,4,6,0,0,95,0,1130,0,0,1
8,2,1,0,0,61,0,5100,0,1,1
9,20,4,0,0,62,1,5110,0,1,1
8,12,1,0,1,7,0,10,0,0,0
13,5,6,0,0,66,2,4800,0,0,1
9,2,1,0,0,55,2,2460,0,0,1
11,4,5,0,0,66,2,5110,0,0,1
5,12,4,0,1,6,0,20,0,0,0
11,20,1,0,0,50,2,5110,0,0,1
13,1,5,0,0,79,0,5110,0,1,1
9,0,5,0,0,53,1,2800,0,1,1
9,20,2,0,0,83,1,5110,0,1,1
10,19,0,0,0,86,1,10,0,1,1
12,4,0,0,0,84,1,5110,0,1,1
11,5,2,0,0,57,0,5110,0,1,1
11,22,5,0,0,99,2,5100,0,1,1
12,4,4,0,0,69,1,5110,0,1,1
12,18,2,0,0,85,1,5110,0,1,1
13,3,3,0,0,80,2,5110,0,1,1
4,13,3,0,1,6,2,180,0,0,0
11,2,0,0,0,78,0,4640,0,1,1
5,8,3,0,1,0,1,10,0,0,0
9,22,4,0,0,92,1,5110,0,1,1
4,9,1,0,1,14,1,20,0,0,0
11,4,5,0,0,93,1,5110,0,1,1
7,19,4,0,0,78,2,5110,0,0,1
9,21,4,0,0,83,0,5110,0,1,1
9,19,1,0,0,59,2,5110,0,1,1
9,3,0,0,0,54,2,5110,0,1,1
3,8,4,0,1,1,1,40,0,0,0
1,8,2,0,0,0,1,130,0,0,0
1,10,3,0,1,4,0,160,0,0,0
5,10,2,0,1,17,2,10,0,0,0
12,21,0,0,0,64,2,1190,0,1,1
11,1,3,0,0,64,0,5110,0,0,1
11,0,1,0,0,91,0,5110,0,0,1
11,20,4,0,0,78,1,5110,0,1,1
11,1,0,0,0,60,2,5110,0,1,1
9,22,4,0,0,85,1,5110,0,1,1
9,21,6,0,0,63,0,5110,0,1,1
9,23,2,0,0,68,0,5110,0,1,1
9,19,5,0,0,63,2,2580,0,1,1
3,16,4,0,1,7,0,50,0,0,0
11,4,5,0,0,73,1,5110,0,0,1
3,14,1,0,1,10,0,240,0,0,0
10,3,4,0,0,52,1,5110,0,1,1
12,21,1,0,1,64,1,2340,0,0,1
13,4,0,0,0,75,0,5050,0,0,1
10,1,5,0,0,82,2,5110,0,1,1
12,3,3,0,1,73,1,1930,0,0,1
11,0,6,0,0,96,1,5110,0,0,1
11,23,0,0,0,98,2,5110,0,0,1
12,0,6,0,0,57,1,5100,0,0,1
11,23,2,0,0,82,1,4800,0,0,1
3,18,0,0,0,70,2,5110,0,1,1
9,4,3,0,1,59,0,1100,0,0,1
13,22,0,0,0,53,0,5110,0,0,1
12,5,5,0,0,88,2,5110,0,1,1
12,2,6,0,0,89,2,5110,0,0,1
4,16,2,0,1,14,0,10,0,0,0
11,23,6,0,0,80,2,5110,0,1,1
11,18,3,0,0,64,1,5110,0,1,1
12,23,2,0,0,64,1,5110,0,1,1
9,0,3,0,0,89,0,5110,0,1,1
13,23,6,0,0,95,0,1360,0,1,1
13,19,6,0,0,61,0,1300,0,1,1
12,3,5,0,0,74,0,5110,0,1,1
10,1,2,0,0,87,2,5100,0,1,1
2,18,0,0,0,0,1,10,0,0,0
13,0,2,0,0,94,2,4410,0,1,1
12,4,0,0,0,62,0,5100,0,1,1
4,8,3,0,1,8,2,10,0,0,0
11,4,3,0,0,58,0,5110,0,1,1
9,4,4,0,0,57,2,5110,0,0,1
5,0,5,0,0,78,0,5110,0,1,1
11,23,4,0,0,68,1,5110,0,0,1
11,1,2,0,0,73,2,5110,0,0,1
2,15,1,0,1,16,2,10,0,0,0
13,20,6,0,0,78,2,5110,0,1,1
10,4,3,0,0,92,2,5110,0,0,1
11,21,3,0,0,97,1,5110,0,1,1
10,22,2,0,0,67,0,1880,0,1,1
13,23,1,0,0,90,0,4460,0,1,1
11,18,5,0,0,89,1,1330,0,0,1
2,15,1,0,1,19,0,30,0,0,0
11,3,1,0,0,51,1,5110,0,1,1
4,4,6,0,0,76,1,5110,0,1,1
4,8,4,0,1,5,1,30,0,0,0
12,21,3,0,0,99,1,5110,0,1,1
9,2,4,0,0,63,0,5110,0,1,1
5,8,1,0,0,14,2,20,0,0,0
6,19,3,0,0,94,2,5110,0,1,1
12,1,6,0,0,58,2,5110,0,1,1
10,21,3,0,0,89,1,5100,0,1,1
13,20,4,0,0,90,0,5110,0,0,1
12,23,5,0,0,97,0,5110,0,0,1
12,1,1,0,0,60,1,1370,0,1,1
10,18,0,0,0,99,1,1230,0,1,1
10,20,6,0,0,87,1,5110,0,1,1
4,16,2,0,0,16,1,10,0,0,0
12,23,4,0,0,86,1,5110,0,1,1
11,20,6,0,0,58,1,5110,0,1,1
11,4,2,0,1,58,0,10,0,1,1
12,0,2,0,1,62,2,1420,0,1,1
10,3,4,0,0,80,2,5110,0,0,1
1,8,2,0,1,17,2,40,0,0,0
4,7,2,0,0,10,2,150,0,0,0
1,16,1,0,1,12,2,50,0,0,0
7,16,1,0,1,4,0,90,0,0,0
13,4,0,0,0,75,1,5100,0,1,1
12,1,5,0,0,63,1,5110,0,1,1
11,4,0,0,1,72,0,2170,0,1,1
10,23,5,0,0,62,0,5110,0,1,1
10,18,2,0,0,59,1,4770,0,1,1
10,21,3,0,0,91,0,5110,0,1,1
13,22,1,0,0,55,0,5110,0,1,1
10,3,2,0,0,55,1,4610,0,0,1
13,0,1,0,1,57,2,1150,0,1,1
12,20,6,0,0,89,0,4870,0,1,1
2,9,1,0,1,8,0,20,0,0,0
13,2,1,0,0,82,2,5110,0,1,1
3,10,3,0,1,17,1,50,0,0,0
5,18,4,0,1,16,2,10,0,0,0
8,2,2,0,0,68,2,5110,0,1,1
5,22,0,0,0,50,2,5110,0,1,1
12,19,5,0,0,86,0,5110,0,1,1
12,4,6,0,0,58,1,5110,0,0,1
10,23,2,0,0,51,2,1090,0,1,1
6,0,2,0,0,74,1,1460,0,1,1
11,18,4,0,0,72,0,2330,0,1,1
6,22,2,0,0,60,2,5110,0,0,1
11,5,4,0,0,94,1,5110,0,1,1
12,5,5,0,0,87,1,1330,0,1,1
12,0,3,0,0,78,2,5110,0,1,1
8,20,6,0,1,96,2,2020,0,1,1
8,15,2,0,1,11,1,70,0,0,0
12,18,5,0,1,54,0,1500,0,1,1
13,3,6,0,0,74,0,1220,0,0,1
9,0,5,0,0,62,0,5110,0,1,1
11,4,5,0,0,81,1,5110,0,1,1
9,22,3,0,0,63,1,5110,0,1,1
9,19,2,0,0,55,0,5110,0,1,1
5,17,2,0,1,2,0,20,0,0,0
10,21,2,0,0,80,0,5110,0,1,1
12,18,2,0,0,82,1,5110,0,1,1
11,5,1,0,0,63,2,5110,0,1,1
9,19,1,0,0,56,2,5110,0,1,1
3,9,0,0,1,16,2,90,0,0,0
10,4,5,0,0,64,1,4440,0,0,1
4,4,3,0,0,60,0,5110,0,1,1
10,19,3,0,0,64,0,5110,0,1,1
13,3,1,0,0,99,2,5100,0,1,1
11,0,5,0,0,66,0,5110,0,1,1
3,18,3,0,1,18,2,360,0,0,0
5,4,2,0,0,56,2,5100,0,1,1
12,21,1,0,0,83,2,4870,0,1,1
10,2,4,0,0,73,1,5110,0,1,1
1,11,4,0,1,12,1,40,0,0,0
13,1,4,0,0,88,0,5110,0,0,1
10,18,4,0,0,73,2,5110,0,1,1
13,4,5,0,0,74,1,5100,0,1,1
12,19,6,0,0,98,0,2020,0,1,1
11,22,2,0,0,96,1,4460,0,1,1
13,4,1,0,0,51,1,4350,0,1,1
4,18,1,0,0,81,1,5110,0,1,1
1,14,1,0,0,3,2,130,0,0,0
9,12,3,0,0,11,0,120,0,0,0
5,18,4,0,1,4,0,30,0,0,0
3,18,0,0,1,7,1,10,0,0,0
12,23,0,0,0,69,1,5110,0,1,1
13,19,2,0,0,79,0,5100,0,1,1
12,22,4,0,0,87,2,1150,0,0,1
7,22,3,0,0,88,2,5110,0,1,1
12,3,6,0,0,53,2,5110,0,1,1
10,3,2,0,0,63,1,5110,0,1,1
13,2,1,0,0,66,2,5110,0,0,1
11,18,2,0,0,80,2,2090,0,0,1
7,9,0,0,1,11,0,130,0,0,0
12,3,6,0,0,81,0,2290,0,1,1
12,20,0,0,0,52,0,1230,0,1,1
13,1,2,0,0,95,2,5110,0,1,1
12,2,5,0,0,57,0,1030,0,1,1
12,0,1,0,0,57,0,2340,0,0,1
13,21,6,0,0,57,2,5090,0,1,1
13,19,2,0,0,70,1,5110,0,1,1
13,4,6,0,0,82,2,5110,0,0,1
2,10,1,0,1,10,0,30,0,0,0
13,19,6,0,0,59,1,5110,0,0,1
11,19,0,0,0,87,2,5110,0,1,1
13,4,0,0,0,93,2,1410,0,0,1
2,10,2,0,1,17,2,70,0,0,0
10,1,0,0,0,81,0,2100,0,0,1
9,4,2,0,0,88,1,5110,0,1,1
11,2,0,0,0,69,1,5110,0,1,1
9,2,1,0,0,77,2,5110,0,1,1
4,1,1,0,0,73,1,5070,0,1,1
8,5,4,0,0,52,1,5110,0,1,1
1,14,1,0,1,0,1,10,0,1,0
10,23,4,0,0,91,1,5110,0,1,1
13,20,4,0,0,91,0,5110,0,1,1
9,1,0,0,0,70,0,5110,0,1,1
11,22,4,0,0,82,2,2460,0,1,1
11,4,0,0,0,81,1,5110,0,1,1
9,5,4,0,0,65,2,5110,0,0,1
6,3,0,0,0,50,1,2130,0,0,1
10,19,5,0,0,88,1,1670,0,0,1
11,18,4,0,0,82,0,5110,0,1,1
4,10,4,0,1,9,0,120,0,0,0
10,18,2,0,0,63,2,5090,0,1,1
13,19,0,0,0,64,0,5110,0,1,1
9,5,1,0,0,63,1,5110,0,1,1
12,5,1,0,0,72,2,5110,0,1,1
12,2,3,0,0,98,2,5110,0,1,1
7,17,3,0,1,10,1,10,0,0,0
4,10,0,0,1,4,0,20,0,0,0
11,22,4,0,0,82,2,5100,0,1,1
11,4,5,0,0,95,1,5110,0,1,1
11,5,6,0,0,74,1,5090,0,0,1
7,16,1,0,1,5,1,10,0,0,0
12,23,6,0,0,53,0,2030,0,1,1
5,18,0,0,1,5,0,140,0,0,0
7,4,5,0,0,86,2,5110,0,1,1
4,5,2,0,0,53,0,5100,0,1,1
12,3,4,0,0,92,0,5110,0,0,1
9,0,6,0,0,62,1,5110,0,1,1
3,8,0,0,1,14,1,10,0,0,0
12,20,6,0,0,68,0,5110,0,1,1
9,5,3,0,0,75,2,5110,0,1,1
9,2,6,0,0,63,2,5110,0,1,1
12,2,1,0,0,55,2,5100,0,1,1
12,5,5,0,0,62,0,5110,0,1,1
13,22,1,0,1,77,0,10,0,1,1
1,17,4,0,1,1,2,70,0,0,0
9,5,5,0,0,99,2,2970,0,0,1
10,19,3,0,0,65,1,2920,0,1,1
10,3,4,0,0,95,0,5110,0,1,1
3,1,3,0,0,96,2,5110,0,1,1
13,4,6,0,0,92,2,1090,0,1,1
5,13,0,0,1,12,1,10,0,0,0
9,4,5,0,0,58,2,5110,0,1,1
3,13,2,0,0,18,1,10,0,0,0
12,4,6,0,0,65,1,1270,0,1,1
11,22,5,0,0,76,2,2250,0,1,1
10,4,4,0,0,73,1,4580,0,1,1
11,20,5,0,0,81,2,5110,0,1,1
3,19,1,0,0,66,2,1310,0,1,1
12,5,6,0,0,96,1,5110,0,1,1
3,16,4,0,0,16,0,30,0,0,0
10,5,5,0,0,62,1,1080,0,1,1
13,23,0,0,0,53,0,2010,0,1,1
10,22,1,0,0,96,2,5090,0,1,1
10,3,1,0,0,60,1,2420,0,1,1
10,21,0,0,1,82,1,1380,0,1,1
13,4,3,0,0,68,0,5110,0,0,1
11,3,5,0,0,69,0,2200,0,1,1
10,3,4,0,0,59,2,5110,0,1,1
12,4,5,0,1,68,2,1870,0,1,1
9,18,3,0,0,65,2,5110,0,1,1
11,3,5,0,0,86,1,1340,0,1,1
10,2,2,0,0,75,1,5110,0,1,1
1,7,3,0,1,0,0,10,0,0,0
10,20,0,0,0,69,0,5110,0,1,1
9,19,2,0,0,82,0,5110,0,0,1
12,19,1,0,0,59,2,5110,0,1,1
10,20,2,0,0,92,1,1220,0,1,1
1,18,2,0,1,17,1,10,0,0,0
9,18,1,0,0,65,1,4810,0,1,1
13,18,0,0,0,55,1,5110,0,1,1
10,20,0,0,0,57,2,5110,0,0,1
14,21,6,0,1,61,1,10,0,1,1
12,23,3,0,0,56,0,5110,0,0,1
2,13,0,0,1,8,2,40,0,0,0
11,21,1,0,0,85,0,1340,0,1,1
6,21,3,0,0,98,1,5110,0,1,1
3,17,0,0,0,10,2,40,0,0,0
10,19,4,0,0,63,1,5110,0,1,1
9,0,0,0,0,85,1,4800,0,1,1
9,19,6,0,0,76,2,5110,0,0,1
9,22,3,0,0,98,1,5110,0,0,1
4,15,1,0,1,7,1,140,0,0,0
4,15,2,0,0,18,0,20,0,0,0
12,3,2,0,0,68,1,5110,0,0,1
11,1,0,0,0,98,1,2870,0,0,1
5,17,3,0,1,9,2,30,0,0,0
11,20,3,0,0,62,0,4900,0,1,1
11,1,4,0,0,95,2,3000,0,0,1
9,1,1,0,0,62,1,5110,0,1,1
1,16,0,0,1,9,1,20,0,0,0
4,8,0,0,1,13,1,20,0,0,0
2,17,3,0,0,15,0,190,0,0,0
1,16,4,0,1,14,2,10,0,0,0
4,22,3,0,0,51,1,5110,0,1,1
13,1,2,0,0,59,0,5110,0,1,1
9,10,3,0,1,16,1,60,0,0,0
10,2,4,0,0,69,1,5110,0,1,1
10,22,0,0,0,73,1,5110,0,0,1
12,21,4,0,0,95,1,5110,0,1,1
12,5,3,0,0,51,0,5110,0,1,1
13,18,3,0,0,81,0,5110,0,1,1
4,8,1,0,0,18,0,10,0,0,0
3,16,2,0,1,19,0,10,0,0,0
14,1,5,0,0,99,0,20,0,1,1
3,12,4,0,1,2,2,10,0,0,0
12,1,3,0,0,86,2,4790,0,1,1
7,18,5,0,0,59,0,2690,0,1,1
12,3,3,0,0,81,0,5110,0,1,1
10,4,3,0,0,84,0,1400,0,1,1
13,0,1,0,0,94,1,5110,0,1,1
5,2,0,0,0,85,2,5110,0,1,1
12,3,3,0,0,77,2,5110,0,0,1
12,3,6,0,0,58,1,5110,0,1,1
11,2,5,0,0,63,0,1390,0,1,1
9,0,2,0,1,60,0,1140,0,1,1
13,4,2,0,0,91,2,4840,0,1,1
5,0,4,0,0,51,2,2670,0,0,1
10,23,3,0,1,81,2,1170,0,1,1
7,23,3,0,0,90,0,5110,0,0,1
9,21,3,0,1,57,0,2840,0,1,1
12,19,1,0,0,59,2,5110,0,1,1
13,0,3,0,0,84,2,4800,0,0,1
9,18,1,0,0,87,0,5110,0,1,1
13,0,1,0,0,74,1,5110,0,0,1
1,18,1,0,0,9,0,10,0,0,0
11,0,2,0,0,76,0,5110,0,0,1
9,2,1,0,0,52,1,5110,0,1,1
9,18,1,0,1,82,0,2900,0,1,1
10,1,5,0,0,70,1,5110,0,1,1
3,10,1,0,1,15,1,110,0,0,0
13,1,2,0,0,54,2,5110,0,1,1
6,18,6,0,0,71,1,5110,0,1,1
2,7,3,0,1,19,0,150,0,0,0
6,2,3,0,0,66,0,4620,0,0,1
13,2,5,0,0,69,0,5110,0,0,1
12,2,4,0,0,99,0,5110,0,1,1
7,23,4,0,0,55,0,5110,0,1,1
5,21,0,0,0,72,0,2070,0,1,1
13,5,3,0,0,57,0,4660,0,1,1
3,18,3,0,1,1,2,140,0,0,0
9,5,4,0,0,98,0,2360,0,1,1
11,2,3,0,0,91,1,5110,0,1,1
12,5,5,0,1,85,2,620,0,1,1
9,0,3,0,0,99,0,2810,0,1,1
7,22,0,0,0,63,2,2310,0,1,1
9,4,3,0,0,79,1,5110,0,1,1
7,19,2,0,0,67,1,5110,0,0,1
10,2,6,0,0,50,0,5110,0,1,1
12,4,2,0,0,88,2,5110,0,1,1
12,4,3,0,0,99,0,5110,0,1,1
11,5,4,0,0,77,2,5100,0,1,1
13,0,0,0,1,95,1,1080,0,0,1
13,0,3,0,0,53,1,5110,0,0,1
12,22,1,0,0,85,0,5110,0,1,1
9,22,5,0,0,75,2,5110,0,1,1
12,2,5,0,0,58,1,5110,0,0,1
9,20,4,0,0,61,2,5100,0,0,1
11,20,6,0,0,59,2,4460,0,0,1
13,22,1,0,1,67,2,1130,0,1,1
13,20,6,0,0,80,1,5110,0,1,1
12,3,2,0,0,77,2,5110,0,1,1
12,21,2,0,0,77,2,5110,0,1,1
9,22,6,0,0,77,0,5100,0,1,1
11,5,4,0,0,68,1,5110,0,1,1
3,14,3,0,1,15,1,20,0,0,0
11,1,3,0,0,87,0,5110,0,0,1
13,0,1,0,0,59,0,5110,0,1,1
12,23,3,0,0,74,2,5110,0,1,1
4,16,3,0,1,18,2,100,0,0,0
12,22,3,0,0,64,2,5110,0,1,1
10,5,3,0,0,98,0,5110,0,0,1
13,2,3,0,0,91,2,5110,0,1,1
6,22,4,0,0,93,0,1220,0,1,1
9,21,4,0,0,64,2,5100,0,1,1
9,22,0,0,0,94,0,5110,0,1,1
5,9,3,0,1,4,1,250,0,0,0
1,11,1,0,1,3,1,40,0,0,0
9,4,6,0,0,74,2,4450,0,0,1
11,0,2,0,0,79,1,5110,0,1,1
12,21,6,0,0,94,0,5110,0,0,1
9,23,4,0,0,90,0,5110,0,1,1
1,8,1,0,0,10,1,90,0,0,0
3,9,3,0,1,4,2,120,0,0,0
10,3,3,0,0,58,0,5110,0,1,1
12,5,1,0,0,83,2,5110,0,1,1
10,4,6,0,0,62,1,1480,0,1,1
11,0,1,0,0,96,0,1140,0,0,1
2,14,2,0,1,2,2,130,0,1,0
9,2,0,0,0,76,2,5110,0,1,1
8,23,2,0,1,51,1,2660,0,0,1
5,17,2,0,1,4,1,10,0,0,0
12,23,3,0,0,84,0,5110,0,0,1
12,5,2,0,0,78,1,5110,0,0,1
1,10,1,0,1,5,0,10,0,0,0
11,1,2,0,0,81,1,5110,0,1,1
12,20,1,0,0,65,2,5110,0,1,1
13,1,5,0,0,97,2,5110,0,1,1
12,22,2,0,0,96,0,5110,0,1,1
13,21,5,0,0,70,0,5100,0,1,1
12,3,4,0,1,63,1,1220,0,0,1
10,20,2,0,0,70,0,5110,0,1,1
6,23,0,0,0,73,0,5110,0,1,1
7,0,5,0,0,88,2,5100,0,1,1
10,0,0,0,0,56,2,5100,0,1,1
6,0,3,0,1,67,1,1850,0,0,1
9,18,5,0,0,57,0,5110,0,0,1
12,20,0,0,0,76,0,5090,0,1,1
13,22,5,0,0,59,1,5110,0,1,1
11,5,2,0,0,63,0,5110,0,1,1
7,15,2,0,0,7,1,130,0,0,0
12,2,2,0,0,84,0,2640,0,0,1
10,21,3,0,0,74,2,5110,0,1,1
9,0,3,0,0,96,1,5110,0,0,1
10,20,3,0,0,89,0,5110,0,1,1
12,1,1,0,0,71,1,5110,0,0,1
7,1,3,0,0,75,0,5110,0,1,1
6,22,6,0,0,95,0,2220,0,1,1
12,19,0,0,0,75,1,4430,0,1,1
12,0,5,0,0,51,2,5110,0,1,1
13,3,6,0,1,97,0,2870,0,0,1
12,0,2,0,0,63,0,5110,0,1,1
13,18,0,0,0,61,1,5110,0,0,1
11,5,2,0,0,64,1,5110,0,1,1
7,22,2,0,0,89,1,5110,0,0,1
9,21,3,0,0,86,2,5110,0,1,1
4,4,1,0,0,70,0,1250,0,0,1
12,23,1,0,0,60,2,5110,0,1,1
12,5,4,0,0,56,1,1090,0,1,1
10,23,3,0,0,55,2,5110,0,0,1
1,7,1,0,1,6,1,10,0,0,0
13,2,0,0,0,70,2,5090,0,0,1
5,16,0,0,1,17,0,40,0,1,0
11,18,6,0,1,52,1,10,0,1,1
11,22,0,0,0,70,2,5110,0,1,1
12,21,6,0,0,82,1,5100,0,1,1
8,21,1,0,0,50,0,5110,0,0,1
3,13,1,0,1,16,1,150,0,0,0
1,12,2,0,1,14,0,10,0,0,0
13,3,6,0,0,77,0,5110,0,1,1
10,22,2,0,1,83,1,2380,0,1,1
10,3,2,0,1,92,2,2350,0,1,1
13,2,4,0,0,52,1,5110,0,1,1
11,3,0,0,0,56,1,5110,0,0,1
12,20,4,0,0,74,1,4740,0,1,1
5,12,0,0,1,4,0,150,0,0,0
11,22,5,0,0,87,0,1700,0,0,1
6,22,4,0,1,79,0,2930,0,0,1
13,19,0,0,0,81,1,5110,0,0,1
5,15,4,0,1,5,1,10,0,0,0
5,12,1,0,1,4,2,10,0,0,0
9,23,2,0,0,79,0,5110,0,1,1
2,14,2,0,1,18,2,30,0,0,0
4,17,1,0,1,13,1,250,0,0,0
12,1,1,0,1,74,1,2050,0,1,1
10,2,3,0,0,79,1,5100,0,0,1
11,4,4,0,0,70,2,5110,0,0,1
9,23,3,0,0,73,0,5110,0,0,1
11,2,2,0,0,64,1,5110,0,0,1
3,17,1,0,1,8,2,510,0,0,0
4,15,4,0,1,7,0,300,0,0,0
9,20,2,0,0,50,0,5110,0,0,1
5,0,2,0,0,80,0,5110,0,1,1
9,1,0,0,0,54,0,1480,0,1,1
7,19,6,0,1,72,0,2750,0,1,1
7,23,4,0,0,52,2,5110,0,1,1
10,1,6,0,0,90,1,5110,0,1,1
9,20,1,0,0,90,1,10,0,1,1
7,20,6,0,0,98,0,5110,0,0,1
10,22,4,0,0,74,0,5110,0,1,1
11,1,1,0,0,97,2,5110,0,1,1
11,4,5,0,0,53,2,5110,0,1,1
5,18,1,0,0,16,2,10,0,0,0
2,8,2,0,1,12,1,10,0,0,0
9,20,4,0,0,67,2,1870,0,1,1
6,21,1,0,0,79,1,5110,0,1,1
11,20,0,0,0,84,2,5100,0,1,1
12,20,6,0,0,56,0,5110,0,1,1
10,1,2,0,0,55,2,5110,0,1,1
13,2,3,0,0,68,1,4660,0,1,1
5,0,3,0,0,50,1,1160,0,1,1
11,3,1,0,1,56,1,1050,0,1,1
3,7,4,0,1,0,2,10,0,0,0
13,5,5,0,0,91,2,2560,0,1,1
9,23,4,0,0,76,0,5110,0,1,1
11,22,5,0,0,77,2,2010,0,1,1
13,3,5,0,0,94,1,2350,0,0,1
9,5,0,0,0,77,1,5110,0,1,1
3,7,2,0,1,17,0,80,0,0,0
1,18,2,0,1,12,1,20,0,0,0
9,22,0,0,0,93,1,5110,0,0,1
7,1,5,0,0,80,1,5110,0,1,1
2,15,3,0,1,5,2,330,0,0,0
12,3,5,0,0,82,0,5110,0,1,1
11,23,2,0,0,68,1,5110,0,1,1
10,22,3,0,0,77,1,5090,0,1,1
11,5,1,0,0,79,2,5110,0,1,1
9,0,3,0,0,89,0,5110,0,0,1
3,12,4,0,1,4,1,140,0,0,0
12,19,6,0,0,96,2,5110,0,1,1
12,4,2,0,0,51,2,5110,0,1,1
2,14,4,0,1,9,2,10,0,0,0
10,2,4,0,0,83,1,4600,0,1,1
12,22,6,0,0,75,2,5110,0,1,1
12,5,2,0,0,94,2,2160,0,1,1
2,13,3,0,1,12,1,10,0,0,0
13,4,6,0,0,95,0,5110,0,1,1
12,20,5,0,0,81,2,5110,0,0,1
3,8,1,0,1,10,2,270,0,0,0
10,1,2,0,0,79,2,5110,0,1,1
5,5,3,0,0,65,2,5110,0,1,1
4,8,3,0,1,18,0,140,0,0,0
2,13,1,0,1,18,0,70,0,0,0
2,14,0,0,1,19,0,280,0,0,0
10,20,2,0,0,81,2,5110,0,1,1
12,20,6,0,0,62,0,2100,0,1,1
13,18,5,0,0,69,0,5110,0,1,1
5,17,3,0,1,1,1,180,0,1,0
12,0,2,0,0,81,1,5110,0,1,1
11,4,6,0,0,76,1,5110,0,1,1
11,5,1,0,0,85,1,2140,0,1,1
11,11,4,0,1,17,1,10,0,0,0
13,21,4,0,0,72,0,5110,0,1,1
6,3,0,0,0,57,2,5110,0,1,1
12,23,6,0,1,62,0,2270,0,0,1
3,11,0,0,0,19,0,50,0,0,0
12,3,2,0,0,53,2,1240,0,0,1
13,22,2,0,0,51,2,5110,0,1,1
11,3,0,0,0,68,2,5110,0,1,1
10,23,5,0,0,85,1,5110,0,0,1
11,21,2,0,0,65,1,5110,0,1,1
12,3,5,0,0,74,1,5100,0,1,1
13,3,3,0,0,53,1,5100,0,1,1
7,0,2,0,1,78,1,2030,0,0,1
13,21,6,0,0,79,2,5110,0,1,1
13,22,5,0,0,70,2,5110,0,1,1
10,20,6,0,0,50,2,5110,0,1,1
9,4,0,0,0,83,2,5110,0,0,1
10,3,5,0,0,93,2,1210,0,0,1
3,10,1,0,1,1,2,10,0,0,0
10,18,5,0,0,79,1,5110,0,1,1
3,9,1,0,0,10,2,80,0,0,0
13,20,4,0,0,56,2,5110,0,0,1
12,0,2,0,0,89,1,5100,0,0,1
11,1,2,0,0,56,2,5110,0,1,1
4,19,2,0,0,82,1,4760,0,0,1
12,3,4,0,0,95,2,5110,0,1,1
9,21,2,0,0,64,2,1090,0,1,1
6,4,4,0,0,68,1,5110,0,1,1
9,18,6,0,0,89,0,2680,0,1,1
9,2,4,0,0,81,1,5110,0,1,1
13,4,6,0,0,85,2,2950,0,1,1
12,5,4,0,1,55,0,2200,0,1,1
7,2,3,0,0,91,0,5110,0,1,1
11,19,3,0,0,65,1,2090,0,0,1
7,20,3,0,0,65,0,5110,0,1,1
12,0,6,0,0,97,2,5110,0,0,1
2,9,0,0,1,19,1,100,0,0,0
9,12,4,0,1,3,1,20,0,0,0
9,23,6,0,0,63,1,5110,0,1,1
5,16,1,0,1,3,0,250,0,0,0
3,8,4,0,1,19,2,30,0,0,0
8,0,5,0,0,56,1,5110,0,1,1
7,22,3,0,0,78,1,5110,0,1,1
3,0,1,0,0,65,1,5110,0,0,1
7,4,6,0,0,71,1,2380,0,1,1
7,10,2,0,1,8,1,180,0,0,0
6,5,6,0,0,81,2,4600,0,1,1
13,21,0,0,0,99,2,5110,0,0,1
10,1,2,0,0,51,2,5110,0,0,1
10,5,5,0,0,75,0,5110,0,1,1
4,13,4,0,1,4,0,110,0,0,0
8,20,5,0,0,56,0,5100,0,1,1
13,19,4,0,1,62,2,2970,0,1,1
12,2,2,0,0,79,1,5110,0,1,1
12,20,2,0,0,63,1,1320,0,0,1
11,23,3,0,0,56,0,5110,0,1,1
13,18,4,0,0,96,1,5100,0,1,1
1,14,0,0,1,15,1,280,0,0,0
4,7,0,0,1,3,0,210,0,0,0
13,0,0,0,0,75,0,5110,0,1,1
3,13,3,0,1,8,1,10,0,0,0
11,0,0,0,0,82,2,5110,0,1,1
4,19,3,0,0,75,0,5110,0,1,1
11,21,0,0,0,90,0,1790,0,1,1
13,18,6,0,0,83,1,2700,0,1,1
10,19,3,0,0,93,0,5110,0,0,1
11,3,1,0,0,70,1,5110,0,1,1
10,22,4,0,0,61,1,5110,0,1,1
6,22,5,0,0,95,0,5110,0,1,1
12,19,3,0,0,88,2,5110,0,1,1
5,16,0,0,1,10,2,20,0,1,0
2,9,1,0,0,14,1,20,0,1,0
9,19,3,0,0,55,0,5110,0,1,1
4,22,2,0,0,88,2,2870,0,1,1
10,20,4,0,0,51,0,1870,0,0,1
2,8,1,0,1,8,0,20,0,0,0
11,2,1,0,0,82,2,5110,0,1,1
13,3,3,0,0,91,0,5110,0,0,1
13,21,0,0,0,89,0,4800,0,1,1
4,11,0,0,1,8,1,110,0,0,0
4,15,1,0,0,1,0,80,0,0,0
13,3,2,0,0,62,1,4470,0,1,1
3,15,1,0,1,8,2,30,0,0,0
12,23,4,0,0,90,2,5110,0,1,1
10,0,2,0,0,81,0,5100,0,0,1
5,16,0,0,0,15,1,100,0,0,0
13,4,4,0,0,65,0,5110,0,0,1
12,19,2,0,0,57,2,5100,0,1,1
6,5,4,0,0,87,0,5110,0,1,1
5,23,6,0,0,81,1,5110,0,0,1
2,11,2,0,0,11,0,10,0,0,0
4,8,2,0,1,7,1,10,0,0,0
4,15,3,0,1,19,0,10,0,0,0
13,18,6,0,0,92,2,5110,0,0,1
9,22,2,0,0,99,2,5110,0,1,1
13,5,4,0,0,73,2,3230,0,1,1
12,19,1,0,1,64,1,1340,0,1,1
5,13,4,0,1,13,2,250,0,0,0
11,2,4,0,0,86,2,5110,0,0,1
13,20,4,0,0,78,2,5110,0,0,1
13,18,5,0,0,83,1,5110,0,1,1
10,2,6,0,0,50,0,5110,0,1,1
8,19,0,0,0,90,1,4810,0,1,1
4,14,3,0,1,19,2,10,0,0,0
10,23,0,0,0,87,2,5110,0,1,1
13,19,3,0,0,61,2,5110,0,1,1
5,7,4,0,1,17,0,10,0,0,0
9,22,6,0,0,69,1,5110,0,1,1
12,21,6,0,1,71,2,1500,0,0,1
12,20,5,0,0,93,0,5110,0,0,1
12,3,4,0,0,52,2,5110,0,0,1
2,12,0,0,1,6,0,230,0,0,0
11,19,3,0,0,84,2,5110,0,0,1
12,3,4,0,0,67,0,5110,0,0,1
11,3,3,0,0,94,2,2830,0,1,1
10,19,6,0,0,79,0,5110,0,1,1
9,7,4,0,1,7,1,150,0,0,0
13,23,3,0,1,61,2,2220,0,0,1
9,18,6,0,0,97,0,5110,0,1,1
9,3,3,0,0,94,1,5110,0,1,1
9,19,1,0,0,84,0,5110,0,1,1
13,2,0,0,0,60,2,5110,0,1,1
12,5,3,0,0,92,0,5110,0,0,1
12,4,5,0,0,69,0,5110,0,1,1
12,19,5,0,0,80,1,5110,0,1,1
8,4,3,0,0,86,1,5110,0,1,1
11,1,4,0,0,89,0,2820,0,0,1
5,7,3,0,0,2,2,90,0,0,0
5,19,2,0,0,97,1,2150,0,1,1
6,5,0,0,0,86,0,5110,0,1,1
5,8,0,0,1,2,2,40,0,0,0
8,23,5,0,0,82,1,5110,0,0,1
12,18,2,0,0,60,0,5110,0,0,1
13,5,2,0,0,94,2,5110,0,1,1
10,3,0,0,0,57,2,2790,0,1,1
7,22,1,0,0,69,0,5110,0,0,1
13,5,6,0,0,60,2,5110,0,1,1
10,0,2,0,0,99,2,5110,0,1,1
9,20,3,0,0,66,2,5110,0,0,1
13,21,2,0,0,55,1,5110,0,0,1
6,4,3,0,0,88,2,5100,0,1,1
11,23,3,0,0,53,1,4780,0,1,1
5,15,3,0,1,6,1,10,0,0,0
1,8,3,0,1,17,2,10,0,0,0
6,20,6,0,0,80,2,5110,0,0,1
13,20,0,0,0,95,0,1460,0,0,1
12,23,1,0,0,62,1,4510,0,0,1
13,21,2,0,0,60,1,5110,0,0,1
4,15,0,0,1,8,0,10,0,0,0
13,20,0,0,0,88,2,2300,0,1,1
9,11,0,0,1,19,2,190,0,0,0
11,2,5,0,0,82,0,5110,0,0,1
2,18,1,0,1,5,0,50,0,0,0
13,1,4,0,0,76,2,5110,0,1,1
4,17,1,0,1,0,0,100,0,0,0
5,14,2,0,1,18,2,90,0,0,0
13,2,1,0,0,90,1,2680,0,1,1
11,0,4,0,0,84,0,5110,0,1,1
12,20,6,0,0,89,0,5110,0,0,1
10,18,2,0,0,53,1,1350,0,1,1
9,1,0,0,0,61,0,5110,0,1,1
11,0,0,0,0,95,1,5110,0,0,1
11,22,3,0,0,90,1,5110,0,0,1
10,2,4,0,0,56,0,5110,0,1,1
12,22,1,0,0,62,2,5110,0,1,1
9,4,2,0,0,81,0,5080,0,1,1
11,18,6,0,0,99,1,5110,0,1,1
10,20,3,0,0,63,0,2110,0,1,1
9,18,1,0,1,18,2,40,0,0,0
3,7,3,0,1,11,1,10,0,0,0
10,20,2,0,0,51,0,5110,0,1,1
5,10,3,0,0,17,1,110,0,0,0
14,4,5,0,1,99,0,40,0,1,1
10,19,4,0,1,73,0,1120,0,1,1
12,0,3,0,0,84,1,450,0,1,1
9,23,1,0,0,61,0,5110,0,0,1
13,5,4,0,0,65,0,5110,0,0,1
11,5,2,0,0,96,2,5110,0,1,1
10,4,0,0,0,96,0,5110,0,1,1
13,21,4,0,0,52,0,4810,0,1,1
7,18,0,0,0,62,0,4640,0,1,1
13,20,1,0,0,53,2,5110,0,1,1
10,5,5,0,0,84,1,5110,0,1,1
11,18,2,0,1,0,0,10,0,0,0
1,8,2,0,1,6,0,40,0,0,0
13,23,4,0,1,71,2,2660,0,1,1
13,18,3,0,0,80,0,5110,0,0,1
14,5,1,0,1,52,2,10,0,0,1
10,2,0,0,0,74,1,2200,0,1,1
11,2,6,0,0,78,0,5110,0,1,1
11,5,2,0,0,63,1,5110,0,1,1
11,1,2,0,0,87,2,2080,0,0,1
5,23,3,0,0,97,2,5110,0,1,1
13,18,2,0,0,89,0,5110,0,0,1
10,19,5,0,0,77,0,5100,0,1,1
1,8,2,0,1,12,1,10,0,0,0
11,21,1,0,0,97,2,5110,0,0,1
9,19,2,0,0,99,1,5090,0,0,1
9,22,5,0,0,54,0,1150,0,0,1
1,15,1,0,1,16,0,20,0,0,0
10,23,2,0,0,56,1,5110,0,1,1
13,4,1,0,0,98,1,5110,0,0,1
12,21,3,0,0,60,1,4800,0,0,1
13,21,4,0,0,85,2,5100,0,1,1
10,18,5,0,0,51,0,5110,0,1,1
10,1,2,0,0,71,1,2340,0,1,1
5,2,0,0,0,86,2,5110,0,1,1
13,20,5,0,0,54,1,2120,0,0,1
6,3,3,0,0,72,1,5110,0,0,1
2,10,3,0,1,0,0,10,0,0,0
4,10,2,0,1,5,1,10,0,0,0
11,21,3,0,0,87,1,2140,0,1,1
8,1,5,0,0,88,0,2260,0,1,1
11,19,6,0,0,99,0,5110,0,1,1
9,22,5,0,0,68,0,5110,0,1,1
10,18,3,0,0,57,0,5110,0,1,1
9,18,1,0,0,73,2,5110,0,1,1
11,23,6,0,0,78,2,5110,0,1,1
9,1,5,0,0,66,0,5110,0,1,1
4,7,1,0,1,15,2,10,0,0,0
13,0,4,0,0,81,2,4490,0,1,1
12,5,0,0,0,77,0,2950,0,0,1
9,23,1,0,1,53,1,1390,0,0,1
10,19,0,0,0,62,0,5110,0,1,1
8,15,0,0,1,9,0,40,0,0,0
4,1,1,0,0,84,1,5110,0,1,1
5,7,4,0,0,11,1,10,0,0,0
1,13,1,0,1,11,0,280,0,0,0
4,19,1,0,0,66,0,5110,0,0,1
13,18,1,0,0,67,0,4460,0,0,1
12,23,2,0,0,86,1,5110,0,1,1
9,5,1,0,0,77,2,5110,0,0,1
11,23,1,0,0,93,2,5100,0,0,1
9,5,1,0,0,87,1,5110,0,0,1
10,0,2,0,0,90,2,5110,0,1,1
9,0,1,0,0,88,1,1260,0,1,1
4,23,5,0,0,51,2,5110,0,0,1
12,19,5,0,0,99,1,5110,0,1,1
13,2,2,0,0,97,0,5110,0,1,1
4,8,1,0,1,18,2,60,0,0,0
10,1,0,0,0,52,2,5110,0,1,1
9,18,5,0,0,61,2,5100,0,1,1
3,1,4,0,0,99,1,2780,0,0,1
13,20,0,0,0,95,0,5110,0,1,1
9,0,0,0,0,58,2,60,0,1,1
10,23,4,0,0,99,2,5110,0,1,1
12,22,0,0,0,65,0,5110,0,1,1
3,18,2,0,1,18,1,80,0,0,0
8,3,3,0,0,72,1,5110,0,0,1
9,18,5,0,0,64,1,5110,0,1,1
14,18,0,0,0,64,1,10,0,1,1
2,13,2,0,1,12,1,20,0,0,0
12,12,0,0,1,0,2,30,0,0,0
10,20,5,0,1,52,2,10,0,1,1
12,3,1,0,0,86,1,5110,0,1,1
3,16,2,0,1,14,1,270,0,0,0
9,20,6,0,0,54,0,1000,0,1,1
10,21,5,0,0,76,0,1390,0,1,1
12,3,5,0,0,50,1,5110,0,0,1
9,22,6,0,0,89,0,5110,0,0,1
9,3,5,0,0,80,2,4530,0,1,1
11,18,0,0,0,76,2,1340,0,1,1
13,21,6,0,0,75,2,5110,0,1,1
13,3,4,0,0,64,1,5110,0,0,1
5,20,4,0,0,79,2,5110,0,1,1
12,5,6,0,0,56,1,5110,0,1,1
10,19,3,0,0,71,0,1150,0,1,1
8,2,6,0,0,56,0,920,0,1,1
5,19,5,0,0,97,1,5110,0,1,1
11,4,2,0,0,89,1,5100,0,1,1
10,2,6,0,0,57,0,2450,0,0,1
12,5,3,0,0,62,2,2090,0,1,1
12,3,0,0,0,52,1,5110,0,1,1
7,5,3,0,0,83,2,5110,0,1,1
6,4,4,0,0,66,0,5110,0,1,1
9,22,2,0,0,62,0,5110,0,1,1
11,19,6,0,0,89,0,4500,0,0,1
6,4,2,0,0,77,1,1070,0,0,1
12,2,1,0,0,54,0,5110,0,1,1
10,18,1,0,0,89,2,5110,0,0,1
10,4,3,0,0,52,2,5110,0,0,1
9,22,2,0,0,76,2,2820,0,0,1
5,9,0,0,1,14,0,40,0,1,0
9,23,4,0,0,80,2,5110,0,1,1
10,18,5,0,0,90,1,5070,0,1,1
10,21,0,0,0,84,2,4580,0,1,1
10,2,4,0,1,99,0,2600,0,1,1
11,1,4,0,0,94,1,5110,0,1,1
12,3,6,0,0,85,2,2070,0,1,1
11,23,2,0,0,99,2,5110,0,1,1
4,18,4,0,1,12,0,150,0,0,0
13,1,5,0,0,77,2,2670,0,0,1
13,23,3,0,0,99,1,5110,0,0,1
10,5,5,0,0,50,2,5110,0,1,1
2,10,0,0,1,11,2,220,0,0,0
10,1,3,0,0,60,0,5110,0,1,1
12,2,5,0,1,94,0,2900,0,1,1
9,22,1,0,0,98,0,2120,0,1,1
11,18,3,0,0,92,2,2650,0,1,1
13,4,4,0,0,86,0,5110,0,0,1
13,4,0,0,0,92,0,2260,0,1,1
11,23,4,0,0,95,2,5100,0,1,1
3,17,2,0,1,7,0,10,0,0,0
1,10,3,0,1,10,1,30,0,0,0
3,15,3,0,1,6,0,10,0,0,0
12,22,0,0,0,72,1,1070,0,1,1
9,19,6,0,0,66,0,5110,0,1,1
3,9,0,0,1,1,0,120,0,0,0
9,22,0,0,0,83,0,2440,0,1,1
9,0,4,0,0,58,2,5110,0,1,1
13,2,2,0,0,88,1,5110,0,0,1
12,1,0,0,0,69,0,3000,0,1,1
2,9,2,0,1,1,1,10,0,0,0
12,22,6,0,0,98,0,5110,0,1,1
9,2,0,0,0,94,2,5110,0,1,1
12,0,5,0,0,55,2,5110,0,1,1
10,0,2,0,0,63,2,5110,0,1,1
1,17,0,0,1,17,0,50,0,0,0
9,20,1,0,1,95,0,1050,0,1,1
11,5,3,0,0,56,0,5110,0,1,1
12,18,5,0,0,90,2,5110,0,0,1
13,22,5,0,0,95,0,5110,0,1,1
9,20,4,0,0,95,0,5100,0,1,1
13,2,6,0,0,56,2,5110,0,1,1
9,1,6,0,0,69,1,1050,0,1,1
9,21,2,0,0,91,0,5110,0,1,1
10,22,2,0,0,64,0,5110,0,1,1
9,3,2,0,0,79,2,5110,0,1,1
1,10,3,0,1,7,0,10,0,0,0
13,22,6,0,0,76,1,5110,0,1,1
11,3,5,0,0,57,1,5110,0,1,1
9,22,4,0,0,74,1,4610,0,0,1
9,5,4,0,0,83,0,2850,0,1,1
11,18,6,0,0,82,1,5110,0,1,1
3,12,2,0,1,13,2,80,0,0,0
13,22,4,0,0,74,1,5110,0,1,1
12,0,3,0,0,99,2,2020,0,1,1
13,18,1,0,1,59,2,1550,0,1,1
4,9,3,0,1,10,0,290,0,0,0
9,22,1,0,0,55,0,20,0,0,1
12,23,3,0,1,82,0,1460,0,1,1
13,20,5,0,0,55,1,5110,0,1,1
3,16,3,0,1,3,1,70,0,0,0
5,21,6,0,0,99,2,5100,0,1,1
9,4,3,0,0,83,0,5100,0,1,1
9,3,5,0,0,57,2,1120,0,1,1
9,21,1,0,0,99,1,5110,0,1,1
9,23,4,0,1,80,2,1170,0,1,1
5,23,1,0,0,56,1,5110,0,1,1
13,1,0,0,1,61,0,2870,0,1,1
11,0,1,0,0,70,1,1020,0,1,1
12,22,6,0,0,73,0,5110,0,1,1
1,11,3,0,1,1,2,20,0,0,0
10,19,4,0,0,74,1,2070,0,1,1
11,3,1,0,0,53,0,5110,0,1,1
10,0,2,0,0,56,2,5110,0,1,1
12,21,1,0,0,96,2,5110,0,1,1
5,2,6,0,0,66,0,5110,0,1,1
11,2,1,0,0,60,0,5110,0,0,1
7,0,0,0,0,69,1,5110,0,1,1
9,0,2,0,0,74,1,1240,0,1,1
3,16,3,0,0,3,1,10,0,0,0
13,20,0,0,0,88,2,1850,0,1,1
10,22,1,0,0,52,2,2330,0,1,1
11,5,6,0,0,67,1,5110,0,1,1
11,2,2,0,1,56,1,2100,0,1,1
12,18,5,0,0,52,0,5110,0,0,1
6,4,1,0,0,55,1,5110,0,1,1
11,20,4,0,0,81,0,5110,0,1,1
1,15,0,0,0,11,0,10,0,0,0
3,15,2,0,1,1,0,10,0,0,0
10,19,4,0,0,67,2,5100,0,1,1
7,22,4,0,0,90,2,5110,0,1,1
13,23,1,0,0,91,0,5110,0,1,1
9,19,4,0,0,57,0,4630,0,1,1
14,3,0,0,0,73,2,30,0,0,1
13,1,5,0,0,51,0,5110,0,1,1
13,5,4,0,0,89,1,5110,0,0,1
11,21,1,0,0,74,2,5100,0,0,1
9,3,1,0,0,99,1,2460,0,1,1
9,19,2,0,1,81,0,990,0,0,1
13,21,0,0,0,79,0,5110,0,1,1
5,14,3,0,0,1,1,10,0,0,0
11,18,6,0,0,60,0,5110,0,1,1
5,3,1,0,0,52,2,5100,0,1,1
4,8,3,0,1,13,2,20,0,0,0
5,12,2,0,1,16,0,180,0,0,0
13,5,4,0,0,91,2,4490,0,1,1
9,19,5,0,0,99,1,5110,0,0,1
1,14,2,0,0,3,2,20,0,0,0
3,15,3,0,0,16,2,430,0,0,0
9,23,0,0,0,60,0,5110,0,1,1
6,11,3,0,1,16,2,10,0,0,0
10,22,2,0,0,86,1,5110,0,1,1
10,0,0,0,0,89,2,1200,0,0,1
11,10,0,0,1,5,2,10,0,0,0
12,5,6,0,0,93,0,5100,0,1,1
12,2,5,0,1,54,0,2340,0,1,1
14,23,4,0,0,71,2,30,0,0,1
13,19,2,0,0,52,0,5110,0,1,1
9,20,2,0,0,92,1,4810,0,0,1
12,19,3,0,0,53,1,5110,0,0,1
10,0,6,0,0,64,2,5110,0,1,1
13,21,1,0,0,69,1,2840,0,1,1
11,1,5,0,1,75,2,1270,0,1,1
9,4,4,0,1,58,0,2150,0,0,1
4,17,2,0,1,11,2,10,0,0,0
13,23,3,0,0,81,0,5110,0,1,1
3,13,0,0,1,8,2,10,0,0,0
5,1,3,0,0,74,1,5110,0,1,1
11,5,3,0,0,91,0,5110,0,1,1
12,4,2,0,0,59,1,4500,0,1,1
8,2,0,0,0,83,2,5090,0,1,1
1,16,3,0,0,16,2,20,0,0,0
10,23,6,0,0,95,2,5100,0,1,1
13,21,0,0,0,99,0,5110,0,1,1
12,23,2,0,0,66,0,5110,0,0,1
12,0,3,0,0,88,1,5110,0,1,1
10,20,2,0,0,96,0,5110,0,1,1
7,2,3,0,0,88,2,5100,0,1,1
13,18,0,0,0,90,1,5110,0,1,1
1,13,0,0,1,8,1,70,0,0,0
11,4,2,0,0,65,1,4820,0,1,1
13,20,2,0,0,71,2,80,0,1,1
10,3,4,0,0,50,0,5110,0,1,1
9,22,1,0,0,83,1,5110,0,0,1
10,19,6,0,0,81,0,4670,0,0,1
11,18,1,0,0,97,0,5110,0,0,1
13,19,1,0,0,80,0,2560,0,0,1
12,5,3,0,0,78,1,10,0,1,1
9,1,0,0,0,60,0,5110,0,1,1
2,17,4,0,0,0,2,50,0,0,0
12,22,6,0,0,84,1,2570,0,0,1
12,19,5,0,0,81,1,5110,0,0,1
11,4,1,0,0,83,0,5110,0,1,1
5,10,3,0,1,12,2,70,0,0,0
10,4,6,0,0,87,0,5110,0,0,1
1,18,1,0,1,9,2,130,0,0,0
10,19,6,0,0,58,1,5110,0,0,1
10,20,1,0,1,58,0,1340,0,1,1
13,18,5,0,0,79,2,5110,0,1,1
11,22,0,0,0,87,2,860,0,1,1
10,5,5,0,0,96,2,5110,0,0,1
9,14,4,0,1,4,0,30,0,0,0
9,22,4,0,0,98,1,1220,0,1,1
4,1,4,0,0,50,2,5110,0,1,1
13,22,3,0,0,93,1,5110,0,1,1
9,22,0,0,0,98,2,1500,0,0,1
7,21,4,0,0,64,0,1200,0,1,1
12,4,3,0,0,91,1,5100,0,0,1
10,2,1,0,0,96,0,5110,0,1,1
4,16,4,0,1,9,0,20,0,0,0
10,0,1,0,0,90,1,5110,0,1,1
9,1,3,0,0,94,1,5110,0,0,1
2,10,2,0,1,0,1,20,0,0,0
1,15,0,0,1,17,0,10,0,0,0
10,19,4,0,0,90,0,4850,0,1,1
9,21,1,0,0,98,1,5110,0,0,1
12,20,2,0,0,69,1,5110,0,1,1
13,21,2,0,0,73,0,2250,0,1,1
1,13,4,0,1,0,2,140,0,0,0
10,0,5,0,0,66,1,2050,0,1,1
13,2,0,0,0,69,1,1330,0,0,1
11,2,3,0,0,73,1,5110,0,1,1
4,14,2,0,0,10,0,120,0,0,0
10,5,0,0,1,72,0,1670,0,0,1
10,2,5,0,0,92,2,2140,0,1,1
13,2,0,0,0,98,0,1430,0,1,1
11,3,2,0,0,52,2,5110,0,1,1
2,14,3,0,1,5,1,70,0,0,0
2,13,1,0,1,2,1,180,0,0,0
10,5,2,0,0,77,1,4780,0,1,1
10,18,3,0,0,92,2,5110,0,1,1
7,1,4,0,0,56,2,5110,0,1,1
8,22,3,0,0,82,1,5110,0,1,1
11,18,1,0,0,94,2,5110,0,1,1
11,5,3,0,0,86,2,5110,0,1,1
12,0,2,0,0,58,1,2600,0,1,1
12,22,6,0,0,70,0,5110,0,1,1
4,4,3,0,0,68,0,5110,0,0,1
13,2,0,0,0,63,0,5110,0,1,1
13,18,5,0,0,60,0,5110,0,0,1
13,4,3,0,0,58,0,2360,0,1,1
9,23,3,0,1,67,1,2730,0,1,1
9,1,6,0,0,90,0,4520,0,1,1
13,22,0,0,0,94,0,5110,0,0,1
5,21,6,0,0,98,2,5110,0,1,1
13,3,5,0,0,74,0,5110,0,1,1
10,1,5,0,0,58,0,5110,0,0,1
12,20,5,0,0,88,1,5110,0,1,1
7,21,1,0,0,56,0,4490,0,1,1
4,15,0,0,0,6,1,30,0,0,0
13,0,0,0,0,75,1,390,0,0,1
5,10,2,0,1,11,1,50,0,0,0
9,19,2,0,0,92,0,5110,0,1,1
1,8,0,0,0,0,0,10,0,0,0
13,5,0,0,0,60,0,5110,0,1,1
9,18,2,0,1,51,1,1930,0,1,1
13,1,0,0,0,76,0,5110,0,1,1
8,4,2,0,0,90,0,5110,0,1,1
12,5,3,0,0,63,1,5100,0,0,1
9,19,4,0,0,60,1,4790,0,1,1
5,18,4,0,0,75,0,1000,0,1,1
4,3,5,0,0,87,0,1350,0,1,1
4,12,4,0,1,1,2,160,0,0,0
14,5,2,0,1,87,2,50,0,1,1
12,0,4,0,0,97,0,5110,0,1,1
12,2,4,0,0,57,2,5110,0,0,1
4,13,3,0,1,15,1,10,0,0,0
9,0,0,0,0,69,2,5110,0,0,1
10,4,3,0,0,84,0,5110,0,1,1
11,5,3,0,1,58,2,2400,0,1,1
13,18,3,0,0,79,1,5100,0,0,1
9,18,4,0,0,97,1,5110,0,1,1
9,23,4,0,0,75,2,1230,0,1,1
7,21,3,0,0,77,0,5110,0,1,1
14,5,2,0,0,60,0,40,0,1,1
8,2,2,0,0,98,0,5110,0,1,1
10,0,6,0,0,52,0,5110,0,1,1
11,19,6,0,0,99,1,5110,0,0,1
11,18,6,0,1,78,0,2770,0,1,1
11,5,5,0,0,61,1,5110,0,1,1
10,3,3,0,0,62,2,5110,0,1,1
5,7,1,0,0,19,2,10,0,0,0
11,23,1,0,0,54,0,1460,0,1,1
9,0,2,0,0,82,1,2710,0,1,1
12,18,5,0,1,90,1,360,0,1,1
12,18,5,0,0,80,2,1280,0,1,1
13,23,6,0,0,56,2,2240,0,1,1
12,5,6,0,0,92,1,1440,0,1,1
11,4,4,0,0,61,2,5100,0,0,1
5,1,2,0,0,89,0,5110,0,0,1
13,19,4,0,0,95,0,5110,0,1,1
12,22,0,0,0,66,1,5110,0,1,1
13,1,4,0,0,66,2,1560,0,0,1
5,18,3,0,1,13,0,900,0,0,0
13,21,3,0,0,91,1,5110,0,1,1
4,7,4,0,1,8,2,40,0,0,0
13,2,3,0,0,71,1,5110,0,1,1
12,5,0,0,0,97,1,5110,0,1,1
9,0,5,0,0,56,1,5110,0,1,1
13,22,6,0,0,50,1,5110,0,1,1
10,19,1,0,0,52,0,5110,0,1,1
11,18,0,0,0,60,1,5110,0,1,1
11,2,1,0,1,97,1,1030,0,0,1
8,22,6,0,0,99,1,4560,0,1,1
13,5,4,0,1,52,0,2680,0,1,1
13,18,5,0,0,60,1,5110,0,0,1
11,21,3,0,0,79,2,5110,0,1,1
4,7,1,0,1,3,1,40,0,0,0
4,23,2,0,0,68,2,5110,0,1,1
12,21,4,0,1,65,1,2400,0,1,1
13,4,1,0,0,82,1,2510,0,1,1
7,2,0,0,0,58,0,5110,0,0,1
3,18,1,0,0,6,0,100,0,0,0
4,23,6,0,0,85,2,5110,0,0,1
13,1,2,0,0,57,2,5080,0,1,1
10,1,1,0,1,97,1,2320,0,0,1
11,23,2,0,0,54,2,5110,0,1,1
13,0,4,0,0,58,1,5110,0,1,1
3,14,0,0,0,16,2,150,0,0,0
7,18,2,0,0,77,0,5110,0,0,1
5,18,1,0,0,12,2,20,0,0,0
13,19,2,0,0,84,1,4500,0,1,1
7,5,0,0,1,62,2,2960,0,1,1
4,14,3,0,1,11,0,40,0,0,0
9,19,2,0,0,54,0,5110,0,1,1
11,22,0,0,0,69,0,5110,0,0,1
8,0,6,0,0,86,0,5110,0,0,1
9,3,6,0,0,53,2,5110,0,1,1
11,20,6,0,0,66,1,5110,0,1,1
11,4,4,0,1,66,1,2090,0,1,1
4,12,1,0,1,5,1,10,0,0,0
12,4,0,0,0,85,1,5110,0,1,1
3,1,3,0,1,72,1,2950,0,0,1
11,0,5,0,0,86,2,5110,0,1,1
12,0,3,0,0,73,0,5110,0,1,1
13,3,6,0,0,88,1,1230,0,1,1
5,4,2,0,0,90,1,5110,0,1,1
9,0,4,0,0,75,2,2460,0,0,1
10,5,1,0,0,92,0,5110,0,1,1
4,16,2,0,1,1,1,10,0,0,0
1,7,3,0,1,14,1,20,0,0,0
10,2,6,0,0,72,1,5110,0,1,1
13,22,3,0,0,68,2,5110,0,1,1
13,5,1,0,0,51,2,1330,0,1,1
11,21,0,0,0,62,1,5110,0,0,1
7,1,4,0,0,97,2,2590,0,1,1
13,22,4,0,0,72,1,5110,0,1,1
11,23,5,0,0,97,1,5110,0,1,1
10,21,5,0,0,64,2,20,0,1,1
10,20,0,0,0,56,0,5110,0,1,1
12,20,2,0,0,65,2,5110,0,1,1
4,17,3,0,1,10,1,330,0,0,0
9,23,3,0,0,65,2,500,0,1,1
13,1,1,0,0,61,0,5110,0,1,1
5,20,2,0,0,56,1,1110,0,1,1
11,4,1,0,0,79,2,5080,0,1,1
9,21,3,0,0,94,0,5110,0,1,1
7,2,5,0,0,56,2,5110,0,1,1
5,22,4,0,0,52,1,2370,0,0,1
9,21,4,0,0,99,1,2420,0,1,1
13,0,2,0,0,93,1,5110,0,0,1
5,17,0,0,1,0,2,130,0,0,0
12,19,2,0,0,84,2,140,0,1,1
12,1,0,0,1,92,2,2720,0,0,1
3,23,1,0,0,59,0,5110,0,1,1
7,19,5,0,1,97,1,2360,0,1,1
10,0,5,0,1,82,1,1280,0,1,1
13,22,5,0,0,79,2,5100,0,1,1
12,18,6,0,0,83,1,1430,0,1,1
2,15,4,0,1,1,2,10,0,0,0
4,1,4,0,0,80,1,5110,0,1,1
11,0,3,0,0,95,0,2290,0,1,1
4,7,0,0,1,11,0,10,0,0,0
11,0,0,0,0,63,0,2960,0,1,1
12,19,4,0,0,88,0,5110,0,1,1
9,19,4,0,0,88,1,5110,0,1,1
12,4,4,0,0,94,2,5110,0,1,1
11,20,5,0,0,79,2,5100,0,1,1
10,5,3,0,0,98,1,1490,0,1,1
9,3,2,0,0,85,1,1340,0,0,1
9,5,0,0,0,50,0,5110,0,1,1
11,1,1,0,0,50,1,870,0,1,1
11,3,6,0,0,93,0,5110,0,1,1
7,0,1,0,1,81,2,2700,0,1,1
13,19,6,0,0,98,2,5100,0,0,1
4,15,3,0,0,17,0,90,0,0,0
11,1,4,0,0,57,1,5110,0,1,1
11,20,6,0,1,85,0,1100,0,1,1
11,22,6,0,0,94,2,5110,0,1,1
5,17,1,0,1,18,0,100,0,0,0
2,18,3,0,0,17,1,10,0,0,0
4,12,0,0,0,9,1,10,0,0,0
4,23,1,0,0,85,0,5110,0,1,1
9,3,4,0,0,64,2,4450,0,1,1
13,23,6,0,0,73,1,5110,0,1,1
10,1,1,0,0,65,2,2900,0,0,1
13,20,5,0,0,96,2,5110,0,1,1
12,22,6,0,0,93,1,5110,0,1,1
11,1,3,0,0,66,0,5110,0,0,1
13,0,1,0,0,50,0,5110,0,1,1
10,20,6,0,0,81,1,5110,0,1,1
10,3,2,0,0,90,1,5100,0,0,1
13,21,4,0,0,74,0,5110,0,1,1
10,23,1,0,0,89,2,5110,0,0,1
10,19,2,0,0,88,2,5110,0,0,1
9,22,0,0,0,98,1,5110,0,1,1
9,0,3,0,0,74,0,2160,0,1,1
10,21,1,0,0,81,1,5100,0,1,1
13,5,4,0,0,71,1,970,0,1,1
10,2,4,0,0,62,1,5110,0,1,1
12,21,5,0,0,77,0,5110,0,1,1
10,1,6,0,1,79,2,1360,0,1,1
13,21,4,0,0,88,0,5110,0,1,1
9,18,3,0,0,89,2,5110,0,1,1
12,1,0,0,0,69,2,5110,0,0,1
11,9,4,0,1,14,0,10,0,0,0
7,23,3,0,0,87,2,5110,0,1,1
6,23,4,0,0,90,1,4500,0,1,1
11,0,3,0,0,63,1,5040,0,0,1
5,16,2,0,0,16,1,270,0,0,0
11,19,2,0,1,73,1,910,0,0,1
9,2,1,0,0,57,0,1080,0,1,1
10,21,1,0,0,70,2,5110,0,0,1
13,21,3,0,0,66,1,5110,0,0,1
2,12,1,0,0,15,1,80,0,0,0
10,1,3,0,0,67,2,2090,0,0,1
9,4,3,0,0,51,1,5110,0,1,1
12,4,4,0,0,64,1,2950,0,1,1
11,20,5,0,0,54,0,2710,0,1,1
10,23,2,0,0,55,0,5110,0,0,1
9,1,5,0,0,90,1,5110,0,0,1
13,1,4,0,0,97,1,2140,0,0,1
13,2,1,0,0,84,2,4470,0,1,1
12,23,5,0,0,93,2,5110,0,1,1
13,4,6,0,0,73,1,5110,0,1,1
4,9,0,0,1,12,1,180,0,0,0
10,1,5,0,0,56,1,5100,0,0,1
5,7,2,0,1,12,1,10,0,0,0
9,20,2,0,0,52,1,5110,0,1,1
13,1,3,0,0,88,2,5110,0,0,1
9,23,1,0,1,90,0,1020,0,0,1
11,18,1,0,0,55,2,5110,0,1,1
13,18,3,0,0,64,0,5110,0,1,1
3,7,3,0,0,14,0,50,0,0,0
10,1,2,0,0,97,2,5110,0,1,1
2,18,1,0,1,2,2,40,0,0,0
9,23,5,0,0,90,0,5110,0,0,1
13,22,3,0,0,72,2,5110,0,1,1
9,1,1,0,0,96,2,5110,0,0,1
5,23,5,0,0,67,0,5100,0,1,1
7,21,6,0,0,62,1,5110,0,1,1
5,4,6,0,0,78,0,5110,0,0,1
11,2,1,0,0,68,2,2320,0,0,1
9,2,4,0,0,65,1,5110,0,0,1
10,19,0,0,0,83,0,5110,0,1,1
9,19,6,0,0,96,1,2900,0,0,1
10,23,1,0,1,99,1,2950,0,1,1
11,3,2,0,0,79,1,5110,0,1,1
3,14,2,0,1,8,2,10,0,0,0
6,18,4,0,0,87,1,5110,0,0,1
5,17,4,0,0,15,1,2080,0,0,0
12,2,4,0,0,96,2,5110,0,1,1
7,18,2,0,0,60,1,5110,0,1,1
12,5,1,0,0,62,2,5110,0,1,1
9,21,3,0,0,67,0,5110,0,1,1
5,14,1,0,1,1,2,190,0,0,0
12,21,0,0,0,93,0,5110,0,1,1
2,18,1,0,1,4,1,100,0,0,0
9,5,3,0,0,75,1,5110,0,1,1
6,18,5,0,0,52,1,5110,0,0,1
12,0,4,0,0,85,0,2320,0,1,1
6,3,3,0,0,75,1,5110,0,1,1
10,19,5,0,0,62,0,5110,0,0,1
11,18,5,0,0,78,1,1380,0,1,1
12,0,5,0,0,93,1,1030,0,1,1
11,23,1,0,1,85,2,1200,0,0,1
1,11,0,0,1,18,0,10,0,1,0
9,19,3,0,0,75,1,5110,0,1,1
13,5,2,0,0,75,0,5110,0,1,1
11,23,5,0,0,70,1,5110,0,0,1
13,19,6,0,1,57,2,2820,0,1,1
12,21,2,0,0,93,1,2740,0,1,1
13,23,0,0,1,78,1,1320,0,1,1
11,18,3,0,0,77,2,5110,0,1,1
10,4,1,0,0,51,2,5090,0,1,1
9,2,3,0,0,59,2,5110,0,1,1
13,21,2,0,0,68,1,5110,0,1,1
4,18,6,0,0,68,1,10,0,1,1
12,4,4,0,0,97,1,5110,0,0,1
10,2,1,0,0,99,2,5110,0,1,1
10,2,4,0,0,56,1,2510,0,0,1
4,22,4,0,0,53,1,5110,0,1,1
6,20,2,0,0,83,0,5110,0,1,1
13,3,1,0,0,81,1,5110,0,1,1
9,20,1,0,0,99,0,5110,0,1,1
9,19,2,0,0,57,0,2320,0,1,1
12,19,5,0,1,77,2,1210,0,1,1
9,20,3,0,0,81,1,5110,0,1,1
11,22,0,0,0,79,1,4470,0,1,1
3,11,3,0,1,8,0,10,0,0,0
9,0,0,0,0,58,0,5110,0,1,1
5,7,4,0,1,13,0,20,0,0,0
7,5,0,0,0,71,1,5110,0,0,1
12,18,1,0,0,90,1,1450,0,1,1
11,1,3,0,0,79,2,5110,0,0,1
11,5,1,0,0,50,1,2340,0,1,1
5,17,1,0,1,6,0,340,0,1,0
3,12,0,0,1,8,2,290,0,0,0
4,13,2,0,1,18,2,10,0,0,0
11,1,2,0,0,57,1,5110,0,1,1
8,5,4,0,0,90,2,2480,0,0,1
12,19,4,0,0,96,1,1000,0,1,1
9,0,6,0,0,62,0,5110,0,1,1
11,1,0,0,0,67,0,5110,0,1,1
7,18,5,0,0,97,0,5110,0,1,1
3,16,1,0,1,9,2,80,0,0,0
13,1,6,0,0,61,2,5110,0,1,1
11,19,2,0,0,71,1,5110,0,1,1
11,21,0,0,0,51,0,4360,0,0,1
11,20,1,0,0,81,1,4800,0,1,1
10,22,5,0,0,66,0,1270,0,1,1
10,21,2,0,0,85,1,2600,0,1,1
9,3,5,0,0,66,2,5110,0,1,1
3,15,0,0,1,15,1,10,0,0,0
11,0,4,0,0,83,0,2500,0,1,1
12,20,6,0,0,76,1,2660,0,1,1
3,1,0,0,1,71,2,1290,0,1,1
9,23,2,0,0,94,2,5110,0,1,1
12,21,6,0,1,69,0,2050,0,1,1
6,18,4,0,0,1,0,10,0,1,0
2,15,0,0,1,3,1,60,0,0,0
10,18,2,0,0,55,1,5110,0,1,1
7,4,5,0,0,73,2,1110,0,0,1
10,9,4,0,0,10,0,10,0,0,0
5,22,3,0,0,57,1,1320,0,1,1
11,3,5,0,0,65,1,5110,0,1,1
12,23,6,0,0,81,0,5110,0,1,1
10,5,0,0,0,96,1,5110,0,0,1
12,20,5,0,0,65,1,2460,0,1,1
4,20,2,0,0,63,0,5110,0,1,1
10,21,2,0,0,90,1,5110,0,1,1
5,8,4,0,1,3,2,10,0,0,0
10,1,4,0,0,56,2,2090,0,1,1
13,21,4,0,0,83,0,5110,0,1,1
1,8,4,0,1,2,0,10,0,0,0
5,18,2,0,1,2,2,110,0,0,0
12,21,5,0,0,98,2,5110,0,0,1
12,4,1,0,0,93,0,5110,0,1,1
13,18,6,0,0,94,2,2820,0,1,1
6,23,5,0,0,92,0,5110,0,1,1
12,20,3,0,0,94,2,5110,0,1,1
11,4,5,0,0,74,1,2870,0,1,1
12,3,4,0,0,50,0,2010,0,1,1
12,19,3,0,0,96,1,5100,0,0,1
1,8,2,0,1,18,1,10,0,0,0
9,0,0,0,0,88,0,290,0,0,1
11,21,2,0,0,56,0,5110,0,1,1
6,21,4,0,0,91,0,5110,0,1,1
10,2,6,0,0,80,1,5110,0,1,1
13,4,5,0,0,58,1,5110,0,1,1
10,4,2,0,0,57,1,5110,0,0,1
13,21,6,0,0,62,1,5110,0,1,1
10,2,6,0,0,61,2,1130,0,1,1
13,18,0,0,0,73,1,5070,0,1,1
2,17,1,0,1,8,0,20,0,0,0
12,21,4,0,0,55,1,5100,0,1,1
3,11,4,0,1,4,1,10,0,0,0
9,1,1,0,0,67,0,5110,0,1,1
3,1,3,0,0,57,1,1030,0,0,1
12,21,0,0,1,59,0,2190,0,1,1
10,18,1,0,0,55,0,5110,0,1,1
9,22,2,0,0,70,1,5110,0,1,1
13,20,3,0,0,82,1,5110,0,1,1
9,19,6,0,0,53,2,5110,0,1,1
11,5,5,0,0,81,1,2400,0,1,1
3,11,3,0,1,9,1,70,0,0,0
8,4,6,0,0,76,1,1460,0,0,1
12,3,6,0,0,83,2,2630,0,1,1
12,0,0,0,0,82,1,2680,0,1,1
13,5,3,0,0,77,0,2860,0,1,1
9,13,4,0,1,19,2,340,0,0,0
13,23,5,0,1,59,2,1380,0,1,1
9,4,4,0,0,62,0,5110,0,1,1
13,1,2,0,0,51,1,1050,0,1,1
10,0,3,0,0,85,2,5110,0,1,1
12,2,4,0,0,98,0,5110,0,1,1
12,23,5,0,1,87,1,2260,0,0,1
9,1,1,0,0,97,2,1120,0,1,1
9,22,0,0,0,63,2,5110,0,0,1
13,4,2,0,1,64,2,1220,0,1,1
7,0,3,0,0,74,2,5110,0,1,1
12,4,5,0,1,61,2,2400,0,0,1
5,10,2,0,1,14,2,10,0,0,0
13,21,3,0,0,51,1,2050,0,0,1
12,5,6,0,0,78,1,5110,0,0,1
9,20,2,0,0,63,2,5110,0,1,1
5,11,2,0,0,2,2,10,0,0,0
11,21,0,0,1,81,2,1350,0,0,1
11,1,0,0,0,58,1,4810,0,1,1
12,3,1,0,0,58,0,1840,0,0,1
11,3,2,0,0,94,2,5100,0,1,1
2,9,3,0,1,2,2,200,0,0,0
2,16,1,0,1,14,2,30,0,0,0
11,20,3,0,0,96,1,2630,0,1,1
6,5,0,0,0,82,0,20,0,1,1
3,19,5,0,0,89,1,5110,0,1,1
13,5,2,0,0,85,2,4810,0,1,1
12,20,5,0,0,72,0,5110,0,1,1
9,5,1,0,0,99,2,5100,0,1,1
12,2,6,0,0,84,0,5110,0,1,1
6,18,2,0,1,7,1,10,0,0,0
9,5,6,0,1,58,1,1360,0,1,1
4,12,3,0,1,18,0,100,0,0,0
12,19,4,0,0,87,0,5110,0,0,1
12,5,2,0,0,97,2,5110,0,1,1
10,4,6,0,0,69,0,5110,0,0,1
3,15,4,0,1,5,0,160,0,0,0
5,13,1,0,1,19,1,50,0,0,0
13,20,4,0,1,96,1,2450,0,0,1
12,18,2,0,0,83,0,2620,0,0,1
12,1,4,0,0,62,1,5110,0,1,1
9,1,1,0,1,61,1,1250,0,1,1
2,16,2,0,1,16,1,10,0,0,0
11,18,0,0,0,80,0,950,0,1,1
2,18,0,0,1,4,1,40,0,0,0
4,13,0,0,1,18,0,60,0,0,0
13,22,4,0,0,93,2,5110,0,1,1
5,2,6,0,0,95,0,5100,0,1,1
2,7,4,0,1,12,0,10,0,0,0
10,19,3,0,0,94,0,5110,0,1,1
13,5,4,0,0,63,1,2220,0,0,1
10,2,2,0,0,83,1,5110,0,0,1
3,12,2,0,1,9,1,80,0,0,0
10,22,5,0,0,55,1,5110,0,1,1
9,5,6,0,0,76,1,5110,0,1,1
8,5,1,0,0,68,0,5110,0,1,1
12,20,2,0,1,51,1,1380,0,0,1
10,22,4,0,0,51,1,5110,0,1,1
12,19,2,0,0,75,1,1270,0,1,1
9,20,4,0,0,83,2,5100,0,1,1
11,18,2,0,0,72,1,1250,0,1,1
9,5,6,0,0,85,0,5110,0,1,1
12,23,4,0,0,92,2,5110,0,1,1
4,20,4,0,0,94,1,5110,0,1,1
9,21,3,0,0,64,1,5110,0,1,1
12,21,6,0,0,63,0,4450,0,1,1
13,5,1,0,0,99,0,5110,0,0,1
13,21,3,0,0,69,1,4440,0,1,1
3,18,3,0,1,16,2,100,0,1,0
9,2,5,0,0,66,1,4340,0,1,1
9,19,2,0,0,68,0,1030,0,1,1
12,0,0,0,0,69,1,4960,0,0,1
5,17,1,0,1,8,2,10,0,0,0
5,17,1,0,1,9,2,40,0,0,0
13,22,6,0,1,67,0,1500,0,0,1
12,5,2,0,0,95,2,4770,0,1,1
11,4,3,0,0,74,2,250,0,0,1
4,2,1,0,0,72,2,2360,0,0,1
7,18,0,0,0,62,1,1100,0,1,1
13,19,4,0,0,98,0,5110,0,0,1
11,2,5,0,0,60,1,5060,0,1,1
9,0,5,0,0,85,1,5110,0,0,1
12,4,3,0,1,82,1,2300,0,0,1
5,20,0,0,0,78,0,1080,0,1,1
12,4,2,0,0,86,1,1120,0,1,1
10,20,2,0,0,93,2,5110,0,1,1
10,3,1,0,0,78,2,340,0,1,1
12,4,6,0,0,64,2,5100,0,0,1
12,21,6,0,0,67,0,5110,0,1,1
13,1,0,0,0,81,1,5090,0,0,1
11,19,1,0,0,78,2,2130,0,1,1
9,23,6,0,0,98,2,5110,0,1,1
2,10,3,0,1,3,1,10,0,0,0
12,20,2,0,0,62,2,5110,0,1,1
11,23,0,0,0,69,0,5110,0,1,1
3,12,0,0,1,1,2,10,0,1,0
9,1,4,0,0,74,2,5100,0,1,1
10,5,5,0,0,91,0,5110,0,1,1
5,21,1,0,0,94,2,5100,0,0,1
13,2,0,0,0,57,1,1320,0,1,1
5,22,4,0,0,97,2,4600,0,1,1
13,18,4,0,1,99,1,2380,0,1,1
4,22,1,0,0,78,2,5110,0,1,1
12,23,6,0,0,79,0,5110,0,0,1
5,18,2,0,0,87,0,5110,0,1,1
12,0,1,0,0,82,0,2560,0,1,1
3,11,4,0,1,10,1,40,0,1,0
9,4,2,0,0,73,1,5110,0,1,1
2,17,3,0,0,8,2,50,0,0,0
3,18,4,0,1,12,2,10,0,0,0
9,1,5,0,0,53,0,2360,0,0,1
9,0,6,0,0,92,0,5110,0,1,1
13,21,4,0,0,96,0,5110,0,1,1
11,5,6,0,1,53,1,2320,0,1,1
1,18,2,0,1,3,1,210,0,0,0
1,10,1,0,0,17,1,10,0,0,0
7,22,3,0,0,54,0,5110,0,0,1
13,18,3,0,0,59,0,1040,0,1,1
11,19,1,0,0,77,0,5110,0,1,1
13,3,6,0,0,71,2,5110,0,1,1
10,21,3,0,0,50,0,5100,0,1,1
11,2,2,0,0,57,0,5110,0,1,1
5,14,4,0,1,1,1,40,0,0,0
9,21,3,0,0,64,1,5110,0,1,1
5,5,6,0,0,94,0,5110,0,1,1
10,19,4,0,0,97,2,5110,0,1,1
2,10,3,0,0,15,1,10,0,0,0
1,17,4,0,0,6,2,10,0,0,0
10,19,3,0,0,58,0,5110,0,1,1
13,2,1,0,0,90,2,5100,0,1,1
10,23,3,0,0,89,0,970,0,0,1
9,22,2,0,0,61,2,5110,0,1,1
4,12,1,0,1,4,2,10,0,0,0
3,15,1,0,1,3,2,10,0,0,0
10,3,0,0,0,94,2,2270,0,1,1
14,2,1,0,0,54,2,10,0,0,1
11,20,3,0,0,66,0,5110,0,0,1
12,2,0,0,0,55,1,5110,0,1,1
11,5,2,0,0,67,0,1180,0,1,1
1,17,0,0,1,8,0,260,0,0,0
11,21,4,0,0,87,0,1340,0,1,1
3,22,6,0,0,76,1,5110,0,1,1
10,20,4,0,0,50,0,1070,0,1,1
5,12,2,0,1,16,1,20,0,0,0
13,18,1,0,0,88,0,5100,0,0,1
11,18,1,0,0,94,0,5100,0,1,1
9,2,3,0,0,62,2,5110,0,1,1
9,4,4,0,0,88,1,5110,0,0,1
9,0,0,0,0,56,0,5110,0,1,1
4,5,4,0,0,50,1,5110,0,1,1
10,5,1,0,0,76,0,5100,0,1,1
2,7,1,0,1,18,0,390,0,0,0
9,2,3,0,0,88,2,5110,0,1,1
13,0,3,0,0,93,0,5110,0,0,1
5,15,1,0,1,6,0,10,0,0,0
13,0,1,0,0,90,0,5090,0,0,1
7,22,6,0,1,85,1,1170,0,1,1
13,4,1,0,0,55,2,1080,0,1,1
2,9,4,0,0,2,1,810,0,0,0
8,18,4,0,0,96,2,2960,0,1,1
11,3,4,0,0,75,2,5110,0,0,1
13,1,2,0,0,60,2,5110,0,1,1
7,0,3,0,0,67,2,1140,0,1,1
12,23,5,0,0,50,2,5110,0,1,1
9,5,4,0,1,56,0,1590,0,1,1
2,7,4,0,1,5,0,10,0,0,0
9,3,6,0,0,60,1,5110,0,1,1
10,21,5,0,0,55,2,5110,0,1,1
10,1,2,0,0,98,0,650,0,0,1
7,21,0,0,0,70,0,4600,0,1,1
12,1,5,0,0,85,1,2090,0,0,1
1,11,1,0,0,18,1,10,0,0,0
11,5,6,0,0,75,0,4480,0,1,1
5,18,4,0,1,2,1,100,0,0,0
10,4,1,0,0,81,2,4820,0,1,1
3,10,3,0,1,7,2,10,0,0,0
9,1,6,0,0,57,2,5110,0,0,1
10,5,5,0,0,78,1,1310,0,1,1
5,23,3,0,1,67,2,1070,0,1,1
12,22,1,0,0,76,2,5110,0,1,1
11,4,4,0,1,82,0,1350,0,1,1
9,23,6,0,0,65,0,5100,0,1,1
10,20,6,0,0,62,2,5110,0,1,1
7,22,5,0,1,77,1,2160,0,1,1
10,4,0,0,0,54,0,4780,0,1,1
13,23,0,0,0,58,1,750,0,0,1
9,22,0,0,0,63,0,5110,0,0,1
4,13,1,0,1,10,1,10,0,0,0
10,4,0,0,0,65,0,5110,0,1,1
10,4,2,0,0,70,2,5110,0,0,1
12,5,0,0,0,92,0,2400,0,1,1
12,20,5,0,0,69,0,5110,0,1,1
12,5,5,0,0,88,2,5110,0,0,1
12,1,5,0,0,59,0,5110,0,1,1
9,4,6,0,0,59,2,5110,0,1,1
12,4,0,0,1,93,2,2200,0,1,1
9,23,4,0,0,70,2,5110,0,0,1
9,18,6,0,0,95,1,2850,0,0,1
11,4,1,0,0,79,2,5110,0,1,1
11,1,5,0,0,52,0,5110,0,0,1
5,12,2,0,1,4,0,10,0,0,0
12,23,2,0,0,77,1,2020,0,1,1
1,8,3,0,1,6,1,10,0,0,0
9,23,6,0,0,55,0,2580,0,1,1
11,0,6,0,0,85,1,5110,0,0,1
7,18,4,0,0,60,2,2190,0,1,1
3,9,0,0,1,9,2,20,0,1,0
9,22,1,0,0,71,1,2720,0,0,1
11,4,2,0,0,88,2,2380,0,1,1
11,23,1,0,0,60,1,5110,0,1,1
5,2,6,0,0,53,1,5110,0,0,1
1,11,2,0,1,5,1,150,0,0,0
9,22,3,0,0,80,1,5110,0,1,1
10,22,1,0,0,76,2,5100,0,0,1
11,2,4,0,1,80,1,10,0,1,1
2,16,2,0,1,3,1,30,0,0,0
13,2,0,0,0,60,2,4560,0,1,1
4,20,0,0,0,60,0,5110,0,1,1
11,22,2,0,0,98,2,5110,0,1,1
5,4,0,0,0,94,2,5110,0,1,1
9,21,5,0,0,97,1,5110,0,1,1
12,21,3,0,0,86,2,5110,0,0,1
10,16,1,0,1,6,1,50,0,0,0
10,1,5,0,0,88,0,5110,0,1,1
12,21,2,0,1,96,2,2500,0,0,1
9,21,1,0,0,74,1,5110,0,1,1
4,12,0,0,1,9,2,80,0,1,0
13,4,2,0,0,80,2,1210,0,1,1
3,16,1,0,1,9,2,10,0,0,0
13,1,5,0,0,69,2,5110,0,1,1
7,5,6,0,0,57,1,5110,0,1,1
11,2,4,0,0,51,2,4830,0,0,1
13,21,3,0,0,70,1,5100,0,1,1
11,21,2,0,0,95,2,2110,0,1,1
8,0,2,0,0,80,0,1620,0,1,1
11,4,5,0,0,89,1,5110,0,1,1
11,18,1,0,0,99,2,5090,0,1,1
11,1,4,0,0,80,1,5110,0,1,1
11,1,0,0,0,90,2,4470,0,0,1
8,1,1,0,1,53,1,2760,0,1,1
12,1,5,0,0,93,1,5100,0,1,1
10,3,5,0,0,61,1,5110,0,0,1
11,18,3,0,0,89,2,5110,0,1,1
13,3,6,0,0,61,0,5110,0,1,1
8,18,0,0,0,62,1,5110,0,1,1
2,18,4,0,1,3,2,180,0,0,0
13,5,3,0,0,61,2,1110,0,1,1
4,15,2,0,1,14,0,70,0,0,0
12,21,3,0,0,98,2,5110,0,0,1
13,5,5,0,0,74,2,5110,0,1,1
2,7,2,0,1,8,0,170,0,0,0
13,1,4,0,0,61,1,5110,0,1,1
11,22,2,0,0,76,1,5110,0,1,1
13,1,0,0,0,99,0,5110,0,1,1
11,3,2,0,0,77,1,2880,0,1,1
13,21,1,0,0,87,2,4810,0,1,1
10,23,2,0,1,97,2,1410,0,1,1
9,2,0,0,1,85,0,1070,0,0,1
3,16,4,0,1,9,1,10,0,0,0
13,4,6,0,0,68,0,2610,0,0,1
11,21,6,0,0,55,0,5110,0,1,1
13,2,6,0,0,70,0,5110,0,1,1
9,3,4,0,0,85,1,5110,0,1,1
3,14,3,0,0,17,0,10,0,1,0
7,1,3,0,0,68,1,5110,0,1,1
11,23,3,0,1,92,0,1240,0,1,1
10,5,5,0,0,63,0,2400,0,1,1
12,2,1,0,1,87,2,2490,0,0,1
12,4,6,0,0,90,0,5110,0,1,1
4,23,6,0,0,97,2,5110,0,0,1
2,8,4,0,1,16,0,90,0,0,0
9,20,4,0,0,95,2,5110,0,1,1
12,21,6,0,0,59,0,5110,0,0,1
12,19,4,0,0,74,2,5110,0,1,1
4,23,0,0,0,55,1,5110,0,1,1
12,5,0,0,0,72,2,5110,0,0,1
13,18,1,0,1,96,0,1440,0,1,1
12,3,2,0,0,66,2,5110,0,1,1
13,19,4,0,0,64,2,5110,0,0,1
9,18,1,0,0,61,1,5110,0,1,1
14,4,2,0,1,50,1,50,0,1,1
11,2,4,0,1,55,2,2920,0,1,1
9,0,2,0,0,75,2,5110,0,0,1
13,18,4,0,0,72,0,2860,0,1,1
10,3,6,0,0,96,0,5110,0,1,1
13,0,1,0,0,72,0,5100,0,1,1
4,8,0,0,1,8,1,10,0,1,0
10,5,0,0,0,65,0,5110,0,1,1
10,0,2,0,0,86,1,5110,0,0,1
13,18,3,0,0,62,2,5100,0,1,1
9,16,1,0,0,1,1,10,0,0,0
2,8,4,0,1,13,2,20,0,0,0
9,3,2,0,0,54,1,2910,0,1,1
9,1,6,0,0,62,1,5110,0,1,1
1,8,4,0,1,8,2,10,0,0,0
12,4,1,0,0,94,2,4760,0,1,1
12,0,5,0,0,72,2,5100,0,1,1
11,19,0,0,1,62,2,2760,0,1,1
9,5,2,0,0,81,1,5110,0,1,1
2,14,3,0,1,14,1,40,0,0,0
9,2,1,0,0,65,0,5110,0,1,1
7,1,2,0,0,87,2,5110,0,1,1
5,20,3,0,0,93,1,1250,0,1,1
13,0,5,0,0,78,0,2060,0,1,1
12,19,0,0,0,86,2,4780,0,1,1
12,1,1,0,0,59,1,1280,0,1,1
9,19,1,0,0,72,2,5110,0,1,1
10,3,2,0,0,76,1,5110,0,1,1
8,18,4,0,0,69,0,1160,0,1,1
13,0,1,0,0,55,1,5100,0,0,1
10,21,0,0,0,87,0,5090,0,0,1
2,16,3,0,1,19,1,500,0,0,0
12,20,0,0,0,67,1,5110,0,0,1
12,3,3,0,0,93,1,2560,0,1,1
5,11,3,0,1,15,1,100,0,0,0
7,4,0,0,0,92,1,4840,0,1,1
13,4,3,0,0,68,1,5110,0,1,1
10,21,2,0,0,67,0,5110,0,0,1
11,20,2,0,0,87,1,2210,0,1,1
13,23,6,0,0,94,0,5110,0,1,1
5,7,4,0,1,15,1,310,0,0,0
5,17,3,0,1,8,0,10,0,0,0
4,16,4,0,0,14,0,50,0,0,0
5,12,4,0,0,13,0,2140,0,0,0
5,10,2,0,0,7,0,160,0,0,0
10,5,2,0,0,67,0,1270,0,1,1
12,4,3,0,0,97,0,5110,0,0,1
5,7,3,0,1,15,2,10,0,0,0
13,2,4,0,0,75,2,5100,0,1,1
10,22,6,0,0,86,0,5110,0,1,1
5,5,5,0,0,96,0,2340,0,0,1
4,12,0,0,1,18,1,10,0,0,0
9,4,5,0,0,82,1,5110,0,1,1
6,5,1,0,0,85,1,5110,0,1,1
12,19,3,0,0,96,1,5110,0,1,1
5,11,1,0,1,18,0,10,0,0,0
9,21,1,0,0,71,1,2660,0,1,1
5,4,1,0,0,51,0,5110,0,1,1
13,5,5,0,0,73,2,5110,0,0,1
13,23,3,0,1,95,1,20,0,0,1
11,21,0,0,1,71,1,1400,0,1,1
9,1,4,0,1,83,0,2060,0,1,1
8,19,4,0,0,64,0,1470,0,1,1
4,10,4,0,1,10,2,200,0,0,0
1,8,0,0,1,2,1,10,0,0,0
13,20,3,0,0,71,0,5110,0,1,1
11,1,3,0,0,57,0,1100,0,1,1
9,20,4,0,0,64,0,5100,0,1,1
7,5,4,0,0,62,1,5110,0,1,1
3,5,3,0,1,75,2,2460,0,1,1
13,4,5,0,0,59,0,5110,0,1,1
12,21,1,0,0,53,2,2590,0,1,1
9,19,3,0,0,81,1,5110,0,1,1
2,16,0,0,1,8,1,90,0,0,0
9,22,3,0,0,88,0,5110,0,1,1
13,21,6,0,0,74,1,1040,0,1,1
5,8,3,0,1,10,2,30,0,0,0
9,1,3,0,0,62,2,5110,0,1,1
12,19,2,0,0,94,0,1070,0,1,1
10,23,6,0,0,73,0,2840,0,0,1
5,22,2,0,0,58,0,5110,0,1,1
12,18,6,0,0,60,2,5110,0,1,1
13,21,2,0,0,52,1,1010,0,0,1
2,13,3,0,1,3,2,150,0,0,0
10,4,2,0,0,64,1,980,0,1,1
10,5,5,0,0,63,1,5110,0,1,1
5,1,6,0,0,65,1,5110,0,1,1
12,21,5,0,0,89,2,1130,0,1,1
11,20,3,0,0,97,1,1480,0,1,1
10,5,6,0,0,83,1,5100,0,1,1
12,22,5,0,0,91,1,5110,0,0,1
4,11,1,0,1,1,0,60,0,0,0
3,16,1,0,0,3,1,20,0,0,0
12,5,2,0,0,91,2,590,0,0,1
12,1,2,0,0,77,0,5110,0,1,1
2,13,2,0,1,5,2,40,0,0,0
3,22,1,0,0,93,2,5110,0,1,1
10,19,0,0,0,59,1,1160,0,0,1
13,19,2,0,0,63,2,5110,0,1,1
12,21,1,0,0,76,1,5110,0,1,1
13,21,1,0,0,76,2,5110,0,1,1
11,11,0,0,1,19,1,20,0,0,0
11,2,6,0,0,74,1,1020,0,1,1
2,7,0,0,1,7,2,110,0,0,0
10,23,3,0,0,64,1,5100,0,1,1
13,18,3,0,0,99,1,5110,0,1,1
12,4,6,0,0,97,2,5090,0,1,1
4,1,2,0,0,99,1,1280,0,1,1
12,0,6,0,0,76,1,2880,0,1,1
1,17,1,0,1,13,0,10,0,1,0
10,3,1,0,0,95,2,4360,0,1,1
9,3,3,0,0,57,0,5110,0,1,1
10,19,3,0,0,55,1,5100,0,1,1
13,4,0,0,0,94,1,5110,0,0,1
9,18,5,0,0,50,2,5110,0,0,1
13,21,0,0,1,67,1,2190,0,1,1
11,1,0,0,0,71,1,5110,0,1,1
1,8,2,0,1,19,2,110,0,0,0
12,20,4,0,0,50,0,5110,0,1,1
4,3,6,0,0,87,2,5110,0,1,1
10,22,5,0,0,72,2,5090,0,1,1
1,12,1,0,1,18,2,100,0,0,0
9,0,4,0,0,53,1,1080,0,1,1
9,2,6,0,0,67,1,5110,0,1,1
12,20,5,0,0,94,0,1570,0,1,1
8,20,2,0,0,74,2,5110,0,1,1
10,22,4,0,0,99,1,5090,0,1,1
9,3,4,0,1,54,2,1170,0,1,1
12,23,4,0,0,71,2,2500,0,1,1
3,20,4,0,0,53,1,5110,0,1,1
9,2,4,0,0,90,0,5110,0,1,1
4,8,4,0,1,16,2,90,0,0,0
13,21,4,0,0,83,0,1040,0,1,1
11,1,6,0,0,67,2,5110,0,0,1
1,15,4,0,1,13,1,10,0,0,0
1,16,1,0,1,18,2,10,0,0,0
10,19,1,0,0,55,2,2740,0,1,1
3,14,1,0,1,8,0,10,0,1,0
9,23,5,0,1,50,2,2490,0,1,1
13,19,2,0,0,85,1,10,0,1,1
12,21,5,0,0,53,0,1370,0,1,1
11,20,2,0,0,92,2,5110,0,0,1
13,22,1,0,0,75,2,5110,0,1,1
3,22,2,0,0,97,2,5100,0,1,1
13,23,4,0,0,94,1,5110,0,1,1
1,16,0,0,1,2,0,370,0,0,0
5,7,1,0,0,10,0,170,0,0,0
13,19,4,0,0,98,1,2140,0,0,1
10,5,0,0,0,59,0,2840,0,1,1
11,5,2,0,0,65,1,5110,0,1,1
1,16,0,0,0,3,2,40,0,0,0
12,5,4,0,0,83,0,5110,0,0,1
13,22,1,0,0,92,2,5110,0,0,1
13,5,3,0,0,75,1,5110,0,1,1
11,18,5,0,0,52,0,5110,0,1,1
4,20,3,0,0,52,2,5100,0,1,1
12,18,4,0,0,66,2,5110,0,1,1
9,3,2,0,0,57,1,5110,0,1,1
12,0,6,0,1,89,2,1260,0,1,1
13,20,4,0,0,75,2,5110,0,1,1
11,21,1,0,0,72,0,4440,0,1,1
12,5,0,0,0,88,2,5110,0,1,1
8,13,3,0,1,17,0,10,0,0,0
12,23,4,0,0,95,1,5110,0,1,1
11,23,4,0,1,99,0,2980,0,1,1
8,19,2,0,0,94,1,2900,0,1,1
9,22,2,0,0,96,0,5110,0,1,1
8,4,5,0,1,61,1,1210,0,1,1
10,5,6,0,0,58,2,5110,0,1,1
3,17,4,0,1,18,2,10,0,0,0
13,20,5,0,0,80,1,2560,0,1,1
10,18,5,0,0,68,0,5110,0,1,1
11,19,5,0,1,80,2,1120,0,0,1
1,11,1,0,0,2,2,10,0,0,0
12,0,0,0,0,82,0,5110,0,1,1
9,1,5,0,0,81,2,2020,0,1,1
10,0,5,0,0,72,1,5110,0,0,1
13,4,0,0,0,92,1,5110,0,1,1
1,10,0,0,1,3,2,10,0,0,0
9,4,1,0,0,64,0,5110,0,1,1
1,8,4,0,1,12,0,10,0,0,0
13,5,1,0,0,51,2,5090,0,1,1
5,18,1,0,0,91,1,4750,0,0,1
13,3,4,0,0,52,1,2290,0,1,1
5,2,6,0,0,93,2,5110,0,1,1
13,0,6,0,0,92,1,5110,0,1,1
13,3,0,0,0,60,1,5110,0,1,1
11,21,4,0,0,93,2,5110,0,0,1
8,2,0,0,0,65,0,5110,0,0,1
11,19,0,0,0,84,2,2490,0,0,1
7,22,4,0,0,56,2,5110,0,1,1
11,5,0,0,1,60,1,2700,0,1,1
5,14,0,0,1,0,0,110,0,0,0
5,13,1,0,1,2,2,10,0,0,0
11,0,4,0,0,97,2,5110,0,1,1
9,5,0,0,0,70,0,1410,0,1,1
5,4,5,0,1,86,2,2540,0,1,1
11,3,5,0,0,77,0,5110,0,1,1
12,0,3,0,0,99,2,5110,0,1,1
10,3,4,0,0,64,1,5100,0,1,1
4,18,4,0,1,18,0,20,0,0,0
9,3,0,0,0,75,1,5110,0,1,1
13,23,0,0,0,97,1,5110,0,0,1
11,22,0,0,0,75,1,5110,0,1,1
6,2,0,0,0,93,1,1490,0,1,1
11,20,6,0,0,82,2,5110,0,1,1
13,5,0,0,0,79,2,5110,0,1,1
10,22,1,0,0,83,1,5110,0,0,1
10,20,2,0,0,90,2,5110,0,1,1
10,2,5,0,1,85,2,2200,0,0,1
11,19,0,0,0,75,2,5110,0,1,1
5,4,6,0,0,79,2,5110,0,1,1
8,20,0,0,0,99,0,5110,0,1,1
4,11,0,0,0,18,2,10,0,0,0
8,1,5,0,0,72,1,2670,0,0,1
5,8,1,0,1,14,2,70,0,0,0
1,17,4,0,1,11,2,10,0,0,0
5,22,3,0,0,57,0,5110,0,0,1
12,23,2,0,1,99,0,2120,0,1,1
2,18,4,0,0,17,1,170,0,0,0
11,3,2,0,0,71,0,5110,0,1,1
7,22,6,0,0,68,0,5110,0,0,1
3,0,1,0,0,94,2,5110,0,0,1
11,19,0,0,0,62,2,5110,0,0,1
9,0,1,0,1,77,2,1460,0,1,1
11,0,3,0,1,56,2,1200,0,1,1
7,19,0,0,0,72,2,4800,0,1,1
2,9,0,0,1,14,1,10,0,0,0
12,23,3,0,0,78,1,5110,0,1,1
10,3,0,0,0,92,0,5110,0,1,1
9,18,0,0,0,96,1,5110,0,0,1
12,23,6,0,0,57,2,1080,0,1,1
9,19,1,0,0,86,2,5110,0,1,1
8,2,4,0,0,59,1,5110,0,0,1
13,21,5,0,0,96,1,5110,0,1,1
4,11,2,0,1,17,1,280,0,0,0
11,2,0,0,0,76,1,1980,0,1,1
5,5,3,0,0,99,1,5110,0,1,1
1,7,2,0,1,13,0,10,0,0,0
1,11,2,0,0,0,0,20,0,0,0
10,3,4,0,0,77,1,5110,0,1,1
12,18,5,0,0,83,2,5110,0,1,1
11,21,2,0,0,63,2,5110,0,1,1
12,19,1,0,0,67,1,5110,0,1,1
9,3,5,0,0,81,1,5110,0,1,1
10,1,6,0,0,76,2,5110,0,1,1
11,1,3,0,0,75,1,5110,0,1,1
4,18,1,0,1,12,2,240,0,0,0
9,1,5,0,0,55,1,2790,0,1,1
11,18,3,0,0,51,0,2560,0,0,1
3,3,5,0,1,84,1,2780,0,0,1
13,19,3,0,0,55,1,5110,0,0,1
13,22,3,0,0,98,2,5100,0,1,1
11,2,3,0,0,92,1,2330,0,0,1
11,23,1,0,0,75,0,5110,0,1,1
10,20,5,0,0,91,2,5110,0,1,1
9,22,0,0,0,67,1,5110,0,1,1
11,4,6,0,0,87,0,5110,0,1,1
9,21,2,0,0,61,1,5110,0,1,1
11,18,5,0,1,60,0,1710,0,1,1
3,8,4,0,1,17,1,10,0,0,0
10,23,5,0,0,60,0,5110,0,1,1
13,21,3,0,0,97,1,5110,0,0,1
12,3,2,0,0,96,2,5110,0,1,1
11,0,2,0,0,54,0,2220,0,1,1
2,7,1,0,0,5,0,130,0,0,0
9,21,3,0,0,54,1,2310,0,1,1
11,1,1,0,0,70,1,5110,0,0,1
5,19,0,0,0,67,2,5110,0,1,1
13,18,5,0,0,82,1,4470,0,1,1
10,2,2,0,0,97,2,5110,0,1,1
6,21,3,0,0,53,1,5100,0,1,1
1,16,4,0,1,8,2,60,0,0,0
13,19,1,0,0,85,1,5110,0,1,1
8,8,3,0,1,2,2,30,0,0,0
9,21,2,0,0,60,2,5110,0,1,1
7,23,1,0,0,62,1,5110,0,1,1
7,12,1,0,1,16,1,60,0,0,0
10,19,3,0,0,83,2,5110,0,1,1
10,22,3,0,0,97,2,5090,0,1,1
14,0,0,0,0,55,1,10,0,0,1
13,22,3,0,0,58,1,5110,0,1,1
10,5,1,0,0,64,1,5110,0,1,1
10,22,0,0,0,89,2,5100,0,0,1
10,19,0,0,0,64,2,1040,0,1,1
13,5,5,0,0,69,2,5110,0,1,1
12,22,0,0,0,88,2,5110,0,0,1
11,19,2,0,0,72,2,4420,0,1,1
10,18,0,0,0,76,2,5110,0,0,1
11,3,6,0,0,91,2,5110,0,0,1
12,0,5,0,0,99,0,5110,0,1,1
4,10,3,0,1,11,1,10,0,0,0
12,0,3,0,0,96,1,5110,0,1,1
11,22,0,0,0,71,1,2080,0,1,1
10,22,4,0,0,89,1,1240,0,0,1
11,19,2,0,0,90,2,5110,0,1,1
7,0,5,0,0,87,2,5110,0,1,1
13,4,5,0,0,75,1,5110,0,1,1
4,8,4,0,1,15,0,100,0,0,0
13,2,0,0,0,51,0,5110,0,1,1
13,0,1,0,0,75,1,5110,0,1,1
13,2,2,0,0,78,1,5110,0,0,1
3,12,0,0,1,16,0,10,0,0,0
9,21,1,0,0,72,2,2730,0,1,1
2,17,1,0,1,14,2,10,0,0,0
1,12,1,0,1,9,1,10,0,0,0
12,4,1,0,0,56,0,5110,0,1,1
10,20,3,0,0,51,1,5110,0,0,1
9,1,5,0,0,74,2,2110,0,1,1
10,20,1,0,0,79,2,5110,0,1,1
12,19,4,0,0,74,2,5110,0,1,1
13,4,1,0,0,98,1,2070,0,1,1
13,4,3,0,0,99,0,1150,0,0,1
10,22,2,0,0,81,1,5080,0,1,1
13,1,4,0,0,73,2,1480,0,1,1
12,4,3,0,0,72,2,4740,0,1,1
10,2,5,0,0,95,1,5110,0,1,1
5,16,3,0,1,14,0,70,0,0,0
3,17,2,0,0,0,0,20,0,1,0
11,22,6,0,0,57,2,4790,0,1,1
13,18,5,0,0,95,0,5110,0,0,1
12,0,1,0,0,58,2,4530,0,1,1
13,19,1,0,0,76,0,5110,0,1,1
6,22,1,0,0,56,2,1380,0,0,1
11,1,5,0,0,66,0,5110,0,1,1
10,19,3,0,0,62,0,4350,0,1,1
13,22,2,0,0,71,2,1110,0,1,1
13,22,1,0,0,78,2,5110,0,1,1
12,2,2,0,0,87,2,5110,0,0,1
2,17,2,0,1,11,1,40,0,0,0
13,20,2,0,0,93,0,5110,0,1,1
12,2,1,0,0,66,0,5110,0,1,1
13,18,1,0,0,88,2,5110,0,1,1
9,4,0,0,0,70,0,5110,0,1,1
4,11,4,0,1,10,1,10,0,0,0
11,21,0,0,1,93,0,2900,0,1,1
13,22,1,0,1,86,0,2540,0,1,1
9,19,0,0,0,79,2,5110,0,0,1
13,3,5,0,0,96,2,5110,0,1,1
7,2,6,0,0,71,1,5110,0,1,1
10,18,6,0,0,57,0,5090,0,0,1
10,1,6,0,0,99,1,5110,0,0,1
3,11,0,0,0,4,1,110,0,0,0
8,9,2,0,1,19,1,10,0,0,0
12,23,0,0,0,52,1,5110,0,0,1
12,2,2,0,0,57,2,5110,0,0,1
11,21,0,0,0,63,1,5110,0,1,1
11,3,4,0,0,65,0,5100,0,1,1
1,15,1,0,1,0,2,10,0,0,0
11,18,6,0,0,72,0,5110,0,1,1
13,4,4,0,0,50,1,5100,0,0,1
4,2,2,0,0,85,1,5110,0,1,1
10,5,0,0,1,50,1,1940,0,1,1
11,1,3,0,0,81,1,5110,0,0,1
7,21,5,0,0,66,0,5100,0,0,1
11,21,1,0,0,76,1,1890,0,1,1
3,3,4,0,0,50,0,5100,0,0,1
9,2,6,0,0,61,1,5110,0,0,1
9,3,1,0,0,67,0,5110,0,0,1
9,20,5,0,0,69,0,5110,0,1,1
11,13,1,0,1,8,0,10,0,0,0
12,2,5,0,0,85,0,5110,0,1,1
5,13,0,0,1,5,1,80,0,0,0
13,22,4,0,0,65,1,5110,0,1,1
13,20,3,0,0,59,0,1300,0,1,1
13,21,6,0,0,96,2,4760,0,1,1
9,4,2,0,0,59,1,5100,0,0,1
10,21,1,0,0,51,0,4780,0,1,1
3,23,2,0,0,63,2,1210,0,1,1
4,11,4,0,0,12,2,40,0,0,0
5,7,2,0,1,3,1,60,0,0,0
13,22,4,0,1,74,2,1170,0,1,1
12,5,5,0,0,70,0,5110,0,0,1
1,17,2,0,1,9,0,10,0,0,0
10,5,6,0,0,73,2,5110,0,1,1
6,22,4,0,0,68,0,5100,0,1,1
12,4,5,0,0,54,1,5110,0,1,1
3,11,3,0,1,9,1,10,0,0,0
12,19,3,0,0,94,1,5090,0,1,1
9,23,1,0,0,95,2,5110,0,1,1
5,14,3,0,1,15,2,10,0,0,0
9,23,2,0,0,95,1,5110,0,0,1
9,1,4,0,0,57,1,5110,0,1,1
9,20,2,0,0,57,0,5110,0,1,1
9,1,1,0,0,95,1,5110,0,1,1
13,18,6,0,0,77,1,5100,0,0,1
11,1,1,0,0,78,1,5110,0,1,1
11,19,5,0,0,77,1,5100,0,0,1
10,18,1,0,0,62,0,2970,0,0,1
12,3,0,0,0,75,0,5110,0,1,1
12,21,3,0,1,79,1,2060,0,1,1
6,1,5,0,0,73,2,2030,0,1,1
11,20,0,0,0,50,2,5110,0,1,1
11,21,2,0,0,66,1,5110,0,1,1
13,22,2,0,0,95,2,5110,0,1,1
4,9,4,0,0,13,0,10,0,0,0
9,2,3,0,0,90,1,5110,0,1,1
13,0,3,0,0,97,2,5110,0,1,1
12,20,4,0,1,89,2,1470,0,1,1
10,3,3,0,0,58,0,5100,0,0,1
10,21,4,0,0,60,1,5110,0,1,1
11,1,1,0,0,64,2,5110,0,1,1
12,1,1,0,0,99,1,4580,0,0,1
11,23,1,0,1,96,1,2160,0,0,1
10,20,0,0,0,62,1,20,0,1,1
13,20,2,0,0,64,0,4800,0,1,1
10,1,4,0,0,91,1,5110,0,1,1
9,3,1,0,0,65,2,5110,0,1,1
11,18,1,0,0,87,2,5110,0,1,1
9,3,1,0,0,97,2,5110,0,0,1
10,2,2,0,0,89,1,5110,0,1,1
3,10,4,0,1,13,2,10,0,0,0
3,16,1,0,1,1,0,10,0,1,0
13,4,4,0,0,71,1,5110,0,1,1
11,0,3,0,0,61,1,2500,0,1,1
8,2,2,0,0,94,1,2590,0,1,1
3,11,3,0,0,16,0,10,0,0,0
11,4,6,0,1,92,0,2590,0,1,1
2,7,1,0,1,4,1,20,0,0,0
1,15,0,0,1,4,1,120,0,0,0
1,16,4,0,1,16,0,10,0,0,0
2,9,2,0,1,9,1,60,0,0,0
10,0,3,0,0,85,2,5110,0,1,1
3,17,1,0,1,18,0,10,0,0,0
8,23,3,0,0,88,2,5100,0,1,1
13,4,5,0,0,57,1,5100,0,1,1
3,15,3,0,1,14,0,10,0,0,0
11,3,0,0,0,92,1,5110,0,1,1
9,20,5,0,0,88,1,5110,0,1,1
12,4,1,0,0,77,0,5090,0,1,1
11,21,1,0,0,69,1,4470,0,1,1
1,16,3,0,0,8,0,80,0,0,0
4,9,4,0,1,15,0,120,0,0,0
13,19,0,0,0,86,2,5100,0,1,1
10,1,2,0,0,90,0,5110,0,1,1
11,5,4,0,0,63,0,1230,0,1,1
11,23,6,0,0,67,0,5110,0,1,1
6,21,5,0,0,70,0,5090,0,1,1
12,18,2,0,0,61,0,4760,0,1,1
11,23,6,0,0,96,0,2510,0,1,1
7,3,1,0,0,57,0,5110,0,0,1
5,15,0,0,1,3,0,220,0,0,0
10,3,3,0,0,98,2,5110,0,0,1
12,0,2,0,0,57,1,1170,0,1,1
13,5,6,0,0,76,2,5110,0,0,1
9,4,2,0,0,65,0,5110,0,1,1
11,4,0,0,0,94,1,5110,0,1,1
7,2,1,0,0,60,0,1350,0,0,1
10,1,5,0,0,61,2,5110,0,1,1
12,2,5,0,0,77,2,5110,0,1,1
2,13,1,0,1,11,2,340,0,0,0
9,21,0,0,0,88,1,4440,0,1,1
5,12,0,0,1,13,0,10,0,0,0
2,15,1,0,0,7,0,10,0,0,0
1,18,0,0,1,12,2,140,0,0,0
3,18,3,0,1,9,0,110,0,0,0
14,5,0,0,0,55,1,20,0,1,1
9,19,3,0,0,60,0,5110,0,1,1
9,22,3,0,0,73,2,5110,0,1,1
2,8,4,0,0,10,2,210,0,0,0
11,20,6,0,0,91,0,5110,0,0,1
9,4,4,0,0,69,2,5110,0,1,1
3,18,0,0,1,9,0,50,0,0,0
4,8,3,0,1,6,2,140,0,0,0
9,23,2,0,0,89,2,5110,0,0,1
9,0,2,0,0,82,1,2560,0,1,1
10,22,5,0,0,88,0,5110,0,1,1
9,20,3,0,0,79,0,5110,0,1,1
5,16,4,0,1,12,2,10,0,0,0
12,23,0,0,0,93,2,5110,0,1,1
11,4,3,0,0,61,1,4610,0,1,1
11,22,5,0,0,58,2,5110,0,1,1
11,1,0,0,0,83,0,5110,0,0,1
10,2,5,0,0,70,1,2730,0,1,1
9,19,4,0,0,85,0,5100,0,0,1
5,8,4,0,1,10,0,10,0,0,0
9,19,6,0,0,55,0,2240,0,1,1
9,19,6,0,0,87,2,2840,0,1,1
9,1,0,0,0,94,2,270,0,1,1
9,15,1,0,1,3,2,10,0,0,0
4,7,2,0,1,4,1,100,0,0,0
9,3,0,0,0,62,1,5110,0,1,1
9,1,0,0,0,63,1,5110,0,1,1
13,19,4,0,0,82,1,5100,0,1,1
11,0,3,0,0,66,2,5110,0,0,1
12,20,1,0,0,83,0,5110,0,1,1
11,3,5,0,0,93,1,5110,0,0,1
12,21,1,0,0,71,2,5110,0,1,1
10,20,3,0,0,90,2,4580,0,1,1
12,19,1,0,0,69,1,2900,0,1,1
6,22,5,0,0,80,1,5110,0,0,1
9,18,5,0,0,58,0,5110,0,1,1
11,23,6,0,0,51,0,5110,0,1,1
4,3,4,0,0,91,0,5110,0,1,1
10,20,5,0,1,69,1,2400,0,1,1
11,20,2,0,0,68,1,5110,0,0,1
10,18,2,0,0,80,1,5110,0,1,1
9,23,3,0,0,87,2,5110,0,1,1
9,5,1,0,0,99,0,5110,0,0,1
4,23,5,0,0,69,2,5110,0,1,1
12,4,0,0,0,80,0,5110,0,0,1
5,4,4,0,0,97,0,5100,0,1,1
9,21,3,0,0,78,0,1660,0,1,1
10,19,4,0,0,90,0,10,0,1,1
9,21,5,0,0,52,2,5110,0,1,1
1,11,0,0,1,12,0,10,0,0,0
1,9,2,0,1,5,0,440,0,0,0
12,20,3,0,0,82,1,5110,0,0,1
11,5,3,0,1,71,1,1920,0,1,1
12,22,4,0,0,75,1,5110,0,1,1
11,19,0,0,0,56,2,5110,0,1,1
9,1,5,0,0,86,2,5110,0,1,1
5,16,4,0,1,4,2,110,0,0,0
9,2,5,0,0,71,0,5110,0,1,1
10,3,3,0,0,78,2,5040,0,1,1
3,13,2,0,1,5,0,150,0,0,0
9,0,3,0,0,50,1,5090,0,0,1
12,19,6,0,0,57,1,5110,0,0,1
9,21,1,0,0,54,0,5110,0,1,1
13,2,0,0,0,74,1,4410,0,1,1
10,4,2,0,1,63,1,2740,0,0,1
4,18,1,0,0,4,1,80,0,0,0
9,4,5,0,0,81,0,5110,0,1,1
6,5,2,0,0,59,1,5110,0,1,1
9,20,2,0,0,88,0,1450,0,1,1
1,15,4,0,1,18,2,60,0,0,0
8,10,4,0,1,3,1,160,0,0,0
5,15,2,0,1,19,0,10,0,0,0
10,18,1,0,0,55,2,5110,0,0,1
2,17,3,0,1,11,0,10,0,0,0
13,23,6,0,0,74,0,5110,0,0,1
9,1,2,0,0,95,0,5110,0,1,1
5,8,3,0,0,0,0,360,0,0,0
12,0,5,0,0,61,0,5110,0,1,1
13,0,4,0,0,81,0,5110,0,1,1
10,21,6,0,0,65,1,2520,0,0,1
13,18,3,0,0,64,0,5110,0,1,1
9,22,4,0,0,99,1,1230,0,1,1
9,19,0,0,0,93,1,2750,0,1,1
11,19,0,0,0,79,1,5110,0,1,1
10,0,5,0,0,66,0,5110,0,0,1
13,21,0,0,0,50,1,5110,0,1,1
9,1,0,0,1,69,1,2450,0,1,1
13,4,0,0,0,79,1,5110,0,1,1
9,19,4,0,0,81,1,5110,0,1,1
10,0,4,0,0,56,1,5110,0,0,1
11,3,3,0,0,78,1,5110,0,0,1
12,20,2,0,0,74,2,5110,0,1,1
10,3,3,0,1,60,0,2380,0,0,1
10,21,1,0,0,74,1,5110,0,1,1
9,18,0,0,1,64,0,2970,0,1,1
10,1,2,0,0,95,2,5110,0,1,1
10,23,5,0,0,61,2,5110,0,0,1
10,13,4,0,1,6,1,50,0,1,0
10,21,4,0,0,58,2,5110,0,0,1
3,11,2,0,1,2,2,370,0,0,0
3,10,2,0,1,2,2,160,0,0,0
1,13,1,0,1,12,2,100,0,1,0
9,22,4,0,0,60,2,5100,0,1,1
12,2,4,0,0,70,0,5110,0,1,1
12,21,6,0,0,73,0,5110,0,1,1
10,2,6,0,0,62,0,5110,0,1,1
8,0,3,0,0,75,0,5110,0,1,1
10,0,5,0,0,89,1,2800,0,1,1
2,9,4,0,1,1,0,530,0,0,0
5,5,5,0,0,68,0,2370,0,1,1
12,3,3,0,0,85,1,4520,0,1,1
10,21,5,0,0,94,1,5110,0,1,1
4,18,5,0,0,67,0,5110,0,0,1
7,2,4,0,0,75,0,2490,0,1,1
4,7,1,0,0,15,1,10,0,0,0
12,23,4,0,1,73,1,2690,0,1,1
11,1,6,0,0,96,1,5100,0,1,1
2,14,1,0,0,9,1,210,0,0,0
10,3,0,0,0,55,0,4390,0,1,1
12,23,3,0,1,88,0,2220,0,1,1
3,14,3,0,0,1,0,10,0,0,0
11,2,3,0,0,76,0,5110,0,1,1
7,3,1,0,0,92,1,5110,0,1,1
12,21,2,0,0,96,2,5110,0,1,1
12,0,1,0,0,74,0,2910,0,1,1
2,18,1,0,1,16,2,40,0,0,0
10,3,6,0,0,63,0,5110,0,1,1
4,12,2,0,1,11,2,20,0,0,0
5,16,0,0,0,2,2,20,0,0,0
13,2,0,0,0,96,1,5110,0,1,1
4,3,5,0,0,57,1,5110,0,1,1
9,2,2,0,0,66,0,2890,0,1,1
10,4,1,0,0,73,0,5070,0,1,1
12,19,2,0,0,52,0,5110,0,1,1
13,4,2,0,0,78,2,5110,0,1,1
13,2,6,0,0,73,0,5110,0,1,1
11,21,4,0,0,55,1,5110,0,1,1
10,5,6,0,0,67,1,5110,0,1,1
4,11,4,0,0,6,2,20,0,0,0
6,22,0,0,0,86,0,5110,0,0,1
5,12,0,0,1,12,1,10,0,0,0
13,21,2,0,0,81,0,5110,0,1,1
10,19,1,0,0,60,0,5110,0,1,1
13,2,6,0,0,74,1,2460,0,1,1
7,21,6,0,0,58,0,1110,0,1,1
12,1,5,0,0,64,0,2550,0,1,1
10,23,1,0,0,51,0,5110,0,1,1
10,20,4,0,0,96,0,5110,0,1,1
9,1,5,0,0,76,2,5110,0,0,1
10,5,2,0,0,97,1,2490,0,1,1
9,4,0,0,0,78,2,5110,0,0,1
8,22,5,0,0,68,1,5080,0,0,1
9,21,6,0,0,87,2,5110,0,1,1
10,20,2,0,0,51,2,5110,0,1,1
13,0,2,0,0,72,0,810,0,1,1
10,5,2,0,0,75,2,5110,0,0,1
4,7,1,0,1,10,0,30,0,0,0
13,20,0,0,0,89,2,5110,0,1,1
12,5,4,0,0,99,0,5110,0,1,1
13,1,5,0,0,95,0,5110,0,1,1
12,4,4,0,0,79,2,2590,0,0,1
12,23,0,0,0,54,0,5110,0,1,1
8,0,3,0,0,88,2,5110,0,1,1
4,21,6,0,0,75,1,5110,0,0,1
11,23,5,0,0,87,1,5110,0,1,1
7,19,2,0,0,94,2,1130,0,1,1
9,1,4,0,0,90,1,5110,0,1,1
10,20,4,0,0,53,2,5100,0,0,1
9,20,5,0,0,81,2,2110,0,1,1
12,20,4,0,0,94,1,5110,0,0,1
4,12,3,0,1,5,1,50,0,0,0
6,4,0,0,0,57,1,5110,0,1,1
10,18,4,0,0,99,1,10,0,1,1
11,4,4,0,0,58,2,5110,0,1,1
12,21,3,0,0,71,0,5100,0,1,1
11,5,5,0,1,96,0,2660,0,1,1
11,4,5,0,0,99,1,2300,0,1,1
11,0,2,0,0,56,0,5110,0,1,1
11,22,1,0,0,54,2,5110,0,1,1
9,18,3,0,1,70,0,2190,0,1,1
9,20,0,0,0,73,1,5110,0,0,1
5,12,3,0,0,13,0,30,0,0,0
12,23,1,0,0,65,0,5110,0,1,1
13,2,0,0,0,67,1,5110,0,1,1
4,5,3,0,0,80,2,5110,0,1,1
9,5,3,0,0,61,0,5110,0,1,1
13,0,5,0,1,86,2,2080,0,1,1
9,0,1,0,0,88,2,5110,0,1,1
10,0,2,0,0,60,2,5110,0,1,1
11,5,6,0,0,79,0,5110,0,1,1
10,1,0,0,0,87,1,5110,0,1,1
12,18,6,0,0,65,1,5110,0,1,1
9,1,4,0,0,86,0,5110,0,1,1
11,0,6,0,0,84,2,5110,0,0,1
6,2,6,0,0,87,2,5110,0,0,1
11,3,5,0,1,90,1,1440,0,1,1
8,0,6,0,0,67,2,4580,0,1,1
7,3,4,0,0,88,0,5110,0,1,1
12,22,6,0,0,84,0,2460,0,0,1
10,2,4,0,0,53,2,1470,0,0,1
12,19,1,0,0,72,1,5100,0,0,1
13,0,4,0,1,76,2,2340,0,1,1
2,9,1,0,1,6,1,150,0,0,0
13,3,6,0,0,60,0,5110,0,1,1
10,1,6,0,0,99,2,5090,0,0,1
10,19,6,0,0,83,1,5100,0,0,1
7,2,3,0,0,61,1,5080,0,1,1
13,3,2,0,0,66,2,5110,0,1,1
5,10,2,0,1,13,2,220,0,0,0
7,2,3,0,0,98,0,5110,0,1,1
2,14,0,0,1,11,1,20,0,0,0
8,2,0,0,0,67,1,1290,0,0,1
10,1,1,0,0,61,2,5110,0,1,1
4,9,4,0,1,4,0,300,0,0,0
10,23,5,0,0,98,2,5110,0,0,1
12,21,4,0,0,88,0,5110,0,0,1
11,22,5,0,0,61,1,5110,0,0,1
9,1,3,0,0,78,0,2210,0,1,1
13,1,4,0,0,84,0,5110,0,1,1
9,0,5,0,0,79,2,1350,0,1,1
7,11,2,0,1,11,0,30,0,0,0
1,11,4,0,0,12,1,140,0,0,0
11,20,1,0,0,58,2,1820,0,0,1
5,1,5,0,0,94,2,5110,0,1,1
10,20,3,0,0,53,2,5110,0,1,1
9,18,0,0,0,95,1,1240,0,1,1
11,18,5,0,0,53,1,5110,0,1,1
6,2,2,0,0,64,2,5110,0,1,1
9,0,0,0,0,99,2,5110,0,1,1
5,21,0,0,1,77,2,2070,0,0,1
10,22,5,0,0,97,2,5110,0,1,1
9,20,4,0,0,78,1,5110,0,0,1
11,19,6,0,0,69,0,2480,0,1,1
13,0,6,0,0,91,1,5100,0,1,1
8,11,3,0,1,17,2,10,0,0,0
11,5,1,0,0,76,0,5110,0,0,1
3,23,5,0,0,94,0,1370,0,1,1
1,14,1,0,0,15,1,30,0,0,0
8,22,5,0,0,91,0,1370,0,1,1
13,1,2,0,0,73,0,2740,0,1,1
9,2,3,0,0,60,2,5110,0,1,1
11,20,4,0,0,56,2,5110,0,0,1
1,11,2,0,1,6,0,10,0,0,0
9,4,2,0,0,53,0,5110,0,1,1
10,22,5,0,0,65,1,980,0,1,1
5,18,2,0,1,50,1,1010,0,1,1
13,19,4,0,0,81,0,5110,0,1,1
11,21,3,0,0,77,1,1240,0,1,1
6,21,1,0,0,87,2,1380,0,1,1
10,5,6,0,0,64,2,5110,0,1,1
13,22,0,0,0,90,1,5110,0,1,1
11,5,6,0,0,69,2,5110,0,1,1
4,14,1,0,1,4,1,60,0,0,0
12,2,3,0,0,94,1,5110,0,1,1
11,23,4,0,0,53,1,5110,0,0,1
5,7,1,0,1,6,1,90,0,0,0
4,11,3,0,0,4,2,90,0,0,0
10,20,4,0,0,71,2,5110,0,0,1
13,20,4,0,0,50,1,5110,0,1,1
4,7,0,0,1,11,0,10,0,0,0
13,22,3,0,0,85,0,5110,0,0,1
10,1,4,0,0,55,1,5110,0,0,1
7,20,0,0,0,93,2,5110,0,1,1
9,0,4,0,0,90,0,5110,0,1,1
9,3,4,0,0,99,1,5100,0,0,1
12,21,2,0,0,88,1,5110,0,0,1
3,8,4,0,1,0,0,140,0,0,0
12,0,1,0,0,53,0,1150,0,1,1
11,0,6,0,0,59,2,2120,0,1,1
10,3,6,0,0,81,2,5100,0,1,1
9,20,4,0,0,58,2,1150,0,1,1
12,21,2,0,0,80,1,5110,0,1,1
12,5,2,0,0,66,2,5110,0,0,1
4,14,1,0,1,6,0,10,0,0,0
12,22,2,0,1,50,1,2820,0,1,1
3,17,0,0,1,1,2,10,0,0,0
11,19,1,0,1,71,1,1780,0,1,1
5,18,4,0,0,90,0,5110,0,1,1
5,0,5,0,0,61,0,5110,0,1,1
8,3,3,0,0,67,0,5110,0,1,1
10,18,6,0,0,88,0,5100,0,1,1
11,23,2,0,0,93,2,5110,0,1,1
10,0,0,0,0,85,0,4800,0,0,1
1,18,1,0,0,4,2,10,0,0,0
11,1,6,0,0,90,0,5110,0,1,1
14,23,3,0,1,98,1,20,0,0,1
10,21,1,0,0,71,1,5100,0,0,1
13,23,5,0,0,78,0,2150,0,0,1
10,5,1,0,1,90,1,950,0,1,1
9,18,6,0,1,50,0,2720,0,1,1
10,2,0,0,0,86,0,2290,0,1,1
6,1,3,0,0,63,1,5110,0,1,1
9,20,4,0,0,58,2,5110,0,1,1
8,19,0,0,1,73,1,2450,0,0,1
5,8,3,0,1,7,1,20,0,0,0
9,3,5,0,0,86,2,5110,0,0,1
5,2,3,0,0,55,0,5110,0,1,1
7,15,4,0,1,17,2,100,0,0,0
10,4,2,0,0,68,1,5110,0,1,1
11,18,6,0,0,99,0,5110,0,0,1
11,23,2,0,0,82,0,5110,0,1,1
12,19,2,0,0,85,2,5110,0,1,1
4,11,2,0,0,13,2,20,0,0,0
10,3,1,0,1,77,1,2010,0,0,1
4,13,2,0,1,19,1,40,0,0,0
12,3,1,0,0,53,2,5110,0,1,1
1,10,2,0,0,6,2,170,0,0,0
5,10,3,0,1,6,1,50,0,0,0
8,23,6,0,0,82,1,4420,0,1,1
13,5,2,0,1,70,2,10,0,0,1
3,18,3,0,1,7,1,20,0,0,0
10,19,6,0,0,79,2,5050,0,1,1
4,21,0,0,0,55,2,2710,0,1,1
6,23,2,0,0,55,2,2370,0,1,1
5,18,0,0,1,0,1,30,0,0,0
2,18,3,0,1,18,2,10,0,0,0
12,2,0,0,0,91,2,2350,0,1,1
13,20,4,0,0,72,2,5110,0,0,1
4,19,6,0,0,87,1,5110,0,1,1
10,22,2,0,0,63,0,5110,0,1,1
2,9,1,0,1,9,0,10,0,1,0
9,23,4,0,0,53,0,5110,0,1,1
4,2,5,0,0,83,0,5110,0,1,1
12,18,3,0,0,73,0,5110,0,1,1
12,0,2,0,0,60,2,5110,0,1,1
3,10,1,0,1,12,1,70,0,0,0
6,21,3,0,0,66,1,5110,0,1,1
4,2,1,0,0,68,2,5110,0,1,1
7,19,3,0,1,53,0,2640,0,1,1
13,22,2,0,0,65,1,5110,0,0,1
8,4,0,0,0,55,0,5110,0,1,1
11,5,6,0,0,54,2,5110,0,1,1
5,3,1,0,0,60,0,5110,0,1,1
12,3,1,0,0,99,1,5110,0,0,1
13,0,1,0,0,54,2,5110,0,1,1
11,3,4,0,1,83,1,2880,0,0,1
3,14,3,0,1,0,1,200,0,0,0
5,9,3,0,1,5,2,520,0,0,0
11,0,2,0,0,69,1,5110,0,1,1
13,18,5,0,0,52,0,5110,0,1,1
11,20,4,0,0,78,0,5100,0,1,1
6,23,1,0,0,81,1,5100,0,1,1
6,20,3,0,0,96,2,5110,0,1,1
2,11,2,0,1,17,0,10,0,0,0
13,22,0,0,0,61,2,5100,0,1,1
5,18,4,0,1,5,0,10,0,0,0
12,22,0,0,0,94,2,5110,0,1,1
1,11,2,0,1,14,0,70,0,0,0
9,3,6,0,0,67,2,5100,0,0,1
9,2,2,0,0,63,2,1080,0,1,1
11,20,0,0,0,99,1,5110,0,0,1
13,5,4,0,0,86,2,2800,0,1,1
13,4,3,0,0,88,1,2020,0,1,1
12,23,0,0,0,96,1,5100,0,1,1
11,20,0,0,0,78,0,5110,0,1,1
9,22,6,0,0,57,0,5110,0,1,1
2,9,2,0,1,18,2,200,0,0,0
9,23,0,0,0,54,1,5110,0,1,1
13,0,5,0,0,82,1,5110,0,1,1
11,22,1,0,1,74,0,2560,0,1,1
9,23,2,0,0,74,2,5110,0,0,1
11,1,2,0,0,58,1,5110,0,0,1
13,20,4,0,0,85,0,2930,0,1,1
12,2,6,0,0,80,2,4770,0,1,1
13,1,4,0,1,57,2,10,0,1,1
11,18,3,0,0,61,1,1450,0,1,1
13,23,3,0,1,99,2,1390,0,1,1
11,18,0,0,1,3,2,70,0,0,0
12,3,3,0,1,54,1,1290,0,1,1
6,3,2,0,1,75,1,1210,0,1,1
7,9,0,0,1,9,2,10,0,0,0
4,12,1,0,1,1,0,200,0,0,0
4,16,2,0,1,19,1,30,0,1,0
4,16,4,0,1,1,0,10,0,0,0
5,3,4,0,0,55,0,2920,0,1,1
2,9,1,0,1,0,0,20,0,0,0
12,23,1,0,0,82,1,5110,0,1,1
10,23,4,0,0,86,0,2620,0,0,1
9,1,4,0,0,78,1,5110,0,0,1
9,19,2,0,0,64,1,5110,0,1,1
6,18,3,0,1,70,0,1490,0,1,1
10,2,6,0,0,85,0,5110,0,1,1
6,2,0,0,0,62,0,5110,0,1,1
13,2,3,0,0,68,0,5110,0,1,1
5,2,6,0,0,59,1,5100,0,0,1
10,4,2,0,0,54,1,2170,0,1,1
5,13,2,0,1,0,1,80,0,0,0
13,19,2,0,0,84,0,5110,0,1,1
3,11,3,0,1,18,0,10,0,0,0
11,1,4,0,0,56,1,5100,0,1,1
1,7,4,0,1,9,0,190,0,0,0
5,14,0,0,1,2,0,50,0,0,0
9,19,4,0,0,68,0,820,0,1,1
13,0,1,0,0,95,0,5110,0,0,1
13,0,1,0,0,81,2,5110,0,0,1
12,18,5,0,0,54,0,5110,0,1,1
9,14,4,0,1,13,2,20,0,0,0
13,21,6,0,0,57,0,2650,0,0,1
10,5,4,0,1,53,2,2310,0,0,1
10,5,5,0,0,51,2,5110,0,1,1
11,5,6,0,0,77,1,5110,0,1,1
11,18,5,0,0,81,1,5110,0,1,1
11,20,0,0,0,96,1,5110,0,1,1
